SNP,Chr,Pos,P.value,MAF,nobs,Effect,H&B.P.Value
CM007890.2_1727449_T_C,1,1727449,0.157932036130175,0.25,54,-0.698600809010259,0.909430860139716
CM007890.2_1925807_A_G,1,1925807,0.44425460830272,0.203703703703704,54,-0.362801355624242,0.944020193682184
CM007890.2_2045965_T_C,1,2045965,0.350088848110197,0.166666666666667,54,0.35999345316381,0.917683966300506
CM007890.2_4349720_C_G,1,4349720,0.66104461968355,0.25,54,-0.262520529165727,0.973469288231965
CM007890.2_4421520_A_C,1,4421520,0.590591438833586,0.203703703703704,54,0.269563874759001,0.973469288231965
CM007890.2_6313579_A_G,1,6313579,0.911177184470712,0.157407407407407,54,-0.0568671026528591,0.994819956181817
CM007890.2_7083965_C_T,1,7083965,0.211462921283882,0.481481481481482,54,0.341861027546244,0.911676624995901
CM007890.2_10717434_T_A,1,10717434,0.990542147165163,0.5,54,0.00394496591259497,0.99903673909735
CM007890.2_11892194_G_A,1,11892194,0.649839079015455,0.5,54,0.11404654601607,0.973469288231965
CM007890.2_12031628_T_C,1,12031628,0.974676185156989,0.481481481481482,54,0.00900834683775997,0.99903673909735
CM007890.2_31517689_T_C,1,31517689,0.444289228422529,0.101851851851852,54,-0.460970200599945,0.944020193682184
CM007890.2_35371715_T_C,1,35371715,0.881688615285652,0.138888888888889,54,0.08386263026199,0.993806173961715
CM007890.2_38699717_G_T,1,38699717,0.745746809938223,0.0462962962962963,54,-0.264679891816513,0.980478022787777
CM007890.2_46428207_A_T,1,46428207,0.25669369703592,0.0555555555555556,54,-0.533167495283237,0.911676624995901
CM007890.2_51853907_G_A,1,51853907,0.481147197267028,0.0462962962962963,54,-0.551390753869782,0.951489973470853
CM007890.2_53353671_A_C,1,53353671,0.31483470426301,0.0740740740740741,54,0.522418040574905,0.917683966300506
CM007890.2_54034686_T_C,1,54034686,0.171945609312572,0.111111111111111,54,-0.495792502623715,0.909430860139716
CM007890.2_57643095_A_G,1,57643095,0.199957315451849,0.259259259259259,54,0.58940725310174,0.911676624995901
CM007890.2_61813365_C_T,1,61813365,0.342578889027716,0.0648148148148148,54,-0.76461231800522,0.917683966300506
CM007890.2_62307491_T_C,1,62307491,0.603979621689222,0.0555555555555556,54,0.401453084880586,0.973469288231965
CM007890.2_63488450_T_C,1,63488450,0.213048548217663,0.0833333333333334,54,-0.742067935768318,0.911676624995901
CM007890.2_66080798_T_G,1,66080798,0.521243420065978,0.277777777777778,54,0.174765904865268,0.967537382972273
CM007890.2_67100668_G_A,1,67100668,0.468849124145183,0.425925925925926,54,-0.178684697738902,0.951489973470853
CM007890.2_71914212_T_C,1,71914212,0.296145604262792,0.25,54,-0.519594871841207,0.917683966300506
CM007890.2_74470915_C_T,1,74470915,0.586097799254513,0.175925925925926,54,-0.269699378764585,0.973469288231965
CM007890.2_75316615_C_T,1,75316615,0.675820390389804,0.25,54,0.193503080597509,0.973469288231965
CM007890.2_76858921_A_G,1,76858921,0.844596349686743,0.259259259259259,54,0.099997319477211,0.993806173961715
CM007890.2_81503556_G_C,1,81503556,0.840716442646835,0.25,54,-0.108616211444087,0.993806173961715
CM007890.2_82687726_A_T,1,82687726,0.83756479080552,0.25,54,-0.113930603491497,0.993806173961715
CM007890.2_82974275_G_A,1,82974275,0.576333661549969,0.259259259259259,54,0.270603108032162,0.973469288231965
CM007890.2_87438000_T_G,1,87438000,0.897161557901149,0.175925925925926,54,-0.060133494819695,0.993806173961715
CM007890.2_87554436_A_T,1,87554436,0.377454744552361,0.277777777777778,54,-0.222082750235955,0.93368876797512
CM007890.2_87689594_T_G,1,87689594,0.588013131304838,0.481481481481482,54,0.182596521648009,0.973469288231965
CM007890.2_88228329_G_A,1,88228329,0.130492721685443,0.148148148148148,54,0.459263894236983,0.902582900360714
CM007890.2_89185917_T_C,1,89185917,0.875738343257895,0.407407407407407,54,0.0372275705866087,0.993806173961715
CM007890.2_93531207_A_G,1,93531207,0.160529681874863,0.5,54,0.378765154652925,0.909430860139716
CM007890.2_102499192_A_C,1,102499192,0.785608074809564,0.203703703703704,54,0.0822842830923776,0.990797484715478
CM007890.2_102499258_A_C,1,102499258,0.880455515791822,0.148148148148148,54,-0.0764502446176039,0.993806173961715
CM007890.2_102499292_T_C,1,102499292,0.915217631915704,0.259259259259259,54,-0.0289140443297384,0.994819956181817
CM007890.2_105802023_A_C,1,105802023,0.594304995423723,0.314814814814815,54,-0.155210070853286,0.973469288231965
CM007890.2_105804740_T_G,1,105804740,0.228258809493196,0.0925925925925926,54,0.471754279192339,0.911676624995901
CM007890.2_105805084_A_G,1,105805084,0.598427349148154,0.231481481481482,54,-0.260152314830293,0.973469288231965
CM007890.2_106355353_C_T,1,106355353,0.844874815089539,0.5,54,0.0494686420210684,0.993806173961715
CM007890.2_107386726_T_C,1,107386726,0.046194736958034,0.5,54,-0.451000184324499,0.719373850648435
CM007890.2_107479664_A_C,1,107479664,0.00329333020214365,0.444444444444444,54,-0.730062926258995,0.572244318968361
CM007890.2_109136748_T_C,1,109136748,0.873158544146831,0.277777777777778,54,0.0473843831920817,0.993806173961715
CM007890.2_109136822_C_T,1,109136822,0.640433552260854,0.12037037037037,54,-0.244235257741934,0.973469288231965
CM007890.2_109299525_G_A,1,109299525,0.878812425721837,0.111111111111111,54,-0.0584729323349222,0.993806173961715
CM007890.2_110676449_T_C,1,110676449,0.453113232336647,0.0925925925925926,54,0.329946819379245,0.944020193682184
CM007890.2_110676506_C_T,1,110676506,0.392382413124446,0.481481481481482,54,-0.261567060752213,0.943035109998434
CM007890.2_114527239_C_A,1,114527239,0.312141271774029,0.0648148148148148,54,-0.720458700056724,0.917683966300506
CM007890.2_116021293_T_A,1,116021293,0.245919546164092,0.5,54,-0.278839494636927,0.911676624995901
CM007890.2_117932023_T_C,1,117932023,0.389198576428395,0.259259259259259,54,0.399865489880483,0.941031437898507
CM007890.2_121938939_A_G,1,121938939,0.00688734251614697,0.259259259259259,54,-1.26033354828223,0.572244318968361
CM007890.2_121966642_T_A,1,121966642,0.879321934209924,0.5,54,0.0435212116453414,0.993806173961715
CM007890.2_122983820_T_C,1,122983820,0.222884466062486,0.111111111111111,54,-0.734623938750246,0.911676624995901
CM007890.2_123182654_C_T,1,123182654,0.423563779947892,0.5,54,0.221495405071408,0.943496853324429
CM007890.2_123493023_A_C,1,123493023,0.258518761668303,0.111111111111111,54,-0.420227153957569,0.911676624995901
CM007890.2_126467520_G_A,1,126467520,0.715221973927541,0.12962962962963,54,0.121864492676423,0.977489196432233
CM007890.2_126553263_C_G,1,126553263,0.0151520670340492,0.231481481481482,54,1.15832588539797,0.668397124651593
CM007890.2_126899873_A_G,1,126899873,0.361680082626861,0.5,54,-0.213980052499537,0.923137426083289
CM007890.2_128571443_G_A,1,128571443,0.651487144213483,0.5,54,-0.100879895829863,0.973469288231965
CM007890.2_128602505_A_G,1,128602505,0.283788378080147,0.5,54,-0.317385382409441,0.916893563687994
CM007890.2_129146318_G_T,1,129146318,0.752709813092182,0.111111111111111,54,0.111242249909196,0.984815621631164
CM007890.2_129146700_T_A,1,129146700,0.191358527065242,0.481481481481482,54,-0.35951916108516,0.911676624995901
CM007890.2_129673916_C_A,1,129673916,0.89376051625033,0.240740740740741,54,0.0360761472679059,0.993806173961715
CM007890.2_129699282_A_G,1,129699282,0.254056131849321,0.111111111111111,54,0.39557689548684,0.911676624995901
CM007890.2_129896724_T_C,1,129896724,0.45275838295742,0.37037037037037,54,-0.183376594280929,0.944020193682184
CM007890.2_130586352_A_G,1,130586352,0.226660378355052,0.240740740740741,54,0.342092594304347,0.911676624995901
CM007890.2_130606707_C_T,1,130606707,0.532854712173377,0.12962962962963,54,0.319354314110569,0.968095660323542
CM007890.2_130696356_C_G,1,130696356,0.436921209483295,0.5,54,-0.200734082896403,0.944020193682184
CM007890.2_130696461_T_A,1,130696461,0.669555891679182,0.5,54,0.101427226340633,0.973469288231965
CM007890.2_130748491_G_A,1,130748491,0.656860212591101,0.0740740740740741,54,0.195230409437329,0.973469288231965
CM007890.2_131961506_C_T,1,131961506,0.0665683378099498,0.481481481481482,54,0.493297023717645,0.795712942542995
CM007890.2_132822298_A_T,1,132822298,0.695935103982654,0.12962962962963,54,-0.221384418848857,0.977489196432233
CM007890.2_133595913_G_A,1,133595913,0.689982847151069,0.0740740740740741,54,0.184723302478062,0.977489196432233
CM007890.2_133596349_A_G,1,133596349,0.80301647437077,0.25,54,0.124898551310821,0.993806173961715
CM007890.2_133768647_T_C,1,133768647,0.0651728203470563,0.148148148148148,54,-0.587117252921615,0.795712942542995
CM007890.2_133769416_C_G,1,133769416,0.556070908228044,0.25,54,0.287110721876502,0.96901934033147
CM007890.2_134358321_A_T,1,134358321,0.737386553674397,0.37037037037037,54,-0.0902836654072274,0.977489196432233
CM007890.2_134428106_A_C,1,134428106,0.775358944966744,0.240740740740741,54,-0.136351921071878,0.990797484715478
CM007890.2_134490309_C_T,1,134490309,0.213691961043127,0.231481481481482,54,0.55726272658984,0.911676624995901
CM007890.2_134719546_G_T,1,134719546,0.401124596159555,0.157407407407407,54,-0.469264374173008,0.943496853324429
CM007890.2_134873432_T_C,1,134873432,0.474548310922665,0.212962962962963,54,-0.382856645673996,0.951489973470853
CM007890.2_135111271_T_C,1,135111271,0.996053988158514,0.148148148148148,54,-0.00189226344866711,0.99903673909735
CM007890.2_135522889_A_G,1,135522889,0.81183927589183,0.314814814814815,54,0.0772403324730817,0.993806173961715
CM007890.2_135522918_A_G,1,135522918,0.938807384357339,0.148148148148148,54,0.0266007257443164,0.994819956181817
CM007890.2_137207302_T_G,1,137207302,0.0881199249121464,0.185185185185185,54,-0.571320102311859,0.819472642872903
CM007890.2_137922084_G_A,1,137922084,0.713431107885513,0.222222222222222,54,0.185370935228434,0.977489196432233
CM007890.2_138429564_A_G,1,138429564,0.754332872914286,0.259259259259259,54,0.145644724259739,0.984815621631164
CM007890.2_138452727_A_C,1,138452727,0.535313557271972,0.240740740740741,54,0.320389296127075,0.968095660323542
CM007890.2_138903117_A_G,1,138903117,0.20130416533151,0.185185185185185,54,-0.662922742690398,0.911676624995901
CM007890.2_139305398_G_A,1,139305398,0.533008881552647,0.175925925925926,54,-0.29959496831745,0.968095660323542
CM007890.2_139772607_G_A,1,139772607,0.462565552354503,0.203703703703704,54,-0.227571626708084,0.94909379752293
CM007890.2_139774673_A_G,1,139774673,0.818960708968613,0.259259259259259,54,0.0611555898268534,0.993806173961715
CM007890.2_139814401_T_G,1,139814401,0.143398146149895,0.231481481481482,54,0.681840072100272,0.909430860139716
CM007890.2_139902906_G_A,1,139902906,0.353381862698608,0.231481481481482,54,-0.455761053486071,0.917683966300506
CM007890.2_140238893_C_G,1,140238893,0.94083708461807,0.481481481481482,54,-0.0227237131068705,0.994819956181817
CM007890.2_140811128_T_A,1,140811128,0.248188412877577,0.0740740740740741,54,0.780621348314753,0.911676624995901
CM007890.2_141257099_A_T,1,141257099,0.845107454962669,0.259259259259259,54,0.103683469066425,0.993806173961715
CM007890.2_141353959_A_G,1,141353959,0.386531972401684,0.462962962962963,54,0.216095217680646,0.941031437898507
CM007890.2_141718185_A_G,1,141718185,0.563421512407463,0.212962962962963,54,0.256821607770178,0.96901934033147
CM007890.2_141945036_C_T,1,141945036,0.188241950435273,0.166666666666667,54,-0.377315492717571,0.911676624995901
CM007890.2_142178847_A_G,1,142178847,0.697187042915043,0.481481481481482,54,0.114040323854553,0.977489196432233
CM007890.2_142270529_C_T,1,142270529,0.952924930227501,0.212962962962963,54,0.0261221745196281,0.995803663942688
CM007890.2_143824372_G_A,1,143824372,0.326054350305387,0.12962962962963,54,0.555378221105798,0.917683966300506
CM007890.2_144082670_G_A,1,144082670,0.154631552239506,0.25,54,-0.685442380383506,0.909430860139716
CM007890.2_144086523_G_A,1,144086523,0.0953527187085706,0.25,54,0.848529691240742,0.832488834355325
CM007890.2_144611549_G_T,1,144611549,0.508054744206771,0.166666666666667,54,-0.223799510262864,0.96150645977794
CM007890.2_144753696_T_A,1,144753696,0.88728954496371,0.185185185185185,54,-0.075571355303282,0.993806173961715
CM007890.2_145060215_C_T,1,145060215,0.324687623199016,0.185185185185185,54,0.29356651209892,0.917683966300506
CM007890.2_145088462_T_G,1,145088462,0.931187715046785,0.240740740740741,54,-0.0414597409883868,0.994819956181817
CM007890.2_145864590_C_G,1,145864590,0.64679145362007,0.12037037037037,54,-0.303379737449404,0.973469288231965
CM007890.2_146770523_C_G,1,146770523,0.0437368832319643,0.203703703703704,54,-1.09015779549605,0.719373850648435
CM007890.2_147317011_C_T,1,147317011,0.012185367305844,0.231481481481482,54,-1.19689760511687,0.650839521820978
CM007890.2_147964260_G_A,1,147964260,0.131031990945936,0.185185185185185,54,-0.465170509012154,0.902582900360714
CM007890.2_148183859_C_G,1,148183859,0.475471442906373,0.25,54,-0.380247704721796,0.951489973470853
CM007890.2_148233802_A_G,1,148233802,0.206971470195174,0.5,54,0.306907523815759,0.911676624995901
CM007890.2_148901546_C_T,1,148901546,0.0240017902626274,0.185185185185185,54,-0.965066668215115,0.683381050901559
CM007890.2_149450437_C_A,1,149450437,0.272240078146509,0.0648148148148148,54,-1.0024442310405,0.916893563687994
CM007891.2_340434_G_C,2,340434,0.631087838695738,0.111111111111111,54,0.174072482711182,0.973469288231965
CM007891.2_3212115_G_C,2,3212115,0.651646193093323,0.25,54,-0.213956243606049,0.973469288231965
CM007891.2_4176976_T_A,2,4176976,0.446874384621628,0.101851851851852,54,-0.46602198434482,0.944020193682184
CM007891.2_4273729_A_G,2,4273729,0.488632755806535,0.240740740740741,54,0.366996742921003,0.953199166560154
CM007891.2_7716558_T_G,2,7716558,0.617304799208768,0.101851851851852,54,-0.296847404825598,0.973469288231965
CM007891.2_8731230_A_T,2,8731230,0.845561090024016,0.0462962962962963,54,0.166800326927387,0.993806173961715
CM007891.2_10480260_C_T,2,10480260,0.129849288157493,0.0925925925925926,54,-0.911152470523575,0.902582900360714
CM007891.2_12827463_G_A,2,12827463,0.970764574699528,0.166666666666667,54,0.0177388427658798,0.99903673909735
CM007891.2_12827934_G_C,2,12827934,0.926101344504024,0.148148148148148,54,0.0306428615652408,0.994819956181817
CM007891.2_13311333_T_A,2,13311333,0.00770346412390965,0.240740740740741,54,1.53833807633328,0.572244318968361
CM007891.2_13311571_G_A,2,13311571,0.849070150061654,0.12037037037037,54,0.105220091625824,0.993806173961715
CM007891.2_13650895_A_G,2,13650895,0.195900456815737,0.185185185185185,54,-0.800132343454038,0.911676624995901
CM007891.2_16961809_G_T,2,16961809,0.160584355789179,0.0740740740740741,54,-0.655414828507162,0.909430860139716
CM007891.2_18760896_A_G,2,18760896,0.869396621368373,0.240740740740741,54,-0.0808113893899645,0.993806173961715
CM007891.2_20762201_G_T,2,20762201,0.244034720422413,0.203703703703704,54,-0.428451335702619,0.911676624995901
CM007891.2_23036400_G_A,2,23036400,0.353807952361792,0.12962962962963,54,0.589670373207127,0.917683966300506
CM007891.2_23365160_A_C,2,23365160,0.804082820487228,0.111111111111111,54,0.13890978571294,0.993806173961715
CM007891.2_23484477_A_G,2,23484477,0.44388693200084,0.0833333333333334,54,-0.524540106134509,0.944020193682184
CM007891.2_25774018_C_T,2,25774018,0.234105489013343,0.259259259259259,54,0.560190813747226,0.911676624995901
CM007891.2_27515865_A_G,2,27515865,0.125954603570357,0.5,54,-0.442079385508265,0.902582900360714
CM007891.2_36781811_A_T,2,36781811,0.862771071761987,0.111111111111111,54,-0.0639052342489208,0.993806173961715
CM007891.2_37989080_T_C,2,37989080,0.85406773773783,0.0462962962962963,54,-0.138659666878084,0.993806173961715
CM007891.2_38649324_A_G,2,38649324,0.0617847737421914,0.0462962962962963,54,-1.34634155833237,0.788675843919188
CM007891.2_39119249_C_T,2,39119249,0.319871241063711,0.0925925925925926,54,-0.396192343780854,0.917683966300506
CM007891.2_40882584_T_C,2,40882584,0.020879301287968,0.166666666666667,54,-0.708623147358452,0.683381050901559
CM007891.2_42344209_A_G,2,42344209,0.931598103300632,0.12962962962963,54,-0.0298304986252447,0.994819956181817
CM007891.2_44686471_C_A,2,44686471,0.390036140539173,0.222222222222222,54,0.405261890336021,0.941349466502596
CM007891.2_44736734_C_T,2,44736734,0.445234552057248,0.166666666666667,54,-0.222319632163362,0.944020193682184
CM007891.2_49649134_A_T,2,49649134,0.188875459056932,0.0462962962962963,54,0.982231558368767,0.911676624995901
CM007891.2_52624136_A_G,2,52624136,0.675366208485252,0.25,54,0.242853245715992,0.973469288231965
CM007891.2_53600940_A_G,2,53600940,0.665876672337977,0.240740740740741,54,-0.207061126958422,0.973469288231965
CM007891.2_55337588_C_A,2,55337588,0.443372411073151,0.0925925925925926,54,-0.30335997916427,0.944020193682184
CM007891.2_59219219_C_A,2,59219219,0.214644767033274,0.0555555555555556,54,0.610571235103293,0.911676624995901
CM007891.2_74480118_T_C,2,74480118,0.943562606269813,0.12037037037037,54,-0.0402890003373386,0.994819956181817
CM007891.2_82048218_G_A,2,82048218,0.560134735978329,0.12962962962963,54,-0.198653688866386,0.96901934033147
CM007891.2_82519711_T_C,2,82519711,0.540296295403963,0.0925925925925926,54,-0.366043709847077,0.96901934033147
CM007891.2_96815506_G_A,2,96815506,0.534567908113124,0.5,54,-0.153457914342439,0.968095660323542
CM007891.2_107007863_T_A,2,107007863,0.656261775179484,0.240740740740741,54,0.224520421070793,0.973469288231965
CM007891.2_128536379_G_A,2,128536379,0.555112074556207,0.259259259259259,54,0.283262275203242,0.96901934033147
CM007891.2_128704863_T_C,2,128704863,0.272811152277285,0.259259259259259,54,0.489316829695724,0.916893563687994
CM007891.2_128894635_G_T,2,128894635,0.410528101420813,0.138888888888889,54,0.40885388349534,0.943496853324429
CM007891.2_131861467_T_A,2,131861467,0.419428264810949,0.25,54,0.360929392472713,0.943496853324429
CM007891.2_134490792_A_G,2,134490792,0.863677009434742,0.240740740740741,54,-0.080860663933322,0.993806173961715
CM007891.2_136090393_T_G,2,136090393,0.699206925611943,0.0648148148148148,54,0.280869965734155,0.977489196432233
CM007891.2_136929249_G_T,2,136929249,0.562090829474853,0.12962962962963,54,0.196165763086299,0.96901934033147
CM007891.2_137515384_C_T,2,137515384,0.189391318799732,0.5,54,0.313591546174649,0.911676624995901
CM007891.2_137715038_G_A,2,137715038,0.278202559002973,0.111111111111111,54,0.373692289440754,0.916893563687994
CM007891.2_138203577_G_T,2,138203577,0.163070798898175,0.425925925925926,54,0.446326941424317,0.909430860139716
CM007891.2_138289279_A_G,2,138289279,0.593814177541315,0.111111111111111,54,0.221503527657774,0.973469288231965
CM007891.2_138289425_T_C,2,138289425,0.0261443478158563,0.462962962962963,54,-0.491551647769796,0.683381050901559
CM007891.2_138289537_A_G,2,138289537,0.64056847657449,0.259259259259259,54,-0.127878093483304,0.973469288231965
CM007891.2_146194880_C_G,2,146194880,0.254648515301153,0.0925925925925926,54,-0.662236465776232,0.911676624995901
CM007891.2_147112172_A_G,2,147112172,0.447110297602065,0.0648148148148148,54,0.549656109393936,0.944020193682184
CM007891.2_147832471_T_C,2,147832471,0.288194538150312,0.259259259259259,54,-0.506664838617439,0.917683966300506
CM007891.2_147937120_T_A,2,147937120,0.0365452547670734,0.0833333333333334,54,1.33098815771621,0.719373850648435
CM007891.2_148484827_T_C,2,148484827,0.313731664845153,0.259259259259259,54,0.267979741641909,0.917683966300506
CM007891.2_148622269_T_A,2,148622269,0.176513434626628,0.259259259259259,54,-0.771003733088037,0.909430860139716
CM007891.2_151985872_A_G,2,151985872,0.748027352118634,0.25,54,0.156655644397233,0.982311821787525
CM007891.2_152597890_C_T,2,152597890,0.71190843100887,0.5,54,-0.103342322980311,0.977489196432233
CM007891.2_153042944_G_A,2,153042944,0.675559079025055,0.240740740740741,54,0.192990616321651,0.973469288231965
CM007891.2_154494428_C_A,2,154494428,0.705295142692083,0.111111111111111,54,0.142147970225381,0.977489196432233
CM007891.2_156148120_A_G,2,156148120,0.288040440268835,0.25,54,0.490288038993697,0.917683966300506
CM007891.2_156255120_A_G,2,156255120,0.491626874903935,0.0462962962962963,54,0.510421554679169,0.953407253526624
CM007891.2_156754279_C_A,2,156754279,0.327340443424078,0.111111111111111,54,0.343957489464202,0.917683966300506
CM007891.2_156755188_C_A,2,156755188,0.729286129691403,0.212962962962963,54,0.178341632324646,0.977489196432233
CM007891.2_157032163_T_A,2,157032163,0.167540147675778,0.231481481481482,54,-0.670801059253506,0.909430860139716
CM007891.2_159561958_A_C,2,159561958,0.178635758977042,0.0462962962962963,54,-1.06123928655734,0.909430860139716
CM007891.2_161337014_C_T,2,161337014,0.642344384069232,0.0740740740740741,54,0.380662977636121,0.973469288231965
CM007891.2_163365791_C_A,2,163365791,0.912818600197039,0.0925925925925926,54,0.0723912614001847,0.994819956181817
CM007891.2_165569116_T_C,2,165569116,0.195259745634425,0.462962962962963,54,-0.316846425761184,0.911676624995901
CM007891.2_165786511_T_C,2,165786511,0.909165104348276,0.314814814814815,54,0.030970204281715,0.994819956181817
CM007891.2_166287914_C_T,2,166287914,0.505575831959102,0.25,54,0.378056652306554,0.961326270438905
CM007891.2_166771736_G_A,2,166771736,0.27173297475295,0.111111111111111,54,-0.416702601282964,0.916893563687994
CM007891.2_167345840_T_C,2,167345840,0.150176001256847,0.0925925925925926,54,-0.892615350308233,0.909430860139716
CM007891.2_167542580_A_G,2,167542580,0.144467330869902,0.12962962962963,54,0.573680247254742,0.909430860139716
CM007891.2_167544469_A_T,2,167544469,0.654605000449178,0.5,54,0.144283030328751,0.973469288231965
CM007891.2_167705801_T_A,2,167705801,0.986504338268083,0.240740740740741,54,-0.00876823002312221,0.99903673909735
CM007891.2_167945838_C_T,2,167945838,0.946165028057055,0.185185185185185,54,0.0200837682116912,0.994819956181817
CM007891.2_169170999_T_C,2,169170999,0.719469603773581,0.25,54,0.20913935778367,0.977489196432233
CM007891.2_169545172_T_G,2,169545172,0.729539497950354,0.444444444444444,54,0.0875132523673443,0.977489196432233
CM007891.2_169816854_A_G,2,169816854,0.0435628478491576,0.222222222222222,54,1.07775378764728,0.719373850648435
CM007891.2_170013280_T_C,2,170013280,0.0683258001149293,0.25,54,-0.976555144788335,0.795712942542995
CM007891.2_170424713_T_C,2,170424713,0.0932638336813008,0.111111111111111,54,-0.619042035086977,0.831349031961661
CM007891.2_171703788_A_G,2,171703788,0.163378153164187,0.12037037037037,54,-0.855173642135469,0.909430860139716
CM007891.2_172177968_C_T,2,172177968,0.236522630371995,0.25,54,-0.64892969008821,0.911676624995901
CM007891.2_173093207_T_C,2,173093207,0.369608895277399,0.444444444444444,54,-0.264842484721783,0.93368876797512
CM007891.2_173311636_T_G,2,173311636,0.831201520226424,0.111111111111111,54,-0.0865529111569572,0.993806173961715
CM007891.2_173587484_A_C,2,173587484,0.0687271248213091,0.148148148148148,54,1.00177273073609,0.795712942542995
CM007891.2_174020059_C_G,2,174020059,0.601105136861067,0.481481481481482,54,-0.131451189276731,0.973469288231965
CM007891.2_174592224_G_A,2,174592224,0.614508906545529,0.259259259259259,54,-0.277610355146692,0.973469288231965
CM007891.2_174602538_C_T,2,174602538,0.29071812955527,0.425925925925926,54,-0.278403566543304,0.917683966300506
CM007891.2_174619908_C_A,2,174619908,0.0319535937456739,0.111111111111111,54,-0.748060384488895,0.719373850648435
CM007892.2_667515_G_A,3,667515,0.602724132568918,0.111111111111111,54,0.33020628317081,0.973469288231965
CM007892.2_1130169_T_C,3,1130169,0.544029734445249,0.240740740740741,54,-0.303731637900739,0.96901934033147
CM007892.2_1836202_A_G,3,1836202,0.787696754737399,0.166666666666667,54,-0.138603639125563,0.990797484715478
CM007892.2_2936707_G_A,3,2936707,0.433222387747098,0.148148148148148,54,-0.23744077548821,0.943496853324429
CM007892.2_3172743_G_A,3,3172743,0.108759857552,0.25,54,-0.90535736612469,0.861161446544883
CM007892.2_4689019_T_C,3,4689019,0.737233220409999,0.12962962962963,54,-0.111907538637297,0.977489196432233
CM007892.2_5401180_A_T,3,5401180,0.765171827821041,0.25,54,-0.144464789456833,0.987864443601321
CM007892.2_6506132_C_G,3,6506132,0.613817050779935,0.277777777777778,54,0.139319663437902,0.973469288231965
CM007892.2_8569967_A_G,3,8569967,0.636461565578737,0.185185185185185,54,-0.144332083669852,0.973469288231965
CM007892.2_9123811_A_G,3,9123811,0.378863792235171,0.12962962962963,54,-0.296742364563926,0.93368876797512
CM007892.2_9833702_T_C,3,9833702,0.122673212425806,0.25,54,-0.701944689396555,0.898589463554581
CM007892.2_9850095_G_C,3,9850095,0.484753683508595,0.240740740740741,54,-0.350673297082722,0.951489973470853
CM007892.2_12568730_G_T,3,12568730,0.132016965402206,0.0555555555555556,54,1.13460295591995,0.902582900360714
CM007892.2_14711759_A_G,3,14711759,0.343530098694856,0.481481481481482,54,0.232128744558253,0.917683966300506
CM007892.2_16959732_A_G,3,16959732,0.32863736572955,0.0925925925925926,54,0.404958294480821,0.917683966300506
CM007892.2_17095373_T_A,3,17095373,0.773528042156912,0.259259259259259,54,0.152986282829374,0.990797484715478
CM007892.2_19996173_A_C,3,19996173,0.951886043751071,0.25,54,-0.0276818901864999,0.995803663942688
CM007892.2_20612627_A_G,3,20612627,0.224533723494923,0.111111111111111,54,0.684322344054067,0.911676624995901
CM007892.2_23319706_A_C,3,23319706,0.0735657114593123,0.203703703703704,54,0.500649918429701,0.801545084283155
CM007892.2_27898029_C_G,3,27898029,0.761976605016455,0.259259259259259,54,0.164008685680074,0.986368539199947
CM007892.2_31291237_T_A,3,31291237,0.0378145732996991,0.231481481481482,54,-1.07711179402003,0.719373850648435
CM007892.2_46357091_C_T,3,46357091,0.39910463371588,0.0925925925925926,54,0.503489774157288,0.943496853324429
CM007892.2_46357150_T_G,3,46357150,0.559208281690681,0.111111111111111,54,0.220062515738789,0.96901934033147
CM007892.2_50206326_A_G,3,50206326,0.169611748757946,0.203703703703704,54,-0.785105984173128,0.909430860139716
CM007892.2_51789869_T_C,3,51789869,0.842106757446092,0.203703703703704,54,-0.0974358434947931,0.993806173961715
CM007892.2_52074468_A_G,3,52074468,0.265154648594863,0.111111111111111,54,0.618075537855702,0.911676624995901
CM007892.2_52380578_G_C,3,52380578,0.157868673505609,0.101851851851852,54,0.833577678792039,0.909430860139716
CM007892.2_52823317_A_T,3,52823317,0.315949140540047,0.240740740740741,54,0.535194447600816,0.917683966300506
CM007892.2_55935078_A_G,3,55935078,0.243225476498203,0.222222222222222,54,0.303686948157761,0.911676624995901
CM007892.2_61373801_C_A,3,61373801,0.351798499836999,0.203703703703704,54,0.255548562742177,0.917683966300506
CM007892.2_63820864_G_A,3,63820864,0.968984169770914,0.0462962962962963,54,-0.0317155247521441,0.99903673909735
CM007892.2_63820952_C_T,3,63820952,0.755817584342823,0.259259259259259,54,-0.0907225215690488,0.984960870782833
CM007892.2_71237389_C_A,3,71237389,0.481836994279364,0.111111111111111,54,0.269326582606737,0.951489973470853
CM007892.2_74897125_A_G,3,74897125,0.673493439026924,0.194444444444444,54,-0.266491686919721,0.973469288231965
CM007892.2_75443119_C_G,3,75443119,0.172985901391813,0.333333333333333,54,-0.329743198743216,0.909430860139716
CM007892.2_76521546_G_A,3,76521546,0.622253415822587,0.5,54,-0.119136341014979,0.973469288231965
CM007892.2_76669636_T_A,3,76669636,0.803512511298966,0.388888888888889,54,0.0580452213993112,0.993806173961715
CM007892.2_76970150_A_C,3,76970150,0.195003911580054,0.277777777777778,54,-0.339488802059009,0.911676624995901
CM007892.2_77156117_C_G,3,77156117,0.269228218833325,0.231481481481482,54,-0.509032203025185,0.911676624995901
CM007892.2_77682592_G_A,3,77682592,0.967073232124724,0.444444444444444,54,0.0101428838463136,0.99903673909735
CM007892.2_77717998_A_G,3,77717998,0.780513928910083,0.111111111111111,54,-0.101002136599675,0.990797484715478
CM007892.2_78382779_T_A,3,78382779,0.506459630241143,0.12962962962963,54,0.320727629853081,0.96150645977794
CM007892.2_78484806_A_C,3,78484806,0.0429936037080516,0.185185185185185,54,-0.667788621619934,0.719373850648435
CM007892.2_79272390_G_A,3,79272390,0.346186502659036,0.148148148148148,54,-0.302637212836487,0.917683966300506
CM007892.2_83387069_A_T,3,83387069,0.847230957200553,0.0648148148148148,54,-0.122114257054022,0.993806173961715
CM007892.2_97237716_T_G,3,97237716,0.881245803532729,0.194444444444444,54,-0.0778263119170788,0.993806173961715
CM007892.2_100927680_A_C,3,100927680,0.826486943116086,0.222222222222222,54,0.118408475122806,0.993806173961715
CM007892.2_103697496_C_T,3,103697496,0.419396284056529,0.5,54,0.197987520626754,0.943496853324429
CM007892.2_104018212_C_A,3,104018212,0.718855848514114,0.481481481481482,54,-0.0826746507913896,0.977489196432233
CM007892.2_105212139_T_G,3,105212139,0.998375426610778,0.12037037037037,54,0.00116834132393251,0.99903673909735
CM007892.2_106416094_G_A,3,106416094,0.0813820455539792,0.25,54,1.12644021942083,0.803614236616884
CM007892.2_106970798_C_T,3,106970798,0.715088580560419,0.259259259259259,54,0.177423756845656,0.977489196432233
CM007892.2_110498479_G_T,3,110498479,0.471829446520239,0.0740740740740741,54,-0.305340102537684,0.951489973470853
CM007892.2_111102485_A_G,3,111102485,0.450038427877668,0.111111111111111,54,0.41506992042855,0.944020193682184
CM007892.2_117557483_G_A,3,117557483,0.196001629311053,0.259259259259259,54,-0.408188434793267,0.911676624995901
CM007892.2_120735855_C_A,3,120735855,0.61585850238146,0.0555555555555556,54,0.24071879879466,0.973469288231965
CM007892.2_122557042_T_G,3,122557042,0.293777055923236,0.157407407407407,54,-0.520261415008235,0.917683966300506
CM007892.2_129230537_G_T,3,129230537,0.738952315763257,0.37037037037037,54,-0.0906254312162957,0.977489196432233
CM007892.2_129433751_A_C,3,129433751,0.618136121549795,0.0648148148148148,54,0.327340589466303,0.973469288231965
CM007892.2_129763032_G_T,3,129763032,0.85965083476048,0.240740740740741,54,-0.0776863577685276,0.993806173961715
CM007892.2_129772899_G_A,3,129772899,0.667532004105217,0.185185185185185,54,0.137466377206493,0.973469288231965
CM007892.2_129921172_A_G,3,129921172,0.512227105029821,0.5,54,-0.148774640862428,0.961998068548809
CM007892.2_130873658_A_G,3,130873658,0.432212610253444,0.259259259259259,54,0.479423026158315,0.943496853324429
CM007892.2_132395069_A_C,3,132395069,0.486587078631168,0.0462962962962963,54,0.624247193203701,0.953199166560154
CM007892.2_135482284_C_A,3,135482284,0.0664220046529759,0.148148148148148,54,1.0705084895344,0.795712942542995
CM007892.2_135858523_C_A,3,135858523,0.329500632026838,0.0740740740740741,54,0.405590110623621,0.917683966300506
CM007892.2_135965538_A_G,3,135965538,0.450703287295996,0.138888888888889,54,-0.468805177916011,0.944020193682184
CM007892.2_136354159_C_T,3,136354159,0.981333290346457,0.203703703703704,54,0.0116440301214311,0.99903673909735
CM007892.2_138937625_A_G,3,138937625,0.908280695518854,0.481481481481482,54,0.037819868879307,0.994819956181817
CM007892.2_139621394_C_A,3,139621394,0.913528210979257,0.157407407407407,54,0.0547330791703757,0.994819956181817
CM007892.2_148085923_G_A,3,148085923,0.985458512114279,0.0833333333333334,54,0.012794768733329,0.99903673909735
CM007892.2_148118296_G_A,3,148118296,0.52355177851473,0.296296296296296,54,-0.167756218839884,0.968095660323542
CM007892.2_148120337_G_A,3,148120337,0.864097638428038,0.111111111111111,54,-0.0610665959113703,0.993806173961715
CM007892.2_148730309_G_C,3,148730309,0.785948792057762,0.444444444444444,54,0.071021742502289,0.990797484715478
CM007892.2_148773436_A_G,3,148773436,0.0675073706067945,0.185185185185185,54,-1.03305244546493,0.795712942542995
CM007892.2_149136279_G_T,3,149136279,0.333222268430261,0.222222222222222,54,-0.292067270705928,0.917683966300506
CM007892.2_149136541_C_G,3,149136541,0.141096274076364,0.111111111111111,54,-0.542542132677738,0.907578548272446
CM007892.2_149273733_T_C,3,149273733,0.625475905263156,0.212962962962963,54,-0.246416642184784,0.973469288231965
CM007892.2_150121779_T_C,3,150121779,0.832427487175971,0.0555555555555556,54,0.176953781143084,0.993806173961715
CM007892.2_150719210_T_C,3,150719210,0.331704784764517,0.462962962962963,54,0.252217211271599,0.917683966300506
CM007892.2_150744560_G_T,3,150744560,0.720909814062889,0.5,54,-0.100454597048071,0.977489196432233
CM007892.2_151539946_G_A,3,151539946,0.675097518201407,0.407407407407407,54,-0.110313113959734,0.973469288231965
CM007892.2_151840247_T_C,3,151840247,0.484509741196517,0.0740740740740741,54,-0.457934256622252,0.951489973470853
CM007892.2_152183086_T_C,3,152183086,0.251773264734984,0.148148148148148,54,-0.624961981984939,0.911676624995901
CM007892.2_154550628_G_A,3,154550628,0.889563292621501,0.259259259259259,54,-0.0803046709613682,0.993806173961715
CM007892.2_156367682_C_T,3,156367682,0.178922341349215,0.194444444444444,54,0.687532562182923,0.909430860139716
CM007892.2_156613285_T_C,3,156613285,0.106237480386461,0.388888888888889,54,0.435448890370395,0.85374902716366
CM007892.2_156884973_A_G,3,156884973,0.36364083243014,0.0925925925925926,54,-0.367629050010919,0.927075133712701
CM007892.2_157375234_C_T,3,157375234,0.329840564666223,0.148148148148148,54,0.524735632305521,0.917683966300506
CM007892.2_159833683_A_T,3,159833683,0.0479702138607279,0.0370370370370371,54,1.59762350613596,0.728752974952702
CM007892.2_160573253_T_C,3,160573253,0.0483882570976641,0.101851851851852,54,-1.1219449991379,0.730103090085843
CM007892.2_160731595_G_C,3,160731595,0.53801980633651,0.0925925925925926,54,-0.374789961296983,0.968790930912464
CM007892.2_160997591_A_G,3,160997591,0.0630707881126426,0.240740740740741,54,-0.972666543603054,0.788675843919188
CM007892.2_161028558_T_C,3,161028558,0.183969519884714,0.240740740740741,54,0.407036127866547,0.911676624995901
CM007892.2_161792444_A_C,3,161792444,0.585928440048486,0.5,54,-0.148631256227013,0.973469288231965
CM007892.2_163141881_A_T,3,163141881,0.570210533495291,0.212962962962963,54,0.259011672528231,0.971960500537694
CM007892.2_163361199_G_A,3,163361199,0.1994421674215,0.5,54,-0.325782868245227,0.911676624995901
CM007892.2_165545236_A_C,3,165545236,0.314604897079815,0.148148148148148,54,-0.330262600623229,0.917683966300506
CM007892.2_167493652_G_T,3,167493652,0.559546239181103,0.259259259259259,54,-0.184686392024005,0.96901934033147
CM007892.2_169877591_A_T,3,169877591,0.292732683574991,0.444444444444444,54,0.266340209170124,0.917683966300506
CM007892.2_170449950_G_C,3,170449950,0.702886369304322,0.333333333333333,54,-0.101559899148612,0.977489196432233
CM007892.2_170621148_C_T,3,170621148,0.21776320896199,0.5,54,0.314934604962126,0.911676624995901
CM007892.2_170636798_T_C,3,170636798,0.650495238059263,0.5,54,0.117845898918574,0.973469288231965
CM007892.2_171162140_C_T,3,171162140,0.652436224236239,0.259259259259259,54,-0.117774751253677,0.973469288231965
CM007892.2_171223612_T_C,3,171223612,0.641164759618907,0.0555555555555556,54,-0.334564717664648,0.973469288231965
CM007892.2_171368270_T_C,3,171368270,0.517304685569168,0.212962962962963,54,0.312935654717705,0.965857984316765
CM007892.2_172084140_G_C,3,172084140,0.463555678727033,0.12962962962963,54,0.255547045730395,0.949368878500978
CM007892.2_172358161_G_A,3,172358161,0.265272765003767,0.25,54,0.55998281157315,0.911676624995901
CM007892.2_172675752_G_C,3,172675752,0.382157446249069,0.481481481481482,54,0.194299530417418,0.937638513031454
CM007892.2_172676186_G_C,3,172676186,0.838873194499519,0.166666666666667,54,-0.0718189227713424,0.993806173961715
CM007892.2_173050414_G_C,3,173050414,0.82575441504775,0.259259259259259,54,-0.104232190156154,0.993806173961715
CM007892.2_173172470_T_C,3,173172470,0.130924568696454,0.240740740740741,54,-0.398193880779971,0.902582900360714
CM007892.2_173172501_G_A,3,173172501,0.751525031582361,0.138888888888889,54,0.16328248776199,0.984815621631164
CM007892.2_173284367_C_T,3,173284367,0.165542587616036,0.5,54,-0.374737414586285,0.909430860139716
CM007892.2_173836483_T_G,3,173836483,0.477666547453065,0.166666666666667,54,0.222674988933733,0.951489973470853
CM007892.2_173838294_T_G,3,173838294,0.455625933879526,0.12037037037037,54,-0.412233546816879,0.944458525079235
CM007892.2_173938953_A_G,3,173938953,0.4468164843318,0.166666666666667,54,-0.38896440573825,0.944020193682184
CM007892.2_173939002_C_T,3,173939002,0.457225370282614,0.0648148148148148,54,0.511715241384422,0.944458525079235
CM007892.2_175368963_T_C,3,175368963,0.936684820619376,0.25,54,0.0383370056135846,0.994819956181817
CM007892.2_175523107_T_C,3,175523107,0.681142159648236,0.0833333333333334,54,-0.280316540137846,0.976582618034769
CM007892.2_175527509_C_T,3,175527509,0.491325140843983,0.5,54,-0.222765788023906,0.953407253526624
CM007892.2_175530250_A_G,3,175530250,0.195853453670008,0.157407407407407,54,0.733287403232509,0.911676624995901
CM007892.2_175558035_T_G,3,175558035,0.153088278773861,0.157407407407407,54,-0.692884849960421,0.909430860139716
CM007892.2_175975065_A_T,3,175975065,0.103274732952481,0.166666666666667,54,0.539320614055725,0.837310962271733
CM007892.2_176043681_A_G,3,176043681,0.981748449387475,0.25,54,-0.0100856341514941,0.99903673909735
CM007892.2_176093028_C_T,3,176093028,0.958084221577289,0.444444444444444,54,0.0127605755935463,0.996086105746684
CM007892.2_176103336_C_A,3,176103336,0.802329681774231,0.25,54,0.118156522198603,0.993806173961715
CM007893.2_232879_T_G,4,232879,0.978915144858906,0.5,54,0.00640240560991856,0.99903673909735
CM007893.2_319486_T_G,4,319486,0.551480802641135,0.5,54,0.150521505312838,0.96901934033147
CM007893.2_874339_G_T,4,874339,0.0635339010158622,0.0925925925925926,54,0.759779830311402,0.788675843919188
CM007893.2_906925_T_A,4,906925,0.284777932089932,0.481481481481482,54,-0.275275853308315,0.916893563687994
CM007893.2_979114_T_A,4,979114,0.456853498240239,0.25,54,0.363534754665807,0.944458525079235
CM007893.2_1038031_C_T,4,1038031,0.889516923813263,0.0740740740740741,54,0.0853703730737152,0.993806173961715
CM007893.2_1185247_C_A,4,1185247,0.0122640263607565,0.185185185185185,54,1.46260224832145,0.650839521820978
CM007893.2_1601053_A_G,4,1601053,0.2960252538476,0.231481481481482,54,-0.532915203491825,0.917683966300506
CM007893.2_2053550_C_G,4,2053550,0.42984791706029,0.0370370370370371,54,-0.691710386068507,0.943496853324429
CM007893.2_5120170_T_C,4,5120170,0.080384606684578,0.481481481481482,54,0.433386162358232,0.803614236616884
CM007893.2_5173390_A_G,4,5173390,0.875786978929464,0.25,54,-0.0788052938347619,0.993806173961715
CM007893.2_5934891_T_C,4,5934891,0.284178870550145,0.185185185185185,54,-0.63345208122513,0.916893563687994
CM007893.2_6113880_T_C,4,6113880,0.855211886286567,0.25,54,-0.0911622699405825,0.993806173961715
CM007893.2_6213822_C_T,4,6213822,0.201032176678929,0.0740740740740741,54,0.918148396647325,0.911676624995901
CM007893.2_6257646_G_A,4,6257646,0.281315520336601,0.240740740740741,54,0.60035135820948,0.916893563687994
CM007893.2_6560478_C_G,4,6560478,0.658359547426567,0.0740740740740741,54,-0.220818424868327,0.973469288231965
CM007893.2_7585830_T_C,4,7585830,0.231780861381254,0.175925925925926,54,-0.57134937227238,0.911676624995901
CM007893.2_8326245_C_T,4,8326245,0.764143677629082,0.148148148148148,54,-0.164758301179972,0.98768687469773
CM007893.2_8333124_G_A,4,8333124,0.461942408743916,0.12962962962963,54,0.399699243063537,0.94909379752293
CM007893.2_11396267_A_G,4,11396267,0.795108234154756,0.25,54,0.123433180454469,0.993806173961715
CM007893.2_12259166_G_A,4,12259166,0.530630008732959,0.111111111111111,54,0.33650020514051,0.968095660323542
CM007893.2_12339169_A_T,4,12339169,0.348631404825621,0.138888888888889,54,0.460456285927194,0.917683966300506
CM007893.2_13957301_G_C,4,13957301,0.977694609136838,0.407407407407407,54,-0.00651964177308173,0.99903673909735
CM007893.2_14361064_C_T,4,14361064,0.0705797906344508,0.240740740740741,54,-0.523797442147099,0.799829149758199
CM007893.2_14361067_C_T,4,14361067,0.657335455500654,0.138888888888889,54,-0.226904821788992,0.973469288231965
CM007893.2_21137176_T_C,4,21137176,0.18112742888041,0.148148148148148,54,-0.713526506365668,0.911676624995901
CM007893.2_24075255_A_T,4,24075255,0.380409228463689,0.481481481481482,54,0.235102070388052,0.934756722523213
CM007893.2_25810932_C_T,4,25810932,0.995771174618163,0.481481481481482,54,0.00153763599900003,0.99903673909735
CM007893.2_26988919_G_A,4,26988919,0.698811285153438,0.5,54,0.0893045520951858,0.977489196432233
CM007893.2_28338736_G_A,4,28338736,0.932498613369038,0.240740740740741,54,-0.044854298450332,0.994819956181817
CM007893.2_30569353_C_A,4,30569353,0.328034498552842,0.194444444444444,54,-0.480325224608123,0.917683966300506
CM007893.2_36929604_A_G,4,36929604,0.546387147480539,0.101851851851852,54,0.343846083221138,0.96901934033147
CM007893.2_39954966_C_T,4,39954966,0.220285542016529,0.259259259259259,54,-0.646622435099118,0.911676624995901
CM007893.2_40179335_A_C,4,40179335,0.994434794944382,0.0925925925925926,54,0.00287801156395062,0.99903673909735
CM007893.2_40553585_C_G,4,40553585,0.429220202336046,0.175925925925926,54,-0.402574365542819,0.943496853324429
CM007893.2_42877178_A_G,4,42877178,0.170290807445652,0.481481481481482,54,-0.37641733596854,0.909430860139716
CM007893.2_42988222_A_T,4,42988222,0.936500099547974,0.148148148148148,54,-0.0414380757216577,0.994819956181817
CM007893.2_43820714_T_C,4,43820714,0.69360800080763,0.0740740740740741,54,-0.181513954739785,0.977489196432233
CM007893.2_44996179_A_C,4,44996179,0.681811016085362,0.194444444444444,54,-0.201296813555359,0.976678229527867
CM007893.2_49015541_A_G,4,49015541,0.637843678245842,0.5,54,0.120344564805592,0.973469288231965
CM007893.2_51288716_C_A,4,51288716,0.976005488325882,0.25,54,-0.0159621278892246,0.99903673909735
CM007893.2_54525827_G_T,4,54525827,0.786419096294916,0.0925925925925926,54,0.220424205535437,0.990797484715478
CM007893.2_57151020_T_C,4,57151020,0.103942125805673,0.25,54,-0.849298397955863,0.838340491043572
CM007893.2_60526081_T_C,4,60526081,0.0911330312627685,0.222222222222222,54,0.76835652562329,0.831349031961661
CM007893.2_61205334_C_A,4,61205334,0.484626861441065,0.333333333333333,54,0.174192423141591,0.951489973470853
CM007893.2_61579298_G_T,4,61579298,0.759335985178119,0.148148148148148,54,0.162711602060654,0.986368539199947
CM007893.2_62901373_G_A,4,62901373,0.157774556340002,0.166666666666667,54,0.474510199887646,0.909430860139716
CM007893.2_62976378_A_G,4,62976378,0.472021936441185,0.203703703703704,54,0.206822694958746,0.951489973470853
CM007893.2_62980868_T_C,4,62980868,0.142694663009071,0.37037037037037,54,-0.384742779999385,0.909430860139716
CM007893.2_63893919_C_T,4,63893919,0.489460929410293,0.240740740740741,54,-0.202877935839609,0.953407253526624
CM007893.2_64051110_A_C,4,64051110,0.994326062372806,0.148148148148148,54,-0.0023002444615372,0.99903673909735
CM007893.2_64503123_A_C,4,64503123,0.387905428479831,0.481481481481482,54,-0.20419738085063,0.941031437898507
CM007893.2_64660477_T_C,4,64660477,0.3941359544493,0.166666666666667,54,0.259817880322828,0.943035109998434
CM007893.2_69181762_T_C,4,69181762,0.666147734616066,0.0555555555555556,54,0.296548816429777,0.973469288231965
CM007893.2_71589116_A_C,4,71589116,0.899233273850121,0.222222222222222,54,0.0378535381140637,0.993806173961715
CM007893.2_78520973_T_C,4,78520973,0.265028995137332,0.185185185185185,54,-0.350405430026967,0.911676624995901
CM007893.2_89902180_C_A,4,89902180,0.946688503887735,0.166666666666667,54,-0.0220119460739738,0.994819956181817
CM007893.2_106063757_A_G,4,106063757,0.24537736580574,0.175925925925926,54,-0.605265165556034,0.911676624995901
CM007893.2_107549671_G_A,4,107549671,0.0688117412091382,0.12037037037037,54,0.941053299080295,0.795712942542995
CM007893.2_119503356_T_A,4,119503356,0.284012988557965,0.277777777777778,54,-0.318612959093819,0.916893563687994
CM007893.2_131035657_G_A,4,131035657,0.509067118658026,0.0925925925925926,54,0.26147886435075,0.96150645977794
CM007893.2_140426342_G_A,4,140426342,0.118176060592438,0.148148148148148,54,0.716358367109024,0.893433550080572
CM007893.2_150327294_A_G,4,150327294,0.662735300752118,0.425925925925926,54,0.107816077412622,0.973469288231965
CM007893.2_152758095_G_A,4,152758095,0.843763551422718,0.185185185185185,54,0.067714983985411,0.993806173961715
CM007893.2_153168568_T_C,4,153168568,0.899219388317528,0.425925925925926,54,0.0457813608517199,0.993806173961715
CM007893.2_154751909_T_C,4,154751909,0.702395073903624,0.12962962962963,54,0.152121814397958,0.977489196432233
CM007893.2_159358964_A_G,4,159358964,0.0946819455652556,0.0740740740740741,54,-1.10914541256216,0.831349031961661
CM007893.2_160203332_T_C,4,160203332,0.979176372142096,0.462962962962963,54,0.00757729133766105,0.99903673909735
CM007893.2_162377334_G_T,4,162377334,0.00717407953211509,0.194444444444444,54,1.18084899650927,0.572244318968361
CM007893.2_167597753_T_C,4,167597753,0.209667477927385,0.222222222222222,54,0.710110583176402,0.911676624995901
CM007893.2_168742438_C_A,4,168742438,0.524936591284665,0.203703703703704,54,-0.317511411254031,0.968095660323542
CM007893.2_169364382_G_T,4,169364382,0.237004783562105,0.5,54,-0.302133500707534,0.911676624995901
CM007893.2_170821641_A_G,4,170821641,0.80433064741447,0.166666666666667,54,0.0872781113256451,0.993806173961715
CM007893.2_171009612_T_C,4,171009612,0.224677658484302,0.185185185185185,54,0.382923578381792,0.911676624995901
CM007893.2_172687434_G_T,4,172687434,0.44184610459014,0.101851851851852,54,0.58914589605422,0.944020193682184
CM007893.2_172770872_G_T,4,172770872,0.0423211223674469,0.111111111111111,54,-0.748767941777146,0.719373850648435
CM007893.2_173479891_C_T,4,173479891,0.169105159668343,0.5,54,0.365849287603979,0.909430860139716
CM007893.2_175186638_G_T,4,175186638,0.14681187701639,0.0740740740740741,54,-0.933321488953311,0.909430860139716
CM007893.2_175544441_G_A,4,175544441,0.132360883207118,0.111111111111111,54,-0.526069500839867,0.902582900360714
CM007893.2_175547322_G_A,4,175547322,0.671964858302858,0.25,54,0.240356626237997,0.973469288231965
CM007893.2_175548115_C_T,4,175548115,0.320584236650163,0.5,54,-0.255511110892058,0.917683966300506
CM007893.2_175745398_A_C,4,175745398,0.0267466612674905,0.185185185185185,54,-0.673392196150019,0.683381050901559
CM007893.2_176187006_C_T,4,176187006,0.165684947738904,0.5,54,-0.331210326788906,0.909430860139716
CM007893.2_178736725_A_G,4,178736725,0.434669039432612,0.425925925925926,54,-0.185920049252104,0.943496853324429
CM007893.2_179230422_T_G,4,179230422,0.755380453453132,0.166666666666667,54,0.105107094668526,0.984960870782833
CM007893.2_179266382_T_C,4,179266382,0.49971213896358,0.231481481481482,54,0.351996632708449,0.957961559396043
CM007893.2_179548373_G_A,4,179548373,0.336913913665811,0.5,54,0.281612577919176,0.917683966300506
CM007893.2_179551766_C_A,4,179551766,0.079330191851019,0.25,54,-0.806230576202779,0.803614236616884
CM007893.2_179552729_T_A,4,179552729,0.925579613567465,0.166666666666667,54,-0.0307866668170789,0.994819956181817
CM007893.2_180412063_C_A,4,180412063,0.0574613705164074,0.0555555555555556,54,1.31760780587206,0.783488288947278
CM007893.2_180455973_C_T,4,180455973,0.710216292839936,0.0925925925925926,54,0.146296311534115,0.977489196432233
CM007893.2_183374932_A_C,4,183374932,0.00774000431426998,0.0648148148148148,54,1.68853906398124,0.572244318968361
CM007893.2_185570736_G_T,4,185570736,0.354233511282226,0.185185185185185,54,0.463314084518174,0.917683966300506
CM007893.2_185570881_C_A,4,185570881,0.0605064824447492,0.0740740740740741,54,-0.837610176043768,0.788675843919188
CM007893.2_186018857_T_A,4,186018857,0.719698653973097,0.222222222222222,54,0.170987833419304,0.977489196432233
CM007893.2_188274040_T_A,4,188274040,0.824612431194373,0.25,54,0.139621624276401,0.993806173961715
CM007893.2_190453564_T_C,4,190453564,0.82532463347189,0.0555555555555556,54,-0.155978429179868,0.993806173961715
CM007893.2_190459628_G_A,4,190459628,0.478794623470126,0.5,54,-0.194537745491601,0.951489973470853
CM007893.2_190484917_T_G,4,190484917,0.0466062427869921,0.222222222222222,54,-1.09393627774097,0.719373850648435
CM007893.2_191564147_T_C,4,191564147,0.10077561703226,0.148148148148148,54,0.766949813548194,0.837310962271733
CM007893.2_192883875_T_C,4,192883875,0.868614265471739,0.0648148148148148,54,-0.110454800522234,0.993806173961715
CM007893.2_192917752_A_C,4,192917752,0.109101157114117,0.0833333333333334,54,-0.949182565973729,0.861161446544883
CM007893.2_193466318_C_G,4,193466318,0.141169792224524,0.0833333333333334,54,0.904019963931887,0.907578548272446
CM007893.2_195269597_C_T,4,195269597,0.056719941368624,0.5,54,-0.451697096184944,0.783488288947278
CM007893.2_196957241_A_C,4,196957241,0.275853298844284,0.5,54,-0.327590884778072,0.916893563687994
CM007893.2_197175206_C_A,4,197175206,0.0784805235235463,0.0740740740740741,54,1.08806497073772,0.803614236616884
CM007893.2_198131745_C_A,4,198131745,0.679715876336278,0.277777777777778,54,0.123746422206054,0.975799232177259
CM007893.2_198606312_T_C,4,198606312,0.788063929864549,0.259259259259259,54,0.149930340106778,0.990797484715478
CM007893.2_199000782_T_C,4,199000782,0.172841308008546,0.240740740740741,54,0.732035680228478,0.909430860139716
CM007893.2_199571295_A_G,4,199571295,0.694840902113128,0.194444444444444,54,-0.193166726518712,0.977489196432233
CM007893.2_201122078_C_G,4,201122078,0.0464068808938029,0.185185185185185,54,-0.603190509533732,0.719373850648435
CM007893.2_201322386_T_C,4,201322386,0.836746974804083,0.166666666666667,54,-0.0648326904475027,0.993806173961715
CM007893.2_201534400_G_A,4,201534400,0.333965618678402,0.194444444444444,54,0.471623631226635,0.917683966300506
CM007893.2_202394740_A_G,4,202394740,0.17930258560247,0.231481481481482,54,0.766592024968304,0.909430860139716
CM007893.2_202394813_T_A,4,202394813,0.791990528196825,0.148148148148148,54,-0.0889399551682288,0.992142544269423
CM007893.2_202396599_C_T,4,202396599,0.75947731333433,0.25,54,0.167317523015527,0.986368539199947
CM007893.2_202427751_A_T,4,202427751,0.803057818787223,0.481481481481482,54,0.0582974065109312,0.993806173961715
CM007893.2_202492495_A_G,4,202492495,0.347396744383146,0.0925925925925926,54,0.525222041948382,0.917683966300506
CM007893.2_202622296_G_A,4,202622296,0.426023242533385,0.5,54,-0.212403800624756,0.943496853324429
CM007893.2_202740777_G_A,4,202740777,0.4610955027335,0.231481481481482,54,0.331359366802076,0.94909379752293
CM007893.2_203308079_G_A,4,203308079,0.250017544566702,0.185185185185185,54,-0.335819607081021,0.911676624995901
CM007893.2_203318997_A_G,4,203318997,0.964795213015269,0.481481481481482,54,-0.0115910517750564,0.99903673909735
CM007893.2_203338534_T_C,4,203338534,0.847003657287482,0.25,54,-0.0925252481017083,0.993806173961715
CM007893.2_203387431_A_T,4,203387431,0.588577897583657,0.388888888888889,54,0.141785504802385,0.973469288231965
CM007893.2_203477878_C_A,4,203477878,0.50473674908929,0.37037037037037,54,0.278589375302772,0.961042457357253
CM007893.2_203728372_A_T,4,203728372,0.787719280014075,0.240740740740741,54,-0.130895838058393,0.990797484715478
CM007893.2_204084828_C_A,4,204084828,0.222385450024071,0.240740740740741,54,0.617396935012266,0.911676624995901
CM007893.2_204584854_G_A,4,204584854,0.374802217208024,0.481481481481482,54,0.218168202988977,0.93368876797512
CM007893.2_204633710_C_T,4,204633710,0.170013288468061,0.166666666666667,54,0.722625795433942,0.909430860139716
CM007893.2_204891406_A_T,4,204891406,0.875104992660665,0.0555555555555556,54,-0.129228492656011,0.993806173961715
CM007893.2_204891920_C_T,4,204891920,0.830825906581947,0.5,54,-0.0591499272744898,0.993806173961715
CM007893.2_204980601_G_A,4,204980601,0.182617646088979,0.148148148148148,54,-0.725836179865496,0.911676624995901
CM007893.2_205379311_C_T,4,205379311,0.287711659671747,0.12037037037037,54,-0.572232645454847,0.917683966300506
CM007893.2_205959702_C_T,4,205959702,0.33065061057063,0.351851851851852,54,-0.270069913039066,0.917683966300506
CM007893.2_206246791_A_C,4,206246791,0.484065749494959,0.111111111111111,54,0.278306765739728,0.951489973470853
CM007893.2_206531808_A_C,4,206531808,0.805080098173953,0.407407407407407,54,-0.0639130039151325,0.993806173961715
CM007893.2_206875874_C_T,4,206875874,0.0730728257165088,0.0555555555555556,54,1.49075321241935,0.801545084283155
CM007893.2_207059074_C_T,4,207059074,0.872814163915242,0.175925925925926,54,0.0756446752003512,0.993806173961715
CM007893.2_207991510_G_C,4,207991510,0.210230149549112,0.0648148148148148,54,-0.900721921080276,0.911676624995901
CM007893.2_208075178_G_A,4,208075178,0.123971314629261,0.259259259259259,54,-0.758026011630193,0.898589463554581
CM007894.2_521674_A_T,5,521674,0.876605411731186,0.231481481481482,54,0.0792025568911185,0.993806173961715
CM007894.2_601578_T_C,5,601578,0.580666834699874,0.101851851851852,54,-0.347598591135693,0.973469288231965
CM007894.2_630948_G_C,5,630948,0.321410286458177,0.185185185185185,54,0.563902878173508,0.917683966300506
CM007894.2_1177121_T_C,5,1177121,0.561612015688844,0.37037037037037,54,0.161551216944844,0.96901934033147
CM007894.2_1177317_C_A,5,1177317,0.488035153139368,0.203703703703704,54,-0.434425358237945,0.953199166560154
CM007894.2_1177726_A_G,5,1177726,0.0994825963618234,0.194444444444444,54,0.784019494342601,0.837310962271733
CM007894.2_1226044_T_C,5,1226044,0.42079092600043,0.481481481481482,54,-0.205976719127854,0.943496853324429
CM007894.2_1456817_G_C,5,1456817,0.947364407218175,0.5,54,0.015286292110062,0.994819956181817
CM007894.2_2553216_A_G,5,2553216,0.0927172898034772,0.25,54,0.950272877380144,0.831349031961661
CM007894.2_2683207_C_A,5,2683207,0.250311539977468,0.175925925925926,54,0.656041634854091,0.911676624995901
CM007894.2_2683265_C_T,5,2683265,0.66299066284142,0.203703703703704,54,0.219447998957548,0.973469288231965
CM007894.2_2683366_A_G,5,2683366,0.294840647630665,0.175925925925926,54,0.618887532694544,0.917683966300506
CM007894.2_2816688_T_A,5,2816688,0.809752719722489,0.185185185185185,54,0.077833673117425,0.993806173961715
CM007894.2_2816824_A_G,5,2816824,0.424706657476442,0.462962962962963,54,-0.243017712186088,0.943496853324429
CM007894.2_2875758_A_G,5,2875758,0.850763783113874,0.481481481481482,54,0.0574517022784278,0.993806173961715
CM007894.2_3332741_A_G,5,3332741,0.982976580736956,0.481481481481482,54,-0.00500615031637608,0.99903673909735
CM007894.2_3582326_A_G,5,3582326,0.352460316379308,0.111111111111111,54,-0.380199904031031,0.917683966300506
CM007894.2_3616783_C_T,5,3616783,5.83267240209794e-06,0.148148148148148,54,1.24350697668389,0.00431228912928441
CM007894.2_3813061_G_T,5,3813061,0.777004904010109,0.231481481481482,54,0.148665615047264,0.990797484715478
CM007894.2_3814532_T_C,5,3814532,0.858451693289607,0.12962962962963,54,0.0688639802490343,0.993806173961715
CM007894.2_3815016_C_T,5,3815016,0.842708684421199,0.25,54,0.0964874434889964,0.993806173961715
CM007894.2_3924275_C_T,5,3924275,0.0823101727730689,0.277777777777778,54,-0.511141880604782,0.803614236616884
CM007894.2_4353065_T_C,5,4353065,0.266402285020153,0.5,54,0.301497837935273,0.911676624995901
CM007894.2_4714043_C_T,5,4714043,0.776567965847062,0.25,54,-0.144009252274202,0.990797484715478
CM007894.2_5915858_T_G,5,5915858,0.465304620255875,0.5,54,0.216296547338416,0.951013508887048
CM007894.2_5923518_G_A,5,5923518,0.814388918023002,0.185185185185185,54,0.11618722083,0.993806173961715
CM007894.2_6185178_C_T,5,6185178,0.707623944865635,0.259259259259259,54,-0.121406072860928,0.977489196432233
CM007894.2_6943911_C_T,5,6943911,0.928543029348601,0.240740740740741,54,0.0234561743241386,0.994819956181817
CM007894.2_7389337_C_T,5,7389337,0.0706792215295794,0.0555555555555556,54,1.28200136244368,0.799829149758199
CM007894.2_7691438_A_T,5,7691438,0.662850222084642,0.5,54,-0.115921320663986,0.973469288231965
CM007894.2_7714262_C_T,5,7714262,0.742618112009534,0.5,54,0.0770460937450714,0.978688960231014
CM007894.2_7912238_C_T,5,7912238,0.0461172589400091,0.333333333333333,54,0.491713203547604,0.719373850648435
CM007894.2_8099592_G_A,5,8099592,0.032251370729158,0.481481481481482,54,-0.561270173095096,0.719373850648435
CM007894.2_8448992_T_C,5,8448992,0.599209328240945,0.259259259259259,54,0.242011531624996,0.973469288231965
CM007894.2_8461648_T_G,5,8461648,0.995702618474402,0.0740740740740741,54,-0.00230750291427739,0.99903673909735
CM007894.2_8468451_T_C,5,8468451,0.462493105585973,0.0555555555555556,54,-0.543359869425103,0.94909379752293
CM007894.2_8531678_G_T,5,8531678,0.899149624825083,0.148148148148148,54,0.0655382685562813,0.993806173961715
CM007894.2_12582151_A_G,5,12582151,0.0186047005454507,0.259259259259259,54,-0.648285490435157,0.683381050901559
CM007894.2_12870772_T_C,5,12870772,0.263468244077968,0.212962962962963,54,0.535883244911759,0.911676624995901
CM007894.2_13105887_G_C,5,13105887,0.714952428847807,0.0833333333333334,54,-0.21165042635846,0.977489196432233
CM007894.2_14192882_T_G,5,14192882,0.254131876298602,0.240740740740741,54,-0.508644086226866,0.911676624995901
CM007894.2_15220935_C_T,5,15220935,0.556627028729838,0.25,54,0.305383175602287,0.96901934033147
CM007894.2_16586617_G_A,5,16586617,0.276063070701109,0.185185185185185,54,-0.337910920788801,0.916893563687994
CM007894.2_21289174_T_C,5,21289174,0.179590043616409,0.194444444444444,54,0.666835189097696,0.909430860139716
CM007894.2_24977686_A_C,5,24977686,0.433547015998833,0.259259259259259,54,0.412440829537672,0.943496853324429
CM007894.2_25393445_T_C,5,25393445,0.626753179108734,0.101851851851852,54,0.270665609854518,0.973469288231965
CM007894.2_26922577_T_G,5,26922577,0.669214130198199,0.0925925925925926,54,-0.175442997297353,0.973469288231965
CM007894.2_30074330_A_T,5,30074330,0.685131283038963,0.203703703703704,54,-0.122749472564607,0.976726603381156
CM007894.2_32786605_T_C,5,32786605,0.0960978195483206,0.203703703703704,54,0.598005967163459,0.832488834355325
CM007894.2_34109815_C_T,5,34109815,0.922386927339526,0.5,54,-0.0259561118374165,0.994819956181817
CM007894.2_34109819_C_T,5,34109819,0.610733215136379,0.12962962962963,54,-0.177243906561898,0.973469288231965
CM007894.2_34388573_A_G,5,34388573,0.648202851778414,0.425925925925926,54,-0.102117020157564,0.973469288231965
CM007894.2_39211268_T_C,5,39211268,0.95836237586268,0.0740740740740741,54,-0.034166361758821,0.996086105746684
CM007894.2_40032540_T_C,5,40032540,0.704887409763578,0.259259259259259,54,0.195130895695968,0.977489196432233
CM007894.2_44419457_G_A,5,44419457,0.258224204556411,0.0648148148148148,54,0.938270555403278,0.911676624995901
CM007894.2_46529764_T_A,5,46529764,0.788438936214075,0.5,54,-0.0765125761035677,0.990797484715478
CM007894.2_47634392_A_G,5,47634392,0.252857846758191,0.0925925925925926,54,0.440080072666149,0.911676624995901
CM007894.2_48137811_A_G,5,48137811,0.127127030797052,0.240740740740741,54,0.464344060220604,0.902582900360714
CM007894.2_50944602_C_T,5,50944602,0.629997764325104,0.12962962962963,54,-0.212507297739251,0.973469288231965
CM007894.2_55955262_G_A,5,55955262,0.737897801976655,0.101851851851852,54,-0.211687840641389,0.977489196432233
CM007894.2_60371060_A_G,5,60371060,0.441024838805062,0.0833333333333334,54,0.492905049619822,0.944020193682184
CM007894.2_77785705_G_A,5,77785705,0.989662448362711,0.0740740740740741,54,-0.00579902748972927,0.99903673909735
CM007894.2_78343737_A_G,5,78343737,0.993256962899969,0.259259259259259,54,-0.0023783726156239,0.99903673909735
CM007894.2_78380783_A_T,5,78380783,0.309124829476531,0.12037037037037,54,0.627406203017586,0.917683966300506
CM007894.2_79072273_G_C,5,79072273,0.19178533903695,0.0555555555555556,54,-0.914206059553862,0.911676624995901
CM007894.2_89848534_T_G,5,89848534,0.507453136315448,0.37037037037037,54,-0.160434228676394,0.96150645977794
CM007894.2_89848620_A_G,5,89848620,0.346705737913798,0.0740740740740741,54,0.435269869358194,0.917683966300506
CM007894.2_92872078_G_T,5,92872078,0.228987396167005,0.0740740740740741,54,-0.765109459350924,0.911676624995901
CM007894.2_96187890_T_C,5,96187890,0.615167590577549,0.407407407407407,54,0.125962099455162,0.973469288231965
CM007894.2_97573519_A_G,5,97573519,0.176170799982091,0.12037037037037,54,-0.856476189377418,0.909430860139716
CM007894.2_102031906_A_G,5,102031906,0.126179737786603,0.277777777777778,54,0.475287350220384,0.902582900360714
CM007894.2_103175653_G_A,5,103175653,0.655206608168307,0.25,54,0.236124228949222,0.973469288231965
CM007894.2_103236621_C_T,5,103236621,0.854622143483793,0.240740740740741,54,0.0917627498271258,0.993806173961715
CM007894.2_105321771_T_A,5,105321771,0.809604886539658,0.148148148148148,54,-0.138347578598882,0.993806173961715
CM007894.2_105321783_G_T,5,105321783,0.361477079686363,0.0833333333333334,54,-0.575019606984597,0.923137426083289
CM007894.2_105321844_T_C,5,105321844,0.434056041515971,0.277777777777778,54,0.227888705525487,0.943496853324429
CM007894.2_109587859_G_T,5,109587859,0.442693071043833,0.222222222222222,54,0.259822981685033,0.944020193682184
CM007894.2_119921633_T_G,5,119921633,0.888674093147581,0.259259259259259,54,0.0677459000471572,0.993806173961715
CM007894.2_122324177_A_G,5,122324177,0.619608857072778,0.157407407407407,54,-0.259678754727304,0.973469288231965
CM007894.2_123391565_C_T,5,123391565,0.481778080931375,0.222222222222222,54,-0.194523969515174,0.951489973470853
CM007894.2_123645015_A_G,5,123645015,0.652200598141812,0.5,54,0.123313785873677,0.973469288231965
CM007894.2_126287353_T_C,5,126287353,0.248466465173884,0.166666666666667,54,-0.413741046951884,0.911676624995901
CM007894.2_126291614_A_G,5,126291614,0.688047861822829,0.240740740740741,54,0.248750508313833,0.977489196432233
CM007894.2_126513882_T_G,5,126513882,0.0240841261991518,0.5,54,0.542355003812318,0.683381050901559
CM007894.2_127422000_G_A,5,127422000,0.351720442131974,0.5,54,0.227014448633916,0.917683966300506
CM007894.2_134440778_A_T,5,134440778,0.757991820272391,0.5,54,0.0786565121961047,0.986056221327955
CM007894.2_135276477_C_T,5,135276477,0.468111177743183,0.203703703703704,54,-0.235229218444118,0.951489973470853
CM007894.2_136183892_T_C,5,136183892,0.837551584889243,0.12037037037037,54,-0.13078550900957,0.993806173961715
CM007894.2_138594317_A_T,5,138594317,0.00754923505165178,0.0648148148148148,54,1.83638533521275,0.572244318968361
CM007894.2_142703894_A_G,5,142703894,0.904769432716746,0.5,54,-0.0349088474039263,0.994278624231051
CM007894.2_143311620_T_C,5,143311620,0.991655527687113,0.111111111111111,54,0.00662161862373978,0.99903673909735
CM007894.2_149867991_G_A,5,149867991,0.938574185612,0.0833333333333334,54,-0.0455459398443736,0.994819956181817
CM007894.2_156937301_A_G,5,156937301,0.211595379804288,0.0925925925925926,54,-0.734351264823317,0.911676624995901
CM007894.2_159223303_A_G,5,159223303,0.820375566201291,0.444444444444444,54,-0.0549353176339125,0.993806173961715
CM007894.2_159537231_A_G,5,159537231,0.651799464454238,0.5,54,0.137177324081961,0.973469288231965
CM007894.2_160786171_A_G,5,160786171,0.496456486836271,0.296296296296296,54,-0.214033658854163,0.955851117884418
CM007894.2_167037020_G_T,5,167037020,0.70436234999861,0.0833333333333334,54,-0.251532210242885,0.977489196432233
CM007894.2_167160261_A_T,5,167160261,0.937134681318761,0.425925925925926,54,-0.0195137375703638,0.994819956181817
CM007894.2_167277399_T_C,5,167277399,0.491397370414169,0.185185185185185,54,-0.196533817035657,0.953407253526624
CM007894.2_167277424_C_G,5,167277424,0.00212299814760326,0.481481481481482,54,-0.809684066611553,0.564384872081481
CM007894.2_167966848_A_C,5,167966848,0.785879822443194,0.166666666666667,54,0.0912156554011574,0.990797484715478
CM007894.2_168932750_A_T,5,168932750,0.38778523219941,0.25,54,0.388008290243476,0.941031437898507
CM007894.2_168932808_A_G,5,168932808,0.154311776173609,0.111111111111111,54,0.519931169232677,0.909430860139716
CM007894.2_169132545_A_G,5,169132545,0.856956213455316,0.203703703703704,54,0.105715531979172,0.993806173961715
CM007894.2_169503321_T_C,5,169503321,0.981497842107425,0.481481481481482,54,-0.00557866110351313,0.99903673909735
CM007894.2_169684006_C_T,5,169684006,0.266709969940212,0.25,54,-0.503531902077668,0.911676624995901
CM007894.2_169907015_A_G,5,169907015,0.0749739852137772,0.25,54,-1.08883836482596,0.803614236616884
CM007894.2_170995078_G_A,5,170995078,0.414231699629415,0.0925925925925926,54,-0.469798261792221,0.943496853324429
CM007894.2_171056224_G_T,5,171056224,0.465645027345056,0.5,54,-0.227396610747405,0.951013508887048
CM007894.2_171221612_G_A,5,171221612,0.140828127089567,0.111111111111111,54,-0.520193339424054,0.907578548272446
CM007894.2_171623267_G_A,5,171623267,0.542960455651659,0.157407407407407,54,-0.295939404327385,0.96901934033147
CM007894.2_172199104_G_T,5,172199104,0.404340359729202,0.222222222222222,54,-0.392547634893049,0.943496853324429
CM007894.2_172352817_A_T,5,172352817,0.120605176707751,0.240740740740741,54,0.829468578106912,0.894656461330405
CM007894.2_172354503_A_T,5,172354503,0.904047079536273,0.5,54,-0.0360437407409222,0.994278624231051
CM007894.2_173010966_A_G,5,173010966,0.787879106131088,0.148148148148148,54,-0.109098485108063,0.990797484715478
CM007894.2_173010994_A_G,5,173010994,0.198826335957753,0.259259259259259,54,0.637578482811989,0.911676624995901
CM007894.2_173054778_A_G,5,173054778,0.945814875928482,0.231481481481482,54,-0.038350564849793,0.994819956181817
CM007894.2_173537706_A_T,5,173537706,0.905185848116586,0.259259259259259,54,0.0365903076897922,0.994278624231051
CM007894.2_173858472_C_A,5,173858472,0.88318882830308,0.0925925925925926,54,-0.0619632092076472,0.993806173961715
CM007894.2_174313678_T_C,5,174313678,0.288448072376522,0.444444444444444,54,-0.256763398002008,0.917683966300506
CM007894.2_174960329_G_T,5,174960329,0.384625565845409,0.0833333333333334,54,-0.552660364806002,0.941031437898507
CM007894.2_175000644_A_G,5,175000644,0.0127892896077528,0.148148148148148,54,-0.87030195852391,0.650839521820978
CM007894.2_175745618_A_G,5,175745618,0.646312435867065,0.240740740740741,54,-0.287438970253106,0.973469288231965
CM007894.2_176372388_C_T,5,176372388,0.183740462390906,0.5,54,0.372786448958749,0.911676624995901
CM007894.2_176912534_A_G,5,176912534,0.610850145099207,0.5,54,-0.123974197815301,0.973469288231965
CM007894.2_177097796_C_G,5,177097796,0.0228388827384359,0.0648148148148148,54,1.57035633513942,0.683381050901559
CM007894.2_177097799_T_C,5,177097799,0.979717436701474,0.259259259259259,54,0.0117527782787761,0.99903673909735
CM007894.2_177155186_T_C,5,177155186,0.642313785187548,0.444444444444444,54,-0.124093586751787,0.973469288231965
CM007894.2_177372942_C_T,5,177372942,0.351198142281558,0.185185185185185,54,-0.275854423034275,0.917683966300506
CM007894.2_177470182_C_A,5,177470182,0.925085085678314,0.185185185185185,54,0.0452630061952277,0.994819956181817
CM007894.2_177480177_A_C,5,177480177,0.38545386234648,0.12037037037037,54,0.487944693824261,0.941031437898507
CM007894.2_177480377_A_G,5,177480377,0.341023719662193,0.0833333333333334,54,-0.654555819927282,0.917683966300506
CM007894.2_177480640_G_A,5,177480640,0.2854470398469,0.240740740740741,54,0.33244906293497,0.917409157065998
CM007894.2_177483211_T_A,5,177483211,0.0552463799254765,0.175925925925926,54,-0.924785245591579,0.781157968701361
CM007894.2_177504696_G_A,5,177504696,0.208551508886789,0.12037037037037,54,-0.659856548149719,0.911676624995901
CM007894.2_177664854_G_A,5,177664854,0.662854828785487,0.166666666666667,54,0.235165124866285,0.973469288231965
CM007894.2_177703929_T_A,5,177703929,0.366331606831268,0.240740740740741,54,0.458139634172767,0.928750962059145
CM007895.2_234671_T_C,6,234671,0.343666208532797,0.0925925925925926,54,0.619749109495729,0.917683966300506
CM007895.2_1125372_C_T,6,1125372,0.54680572654668,0.259259259259259,54,-0.338227538684805,0.96901934033147
CM007895.2_2113859_A_G,6,2113859,0.4057924291119,0.0462962962962963,54,-0.651444876231153,0.943496853324429
CM007895.2_3032412_C_A,6,3032412,0.175954986423454,0.240740740740741,54,0.729273022116274,0.909430860139716
CM007895.2_3419586_C_T,6,3419586,0.663654732933479,0.12962962962963,54,0.244483408270867,0.973469288231965
CM007895.2_3426268_G_T,6,3426268,0.410603652041763,0.25,54,-0.420356984129455,0.943496853324429
CM007895.2_3439103_G_A,6,3439103,0.889391799097029,0.148148148148148,54,-0.0930366226890555,0.993806173961715
CM007895.2_3713202_C_A,6,3713202,0.954526937667216,0.212962962962963,54,-0.0268015012684941,0.995803663942688
CM007895.2_3974995_A_G,6,3974995,0.651597466792309,0.138888888888889,54,0.261956854816844,0.973469288231965
CM007895.2_6528558_C_G,6,6528558,0.762234299453882,0.25,54,0.162485810670091,0.986368539199947
CM007895.2_6721534_T_C,6,6721534,0.123561920383329,0.277777777777778,54,0.448208643603209,0.898589463554581
CM007895.2_7151828_T_C,6,7151828,0.169053440615944,0.12962962962963,54,-0.522169007481807,0.909430860139716
CM007895.2_7357313_A_G,6,7357313,0.366810569325433,0.5,54,-0.243680013038784,0.928750962059145
CM007895.2_8227597_A_G,6,8227597,0.85220345024784,0.5,54,-0.047724233109868,0.993806173961715
CM007895.2_8342800_G_A,6,8342800,0.137713886121969,0.5,54,0.340536719717534,0.902582900360714
CM007895.2_8360344_G_A,6,8360344,0.635464176134123,0.462962962962963,54,-0.121534559838629,0.973469288231965
CM007895.2_8863678_A_G,6,8863678,0.389480099184324,0.5,54,0.224326351835273,0.941031437898507
CM007895.2_9097599_A_C,6,9097599,0.463546655061015,0.25,54,-0.347253464350615,0.949368878500978
CM007895.2_9847036_C_T,6,9847036,0.627255367092594,0.5,54,-0.137565097477221,0.973469288231965
CM007895.2_9885198_T_G,6,9885198,0.417426983739506,0.25,54,-0.544220518568522,0.943496853324429
CM007895.2_10040290_A_C,6,10040290,0.0846682951495932,0.5,54,-0.420509731220989,0.80383030665737
CM007895.2_10263574_T_C,6,10263574,0.227571724684158,0.148148148148148,54,0.415101874093352,0.911676624995901
CM007895.2_10286095_G_T,6,10286095,0.265422852877109,0.5,54,-0.256125316700562,0.911676624995901
CM007895.2_10295795_G_A,6,10295795,0.366542937305912,0.222222222222222,54,-0.464203592877027,0.928750962059145
CM007895.2_10707111_C_T,6,10707111,0.831749288096581,0.240740740740741,54,0.100633980942519,0.993806173961715
CM007895.2_10710693_C_G,6,10710693,0.221438522636222,0.25,54,0.60834456497463,0.911676624995901
CM007895.2_12203169_C_T,6,12203169,0.324792721731793,0.5,54,-0.287195167954323,0.917683966300506
CM007895.2_13826421_T_C,6,13826421,0.88292356430335,0.12962962962963,54,0.0511541652317078,0.993806173961715
CM007895.2_15538487_G_A,6,15538487,0.126571811840037,0.148148148148148,54,0.861560921099908,0.902582900360714
CM007895.2_15784175_T_C,6,15784175,0.0193035336916194,0.5,54,0.5664018928437,0.683381050901559
CM007895.2_16636688_A_G,6,16636688,0.409139531489261,0.203703703703704,54,0.236483113160801,0.943496853324429
CM007895.2_18024287_T_C,6,18024287,0.836228402186764,0.166666666666667,54,-0.0647774311507305,0.993806173961715
CM007895.2_19287177_A_G,6,19287177,0.7388757711127,0.12962962962963,54,0.18309306063054,0.977489196432233
CM007895.2_22953266_C_G,6,22953266,0.643624597854147,0.351851851851852,54,0.125329056775616,0.973469288231965
CM007895.2_25558351_T_C,6,25558351,0.365254069462281,0.0648148148148148,54,0.620436901575204,0.928750962059145
CM007895.2_29336177_G_T,6,29336177,0.0838771389356488,0.111111111111111,54,-0.59280539213313,0.80383030665737
CM007895.2_31173566_T_C,6,31173566,0.657523848505571,0.444444444444444,54,-0.118849059997956,0.973469288231965
CM007895.2_32540832_A_G,6,32540832,0.934444225483637,0.148148148148148,54,-0.0425544757711123,0.994819956181817
CM007895.2_32953777_A_G,6,32953777,0.344032480317127,0.0740740740740741,54,0.604456203887821,0.917683966300506
CM007895.2_33302934_G_T,6,33302934,0.40093821861515,0.194444444444444,54,-0.461480464843305,0.943496853324429
CM007895.2_33895542_T_C,6,33895542,0.193241219494684,0.222222222222222,54,-0.382050263103309,0.911676624995901
CM007895.2_34374914_A_C,6,34374914,0.050761489536798,0.240740740740741,54,0.840212526683331,0.740716998635644
CM007895.2_34557409_T_C,6,34557409,0.488581725749224,0.259259259259259,54,0.373783402463516,0.953199166560154
CM007895.2_37718217_A_G,6,37718217,0.136287965709545,0.12037037037037,54,0.77957217968833,0.902582900360714
CM007895.2_37730967_G_C,6,37730967,0.11496449577673,0.148148148148148,54,0.622331916393932,0.888471260044558
CM007895.2_39119107_T_G,6,39119107,0.160333107228846,0.222222222222222,54,-0.700270322003121,0.909430860139716
CM007895.2_40024989_A_G,6,40024989,0.389339937828475,0.175925925925926,54,0.411695445874159,0.941031437898507
CM007895.2_41247712_C_T,6,41247712,0.186392391287845,0.259259259259259,54,0.62369201170452,0.911676624995901
CM007895.2_42189393_T_C,6,42189393,0.68941261340845,0.166666666666667,54,0.197229668107809,0.977489196432233
CM007895.2_43226367_T_G,6,43226367,0.899043041216679,0.240740740740741,54,0.0654407397142052,0.993806173961715
CM007895.2_43681233_T_C,6,43681233,0.0779384331481929,0.12962962962963,54,-0.974543468517481,0.803614236616884
CM007895.2_47479059_A_G,6,47479059,0.850719324429713,0.12037037037037,54,-0.122643486554693,0.993806173961715
CM007895.2_48547764_T_G,6,48547764,0.6488463810245,0.148148148148148,54,0.259319117429868,0.973469288231965
CM007895.2_51197110_A_C,6,51197110,0.332387614800689,0.185185185185185,54,0.292378921219829,0.917683966300506
CM007895.2_51197826_C_T,6,51197826,0.0129111537241312,0.231481481481482,54,1.3636421691503,0.650839521820978
CM007895.2_51212343_C_A,6,51212343,0.158425826336357,0.240740740740741,54,0.691853426463581,0.909430860139716
CM007895.2_51453575_G_C,6,51453575,0.399869038288347,0.5,54,0.215199815160588,0.943496853324429
CM007895.2_52150098_C_A,6,52150098,0.237666149179564,0.12962962962963,54,-0.598036519091124,0.911676624995901
CM007895.2_53328969_C_G,6,53328969,0.0241942042235869,0.166666666666667,54,0.662664935587941,0.683381050901559
CM007895.2_53822753_C_T,6,53822753,0.63668811014096,0.407407407407407,54,-0.112303591901451,0.973469288231965
CM007895.2_53894706_C_A,6,53894706,0.905181929377874,0.462962962962963,54,0.0409244783793952,0.994278624231051
CM007895.2_54039252_G_T,6,54039252,0.962467019480317,0.12037037037037,54,-0.028525894482982,0.998947987462491
CM007895.2_62975613_A_G,6,62975613,0.262102513853295,0.240740740740741,54,-0.516004455893722,0.911676624995901
CM007895.2_64278392_A_G,6,64278392,0.835719896624926,0.462962962962963,54,-0.0586133283943813,0.993806173961715
CM007895.2_64293480_G_A,6,64293480,0.147482203647828,0.0555555555555556,54,1.08829851863652,0.909430860139716
CM007895.2_64415149_A_G,6,64415149,0.05511010680912,0.240740740740741,54,0.884912121620516,0.781157968701361
CM007895.2_64415238_C_T,6,64415238,0.815485761082504,0.175925925925926,54,0.154823893412356,0.993806173961715
CM007895.2_66925400_G_T,6,66925400,0.315225856382152,0.0740740740740741,54,-0.640698136458241,0.917683966300506
CM007895.2_68643898_T_C,6,68643898,0.61297127640589,0.148148148148148,54,0.168138676538945,0.973469288231965
CM007895.2_70647446_A_C,6,70647446,0.868464649734586,0.111111111111111,54,-0.110865188716389,0.993806173961715
CM007895.2_71676100_T_C,6,71676100,0.403259474511267,0.0740740740740741,54,-0.552631550134038,0.943496853324429
CM007895.2_71723860_C_T,6,71723860,0.376231938421945,0.12962962962963,54,0.302608291799146,0.93368876797512
CM007895.2_75762144_T_C,6,75762144,0.00397227337605389,0.5,54,0.699796796764453,0.572244318968361
CM007895.2_77323375_T_C,6,77323375,0.0281129931792947,0.0555555555555556,54,0.972486714176114,0.683381050901559
CM007895.2_77457596_A_G,6,77457596,0.0652539600232276,0.12037037037037,54,-1.09048061778492,0.795712942542995
CM007895.2_86905607_C_A,6,86905607,0.428553063391518,0.12962962962963,54,0.282700425489566,0.943496853324429
CM007895.2_89361753_T_A,6,89361753,0.826655140914364,0.222222222222222,54,-0.068650577825764,0.993806173961715
CM007895.2_89406546_A_G,6,89406546,0.199759900273662,0.37037037037037,54,-0.333245613868868,0.911676624995901
CM007895.2_91144509_T_C,6,91144509,0.289336867502188,0.0740740740740741,54,0.629880793086954,0.917683966300506
CM007895.2_94958786_A_G,6,94958786,0.566709619871504,0.12962962962963,54,-0.35210984359378,0.96901934033147
CM007895.2_97277924_G_T,6,97277924,0.671201651502102,0.0925925925925926,54,0.338650217083568,0.973469288231965
CM007895.2_102245744_T_C,6,102245744,0.744266908965315,0.12962962962963,54,-0.120610934646265,0.979112695186873
CM007895.2_104346069_G_A,6,104346069,0.887478807825523,0.175925925925926,54,-0.0697033296784184,0.993806173961715
CM007895.2_106803045_A_T,6,106803045,0.197037061122504,0.166666666666667,54,0.684300720677811,0.911676624995901
CM007895.2_108307611_A_G,6,108307611,0.18193319102944,0.148148148148148,54,-0.79123603129392,0.911676624995901
CM007895.2_111996276_T_C,6,111996276,0.344567763000721,0.0462962962962963,54,0.85429832798377,0.917683966300506
CM007895.2_112868693_T_C,6,112868693,0.511664235222052,0.185185185185185,54,-0.335295356942652,0.961755316713993
CM007895.2_114082458_G_A,6,114082458,0.263497573309173,0.240740740740741,54,0.314024819865708,0.911676624995901
CM007895.2_114186826_T_C,6,114186826,0.111634042512242,0.157407407407407,54,-0.838496040154155,0.871846148916033
CM007895.2_126388047_C_A,6,126388047,0.549421457041321,0.148148148148148,54,-0.202047635196323,0.96901934033147
CM007895.2_127563483_C_T,6,127563483,0.434711010376696,0.138888888888889,54,0.426839895217086,0.943496853324429
CM007895.2_128004779_C_A,6,128004779,0.519022831852479,0.0648148148148148,54,0.421883417106187,0.966259794103939
CM007895.2_130945612_T_C,6,130945612,0.293763504475678,0.240740740740741,54,-0.316176542477756,0.917683966300506
CM007895.2_131657302_C_A,6,131657302,0.127372473927385,0.12962962962963,54,0.599229620752851,0.902582900360714
CM007895.2_134537205_G_C,6,134537205,0.119746793652948,0.296296296296296,54,-0.376589436947995,0.893433550080572
CM007895.2_135048684_T_A,6,135048684,0.948173754449216,0.296296296296296,54,0.0155953458836251,0.994819956181817
CM007895.2_137240291_T_A,6,137240291,0.224267350908346,0.111111111111111,54,-0.688687896467286,0.911676624995901
CM007895.2_142230439_T_C,6,142230439,0.654017678299895,0.12962962962963,54,-0.152817549731992,0.973469288231965
CM007895.2_144685524_C_G,6,144685524,0.256953127332049,0.240740740740741,54,0.633055196040289,0.911676624995901
CM007895.2_145333073_T_C,6,145333073,0.45723077690205,0.231481481481482,54,-0.329163571512993,0.944458525079235
CM007895.2_145948650_A_G,6,145948650,0.194400234272522,0.25,54,0.958230592425025,0.911676624995901
CM007895.2_147274904_C_T,6,147274904,0.709397748102995,0.425925925925926,54,-0.0941459472424526,0.977489196432233
CM007896.2_12379_A_G,7,12379,0.991843920974428,0.203703703703704,54,0.00601111269162402,0.99903673909735
CM007896.2_1951447_T_A,7,1951447,0.403102113168126,0.0833333333333334,54,0.563622303190641,0.943496853324429
CM007896.2_1957939_G_C,7,1957939,0.83978851712953,0.222222222222222,54,0.0922042380291259,0.993806173961715
CM007896.2_2641846_A_C,7,2641846,0.594737827507581,0.0555555555555556,54,-0.367322919172693,0.973469288231965
CM007896.2_2713005_T_G,7,2713005,0.41373929884537,0.166666666666667,54,-0.427274844357726,0.943496853324429
CM007896.2_2713678_G_A,7,2713678,0.346508747003667,0.5,54,-0.266515947826846,0.917683966300506
CM007896.2_2972991_T_G,7,2972991,0.218361477770365,0.314814814814815,54,0.312264878583235,0.911676624995901
CM007896.2_2973159_G_A,7,2973159,0.121608041169626,0.148148148148148,54,-0.803545672653058,0.898589463554581
CM007896.2_4036849_A_T,7,4036849,0.72729720069309,0.111111111111111,54,0.219288597929108,0.977489196432233
CM007896.2_4060259_C_G,7,4060259,0.502778739389752,0.5,54,-0.180372686496447,0.960519589979734
CM007896.2_8253633_T_C,7,8253633,0.0354500626070876,0.0740740740740741,54,-1.69351858389155,0.719373850648435
CM007896.2_16328880_G_A,7,16328880,0.994269186901018,0.185185185185185,54,-0.00245032179668669,0.99903673909735
CM007896.2_16861500_T_A,7,16861500,0.136031421830136,0.157407407407407,54,0.753368396845701,0.902582900360714
CM007896.2_19613318_T_C,7,19613318,0.580585820146851,0.444444444444444,54,0.128958174440811,0.973469288231965
CM007896.2_51656447_G_T,7,51656447,0.762180267394496,0.138888888888889,54,-0.156074117006483,0.986368539199947
CM007896.2_54805108_A_G,7,54805108,0.686168878920224,0.462962962962963,54,0.102258423241167,0.976843757025068
CM007896.2_55326176_T_G,7,55326176,0.263333132102337,0.0740740740740741,54,-0.488990992442325,0.911676624995901
CM007896.2_57656216_T_C,7,57656216,0.165790246625405,0.240740740740741,54,-0.426633940679665,0.909430860139716
CM007896.2_88980203_T_C,7,88980203,0.160803538188569,0.212962962962963,54,0.787836393454825,0.909430860139716
CM007896.2_89870131_T_C,7,89870131,0.888668700907796,0.259259259259259,54,0.0485315880520147,0.993806173961715
CM007896.2_89947374_T_C,7,89947374,0.0706601578736089,0.425925925925926,54,-0.471592560724616,0.799829149758199
CM007896.2_94481781_C_T,7,94481781,0.938557149315075,0.0555555555555556,54,-0.0583472221558168,0.994819956181817
CM007896.2_94833441_G_A,7,94833441,0.143956942781549,0.231481481481482,54,0.691956077173529,0.909430860139716
CM007896.2_106721418_A_C,7,106721418,0.712647328169146,0.0555555555555556,54,0.291096522402086,0.977489196432233
CM007896.2_112990393_C_T,7,112990393,0.123826234652197,0.0740740740740741,54,-0.694005883692284,0.898589463554581
CM007896.2_113600017_C_T,7,113600017,0.344242395346807,0.25,54,0.666508397799475,0.917683966300506
CM007896.2_114376657_A_G,7,114376657,0.734296945651769,0.481481481481482,54,-0.0826053468743453,0.977489196432233
CM007896.2_114804839_C_T,7,114804839,0.464017989450074,0.25,54,0.360706919008521,0.94943902269397
CM007896.2_120472355_A_C,7,120472355,0.157872892190033,0.25,54,-0.74723442989341,0.909430860139716
CM007896.2_121443760_G_T,7,121443760,0.028664620366594,0.12962962962963,54,-1.19281901470799,0.683635784657048
CM007896.2_122555330_G_A,7,122555330,0.177850206306064,0.407407407407407,54,-0.342512536730396,0.909430860139716
CM007896.2_122943539_T_C,7,122943539,0.491317448080195,0.222222222222222,54,-0.383493817003227,0.953407253526624
CM007896.2_123030353_T_C,7,123030353,0.979317409922229,0.111111111111111,54,0.00975569716769087,0.99903673909735
CM007896.2_123737542_G_A,7,123737542,0.26865561139941,0.5,54,0.276400542572503,0.911676624995901
CM007896.2_123919411_C_T,7,123919411,0.712373184714983,0.111111111111111,54,0.178284021886157,0.977489196432233
CM007896.2_125458822_T_A,7,125458822,0.869965087950026,0.481481481481482,54,0.0393290988465154,0.993806173961715
CM007896.2_128078622_T_G,7,128078622,0.431078737785643,0.5,54,0.234122114153024,0.943496853324429
CM007896.2_128188656_A_G,7,128188656,0.922538611736406,0.203703703703704,54,0.0294672226121406,0.994819956181817
CM007896.2_129407710_A_G,7,129407710,0.137131442194727,0.12962962962963,54,0.505589306515844,0.902582900360714
CM007896.2_129665651_A_G,7,129665651,0.871204412066658,0.194444444444444,54,-0.0855454699502616,0.993806173961715
CM007896.2_129885537_A_T,7,129885537,0.466957425803951,0.101851851851852,54,0.567308980603002,0.951489973470853
CM007896.2_130299838_G_A,7,130299838,0.242217053015559,0.5,54,-0.380383398312233,0.911676624995901
CM007896.2_130856469_G_A,7,130856469,0.812111624966414,0.0925925925925926,54,-0.0906732078650521,0.993806173961715
CM007896.2_131504830_A_G,7,131504830,0.239421250218752,0.5,54,-0.279135997244243,0.911676624995901
CM007896.2_131961463_C_T,7,131961463,0.544821421134599,0.37037037037037,54,-0.160883267637985,0.96901934033147
CM007896.2_132527765_T_A,7,132527765,0.0675957491793676,0.185185185185185,54,-0.585488316854295,0.795712942542995
CM007896.2_132660727_T_C,7,132660727,0.0195274407821641,0.481481481481482,54,-0.55820866970376,0.683381050901559
CM007896.2_132661308_A_G,7,132661308,0.240367105493949,0.388888888888889,54,-0.292026524140553,0.911676624995901
CM007896.2_133036743_T_G,7,133036743,0.728310101966632,0.481481481481482,54,0.0818043622738003,0.977489196432233
CM007896.2_133036826_C_T,7,133036826,0.190358146459865,0.111111111111111,54,0.499763902027382,0.911676624995901
CM007896.2_133573718_A_T,7,133573718,0.556883263307659,0.444444444444444,54,-0.156153682385323,0.96901934033147
CM007896.2_133604117_A_C,7,133604117,0.481611925033236,0.0925925925925926,54,-0.265300846986804,0.951489973470853
CM007896.2_133694575_G_A,7,133694575,0.902878567030659,0.138888888888889,54,-0.0714536658094858,0.994278624231051
CM007896.2_133880274_A_G,7,133880274,0.218155603836088,0.388888888888889,54,0.311529895553008,0.911676624995901
CM007896.2_134124050_T_C,7,134124050,0.276602043194281,0.481481481481482,54,-0.379587766200331,0.916893563687994
CM007896.2_134170958_C_T,7,134170958,0.356454348692874,0.111111111111111,54,-0.319094834799841,0.918599262984078
CM007896.2_134185316_T_A,7,134185316,0.430958668368913,0.240740740740741,54,-0.233010254332299,0.943496853324429
CM007896.2_134185592_G_A,7,134185592,0.303326772505639,0.5,54,-0.254985593911108,0.917683966300506
CM007896.2_134396556_C_T,7,134396556,0.156264192911002,0.203703703703704,54,0.753178741762554,0.909430860139716
CM007896.2_134752352_C_T,7,134752352,0.0408417574263409,0.425925925925926,54,0.506965653116808,0.719373850648435
CM007896.2_134856808_A_G,7,134856808,0.0343417877647894,0.5,54,-0.515851826512801,0.719373850648435
CM007896.2_134878475_G_C,7,134878475,0.0630511554286232,0.185185185185185,54,0.935526509784438,0.788675843919188
CM007896.2_135307917_T_G,7,135307917,0.887153531080401,0.314814814814815,54,0.0349553189607832,0.993806173961715
CM007896.2_136114797_C_T,7,136114797,0.569031151948968,0.203703703703704,54,-0.156126380432795,0.970854688479086
CM007896.2_136480798_C_T,7,136480798,0.294521489573473,0.231481481481482,54,-0.568204150251859,0.917683966300506
CM007896.2_136513277_C_G,7,136513277,0.606825860820096,0.5,54,-0.142188439725999,0.973469288231965
CM007896.2_138126200_G_A,7,138126200,0.318202292278276,0.231481481481482,54,-0.530170161135288,0.917683966300506
CM007896.2_138150510_G_T,7,138150510,0.983694047923748,0.0740740740740741,54,-0.0133945574731342,0.99903673909735
CM007896.2_139087503_T_C,7,139087503,0.312724537508063,0.222222222222222,54,0.31037256663879,0.917683966300506
CM007896.2_139811231_A_G,7,139811231,0.887177209675069,0.5,54,0.0335581139161292,0.993806173961715
CM007896.2_140211433_T_C,7,140211433,0.914740604851019,0.111111111111111,54,0.0684774917410778,0.994819956181817
CM007896.2_140211644_T_G,7,140211644,0.56362520174779,0.25,54,0.293560489921219,0.96901934033147
CM007896.2_140213547_C_T,7,140213547,0.315003027671459,0.111111111111111,54,0.35734492836076,0.917683966300506
CM007896.2_140581529_G_A,7,140581529,0.423840421130453,0.25,54,0.381283569069694,0.943496853324429
CM007896.2_141359023_T_G,7,141359023,0.598571278060981,0.12962962962963,54,0.316124581744702,0.973469288231965
CM007896.2_141558124_A_G,7,141558124,0.617738380998027,0.25,54,-0.260167556089868,0.973469288231965
CM007896.2_142806751_A_C,7,142806751,0.324815437071749,0.5,54,0.232765077726334,0.917683966300506
CM007896.2_142955372_A_G,7,142955372,0.165100391025643,0.185185185185185,54,0.454607055065978,0.909430860139716
CM007896.2_143147224_A_T,7,143147224,0.509541433060678,0.240740740740741,54,0.291173569090176,0.96150645977794
CM007896.2_143472896_G_T,7,143472896,0.371342975868426,0.0555555555555556,54,0.70679307068076,0.93368876797512
CM007896.2_143747909_G_T,7,143747909,0.579400010579182,0.5,54,0.154640066899944,0.973469288231965
CM007896.2_143779285_A_C,7,143779285,0.542932698736345,0.231481481481482,54,0.261644129161652,0.96901934033147
CM007896.2_143779637_T_A,7,143779637,0.119324831805629,0.203703703703704,54,-0.723978598978533,0.893433550080572
CM007896.2_143783551_A_C,7,143783551,0.723737542873973,0.240740740740741,54,-0.164560826147579,0.977489196432233
CM007896.2_144164756_A_C,7,144164756,0.630743983642507,0.5,54,0.119467628560791,0.973469288231965
CM007896.2_144204409_C_A,7,144204409,0.983532684801509,0.5,54,-0.00482866064884035,0.99903673909735
CM007896.2_144529659_A_T,7,144529659,0.350391338804442,0.111111111111111,54,-0.343328874136802,0.917683966300506
CM007896.2_144781304_A_T,7,144781304,0.857851871369637,0.25,54,0.0955105212510716,0.993806173961715
CM007896.2_144883449_A_G,7,144883449,0.53338690070427,0.111111111111111,54,-0.37403082760693,0.968095660323542
CM007896.2_144885547_C_T,7,144885547,0.35509680104587,0.212962962962963,54,0.413111592986354,0.917954201305059
CM007896.2_145142011_G_C,7,145142011,0.906956231541822,0.481481481481482,54,-0.0265665455702901,0.994819956181817
CM007896.2_145216191_C_T,7,145216191,0.738599394605055,0.0555555555555556,54,-0.260357236079244,0.977489196432233
CM007896.2_145227347_G_A,7,145227347,0.0574856128729049,0.5,54,0.463712048060231,0.783488288947278
CM007896.2_145283688_G_C,7,145283688,0.502642204244361,0.25,54,-0.348212597729628,0.960519589979734
CM007896.2_145320179_A_C,7,145320179,0.877774214707402,0.222222222222222,54,-0.0724649697841073,0.993806173961715
CM007896.2_146534633_T_G,7,146534633,0.751113223949051,0.0925925925925926,54,0.217012820393052,0.984815621631164
CM007896.2_146563961_T_C,7,146563961,0.789183132831783,0.388888888888889,54,-0.0805326483796023,0.991171114734368
CM007896.2_146584678_T_C,7,146584678,0.551122584387954,0.12962962962963,54,0.208300672262652,0.96901934033147
CM007896.2_146584723_T_C,7,146584723,0.398266604525809,0.259259259259259,54,-0.40095132848495,0.943496853324429
CM007896.2_147444099_T_C,7,147444099,0.996641552053593,0.37037037037037,54,-0.00100808678789122,0.99903673909735
CM007896.2_147486674_G_T,7,147486674,0.7270186207013,0.185185185185185,54,-0.103285805333513,0.977489196432233
CM007896.2_147510231_T_C,7,147510231,0.573188089435402,0.101851851851852,54,0.322920523843322,0.973454197831334
CM007896.2_147858584_T_C,7,147858584,0.598505419593401,0.277777777777778,54,0.134871198094601,0.973469288231965
CM007896.2_148109315_G_C,7,148109315,0.544746071822914,0.0833333333333334,54,-0.360864483170417,0.96901934033147
CM007896.2_148112354_T_C,7,148112354,0.045082072485366,0.481481481481482,54,-0.468088387631891,0.719373850648435
CM007896.2_148137286_C_T,7,148137286,0.639707345161982,0.25,54,-0.247190354764314,0.973469288231965
CM007896.2_148687295_A_G,7,148687295,0.228643301867862,0.0740740740740741,54,0.791093093074437,0.911676624995901
CM007896.2_148700683_T_G,7,148700683,0.439856548049172,0.481481481481482,54,-0.177665489222065,0.944020193682184
CM007896.2_148700872_A_G,7,148700872,0.335644597596342,0.231481481481482,54,0.446669895611819,0.917683966300506
CM007896.2_149140606_A_C,7,149140606,0.243823958931457,0.314814814814815,54,-0.302228066562776,0.911676624995901
CM007896.2_149294421_T_C,7,149294421,0.0591122133908705,0.259259259259259,54,-0.514871072909514,0.788675843919188
CM007896.2_149389411_G_A,7,149389411,0.967368678788823,0.166666666666667,54,0.0220981998537582,0.99903673909735
CM007896.2_149453126_A_G,7,149453126,0.990946525277164,0.185185185185185,54,-0.00345066779735248,0.99903673909735
CM007897.2_79407_C_G,8,79407,0.944097672455426,0.12037037037037,54,0.041915484377796,0.994819956181817
CM007897.2_82999_G_A,8,82999,0.413465797828464,0.481481481481482,54,-0.295122941453798,0.943496853324429
CM007897.2_214739_T_C,8,214739,0.483766560130946,0.444444444444444,54,-0.161589797571082,0.951489973470853
CM007897.2_214808_T_C,8,214808,0.983901993954024,0.25,54,-0.0110537999585176,0.99903673909735
CM007897.2_226178_A_C,8,226178,0.965595386048478,0.203703703703704,54,-0.0146481871229867,0.99903673909735
CM007897.2_782740_T_A,8,782740,1.03402193988026e-12,0.25,54,3.83279515672693,2.29346066265441e-09
CM007897.2_932466_G_A,8,932466,0.467169893428043,0.25,54,-0.359753192422033,0.951489973470853
CM007897.2_954644_C_T,8,954644,0.429629138251864,0.222222222222222,54,0.450851766016683,0.943496853324429
CM007897.2_1236197_A_G,8,1236197,0.150964229163548,0.0555555555555556,54,1.04848354646992,0.909430860139716
CM007897.2_1759272_A_G,8,1759272,0.685696920564083,0.111111111111111,54,0.144062278355648,0.976798824541514
CM007897.2_2428035_C_T,8,2428035,0.400387189451295,0.259259259259259,54,0.252665608863026,0.943496853324429
CM007897.2_2514879_A_G,8,2514879,0.343910863103233,0.5,54,0.232146296370271,0.917683966300506
CM007897.2_2537429_G_C,8,2537429,0.44205429722621,0.12962962962963,54,0.253985866303026,0.944020193682184
CM007897.2_4845956_T_A,8,4845956,0.0460724871851963,0.166666666666667,54,-0.994897434133691,0.719373850648435
CM007897.2_6114578_G_C,8,6114578,0.857730124326473,0.259259259259259,54,0.0909897370478916,0.993806173961715
CM007897.2_7628646_C_A,8,7628646,0.00640369261761448,0.5,54,-0.7351837044245,0.572244318968361
CM007897.2_10009814_T_A,8,10009814,0.739423169141796,0.462962962962963,54,0.0878002039129768,0.977489196432233
CM007897.2_10790154_G_C,8,10790154,0.4547597635111,0.314814814814815,54,0.184345016432513,0.944458525079235
CM007897.2_11637727_G_A,8,11637727,0.872017251527753,0.0648148148148148,54,0.115674300045839,0.993806173961715
CM007897.2_14821231_T_C,8,14821231,0.335992097239993,0.231481481481482,54,-0.492998870244207,0.917683966300506
CM007897.2_15877758_C_T,8,15877758,0.263971757929784,0.148148148148148,54,0.386587342209566,0.911676624995901
CM007897.2_16558719_A_G,8,16558719,0.615685686091094,0.212962962962963,54,0.214698078711706,0.973469288231965
CM007897.2_18358011_T_C,8,18358011,0.844423282865928,0.12962962962963,54,0.0650376096888863,0.993806173961715
CM007897.2_18508003_G_A,8,18508003,0.0737219103668907,0.259259259259259,54,-0.915682340163016,0.801545084283155
CM007897.2_19932380_T_C,8,19932380,0.4178754648024,0.12037037037037,54,-0.445752617438643,0.943496853324429
CM007897.2_20396500_A_G,8,20396500,0.757860190246168,0.25,54,0.148597577741555,0.986056221327955
CM007897.2_20610553_T_C,8,20610553,0.938750638294255,0.481481481481482,54,0.0181465348909526,0.994819956181817
CM007897.2_21813549_T_G,8,21813549,0.689089390415327,0.111111111111111,54,-0.259536889515459,0.977489196432233
CM007897.2_22103101_T_C,8,22103101,0.48046415542347,0.111111111111111,54,-0.374793020700622,0.951489973470853
CM007897.2_22103774_G_T,8,22103774,0.235189929855275,0.481481481481482,54,-0.275258539453574,0.911676624995901
CM007897.2_22133016_A_C,8,22133016,0.964592993459287,0.231481481481482,54,0.0294690052339774,0.99903673909735
CM007897.2_22161444_T_C,8,22161444,0.702310662250122,0.222222222222222,54,0.209132502164266,0.977489196432233
CM007897.2_22638712_G_C,8,22638712,0.917025981307497,0.12037037037037,54,0.0526626848214846,0.994819956181817
CM007897.2_22680796_A_C,8,22680796,0.280101224222651,0.194444444444444,54,0.533976393534829,0.916893563687994
CM007897.2_22743106_T_C,8,22743106,0.00549799642307179,0.259259259259259,54,-1.25826022690416,0.572244318968361
CM007897.2_23954514_C_T,8,23954514,0.756487851884641,0.481481481481482,54,0.0695237592920819,0.985255464169192
CM007897.2_24586241_G_C,8,24586241,0.317155942689298,0.481481481481482,54,0.233812281205434,0.917683966300506
CM007897.2_25466984_G_T,8,25466984,0.531909511924634,0.351851851851852,54,0.176872817368093,0.968095660323542
CM007897.2_25802207_G_A,8,25802207,0.832977716296702,0.0925925925925926,54,0.0796000681796158,0.993806173961715
CM007897.2_25802245_C_A,8,25802245,0.244304265254507,0.194444444444444,54,0.551103287130331,0.911676624995901
CM007897.2_26417543_C_T,8,26417543,0.00492219171066561,0.5,54,-0.726914479808499,0.572244318968361
CM007897.2_26484198_A_G,8,26484198,0.410778591027154,0.0925925925925926,54,-0.49511209228092,0.943496853324429
CM007897.2_27023821_C_T,8,27023821,0.955235109385035,0.388888888888889,54,-0.014762761623988,0.995803663942688
CM007897.2_30585367_C_T,8,30585367,0.457906276061929,0.12962962962963,54,-0.268840444784473,0.944777786330566
CM007897.2_31127431_G_T,8,31127431,0.0124701140250216,0.5,54,0.661133283626498,0.650839521820978
CM007897.2_31140484_A_G,8,31140484,0.265037409974018,0.5,54,-0.288747614568138,0.911676624995901
CM007897.2_33778549_T_G,8,33778549,0.973249980373619,0.203703703703704,54,-0.0104752794183014,0.99903673909735
CM007897.2_34023361_A_G,8,34023361,0.60393006249496,0.166666666666667,54,0.154269296680695,0.973469288231965
CM007897.2_37917717_A_G,8,37917717,0.863429107417542,0.0740740740740741,54,0.0723761495352164,0.993806173961715
CM007897.2_41723022_A_C,8,41723022,0.120037510335442,0.185185185185185,54,-0.493054001377075,0.893433550080572
CM007897.2_41723090_T_G,8,41723090,0.925350274095899,0.194444444444444,54,-0.0613741475488041,0.994819956181817
CM007897.2_43515115_T_A,8,43515115,0.761097950898869,0.259259259259259,54,-0.146034826272512,0.986368539199947
CM007897.2_43516566_G_T,8,43516566,0.136229724082599,0.0740740740740741,54,1.21794418869217,0.902582900360714
CM007897.2_45255376_T_C,8,45255376,0.801860848344371,0.0555555555555556,54,-0.183585824173861,0.993806173961715
CM007897.2_47377376_A_C,8,47377376,0.330957018131089,0.12037037037037,54,0.513839390707858,0.917683966300506
CM007897.2_47764037_C_T,8,47764037,0.867699234567676,0.259259259259259,54,0.0471788169207343,0.993806173961715
CM007897.2_56920790_T_A,8,56920790,0.35151165529601,0.240740740740741,54,0.261973196818445,0.917683966300506
CM007897.2_57904297_A_G,8,57904297,0.767593369017717,0.481481481481482,54,-0.0683493495973337,0.989108906359136
CM007897.2_64650092_G_A,8,64650092,0.896356880150659,0.111111111111111,54,0.0507414726122306,0.993806173961715
CM007897.2_66792042_A_G,8,66792042,0.348498404169196,0.231481481481482,54,0.500942130557974,0.917683966300506
CM007897.2_68830350_C_T,8,68830350,0.722344154437452,0.222222222222222,54,0.157318533360524,0.977489196432233
CM007897.2_70736735_C_T,8,70736735,0.86129202065877,0.5,54,-0.049013485650633,0.993806173961715
CM007897.2_73208961_C_T,8,73208961,0.855089920371707,0.0925925925925926,54,-0.0717916607593452,0.993806173961715
CM007897.2_73323122_C_T,8,73323122,0.284686111849145,0.481481481481482,54,-0.271159463683176,0.916893563687994
CM007897.2_75920944_A_C,8,75920944,0.723611485080245,0.259259259259259,54,-0.204620653412235,0.977489196432233
CM007897.2_76020000_G_A,8,76020000,0.392626269693156,0.0925925925925926,54,0.342362354083832,0.943035109998434
CM007897.2_80737557_A_G,8,80737557,0.590359526474199,0.462962962962963,54,-0.132066384595419,0.973469288231965
CM007897.2_81326430_T_C,8,81326430,0.424360558819794,0.240740740740741,54,-0.233513930580386,0.943496853324429
CM007897.2_82808539_A_G,8,82808539,0.0411597722578472,0.462962962962963,54,0.63291660870884,0.719373850648435
CM007897.2_84677067_A_G,8,84677067,0.71488635962469,0.0925925925925926,54,-0.245306325736237,0.977489196432233
CM007897.2_85894591_G_T,8,85894591,0.905519756964257,0.148148148148148,54,-0.0405772413742085,0.994278624231051
CM007897.2_90572251_T_C,8,90572251,0.43271854019775,0.259259259259259,54,0.361934539101242,0.943496853324429
CM007897.2_90581922_G_C,8,90581922,0.742333360569196,0.185185185185185,54,-0.0950599230460512,0.978688960231014
CM007897.2_93084177_G_A,8,93084177,0.265806536068333,0.138888888888889,54,-0.610746550417275,0.911676624995901
CM007897.2_94686451_G_C,8,94686451,0.669342917725624,0.0925925925925926,54,0.270951650073926,0.973469288231965
CM007897.2_100366702_A_G,8,100366702,0.662823078218325,0.444444444444444,54,0.149302673060518,0.973469288231965
CM007897.2_100776157_A_G,8,100776157,0.760168228808175,0.222222222222222,54,0.0885988670515303,0.986368539199947
CM007897.2_101276386_A_G,8,101276386,0.674165653910165,0.12037037037037,54,-0.222671038377598,0.973469288231965
CM007897.2_102709137_G_A,8,102709137,0.873041548191365,0.259259259259259,54,-0.0480002401947459,0.993806173961715
CM007897.2_102914849_T_A,8,102914849,0.340972614383595,0.0555555555555556,54,0.477217192979708,0.917683966300506
CM007897.2_103900797_A_T,8,103900797,0.752754179538708,0.5,54,0.0849563166842984,0.984815621631164
CM007897.2_107082379_G_A,8,107082379,0.779131232231768,0.12962962962963,54,-0.0902905280873085,0.990797484715478
CM007897.2_110396518_T_G,8,110396518,0.349270228470863,0.0833333333333334,54,0.603130895924892,0.917683966300506
CM007897.2_117198940_T_G,8,117198940,0.49791534942796,0.0833333333333334,54,0.424535704777441,0.956159446663389
CM007897.2_119692137_A_G,8,119692137,0.155529480382881,0.5,54,0.355547470765273,0.909430860139716
CM007897.2_124135439_A_C,8,124135439,0.641307648006505,0.203703703703704,54,-0.230681607697932,0.973469288231965
CM007897.2_124647688_C_A,8,124647688,0.988658028209021,0.0555555555555556,54,0.0114372968496355,0.99903673909735
CM007897.2_132333790_T_G,8,132333790,0.778658108699436,0.0462962962962963,54,-0.212969792476997,0.990797484715478
CM007897.2_133413874_A_G,8,133413874,0.785735206573506,0.0925925925925926,54,0.166515625648685,0.990797484715478
CM007897.2_136095101_C_T,8,136095101,0.22946450484448,0.203703703703704,54,-0.632864460739256,0.911676624995901
CM007897.2_151765019_G_T,8,151765019,0.0141787531304192,0.0740740740740741,54,1.12032774111105,0.668397124651593
CM007897.2_154765048_A_G,8,154765048,0.0924351491029834,0.0925925925925926,54,-0.64287529315277,0.831349031961661
CM007897.2_163464904_G_A,8,163464904,0.197737617766695,0.166666666666667,54,0.405702893979651,0.911676624995901
CM007897.2_163891020_A_G,8,163891020,0.870041271284243,0.314814814814815,54,0.0456728750433513,0.993806173961715
CM007897.2_164801661_A_G,8,164801661,0.88398348811993,0.259259259259259,54,0.0560815686940259,0.993806173961715
CM007897.2_166018955_C_A,8,166018955,0.70976677616971,0.12962962962963,54,-0.12193342335317,0.977489196432233
CM007898.2_744590_T_A,9,744590,0.0221180001134164,0.203703703703704,54,1.25297457035157,0.683381050901559
CM007898.2_744666_G_T,9,744666,0.685205858819242,0.240740740740741,54,-0.241223292519976,0.976726603381156
CM007898.2_744727_C_T,9,744727,0.917594996656529,0.194444444444444,54,0.0584074482732149,0.994819956181817
CM007898.2_744809_G_C,9,744809,0.638029267270166,0.481481481481482,54,0.168171421175487,0.973469288231965
CM007898.2_759776_T_A,9,759776,0.945775834344704,0.111111111111111,54,0.0257191768486109,0.994819956181817
CM007898.2_2361732_T_C,9,2361732,0.0732929783427021,0.0925925925925926,54,1.12950702413968,0.801545084283155
CM007898.2_3061906_T_C,9,3061906,0.311835568050866,0.175925925925926,54,0.441480033669507,0.917683966300506
CM007898.2_3063900_A_C,9,3063900,0.158536939589234,0.259259259259259,54,-0.738794687013922,0.909430860139716
CM007898.2_4317934_G_A,9,4317934,0.945904383644134,0.0555555555555556,54,-0.0511532318116679,0.994819956181817
CM007898.2_4324327_G_A,9,4324327,0.767919538661151,0.0555555555555556,54,-0.237110513596917,0.989108906359136
CM007898.2_4421766_A_G,9,4421766,0.809643851681394,0.138888888888889,54,0.143832468910546,0.993806173961715
CM007898.2_4588571_G_C,9,4588571,0.262741789181362,0.222222222222222,54,0.609379036815881,0.911676624995901
CM007898.2_5087559_T_C,9,5087559,0.467857168089617,0.111111111111111,54,0.244635059606082,0.951489973470853
CM007898.2_5087580_A_C,9,5087580,0.230888299887759,0.240740740740741,54,0.353671917054498,0.911676624995901
CM007898.2_6062173_G_A,9,6062173,0.675898423749876,0.25,54,0.192052808707842,0.973469288231965
CM007898.2_6144585_A_G,9,6144585,0.882311875341999,0.203703703703704,54,0.0686955125313489,0.993806173961715
CM007898.2_6657708_A_G,9,6657708,0.320641905170304,0.231481481481482,54,-0.440464068228039,0.917683966300506
CM007898.2_6658911_A_T,9,6658911,0.971215465714061,0.231481481481482,54,0.0173318824240027,0.99903673909735
CM007898.2_6858034_A_G,9,6858034,0.78459695132041,0.212962962962963,54,-0.135142838874231,0.990797484715478
CM007898.2_6971229_T_C,9,6971229,0.874209579718831,0.203703703703704,54,-0.0780627876301878,0.993806173961715
CM007898.2_10049376_T_C,9,10049376,0.341977262341668,0.111111111111111,54,-0.55486023398214,0.917683966300506
CM007898.2_12080217_A_G,9,12080217,0.715831100109692,0.12037037037037,54,0.200782743027219,0.977489196432233
CM007898.2_12080277_G_A,9,12080277,0.594889146988817,0.0833333333333334,54,-0.315293081220716,0.973469288231965
CM007898.2_12496752_G_C,9,12496752,0.803829975000445,0.296296296296296,54,-0.0670878746452175,0.993806173961715
CM007898.2_12735670_C_A,9,12735670,0.0991024491209148,0.0555555555555556,54,1.16693647407033,0.837310962271733
CM007898.2_13788704_C_T,9,13788704,0.787993368019348,0.148148148148148,54,0.128862973455512,0.990797484715478
CM007898.2_14398935_T_G,9,14398935,0.0787021369916804,0.25,54,0.865793609736386,0.803614236616884
CM007898.2_14695129_C_T,9,14695129,0.354578520793297,0.203703703703704,54,0.406401543681568,0.917683966300506
CM007898.2_15556778_C_T,9,15556778,0.831454245787923,0.25,54,0.11032234656102,0.993806173961715
CM007898.2_16149253_T_G,9,16149253,0.883315475605414,0.0555555555555556,54,-0.0745727161006471,0.993806173961715
CM007898.2_16152868_C_G,9,16152868,0.72447262633682,0.5,54,0.091643764423722,0.977489196432233
CM007898.2_18621741_A_T,9,18621741,0.356588803169203,0.5,54,-0.207348723629025,0.918599262984078
CM007898.2_18623139_T_C,9,18623139,0.658459860660977,0.111111111111111,54,-0.14751308421711,0.973469288231965
CM007898.2_18829355_A_G,9,18829355,0.370502172498906,0.444444444444444,54,-0.254492435619341,0.93368876797512
CM007898.2_19800391_A_T,9,19800391,0.302472613163635,0.407407407407407,54,0.258872783995642,0.917683966300506
CM007898.2_20248994_C_A,9,20248994,0.230362688806115,0.351851851851852,54,0.299569619623497,0.911676624995901
CM007898.2_27082197_C_T,9,27082197,0.725491088377067,0.222222222222222,54,0.178664149955807,0.977489196432233
CM007898.2_27802564_G_A,9,27802564,0.110781035291539,0.101851851851852,54,0.878427156596331,0.868241470942169
CM007898.2_30503317_C_A,9,30503317,0.44442470598711,0.0555555555555556,54,-0.374080195860529,0.944020193682184
CM007898.2_34608397_A_C,9,34608397,0.442312826201261,0.25,54,-0.379807104065037,0.944020193682184
CM007898.2_40806662_G_T,9,40806662,0.893451874265552,0.481481481481482,54,-0.0355169576126855,0.993806173961715
CM007898.2_48890737_G_T,9,48890737,0.203474977169337,0.333333333333333,54,0.343583519614477,0.911676624995901
CM007898.2_49423168_G_A,9,49423168,0.315180759378475,0.259259259259259,54,0.494755754308386,0.917683966300506
CM007898.2_53514091_C_G,9,53514091,0.649921426576089,0.148148148148148,54,0.148289093809097,0.973469288231965
CM007898.2_53721919_C_G,9,53721919,0.477706363836798,0.259259259259259,54,-0.366990749608135,0.951489973470853
CM007898.2_54583914_C_T,9,54583914,0.340232870356516,0.12962962962963,54,-0.330845007230835,0.917683966300506
CM007898.2_58988655_T_C,9,58988655,0.884718423560999,0.138888888888889,54,0.0818667871085381,0.993806173961715
CM007898.2_59049387_G_T,9,59049387,0.690178964217225,0.240740740740741,54,0.106619672444424,0.977489196432233
CM007898.2_59103329_T_C,9,59103329,0.335147108445517,0.481481481481482,54,0.257663129086147,0.917683966300506
CM007898.2_60659374_G_A,9,60659374,0.730943291082893,0.0740740740740741,54,-0.174634721421285,0.977489196432233
CM007898.2_71447901_T_G,9,71447901,0.924615830422117,0.5,54,0.025068974197076,0.994819956181817
CM007898.2_73551832_G_A,9,73551832,0.241909807336005,0.388888888888889,54,-0.285331761220892,0.911676624995901
CM007898.2_73749744_C_T,9,73749744,0.508958039488247,0.111111111111111,54,-0.228986411403298,0.96150645977794
CM007898.2_74052947_C_G,9,74052947,0.403974021410073,0.222222222222222,54,0.232420517510505,0.943496853324429
CM007898.2_75464068_G_C,9,75464068,0.265124515243499,0.0833333333333334,54,-0.704306670881692,0.911676624995901
CM007898.2_76987699_A_G,9,76987699,0.671024780368118,0.37037037037037,54,-0.114660034249512,0.973469288231965
CM007898.2_81012528_T_C,9,81012528,0.292131241752009,0.185185185185185,54,-0.362198586086834,0.917683966300506
CM007898.2_81137171_A_G,9,81137171,0.890529317162753,0.166666666666667,54,-0.0422115809624586,0.993806173961715
CM007898.2_81722519_C_T,9,81722519,0.902789299263401,0.0740740740740741,54,-0.0538464583109999,0.994278624231051
CM007898.2_83123883_G_T,9,83123883,0.985663289245486,0.222222222222222,54,-0.00558583912491883,0.99903673909735
CM007898.2_86944907_T_A,9,86944907,0.98907425222576,0.222222222222222,54,0.0040600167872924,0.99903673909735
CM007898.2_87492888_T_C,9,87492888,0.929996320698436,0.5,54,-0.023815094882508,0.994819956181817
CM007898.2_87660789_T_A,9,87660789,0.255404972918271,0.148148148148148,54,0.37329044218211,0.911676624995901
CM007898.2_89713362_G_C,9,89713362,0.18533921169152,0.138888888888889,54,0.639935623382939,0.911676624995901
CM007898.2_90512008_G_C,9,90512008,0.678664955722256,0.462962962962963,54,0.107807568492895,0.975553384181442
CM007898.2_91130986_G_A,9,91130986,0.11741720446452,0.0740740740740741,54,0.968080637415596,0.893433550080572
CM007898.2_91657679_A_G,9,91657679,0.557896629493521,0.166666666666667,54,-0.189713522555849,0.96901934033147
CM007898.2_91675669_C_T,9,91675669,0.969011794049958,0.157407407407407,54,0.0189672877528437,0.99903673909735
CM007898.2_93234939_G_A,9,93234939,0.572947053956734,0.194444444444444,54,0.271170850446481,0.973454197831334
CM007898.2_94432420_C_G,9,94432420,0.074600164362027,0.111111111111111,54,-0.655478997278635,0.803614236616884
CM007898.2_95554975_A_G,9,95554975,0.870127620742486,0.111111111111111,54,0.064655403901213,0.993806173961715
CM007898.2_96592956_G_T,9,96592956,0.487857497045624,0.12037037037037,54,0.378356487971928,0.953199166560154
CM007898.2_97106155_T_C,9,97106155,0.639127776943342,0.259259259259259,54,0.134269533749205,0.973469288231965
CM007898.2_99874877_T_A,9,99874877,0.647550344825301,0.175925925925926,54,-0.237336091716088,0.973469288231965
CM007898.2_101486412_T_C,9,101486412,0.372849352270921,0.157407407407407,54,-0.443329345364873,0.93368876797512
CM007898.2_105241316_T_C,9,105241316,0.988885623289078,0.5,54,-0.00373312685633209,0.99903673909735
CM007898.2_107658575_C_G,9,107658575,0.666511537216414,0.259259259259259,54,0.23426786148076,0.973469288231965
CM007898.2_108951994_A_T,9,108951994,0.288158718986618,0.138888888888889,54,-0.642769350734511,0.917683966300506
CM007898.2_112730393_A_G,9,112730393,0.23251268497557,0.12962962962963,54,0.621674670521202,0.911676624995901
CM007898.2_113477523_G_A,9,113477523,0.401220030069382,0.5,54,-0.252877361242923,0.943496853324429
CM007898.2_113934373_A_G,9,113934373,0.214111565375203,0.111111111111111,54,0.738217200309919,0.911676624995901
CM007898.2_116955867_A_G,9,116955867,0.00941392523919719,0.203703703703704,54,-1.37764006902387,0.609067296156694
CM007898.2_117508143_T_G,9,117508143,0.94079718289517,0.259259259259259,54,-0.0431863485692929,0.994819956181817
CM007898.2_120059788_T_C,9,120059788,0.979968728452115,0.0555555555555556,54,0.0196349521977481,0.99903673909735
CM007898.2_120059879_G_A,9,120059879,0.923169723003147,0.25,54,-0.0498881537081957,0.994819956181817
CM007898.2_120536267_T_C,9,120536267,0.325096884578674,0.25,54,0.445709087607554,0.917683966300506
CM007898.2_120721176_T_G,9,120721176,0.39592082714638,0.0740740740740741,54,0.685838196720624,0.943298893050119
CM007898.2_122126672_T_C,9,122126672,0.411303613923381,0.25,54,-0.416551495467957,0.943496853324429
CM007898.2_123696017_T_C,9,123696017,0.497884258571809,0.0740740740740741,54,-0.449783960298191,0.956159446663389
CM007898.2_123696287_A_T,9,123696287,0.562461420308946,0.5,54,0.131599091825635,0.96901934033147
CM007898.2_124153017_G_T,9,124153017,0.466668773247408,0.0740740740740741,54,0.517232022536973,0.951489973470853
CM007898.2_124832159_T_C,9,124832159,0.303356023390963,0.259259259259259,54,-0.557004900780953,0.917683966300506
CM007898.2_125589684_T_G,9,125589684,0.0631055476132336,0.0648148148148148,54,1.23139164648774,0.788675843919188
CM007898.2_127550252_G_A,9,127550252,0.440523783607527,0.0925925925925926,54,0.289351326254177,0.944020193682184
CM007898.2_128312720_T_C,9,128312720,0.600446860233319,0.212962962962963,54,0.248879940906818,0.973469288231965
CM007898.2_130250612_G_T,9,130250612,0.563495806130374,0.25,54,0.280620624824053,0.96901934033147
CM007898.2_130313252_G_A,9,130313252,0.269671683360703,0.481481481481482,54,-0.278214696258829,0.91178627087506
CM007898.2_130625727_A_T,9,130625727,0.385458752333632,0.175925925925926,54,0.450230861027649,0.941031437898507
CM007898.2_131198592_C_T,9,131198592,0.37538283298979,0.425925925925926,54,-0.212560632031469,0.93368876797512
CM007898.2_131995200_A_G,9,131995200,0.99002408590799,0.12037037037037,54,-0.00699171331552861,0.99903673909735
CM007898.2_132413731_C_T,9,132413731,0.967308514899726,0.0648148148148148,54,0.0263446330877741,0.99903673909735
CM007898.2_132591767_T_C,9,132591767,0.435587479125921,0.203703703703704,54,0.410579006252078,0.943496853324429
CM007898.2_133964787_T_C,9,133964787,0.692192216335692,0.12962962962963,54,-0.225734990029878,0.977489196432233
CM007898.2_135656040_A_G,9,135656040,0.0962535993573972,0.231481481481482,54,0.776631176781564,0.832488834355325
CM007898.2_137164691_A_G,9,137164691,0.0347152893924622,0.166666666666667,54,-0.684738956513115,0.719373850648435
CM007898.2_137165958_C_A,9,137165958,0.350562350485647,0.481481481481482,54,0.225607989723898,0.917683966300506
CM007898.2_137370607_T_G,9,137370607,0.352766880886302,0.231481481481482,54,-0.475629225079956,0.917683966300506
CM007898.2_138187680_G_T,9,138187680,0.242197663128805,0.111111111111111,54,0.43618985730717,0.911676624995901
CM007898.2_141891894_C_T,9,141891894,0.10764350657857,0.203703703703704,54,0.539096726767838,0.858824811479382
CM007898.2_143699192_A_T,9,143699192,0.928477987758297,0.101851851851852,54,0.0541750180233294,0.994819956181817
CM007898.2_143834397_A_G,9,143834397,0.138273424923152,0.148148148148148,54,-0.526639335028676,0.902582900360714
CM007898.2_144686379_T_A,9,144686379,0.251839856811399,0.296296296296296,54,0.30968029335429,0.911676624995901
CM007898.2_152996619_G_T,9,152996619,0.00982755369919366,0.314814814814815,54,1.05045888119901,0.609067296156694
CM007898.2_153039647_C_A,9,153039647,0.153043761641335,0.0555555555555556,54,0.671316683026248,0.909430860139716
CM007898.2_154859305_A_G,9,154859305,0.754818104947241,0.166666666666667,54,-0.172081443096147,0.984815621631164
CM007898.2_155839603_A_G,9,155839603,0.0374772126899918,0.12037037037037,54,-1.11729467885016,0.719373850648435
CM007898.2_157834470_G_C,9,157834470,0.010745914620764,0.12037037037037,54,-1.35369945703962,0.625160307967842
CM007898.2_158426102_A_G,9,158426102,0.896319415838062,0.166666666666667,54,0.0747418407519262,0.993806173961715
CM007898.2_158959902_A_G,9,158959902,0.0333533080717204,0.12962962962963,54,1.18403263562641,0.719373850648435
CM007898.2_159560682_C_A,9,159560682,0.851658536415045,0.111111111111111,54,0.0662975773172434,0.993806173961715
CM007898.2_160525968_G_A,9,160525968,0.942822617812285,0.259259259259259,54,-0.0380633728341877,0.994819956181817
CM007898.2_162862399_T_C,9,162862399,0.196456520011725,0.481481481481482,54,-0.317130259562678,0.911676624995901
CM007898.2_166352507_T_C,9,166352507,0.108815002527639,0.0925925925925926,54,-0.961815148705796,0.861161446544883
CM007898.2_167850258_G_A,9,167850258,0.326656720451959,0.12037037037037,54,0.592000150942681,0.917683966300506
CM007898.2_168944686_C_A,9,168944686,0.346732232624406,0.12962962962963,54,0.364241569649778,0.917683966300506
CM007898.2_168946071_C_T,9,168946071,0.825976041289344,0.5,54,-0.0568170008778068,0.993806173961715
CM007898.2_170351254_C_T,9,170351254,0.869794726088235,0.111111111111111,54,0.099475494043304,0.993806173961715
CM007898.2_170652378_T_C,9,170652378,0.128157697046681,0.259259259259259,54,0.675119187784958,0.902582900360714
CM007898.2_170848680_G_C,9,170848680,0.0829700902548541,0.0648148148148148,54,1.1527031199571,0.803614236616884
CM007898.2_171213298_T_A,9,171213298,0.719309316169699,0.0740740740740741,54,-0.223812774535759,0.977489196432233
CM007898.2_172893280_A_G,9,172893280,0.791117334722983,0.138888888888889,54,0.152655935977236,0.992142544269423
CM007898.2_173197740_C_G,9,173197740,0.727490842863324,0.0555555555555556,54,-0.298843442957377,0.977489196432233
CM007898.2_174032349_T_C,9,174032349,0.403073297986198,0.259259259259259,54,-0.406859979599119,0.943496853324429
CM007898.2_174288088_G_C,9,174288088,0.838415053004551,0.185185185185185,54,-0.092999897866207,0.993806173961715
CM007898.2_175050327_G_C,9,175050327,0.311802954354617,0.0740740740740741,54,0.635336814019411,0.917683966300506
CM007898.2_175507166_G_A,9,175507166,0.92704502326452,0.0555555555555556,54,0.0645681940450231,0.994819956181817
CM007898.2_175507244_T_C,9,175507244,0.171049774858078,0.259259259259259,54,0.713952461212557,0.909430860139716
CM007898.2_175507521_A_C,9,175507521,0.509798574979644,0.0740740740740741,54,0.478959344799478,0.96150645977794
CM007898.2_176109099_G_A,9,176109099,0.00988567297639359,0.25,54,-1.15112350539823,0.609067296156694
CM007898.2_176600611_C_A,9,176600611,0.237940593799458,0.5,54,-0.293855946594761,0.911676624995901
CM007898.2_177200155_G_A,9,177200155,0.327397663824229,0.111111111111111,54,-0.557324036985506,0.917683966300506
CM007898.2_177270479_C_G,9,177270479,0.920235500087708,0.12962962962963,54,0.0344629372308418,0.994819956181817
CM007898.2_177270560_G_T,9,177270560,0.373797140014123,0.111111111111111,54,0.525213047109446,0.93368876797512
CM007898.2_178141342_C_T,9,178141342,0.700663520715706,0.259259259259259,54,0.181152154585902,0.977489196432233
CM007898.2_178553600_G_A,9,178553600,0.518327465543585,0.296296296296296,54,-0.172883659586631,0.966259794103939
CM007898.2_178576395_C_T,9,178576395,0.525682934193654,0.231481481481482,54,-0.287186736403157,0.968095660323542
CM007898.2_178778953_A_T,9,178778953,0.501606886243126,0.25,54,0.305306455658638,0.960519589979734
CM007898.2_178854286_A_G,9,178854286,0.122627871027401,0.5,54,-0.374479649071532,0.898589463554581
CM007898.2_179414890_T_A,9,179414890,0.936659644652359,0.481481481481482,54,0.0217536623475496,0.994819956181817
CM007898.2_179528484_G_A,9,179528484,0.775591632304211,0.25,54,-0.143130158900988,0.990797484715478
CM007898.2_179918989_T_G,9,179918989,0.650851851611766,0.444444444444444,54,-0.101269196334655,0.973469288231965
CM007898.2_179929986_G_A,9,179929986,0.544974845579581,0.37037037037037,54,-0.14824391114098,0.96901934033147
CM007898.2_180364381_T_C,9,180364381,0.370409290025566,0.481481481481482,54,0.216520726334085,0.93368876797512
CM007898.2_180373332_A_T,9,180373332,0.310823328389177,0.222222222222222,54,0.523690652718699,0.917683966300506
CM007898.2_180373514_G_A,9,180373514,0.868821833714583,0.25,54,0.0774149969610107,0.993806173961715
CM007898.2_180401993_C_G,9,180401993,0.170377305583115,0.259259259259259,54,0.370399551381993,0.909430860139716
CM007898.2_180531384_G_A,9,180531384,0.832011355014243,0.481481481481482,54,0.0509663953041155,0.993806173961715
CM007898.2_180539578_G_A,9,180539578,0.857089714110133,0.0833333333333334,54,-0.111475845744849,0.993806173961715
CM007898.2_180618689_T_C,9,180618689,0.176269959264366,0.0740740740740741,54,0.932740210491147,0.909430860139716
CM007898.2_180742942_A_T,9,180742942,0.0153689149491575,0.148148148148148,54,0.941568621522094,0.668397124651593
CM007898.2_181162346_G_A,9,181162346,0.664223067869722,0.5,54,-0.0940896083604486,0.973469288231965
CM007898.2_181198294_T_C,9,181198294,0.359177663363069,0.481481481481482,54,0.237342913638429,0.920989661663917
CM007898.2_181380370_C_G,9,181380370,0.559094773174873,0.5,54,-0.158023903553143,0.96901934033147
CM007898.2_182424021_G_T,9,182424021,0.411772332017441,0.481481481481482,54,-0.208080945883992,0.943496853324429
CM007898.2_183425906_A_G,9,183425906,0.502219556038912,0.12962962962963,54,0.338196799732486,0.960519589979734
CM007898.2_183433702_C_G,9,183433702,0.990056611419276,0.111111111111111,54,0.00471357133983474,0.99903673909735
CM007898.2_183577982_C_T,9,183577982,0.393972167680474,0.194444444444444,54,0.427234205478385,0.943035109998434
CM007898.2_184404126_C_T,9,184404126,0.395427265282848,0.5,54,0.214289332704091,0.943298893050119
CM007898.2_184453365_T_G,9,184453365,0.284824015050058,0.0555555555555556,54,0.874652901777949,0.916893563687994
CM007898.2_185275693_C_A,9,185275693,0.0283458325892441,0.166666666666667,54,0.793493198425466,0.683381050901559
CM007898.2_186091131_G_T,9,186091131,0.453487160257406,0.0833333333333334,54,0.57417920647481,0.944020193682184
CM007898.2_186122829_G_T,9,186122829,0.225305348047199,0.111111111111111,54,0.743852186435561,0.911676624995901
CM007898.2_186690646_T_C,9,186690646,0.544502698207437,0.0555555555555556,54,0.303471786058253,0.96901934033147
CM007898.2_187400816_G_A,9,187400816,0.0736673901852226,0.166666666666667,54,0.563355627209461,0.801545084283155
CM007898.2_187732956_G_C,9,187732956,0.734165177724741,0.222222222222222,54,-0.152750493704673,0.977489196432233
CM007898.2_188059223_T_C,9,188059223,0.525361843257633,0.138888888888889,54,0.346647794035903,0.968095660323542
CM007898.2_188448633_A_G,9,188448633,0.0846090148640982,0.185185185185185,54,0.693392142345921,0.80383030665737
CM007898.2_188623181_T_A,9,188623181,0.128495864399925,0.185185185185185,54,-0.471528437138772,0.902582900360714
CM007898.2_188702564_C_T,9,188702564,0.87423618147091,0.5,54,-0.0409410532239463,0.993806173961715
CM007898.2_188702878_C_A,9,188702878,0.952406339846584,0.0833333333333334,54,-0.0398065961803695,0.995803663942688
CM007898.2_188707196_C_A,9,188707196,0.622023050471856,0.259259259259259,54,-0.232112381567333,0.973469288231965
CM007898.2_189105321_A_G,9,189105321,0.178764495123837,0.351851851851852,54,0.352895352046886,0.909430860139716
CM007898.2_189185795_T_A,9,189185795,0.43477829712732,0.259259259259259,54,0.3729473763089,0.943496853324429
CM007898.2_189191233_C_T,9,189191233,0.591868687126505,0.444444444444444,54,-0.153543786535664,0.973469288231965
CM007898.2_189296262_C_T,9,189296262,0.474633227088545,0.0648148148148148,54,0.499884318288196,0.951489973470853
CM007898.2_189391474_C_T,9,189391474,0.025580469501913,0.212962962962963,54,-1.01650686585623,0.683381050901559
CM007898.2_189429536_A_G,9,189429536,0.942981333902699,0.148148148148148,54,0.024765853642279,0.994819956181817
CM007898.2_189547401_T_C,9,189547401,0.258482089686628,0.101851851851852,54,-0.614784257181668,0.911676624995901
CM007899.2_899131_C_G,10,899131,0.567081651826081,0.0740740740740741,54,0.263405570426812,0.96901934033147
CM007899.2_1003272_T_A,10,1003272,0.0724086393270117,0.25,54,-1.02385664471751,0.801545084283155
CM007899.2_1492395_G_T,10,1492395,0.375833984613472,0.0648148148148148,54,0.666278653432073,0.93368876797512
CM007899.2_4118996_C_T,10,4118996,0.0674977592850636,0.5,54,0.488059804919011,0.795712942542995
CM007899.2_4154756_T_G,10,4154756,0.00485529912066205,0.185185185185185,54,0.820902988642047,0.572244318968361
CM007899.2_7006689_T_G,10,7006689,0.625028130879589,0.231481481481482,54,-0.244227606729964,0.973469288231965
CM007899.2_7526391_G_A,10,7526391,0.42638403111719,0.462962962962963,54,-0.175693385871355,0.943496853324429
CM007899.2_7666766_T_C,10,7666766,0.883443121932231,0.462962962962963,54,0.0347493700175932,0.993806173961715
CM007899.2_8057600_A_T,10,8057600,0.649310146048652,0.148148148148148,54,-0.262049892929269,0.973469288231965
CM007899.2_8332240_T_A,10,8332240,0.426299011942777,0.444444444444444,54,0.18065075033104,0.943496853324429
CM007899.2_8919530_C_A,10,8919530,0.103436971894705,0.314814814814815,54,-0.427843735400273,0.837310962271733
CM007899.2_9959415_A_T,10,9959415,0.868918777468221,0.296296296296296,54,-0.044371396866282,0.993806173961715
CM007899.2_10058920_C_T,10,10058920,0.893390973868246,0.462962962962963,54,-0.0349679512829653,0.993806173961715
CM007899.2_10135295_G_A,10,10135295,0.515597973416909,0.388888888888889,54,0.157318247336377,0.964246462933141
CM007899.2_10195097_G_A,10,10195097,0.874650180916708,0.25,54,0.0774116099667594,0.993806173961715
CM007899.2_12281464_T_A,10,12281464,0.198305992129159,0.0925925925925926,54,0.512664907495548,0.911676624995901
CM007899.2_15598627_G_A,10,15598627,0.0144687952043319,0.111111111111111,54,-0.980353305189567,0.668397124651593
CM007899.2_15619454_C_T,10,15619454,0.0270833487403389,0.203703703703704,54,0.605215882198053,0.683381050901559
CM007899.2_15630714_C_T,10,15630714,0.22620364655303,0.296296296296296,54,0.299788159712179,0.911676624995901
CM007899.2_15949022_G_A,10,15949022,0.738705609874067,0.148148148148148,54,0.103351860500652,0.977489196432233
CM007899.2_19099166_C_T,10,19099166,0.778379475187868,0.212962962962963,54,0.139686801274422,0.990797484715478
CM007899.2_19805143_T_G,10,19805143,0.997910478121556,0.25,54,0.00127706343897671,0.99903673909735
CM007899.2_20837838_T_C,10,20837838,0.0730900782285455,0.5,54,0.466547960577067,0.801545084283155
CM007899.2_21307363_T_A,10,21307363,0.74306231245673,0.0925925925925926,54,-0.124334216554587,0.978688960231014
CM007899.2_28821175_C_T,10,28821175,0.563546634347624,0.5,54,-0.155240739771727,0.96901934033147
CM007899.2_29284329_T_C,10,29284329,0.175561501238605,0.481481481481482,54,-0.295444762876549,0.909430860139716
CM007899.2_29306464_T_C,10,29306464,0.441169706036016,0.5,54,0.200380588699772,0.944020193682184
CM007899.2_30101296_A_G,10,30101296,0.0856354902972571,0.5,54,-0.400830347188521,0.804828463895408
CM007899.2_30147124_A_C,10,30147124,0.248454715658291,0.111111111111111,54,-0.411134380074941,0.911676624995901
CM007899.2_30904825_A_G,10,30904825,0.653163240076441,0.0925925925925926,54,0.262473711034772,0.973469288231965
CM007899.2_30989245_G_A,10,30989245,0.265928203484373,0.25,54,0.681653471815821,0.911676624995901
CM007899.2_31048723_C_A,10,31048723,0.0397629126051592,0.5,54,0.515054537586977,0.719373850648435
CM007899.2_31249610_A_G,10,31249610,0.8778069099162,0.314814814814815,54,0.0384129284869914,0.993806173961715
CM007899.2_31632019_T_C,10,31632019,0.3917299660032,0.5,54,-0.236078930958271,0.943035109998434
CM007899.2_32816027_T_G,10,32816027,0.730550389256924,0.0925925925925926,54,-0.132306456787944,0.977489196432233
CM007899.2_33708119_T_C,10,33708119,0.719957358551498,0.166666666666667,54,0.113827760531677,0.977489196432233
CM007899.2_34984308_C_T,10,34984308,0.35598676197072,0.148148148148148,54,-0.317448059539345,0.918599262984078
CM007899.2_37564852_A_G,10,37564852,0.909424058081046,0.259259259259259,54,-0.066857997979298,0.994819956181817
CM007899.2_43538549_G_C,10,43538549,0.38487542001492,0.148148148148148,54,-0.47843257937518,0.941031437898507
CM007899.2_43547133_A_G,10,43547133,0.554021569910099,0.231481481481482,54,-0.28992746800435,0.96901934033147
CM007899.2_45397390_T_C,10,45397390,0.160943792007702,0.314814814814815,54,-0.388167625567007,0.909430860139716
CM007899.2_53576318_A_G,10,53576318,0.130769437921402,0.388888888888889,54,0.375277379113095,0.902582900360714
CM007899.2_56274048_A_G,10,56274048,0.283236600335697,0.148148148148148,54,-0.343446386173412,0.916893563687994
CM007899.2_65527514_A_G,10,65527514,0.957432955660942,0.148148148148148,54,0.0167528274898814,0.99607092257975
CM007899.2_67198455_A_T,10,67198455,0.771836463261798,0.111111111111111,54,0.130803474538652,0.990797484715478
CM007899.2_68224235_T_A,10,68224235,0.408153981817625,0.111111111111111,54,-0.305428790686733,0.943496853324429
CM007899.2_70392690_T_A,10,70392690,0.420566208470011,0.101851851851852,54,0.466428423650541,0.943496853324429
CM007899.2_75637228_T_A,10,75637228,0.24202694922902,0.0555555555555556,54,1.03153815287237,0.911676624995901
CM007899.2_77616851_C_T,10,77616851,0.586422114320137,0.0462962962962963,54,0.481000508849093,0.973469288231965
CM007899.2_83767243_G_T,10,83767243,0.00248277220597986,0.0740740740740741,54,-1.24184049006465,0.564384872081481
CM007899.2_87020045_G_T,10,87020045,0.699536492816072,0.0833333333333334,54,-0.249333741152213,0.977489196432233
CM007899.2_90254629_A_G,10,90254629,0.469551730784001,0.0925925925925926,54,-0.294075551278581,0.951489973470853
CM007899.2_100341188_T_A,10,100341188,0.885027694068697,0.37037037037037,54,-0.0378623553291533,0.993806173961715
CM007899.2_100341458_A_G,10,100341458,0.409210194363829,0.0740740740740741,54,-0.637607916168236,0.943496853324429
CM007899.2_105790206_T_C,10,105790206,0.406940808918283,0.296296296296296,54,-0.212890439167325,0.943496853324429
CM007899.2_106062636_T_C,10,106062636,0.718715097715614,0.12962962962963,54,-0.125271815689104,0.977489196432233
CM007899.2_108262021_C_T,10,108262021,0.133065010057256,0.481481481481482,54,0.350300242277982,0.902582900360714
CM007899.2_108723897_T_G,10,108723897,0.82922662891192,0.0833333333333334,54,-0.13391214911087,0.993806173961715
CM007899.2_108945223_G_A,10,108945223,0.949137164918959,0.259259259259259,54,-0.0353574438508986,0.995359920468204
CM007899.2_110654780_G_A,10,110654780,0.458393445279075,0.333333333333333,54,-0.202282784062689,0.944903960621736
CM007899.2_110707316_G_T,10,110707316,0.60525208339459,0.25,54,-0.300178881691181,0.973469288231965
CM007899.2_110727270_A_G,10,110727270,0.560042709358411,0.425925925925926,54,0.138591795770374,0.96901934033147
CM007899.2_111198124_C_T,10,111198124,0.710678648732316,0.388888888888889,54,-0.104411866251937,0.977489196432233
CM007899.2_111590723_A_C,10,111590723,0.257608686620026,0.240740740740741,54,0.308744701842279,0.911676624995901
CM007899.2_111689208_C_A,10,111689208,0.94392466725906,0.425925925925926,54,0.0239915694751289,0.994819956181817
CM007899.2_111804741_A_C,10,111804741,0.197524759531045,0.0740740740740741,54,-0.562322012847574,0.911676624995901
CM007899.2_111988496_C_T,10,111988496,0.145511094600902,0.12962962962963,54,0.525148084456035,0.909430860139716
CM007899.2_114197470_G_A,10,114197470,0.283876531208367,0.5,54,0.267269202369402,0.916893563687994
CM007899.2_114398414_A_G,10,114398414,0.817184610590715,0.12962962962963,54,-0.0815516203895754,0.993806173961715
CM007899.2_115575927_G_A,10,115575927,0.828915886859644,0.0925925925925926,54,0.0805757676841949,0.993806173961715
CM007899.2_118211215_A_G,10,118211215,0.650657606629097,0.0740740740740741,54,0.208564040227429,0.973469288231965
CM007899.2_118965971_T_A,10,118965971,0.609168153586099,0.12962962962963,54,-0.267632924472537,0.973469288231965
CM007899.2_122384085_T_G,10,122384085,0.219327523105531,0.444444444444444,54,-0.298133910278388,0.911676624995901
CM007899.2_125718306_G_T,10,125718306,0.223125533824839,0.5,54,0.32671883805331,0.911676624995901
CM007899.2_126575917_G_A,10,126575917,0.302693673719527,0.12962962962963,54,0.339978606489979,0.917683966300506
CM007899.2_128748415_G_A,10,128748415,0.778008062610185,0.0648148148148148,54,0.189284691093462,0.990797484715478
CM007899.2_129301887_A_G,10,129301887,0.418692958427917,0.0462962962962963,54,-0.689637144837207,0.943496853324429
CM007899.2_138417563_A_T,10,138417563,0.946554112606519,0.5,54,0.0176956896681553,0.994819956181817
CM007899.2_138695479_G_A,10,138695479,0.760968965701231,0.0648148148148148,54,-0.205797096477454,0.986368539199947
CM007899.2_138794243_T_C,10,138794243,0.199890397403576,0.148148148148148,54,-0.397776146760663,0.911676624995901
CM007899.2_139011570_A_G,10,139011570,0.223112461255386,0.12962962962963,54,-0.678465282510388,0.911676624995901
CM007899.2_139778364_T_A,10,139778364,0.78381235952723,0.25,54,-0.131664485826036,0.990797484715478
CM007899.2_141508178_C_T,10,141508178,0.178450371692328,0.12962962962963,54,0.469707968818142,0.909430860139716
CM007899.2_143116879_G_C,10,143116879,0.723656648678019,0.5,54,0.1202195147346,0.977489196432233
CM007899.2_143284052_A_T,10,143284052,0.55863313598908,0.333333333333333,54,0.159246644113523,0.96901934033147
CM007899.2_144209009_C_T,10,144209009,0.66019175767768,0.148148148148148,54,0.143999750713533,0.973469288231965
CM007899.2_144513672_A_G,10,144513672,0.156607256781509,0.25,54,-0.665392774491011,0.909430860139716
CM007899.2_144669674_C_T,10,144669674,0.697229224986579,0.111111111111111,54,0.225406519411649,0.977489196432233
CM007899.2_145438156_T_A,10,145438156,0.0396408306461399,0.12962962962963,54,0.700501238039806,0.719373850648435
CM007899.2_145553951_C_T,10,145553951,0.679431629332097,0.12037037037037,54,-0.238756367308838,0.975799232177259
CM007899.2_145597243_T_A,10,145597243,0.60659102642055,0.240740740740741,54,0.1727828314215,0.973469288231965
CM007899.2_149735623_G_A,10,149735623,0.584225259779587,0.12962962962963,54,0.197942558790118,0.973469288231965
CM007899.2_150494025_C_A,10,150494025,0.340628205696508,0.101851851851852,54,0.601336217686935,0.917683966300506
CM007899.2_150519815_G_A,10,150519815,0.542790027288661,0.111111111111111,54,-0.22385731548178,0.96901934033147
CM007899.2_150604439_A_G,10,150604439,0.0864912110799888,0.0648148148148148,54,1.22906909371682,0.809440954326646
CM007899.2_157818903_C_T,10,157818903,0.0331269807837178,0.12037037037037,54,-1.24615024524087,0.719373850648435
CM007899.2_161281160_T_C,10,161281160,0.792193167674098,0.25,54,0.139734315690987,0.992142544269423
CM007899.2_161774558_G_A,10,161774558,0.828714124000193,0.0925925925925926,54,-0.0878237106496726,0.993806173961715
CM007899.2_162598441_C_T,10,162598441,0.918937615956567,0.240740740740741,54,-0.0277248675083683,0.994819956181817
CM007899.2_162630084_C_T,10,162630084,0.0272797689949045,0.0925925925925926,54,0.895512998656386,0.683381050901559
CM007899.2_163505054_A_T,10,163505054,0.344539083372944,0.148148148148148,54,-0.308283063181818,0.917683966300506
CM007899.2_164809595_G_C,10,164809595,0.915353085872963,0.231481481481482,54,0.0572817882947447,0.994819956181817
CM007899.2_165202800_G_C,10,165202800,0.0811819111404952,0.5,54,-0.556496929071159,0.803614236616884
CM007899.2_165321025_G_A,10,165321025,0.00881972611679923,0.0925925925925926,54,-1.57349090118601,0.608597178441981
CM007899.2_165321267_G_T,10,165321267,0.336302213226949,0.166666666666667,54,-0.29832899044851,0.917683966300506
CM007899.2_165562347_G_T,10,165562347,0.693193982500852,0.111111111111111,54,0.150415199001031,0.977489196432233
CM007899.2_166291062_G_A,10,166291062,0.899923248755163,0.240740740740741,54,0.0367952658600359,0.994038727957645
CM007899.2_166329769_T_C,10,166329769,0.304250792313026,0.222222222222222,54,0.290206108204615,0.917683966300506
CM007899.2_166901591_A_T,10,166901591,0.483684233633626,0.425925925925926,54,-0.163048567742408,0.951489973470853
CM007899.2_166930465_T_C,10,166930465,0.982670448239403,0.166666666666667,54,-0.0111886961711889,0.99903673909735
CM007899.2_166931450_A_G,10,166931450,0.413775605697184,0.203703703703704,54,-0.219983581354768,0.943496853324429
CM007899.2_166973920_G_A,10,166973920,0.347759295987925,0.5,54,0.216964099209216,0.917683966300506
CM007899.2_166975228_A_T,10,166975228,0.849858507317063,0.314814814814815,54,0.0505454224130091,0.993806173961715
CM007899.2_166975719_A_C,10,166975719,0.155220515777317,0.111111111111111,54,-0.491151516830854,0.909430860139716
CM007899.2_168551921_G_A,10,168551921,0.570673590448773,0.5,54,0.158455064720496,0.971960500537694
CM007899.2_168558930_G_A,10,168558930,0.470500686134146,0.462962962962963,54,-0.187064691536015,0.951489973470853
CM007899.2_169206044_C_G,10,169206044,0.588439649988672,0.259259259259259,54,-0.349780079604443,0.973469288231965
CM007899.2_169438572_T_C,10,169438572,0.251663912962681,0.25,54,0.538090386068802,0.911676624995901
CM007899.2_169641770_A_T,10,169641770,0.682906563064279,0.185185185185185,54,-0.116500484034304,0.976678229527867
CM007899.2_172013168_A_G,10,172013168,0.0352636041526103,0.5,54,0.475524874635269,0.719373850648435
CM007899.2_172264964_A_G,10,172264964,0.550687903891991,0.407407407407407,54,0.159518500458915,0.96901934033147
CM007899.2_172984479_T_A,10,172984479,0.626275007094379,0.481481481481482,54,0.125505736730972,0.973469288231965
CM007899.2_174505347_A_G,10,174505347,0.835525287662989,0.0833333333333334,54,-0.139888808421119,0.993806173961715
CM007899.2_174703042_G_C,10,174703042,0.159217841959345,0.25,54,-0.639391872738742,0.909430860139716
CM007899.2_175019363_C_G,10,175019363,0.352230308178621,0.175925925925926,54,0.466681406448856,0.917683966300506
CM007899.2_175064829_A_C,10,175064829,0.201991652956273,0.481481481481482,54,0.340033577076355,0.911676624995901
CM007899.2_175095613_T_C,10,175095613,0.226433853778685,0.175925925925926,54,-0.572693529254707,0.911676624995901
CM007899.2_176494067_C_T,10,176494067,0.223931607286663,0.0555555555555556,54,0.926059140911207,0.911676624995901
CM007899.2_176865054_A_G,10,176865054,0.805428962060392,0.148148148148148,54,-0.145382619107863,0.993806173961715
CM007899.2_176902506_T_C,10,176902506,0.0423059054768911,0.0740740740740741,54,0.890281216180256,0.719373850648435
CM007899.2_177307127_C_T,10,177307127,0.957449597357992,0.5,54,-0.0140663875839593,0.99607092257975
CM007899.2_177463998_A_G,10,177463998,0.00905487235734237,0.231481481481482,54,1.13505701929517,0.608597178441981
CM007899.2_177805314_G_T,10,177805314,0.1235273700416,0.12962962962963,54,-0.52575260044857,0.898589463554581
CM007899.2_177805467_A_G,10,177805467,0.86546292441916,0.185185185185185,54,0.0536251328602759,0.993806173961715
CM007899.2_178551274_T_C,10,178551274,0.628948886494411,0.481481481481482,54,-0.134426271638716,0.973469288231965
CM007899.2_178832526_C_T,10,178832526,0.595601755867749,0.25,54,0.250752973533565,0.973469288231965
CM007899.2_180015576_C_T,10,180015576,0.915134109389289,0.5,54,0.0260650527056043,0.994819956181817
CM007899.2_180188909_A_G,10,180188909,0.280648363673997,0.5,54,0.255618547410393,0.916893563687994
CM007899.2_180349955_G_A,10,180349955,0.0851668719857899,0.12962962962963,54,0.612863678833435,0.80383030665737
CM007899.2_180378545_G_T,10,180378545,0.47617701160929,0.0555555555555556,54,0.344620725643608,0.951489973470853
CM007899.2_180425602_T_C,10,180425602,0.707787436828783,0.25,54,-0.204401210417245,0.977489196432233
CM007899.2_181213017_T_C,10,181213017,0.877446787514601,0.222222222222222,54,-0.051153039751739,0.993806173961715
CM007900.2_235730_T_G,11,235730,0.673748004931913,0.240740740740741,54,-0.247807630696684,0.973469288231965
CM007900.2_237710_G_A,11,237710,0.535948934895083,0.5,54,0.147742781241568,0.968095660323542
CM007900.2_371157_T_C,11,371157,0.725196884552293,0.259259259259259,54,-0.175714220056847,0.977489196432233
CM007900.2_465234_T_G,11,465234,0.294637765259641,0.0925925925925926,54,0.590338155174436,0.917683966300506
CM007900.2_550663_T_C,11,550663,0.420311485329034,0.0740740740740741,54,0.371392844369723,0.943496853324429
CM007900.2_1055453_A_G,11,1055453,0.317558474053258,0.148148148148148,54,0.332350018979582,0.917683966300506
CM007900.2_1322774_G_A,11,1322774,0.0595250059646836,0.5,54,0.517993435216653,0.788675843919188
CM007900.2_1528421_A_G,11,1528421,0.066951546216505,0.277777777777778,54,0.467302057704984,0.795712942542995
CM007900.2_1774101_A_G,11,1774101,0.744014239707528,0.185185185185185,54,-0.164373549609536,0.979112695186873
CM007900.2_2468096_G_T,11,2468096,0.0270731201335733,0.0555555555555556,54,1.63129083373383,0.683381050901559
CM007900.2_3449969_C_T,11,3449969,0.134913610010116,0.5,54,-0.3527156548843,0.902582900360714
CM007900.2_3534634_C_A,11,3534634,0.517330606568222,0.111111111111111,54,-0.393728797819563,0.965857984316765
CM007900.2_4585696_C_A,11,4585696,0.936070856164573,0.259259259259259,54,0.0211099426178407,0.994819956181817
CM007900.2_4631375_C_T,11,4631375,0.654322009307335,0.222222222222222,54,0.249364133373206,0.973469288231965
CM007900.2_6790661_T_A,11,6790661,0.192063423744993,0.5,54,-0.338566778610684,0.911676624995901
CM007900.2_8261452_C_T,11,8261452,0.637405357793444,0.0462962962962963,54,0.350441361318417,0.973469288231965
CM007900.2_10368546_A_G,11,10368546,0.976353986534383,0.25,54,0.0142401307115847,0.99903673909735
CM007900.2_10480871_G_T,11,10480871,0.60704762376817,0.240740740740741,54,-0.138400809877012,0.973469288231965
CM007900.2_12185801_G_C,11,12185801,0.241940624329171,0.166666666666667,54,-0.354742497881119,0.911676624995901
CM007900.2_12618444_T_C,11,12618444,0.619466820601985,0.5,54,-0.154426818354366,0.973469288231965
CM007900.2_13790531_A_C,11,13790531,0.267183064926024,0.425925925925926,54,-0.238543196802144,0.911676624995901
CM007900.2_13883671_T_G,11,13883671,0.39594737124872,0.25,54,0.406164026945305,0.943298893050119
CM007900.2_14508336_T_A,11,14508336,0.787824801029255,0.240740740740741,54,0.125693913796511,0.990797484715478
CM007900.2_15216045_C_A,11,15216045,0.0826902409348372,0.166666666666667,54,0.858283612161699,0.803614236616884
CM007900.2_15431158_A_G,11,15431158,0.534448759022921,0.185185185185185,54,-0.239137983364344,0.968095660323542
CM007900.2_19188828_G_T,11,19188828,0.17735147451789,0.5,54,-0.353226766988037,0.909430860139716
CM007900.2_21378702_C_A,11,21378702,0.319644596641873,0.166666666666667,54,0.357861246849467,0.917683966300506
CM007900.2_23002381_C_G,11,23002381,0.690401102444404,0.5,54,-0.105632475248733,0.977489196432233
CM007900.2_24466571_T_A,11,24466571,0.830762763881187,0.203703703703704,54,0.0631371682588622,0.993806173961715
CM007900.2_24643309_C_T,11,24643309,0.802327161870628,0.222222222222222,54,0.115879453579794,0.993806173961715
CM007900.2_25962975_T_C,11,25962975,0.0133989105167409,0.231481481481482,54,-1.16373954584481,0.652617286254799
CM007900.2_26128395_C_A,11,26128395,0.715444628243667,0.25,54,-0.162934362467638,0.977489196432233
CM007900.2_27242028_T_G,11,27242028,0.23981711254037,0.259259259259259,54,0.565787183161206,0.911676624995901
CM007900.2_30919976_C_A,11,30919976,0.656328267843319,0.148148148148148,54,0.221130352309387,0.973469288231965
CM007900.2_31028175_T_C,11,31028175,0.901282932458905,0.203703703703704,54,-0.0350886556195462,0.994129620147163
CM007900.2_31313240_T_C,11,31313240,0.611318997755783,0.5,54,-0.121932101935855,0.973469288231965
CM007900.2_34540518_G_T,11,34540518,0.100954532724586,0.0462962962962963,54,1.30270284808171,0.837310962271733
CM007900.2_35198960_T_C,11,35198960,0.377773816523891,0.12037037037037,54,-0.55602891279284,0.93368876797512
CM007900.2_36096929_T_A,11,36096929,0.446644674743928,0.5,54,0.178787387302293,0.944020193682184
CM007900.2_38695731_C_A,11,38695731,0.294348551070427,0.25,54,-0.489379066643437,0.917683966300506
CM007900.2_40377254_C_T,11,40377254,0.932893476310344,0.5,54,-0.0281556987113163,0.994819956181817
CM007900.2_40768070_T_C,11,40768070,0.952985619032262,0.444444444444444,54,-0.0153863450249787,0.995803663942688
CM007900.2_40834030_T_C,11,40834030,0.671471330627661,0.259259259259259,54,0.223485780736667,0.973469288231965
CM007900.2_43183421_G_A,11,43183421,0.532986441112826,0.0555555555555556,54,-0.452720531354998,0.968095660323542
CM007900.2_43460872_T_C,11,43460872,0.125011183017665,0.12962962962963,54,0.852562324896894,0.902582900360714
CM007900.2_45637401_A_G,11,45637401,0.806579460288848,0.212962962962963,54,0.137241083722643,0.993806173961715
CM007900.2_46139138_T_C,11,46139138,0.634509285800286,0.5,54,0.11932702860549,0.973469288231965
CM007900.2_46877706_A_G,11,46877706,0.887155138674385,0.314814814814815,54,-0.0397882015155915,0.993806173961715
CM007900.2_47500500_A_G,11,47500500,0.861136531856992,0.25,54,-0.0906349778762205,0.993806173961715
CM007900.2_48525282_T_A,11,48525282,0.564922897276193,0.12962962962963,54,0.31423327067705,0.96901934033147
CM007900.2_49540995_G_A,11,49540995,0.622737634141396,0.231481481481482,54,-0.264503912730675,0.973469288231965
CM007900.2_50470387_C_T,11,50470387,0.494429047934405,0.259259259259259,54,-0.453853744590219,0.954332830087179
CM007900.2_51210645_A_T,11,51210645,0.853528773030397,0.0925925925925926,54,0.123567752670965,0.993806173961715
CM007900.2_53111982_A_C,11,53111982,0.900852613747387,0.222222222222222,54,0.0369104446188402,0.994129620147163
CM007900.2_56679215_G_A,11,56679215,0.607595483676401,0.0833333333333334,54,0.330346883655352,0.973469288231965
CM007900.2_56679275_G_A,11,56679275,0.406920098691973,0.0462962962962963,54,-0.741727018595384,0.943496853324429
CM007900.2_61527464_T_G,11,61527464,0.732837109119712,0.12037037037037,54,-0.194733564224407,0.977489196432233
CM007900.2_64829086_A_G,11,64829086,0.432614308082089,0.148148148148148,54,-0.416284165459842,0.943496853324429
CM007900.2_66899744_T_C,11,66899744,0.0790490715407713,0.259259259259259,54,-0.486692794387949,0.803614236616884
CM007900.2_67604018_A_T,11,67604018,0.251606918634454,0.0833333333333334,54,-0.742001772531466,0.911676624995901
CM007900.2_73583375_T_C,11,73583375,0.330722092664705,0.0740740740740741,54,0.421216710792237,0.917683966300506
CM007900.2_74323061_T_G,11,74323061,0.942040947897046,0.314814814814815,54,-0.0204313043213915,0.994819956181817
CM007900.2_74324563_C_G,11,74324563,0.237092593136245,0.175925925925926,54,-0.640202086405338,0.911676624995901
CM007900.2_74412306_G_T,11,74412306,0.777434800533477,0.0462962962962963,54,-0.210377119277837,0.990797484715478
CM007900.2_75325124_C_A,11,75325124,0.315311495208404,0.277777777777778,54,0.252245637984913,0.917683966300506
CM007900.2_84429730_A_G,11,84429730,0.495823000409648,0.185185185185185,54,0.343470030584626,0.955460829633883
CM007900.2_102178309_C_G,11,102178309,0.0422462926295123,0.0833333333333334,54,-1.41843295079047,0.719373850648435
CM007900.2_103671625_A_G,11,103671625,0.365608660969505,0.37037037037037,54,-0.212848837314766,0.928750962059145
CM007900.2_117512354_A_G,11,117512354,0.786213347510633,0.148148148148148,54,0.146855600342178,0.990797484715478
CM007900.2_119749471_A_G,11,119749471,0.616758254959887,0.185185185185185,54,0.148985017965515,0.973469288231965
CM007900.2_123930136_T_G,11,123930136,0.199699192764099,0.157407407407407,54,-0.703715272498812,0.911676624995901
CM007900.2_140653460_T_A,11,140653460,0.947087562754158,0.25,54,-0.0318035460010719,0.994819956181817
CM007900.2_140756588_T_C,11,140756588,0.094829262888323,0.0925925925925926,54,-0.961031544738944,0.831349031961661
CM007900.2_142929852_G_A,11,142929852,0.0612949252872442,0.212962962962963,54,-0.992950904233226,0.788675843919188
CM007900.2_143963133_C_T,11,143963133,0.607897716320336,0.259259259259259,54,0.272134353044521,0.973469288231965
CM007900.2_145891957_T_C,11,145891957,0.888338656827457,0.259259259259259,54,0.0774786359745576,0.993806173961715
CM007900.2_151481683_G_A,11,151481683,0.82212195071791,0.25,54,0.139968564222386,0.993806173961715
CM007900.2_151724700_C_A,11,151724700,0.117916396298735,0.259259259259259,54,-0.993261954899936,0.893433550080572
CM007900.2_153802639_A_G,11,153802639,0.925207369200417,0.101851851851852,54,0.0596802094270288,0.994819956181817
CM007900.2_156283169_C_A,11,156283169,0.0811846745591729,0.0555555555555556,54,-1.41699353548597,0.803614236616884
CM007900.2_156398016_A_T,11,156398016,0.673467226648096,0.481481481481482,54,-0.104862047746173,0.973469288231965
CM007900.2_162895340_T_C,11,162895340,0.00265603919168801,0.5,54,-0.795475626618241,0.564384872081481
CM007900.2_165844951_C_T,11,165844951,0.60759307545897,0.444444444444444,54,0.147158217003835,0.973469288231965
CM007900.2_166277868_C_A,11,166277868,0.0729339467271931,0.0740740740740741,54,1.23065498119422,0.801545084283155
CM007900.2_168762796_G_T,11,168762796,0.882998299035994,0.259259259259259,54,0.0732813328588691,0.993806173961715
CM007900.2_169874442_G_A,11,169874442,0.700655278172043,0.148148148148148,54,0.117447244977768,0.977489196432233
CM007900.2_170813334_T_C,11,170813334,0.660582204941078,0.0555555555555556,54,-0.325709525984166,0.973469288231965
CM007900.2_170813787_T_C,11,170813787,0.250219976607419,0.25,54,0.560984737153092,0.911676624995901
CM007900.2_171559884_G_A,11,171559884,0.780231847201279,0.0740740740740741,54,0.18732891914965,0.990797484715478
CM007900.2_172503197_C_T,11,172503197,0.936532910676821,0.240740740740741,54,-0.05597304975322,0.994819956181817
CM007900.2_173429242_A_G,11,173429242,9.18411103716257e-05,0.111111111111111,54,1.26250618943413,0.0407407165608532
CM007900.2_173887974_C_T,11,173887974,0.173280569698471,0.0462962962962963,54,-1.06211661427619,0.909430860139716
CM007900.2_174274821_C_T,11,174274821,0.456347806931921,0.481481481481482,54,-0.205316768192368,0.944458525079235
CM007900.2_174904731_A_T,11,174904731,0.482415511870751,0.138888888888889,54,-0.359910872867943,0.951489973470853
CM007900.2_175474839_T_C,11,175474839,0.314680253236183,0.157407407407407,54,0.533451567035854,0.917683966300506
CM007900.2_175714361_T_C,11,175714361,0.786563065130201,0.12962962962963,54,-0.0920752463175916,0.990797484715478
CM007900.2_175721324_T_C,11,175721324,0.92641808844224,0.203703703703704,54,-0.0449538919319252,0.994819956181817
CM007900.2_176431561_G_C,11,176431561,0.358815637838223,0.111111111111111,54,-0.339483119852133,0.920989661663917
CM007900.2_178705650_G_T,11,178705650,0.738942069121755,0.0925925925925926,54,-0.127516997251348,0.977489196432233
CM007900.2_179300573_G_A,11,179300573,0.268796402056216,0.25,54,-0.551669152712407,0.911676624995901
CM007900.2_179400458_A_G,11,179400458,0.598588825181616,0.5,54,-0.162931654378326,0.973469288231965
CM007900.2_179464601_A_G,11,179464601,0.420602076602972,0.314814814814815,54,0.214768096096805,0.943496853324429
CM007900.2_179563029_T_G,11,179563029,0.938304657151067,0.388888888888889,54,-0.0185815546701633,0.994819956181817
CM007900.2_179611018_C_T,11,179611018,0.892630014140201,0.148148148148148,54,0.04558689734273,0.993806173961715
CM007900.2_180234390_C_A,11,180234390,0.294077583423511,0.5,54,-0.274471488621259,0.917683966300506
CM007900.2_180242640_C_T,11,180242640,0.727522417351616,0.148148148148148,54,-0.172082626787073,0.977489196432233
CM007900.2_180242931_G_T,11,180242931,0.721818189150015,0.388888888888889,54,0.0798868631366894,0.977489196432233
CM007900.2_180243122_T_C,11,180243122,0.169335151652808,0.222222222222222,54,-0.794049513123127,0.909430860139716
CM007900.2_180429934_A_G,11,180429934,0.0180578404308677,0.111111111111111,54,0.90960927229554,0.683381050901559
CM007900.2_181548097_T_C,11,181548097,0.281359049520207,0.0925925925925926,54,0.498090514579474,0.916893563687994
CM007900.2_181945729_G_A,11,181945729,0.159077406990107,0.0833333333333334,54,0.864249422041212,0.909430860139716
CM007900.2_182258344_A_G,11,182258344,0.886771402138444,0.12962962962963,54,0.0474069659068732,0.993806173961715
CM007900.2_182259570_A_T,11,182259570,0.0239975542337895,0.240740740740741,54,1.03322075517752,0.683381050901559
CM007900.2_182674828_G_C,11,182674828,0.249392012620077,0.25,54,0.600545467059646,0.911676624995901
CM007900.2_182674829_T_C,11,182674829,0.737750975072529,0.12962962962963,54,0.143044138275229,0.977489196432233
CM007900.2_182870298_A_G,11,182870298,0.0884748300318336,0.12962962962963,54,0.866184057834971,0.819472642872903
CM007900.2_183141550_T_C,11,183141550,0.0446880616949428,0.101851851851852,54,1.03308987706737,0.719373850648435
CM007900.2_183527839_A_C,11,183527839,0.102033271962037,0.222222222222222,54,0.796394927146025,0.837310962271733
CM007900.2_186554823_G_A,11,186554823,0.0456374155313048,0.0555555555555556,54,1.63694553745154,0.719373850648435
CM007900.2_188488999_C_T,11,188488999,0.670125862715347,0.25,54,-0.197195665400102,0.973469288231965
CM007900.2_189249458_T_C,11,189249458,0.730589450463311,0.203703703703704,54,-0.103684511432164,0.977489196432233
CM007900.2_189471804_A_G,11,189471804,0.943540113287945,0.5,54,-0.017163458826488,0.994819956181817
CM007900.2_189552633_A_T,11,189552633,0.622187885208687,0.12037037037037,54,-0.267416293264546,0.973469288231965
CM007900.2_189597531_A_C,11,189597531,0.479901406219715,0.0925925925925926,54,0.263255821184316,0.951489973470853
CM007901.2_335043_G_C,12,335043,0.625816424218811,0.5,54,-0.120625146113241,0.973469288231965
CM007901.2_632520_T_C,12,632520,0.169717429279121,0.240740740740741,54,0.666178125507827,0.909430860139716
CM007901.2_820480_C_T,12,820480,0.988081611970159,0.157407407407407,54,0.00789957544918707,0.99903673909735
CM007901.2_873611_G_T,12,873611,0.521853389178827,0.12962962962963,54,-0.345506132283617,0.967537382972273
CM007901.2_948288_G_A,12,948288,0.981569602671296,0.481481481481482,54,-0.00609068916925537,0.99903673909735
CM007901.2_1024722_G_C,12,1024722,0.93292265019433,0.5,54,-0.0211060960279852,0.994819956181817
CM007901.2_1025804_A_G,12,1025804,0.672265934478726,0.212962962962963,54,-0.234348576454408,0.973469288231965
CM007901.2_1550909_A_G,12,1550909,0.584309001596959,0.203703703703704,54,0.207751469422021,0.973469288231965
CM007901.2_1584295_C_T,12,1584295,0.566918560328578,0.25,54,0.314218465623242,0.96901934033147
CM007901.2_1877550_T_C,12,1877550,0.0920093802501353,0.25,54,-0.815467983006215,0.831349031961661
CM007901.2_1894980_A_G,12,1894980,0.303883113183987,0.203703703703704,54,0.51802905456185,0.917683966300506
CM007901.2_1965596_C_T,12,1965596,0.814399713424692,0.222222222222222,54,-0.0670855359932432,0.993806173961715
CM007901.2_2375824_A_G,12,2375824,0.422000816084273,0.231481481481482,54,-0.453596981155215,0.943496853324429
CM007901.2_2761142_C_T,12,2761142,0.906723654287625,0.111111111111111,54,0.0444917769634969,0.994819956181817
CM007901.2_3392774_G_A,12,3392774,0.229645988253338,0.462962962962963,54,-0.295959021078797,0.911676624995901
CM007901.2_4446725_C_T,12,4446725,0.58564987244563,0.240740740740741,54,-0.30066967014028,0.973469288231965
CM007901.2_4700017_A_G,12,4700017,0.477144103918804,0.0833333333333334,54,-0.451011033803752,0.951489973470853
CM007901.2_4700101_T_C,12,4700101,0.255859215299159,0.25,54,-0.567871779922257,0.911676624995901
CM007901.2_4700178_C_T,12,4700178,0.780694958910753,0.388888888888889,54,-0.0921327632231908,0.990797484715478
CM007901.2_5357955_T_C,12,5357955,0.254520617561679,0.481481481481482,54,0.284451549130523,0.911676624995901
CM007901.2_5707770_T_C,12,5707770,0.589059708872351,0.25,54,0.351521286118668,0.973469288231965
CM007901.2_6270210_C_A,12,6270210,0.110488414136211,0.481481481481482,54,-0.382719782623184,0.868241470942169
CM007901.2_6316707_T_A,12,6316707,0.642374453970327,0.5,54,0.110708178761506,0.973469288231965
CM007901.2_6858023_A_G,12,6858023,0.993172312041617,0.481481481481482,54,0.00226737879057737,0.99903673909735
CM007901.2_7159206_A_C,12,7159206,0.0209009637924318,0.259259259259259,54,1.09425023415127,0.683381050901559
CM007901.2_8640688_A_G,12,8640688,0.0196055138974135,0.259259259259259,54,-1.08980668838194,0.683381050901559
CM007901.2_9517376_T_A,12,9517376,0.543588951655367,0.425925925925926,54,0.16148783304406,0.96901934033147
CM007901.2_10026042_G_T,12,10026042,0.260716674761192,0.25,54,-0.547689520941447,0.911676624995901
CM007901.2_10671497_G_T,12,10671497,0.927479653289299,0.0925925925925926,54,0.0690933804689848,0.994819956181817
CM007901.2_10901414_G_T,12,10901414,0.617342953320733,0.0462962962962963,54,-0.363093827640341,0.973469288231965
CM007901.2_10924234_T_C,12,10924234,0.809622759709664,0.0555555555555556,54,-0.188908962195228,0.993806173961715
CM007901.2_10960911_G_C,12,10960911,0.126491688696477,0.12962962962963,54,-0.914498013412867,0.902582900360714
CM007901.2_11134541_G_A,12,11134541,0.218156358865488,0.314814814814815,54,-0.315876027717422,0.911676624995901
CM007901.2_11192252_T_C,12,11192252,0.52746220849754,0.462962962962963,54,0.16002154359137,0.968095660323542
CM007901.2_11209667_A_T,12,11209667,0.551328440277572,0.12962962962963,54,0.216028967798707,0.96901934033147
CM007901.2_11210464_C_G,12,11210464,0.630881540140836,0.12962962962963,54,0.162674277474622,0.973469288231965
CM007901.2_12119220_C_A,12,12119220,0.737508672338525,0.101851851851852,54,0.232169640655911,0.977489196432233
CM007901.2_12279305_G_C,12,12279305,0.511490545241777,0.296296296296296,54,0.17185568338013,0.961755316713993
CM007901.2_12491386_A_T,12,12491386,0.147074465147413,0.25,54,-0.683487418094273,0.909430860139716
CM007901.2_12633438_C_G,12,12633438,0.439634864573439,0.111111111111111,54,0.332669546038687,0.944020193682184
CM007901.2_12684277_T_C,12,12684277,0.00546927874489954,0.259259259259259,54,1.3051324755362,0.572244318968361
CM007901.2_12747741_C_T,12,12747741,0.844348936256102,0.240740740740741,54,0.101862481930425,0.993806173961715
CM007901.2_12780910_G_A,12,12780910,0.312372720836608,0.203703703703704,54,-0.295565805666797,0.917683966300506
CM007901.2_14126405_A_G,12,14126405,0.415774244383575,0.185185185185185,54,-0.417685771081437,0.943496853324429
CM007901.2_14301177_C_G,12,14301177,0.297662460534417,0.175925925925926,54,0.539575392678103,0.917683966300506
CM007901.2_14500347_C_A,12,14500347,0.0600960224564435,0.259259259259259,54,0.511776550424159,0.788675843919188
CM007901.2_14526104_G_A,12,14526104,0.697321458887122,0.5,54,0.103650233995232,0.977489196432233
CM007901.2_15130674_A_G,12,15130674,0.419019314880249,0.0648148148148148,54,-0.557365765837403,0.943496853324429
CM007901.2_15328219_T_G,12,15328219,0.0278190745227676,0.157407407407407,54,1.15325055780858,0.683381050901559
CM007901.2_16352154_C_A,12,16352154,0.749324259732163,0.0925925925925926,54,-0.12656856120384,0.983432667506472
CM007901.2_16373375_A_G,12,16373375,0.0636487718942897,0.185185185185185,54,-0.590169460487061,0.788675843919188
CM007901.2_17638745_A_G,12,17638745,0.045021824674227,0.101851851851852,54,1.08835649422554,0.719373850648435
CM007901.2_18116518_T_C,12,18116518,0.722349492522122,0.296296296296296,54,0.0895477753662703,0.977489196432233
CM007901.2_23265718_A_G,12,23265718,0.422484961670697,0.12962962962963,54,-0.279241087238745,0.943496853324429
CM007901.2_26805649_G_A,12,26805649,0.196848953143243,0.0555555555555556,54,1.13171668452333,0.911676624995901
CM007901.2_27888201_T_C,12,27888201,0.862703773977543,0.166666666666667,54,0.0999240297531969,0.993806173961715
CM007901.2_28069873_C_T,12,28069873,0.176298702290862,0.0833333333333334,54,-0.808496336083294,0.909430860139716
CM007901.2_28504594_T_C,12,28504594,0.656435461819275,0.277777777777778,54,0.130017918190092,0.973469288231965
CM007901.2_28614592_C_T,12,28614592,0.41408524848468,0.5,54,0.205417542710514,0.943496853324429
CM007901.2_28705334_C_G,12,28705334,0.513113317566694,0.425925925925926,54,-0.170914125670819,0.962847155975404
CM007901.2_28851123_T_G,12,28851123,0.249235701658751,0.12962962962963,54,-0.399079305438221,0.911676624995901
CM007901.2_31755920_T_C,12,31755920,0.6407987322489,0.185185185185185,54,-0.242235087474569,0.973469288231965
CM007901.2_31846310_A_T,12,31846310,0.388632593897125,0.37037037037037,54,-0.295553962956546,0.941031437898507
CM007901.2_34734832_G_T,12,34734832,0.8682891080888,0.231481481481482,54,-0.0761102793463806,0.993806173961715
CM007901.2_39598657_A_G,12,39598657,0.306194034948837,0.148148148148148,54,-0.369094879112311,0.917683966300506
CM007901.2_40684104_T_C,12,40684104,0.474424167974523,0.111111111111111,54,0.455834363752729,0.951489973470853
CM007901.2_42215866_A_G,12,42215866,0.450612674157385,0.240740740740741,54,0.427865639120625,0.944020193682184
CM007901.2_52355887_T_C,12,52355887,0.0506520183375739,0.148148148148148,54,-0.679318925866298,0.740716998635644
CM007901.2_52684376_G_A,12,52684376,0.545158618414549,0.462962962962963,54,-0.173733741891033,0.96901934033147
CM007901.2_53941900_G_A,12,53941900,0.514152024491631,0.5,54,0.203872061678418,0.963594269428122
CM007901.2_54372377_C_T,12,54372377,0.886381381818607,0.0740740740740741,54,-0.0604082855455204,0.993806173961715
CM007901.2_54669375_A_G,12,54669375,0.318383300417821,0.333333333333333,54,0.259189176158046,0.917683966300506
CM007901.2_56281515_G_A,12,56281515,0.275838799599545,0.481481481481482,54,0.270350896716153,0.916893563687994
CM007901.2_56785305_T_C,12,56785305,0.87165234074985,0.148148148148148,54,-0.0544211109375681,0.993806173961715
CM007901.2_56906507_A_T,12,56906507,0.652496260218275,0.240740740740741,54,0.208534742933836,0.973469288231965
CM007901.2_57697709_G_T,12,57697709,0.15014770004371,0.12962962962963,54,0.560022441010801,0.909430860139716
CM007901.2_57918440_T_A,12,57918440,0.53823143796899,0.444444444444444,54,-0.137963250611172,0.968790930912464
CM007901.2_58891308_G_C,12,58891308,0.946568368050932,0.425925925925926,54,0.0181140716902064,0.994819956181817
CM007901.2_59941622_A_T,12,59941622,0.908694682193913,0.111111111111111,54,-0.0674946320494882,0.994819956181817
CM007901.2_61964095_A_T,12,61964095,0.86478665878885,0.407407407407407,54,0.0438404637225176,0.993806173961715
CM007901.2_62144128_C_A,12,62144128,0.0795536504239361,0.111111111111111,54,-0.607076770470997,0.803614236616884
CM007901.2_68995852_T_C,12,68995852,0.420115261070099,0.166666666666667,54,-0.45521686878476,0.943496853324429
CM007901.2_75123154_C_A,12,75123154,0.260960547864851,0.212962962962963,54,0.630117139646643,0.911676624995901
CM007901.2_75359670_C_G,12,75359670,0.493000720124157,0.425925925925926,54,-0.176676456345206,0.953407253526624
CM007901.2_75910437_T_C,12,75910437,0.0309116232059386,0.222222222222222,54,-0.71712071302386,0.719373850648435
CM007901.2_79867924_T_C,12,79867924,0.539741335648896,0.175925925925926,54,0.34739737087591,0.96901934033147
CM007901.2_81824206_G_T,12,81824206,0.262549893350594,0.0925925925925926,54,-0.432611328962025,0.911676624995901
CM007901.2_82535310_T_G,12,82535310,0.606144403728937,0.0925925925925926,54,-0.210895382844143,0.973469288231965
CM007901.2_85147090_G_A,12,85147090,0.856069203993639,0.111111111111111,54,-0.0674339096432561,0.993806173961715
CM007901.2_89241962_G_A,12,89241962,0.0087629416293684,0.148148148148148,54,0.916993027258684,0.608597178441981
CM007901.2_93371750_C_T,12,93371750,0.219396789154106,0.25,54,-0.584248608481857,0.911676624995901
CM007901.2_95384101_T_C,12,95384101,0.0349145555132352,0.111111111111111,54,-1.29868825830545,0.719373850648435
CM007901.2_98681246_C_A,12,98681246,0.0450218664180856,0.111111111111111,54,0.719897120140672,0.719373850648435
CM007901.2_106194764_A_C,12,106194764,0.727436636123958,0.157407407407407,54,-0.19060589044841,0.977489196432233
CM007901.2_113065947_A_C,12,113065947,0.588832034379202,0.222222222222222,54,0.151560627538004,0.973469288231965
CM007901.2_118187381_T_C,12,118187381,0.247010806753322,0.101851851851852,54,-0.791386926152882,0.911676624995901
CM007901.2_123352930_G_T,12,123352930,0.909108489386484,0.166666666666667,54,-0.0378209959247044,0.994819956181817
CM007901.2_128910485_C_T,12,128910485,0.95115066490111,0.333333333333333,54,-0.0172483930647758,0.995803663942688
CM007901.2_129923813_A_G,12,129923813,0.655280065243979,0.138888888888889,54,-0.24884609414562,0.973469288231965
CM007901.2_130350017_G_A,12,130350017,0.4477960357485,0.0925925925925926,54,-0.442760622880883,0.944020193682184
CM007901.2_139146126_A_T,12,139146126,0.974574757506657,0.185185185185185,54,0.0154649284068,0.99903673909735
CM007901.2_141788001_T_C,12,141788001,0.663080703190142,0.240740740740741,54,-0.133547082022261,0.973469288231965
CM007901.2_142911915_T_C,12,142911915,0.992458784426226,0.101851851851852,54,0.00616658315902896,0.99903673909735
CM007901.2_144492220_T_C,12,144492220,0.0279616501333643,0.175925925925926,54,1.11988345506597,0.683381050901559
CM007901.2_150826806_G_A,12,150826806,0.0266403564288068,0.12037037037037,54,-1.25774160329365,0.683381050901559
CM007901.2_155093877_G_A,12,155093877,0.696489023710167,0.138888888888889,54,-0.199836395438638,0.977489196432233
CM007901.2_155114145_A_C,12,155114145,0.527560028342933,0.12037037037037,54,-0.362778041945376,0.968095660323542
CM007901.2_156296311_G_A,12,156296311,0.838959725117067,0.101851851851852,54,-0.117586901010441,0.993806173961715
CM007901.2_157642240_A_G,12,157642240,0.213165746344979,0.25,54,-0.669889766732467,0.911676624995901
CM007901.2_157918140_A_G,12,157918140,0.960824714820759,0.101851851851852,54,0.0323522457446188,0.997710307805451
CM007901.2_157918299_T_A,12,157918299,0.664045390792811,0.0925925925925926,54,-0.263212734715694,0.973469288231965
CM007901.2_158902028_C_T,12,158902028,0.280158070447501,0.5,54,-0.29518432318909,0.916893563687994
CM007901.2_160649936_T_G,12,160649936,0.922758870995933,0.203703703703704,54,0.0311517193962771,0.994819956181817
CM007901.2_161192763_C_A,12,161192763,0.0248564866391046,0.0740740740740741,54,0.999380379936383,0.683381050901559
CM007901.2_162873033_T_C,12,162873033,0.442031036299746,0.388888888888889,54,0.26796692816356,0.944020193682184
CM007902.2_578471_T_C,13,578471,0.610967443288924,0.481481481481482,54,0.150177259598308,0.973469288231965
CM007902.2_580948_A_C,13,580948,0.521765838096155,0.444444444444444,54,0.160028269673873,0.967537382972273
CM007902.2_963279_A_G,13,963279,0.453074092093772,0.240740740740741,54,0.356092877432445,0.944020193682184
CM007902.2_1263539_T_A,13,1263539,0.824371073133297,0.203703703703704,54,0.11577972870009,0.993806173961715
CM007902.2_1616439_G_A,13,1616439,0.359938967082288,0.0925925925925926,54,-0.355746294636674,0.921876014998285
CM007902.2_1701923_A_C,13,1701923,0.449851036287179,0.5,54,-0.179759658360439,0.944020193682184
CM007902.2_2357180_G_T,13,2357180,0.164340918549421,0.138888888888889,54,0.74063174817195,0.909430860139716
CM007902.2_7520832_C_T,13,7520832,0.766872560599785,0.5,54,0.0832004874055201,0.988908918261816
CM007902.2_8221302_G_T,13,8221302,0.522156107943107,0.166666666666667,54,0.357977297333605,0.967537382972273
CM007902.2_8288633_T_C,13,8288633,0.252893901553125,0.259259259259259,54,-0.619371503035495,0.911676624995901
CM007902.2_12873365_C_T,13,12873365,0.435590972860332,0.5,54,-0.18951779498326,0.943496853324429
CM007902.2_15845582_A_C,13,15845582,0.684291239263438,0.462962962962963,54,0.128725038403502,0.976678229527867
CM007902.2_16670005_A_G,13,16670005,0.97325342094216,0.314814814814815,54,-0.00836040634030155,0.99903673909735
CM007902.2_18366023_A_G,13,18366023,0.133498087688403,0.0740740740740741,54,-0.700254716263998,0.902582900360714
CM007902.2_19828662_T_C,13,19828662,0.910915355283486,0.111111111111111,54,-0.0414286691627126,0.994819956181817
CM007902.2_29483056_C_A,13,29483056,0.137919362587324,0.231481481481482,54,-0.836068071074806,0.902582900360714
CM007902.2_29710546_A_G,13,29710546,0.283377769067663,0.481481481481482,54,-0.269431967856363,0.916893563687994
CM007902.2_32587646_A_G,13,32587646,0.137803838708839,0.12962962962963,54,-0.780735790033873,0.902582900360714
CM007902.2_32777123_G_A,13,32777123,0.397167534471101,0.351851851851852,54,0.210605108659585,0.943496853324429
CM007902.2_33656780_G_A,13,33656780,0.0210671111793005,0.444444444444444,54,-0.520871480115886,0.683381050901559
CM007902.2_34096354_T_A,13,34096354,0.0320551688937345,0.111111111111111,54,-0.757468629435266,0.719373850648435
CM007902.2_35005602_C_T,13,35005602,0.251183959862651,0.222222222222222,54,0.299094678983465,0.911676624995901
CM007902.2_35005961_G_T,13,35005961,0.449503427503184,0.0925925925925926,54,-0.472484966828461,0.944020193682184
CM007902.2_35215970_G_A,13,35215970,0.0431522013065719,0.481481481481482,54,-0.532174404292832,0.719373850648435
CM007902.2_37092239_G_A,13,37092239,0.277670997697229,0.333333333333333,54,0.258207050651976,0.916893563687994
CM007902.2_37685154_T_G,13,37685154,0.261816777392352,0.203703703703704,54,0.601957700159915,0.911676624995901
CM007902.2_37929658_C_T,13,37929658,0.156800451440062,0.240740740740741,54,-0.39557442368347,0.909430860139716
CM007902.2_38241879_C_T,13,38241879,0.587137286490589,0.259259259259259,54,-0.283145874894558,0.973469288231965
CM007902.2_39013850_C_T,13,39013850,0.703099716065611,0.203703703703704,54,-0.104463068286748,0.977489196432233
CM007902.2_39468643_G_C,13,39468643,0.736548277808333,0.5,54,-0.0794653784839454,0.977489196432233
CM007902.2_40344426_G_A,13,40344426,0.34746308201613,0.462962962962963,54,0.250154155712664,0.917683966300506
CM007902.2_40616701_G_A,13,40616701,0.483889088589485,0.0925925925925926,54,-0.277739542232894,0.951489973470853
CM007902.2_40730483_A_T,13,40730483,0.548322310866483,0.481481481481482,54,-0.152582098998057,0.96901934033147
CM007902.2_41574504_T_C,13,41574504,0.252268930636402,0.101851851851852,54,-0.708761510411136,0.911676624995901
CM007902.2_46899145_T_C,13,46899145,0.146638186282169,0.222222222222222,54,-0.394815251029275,0.909430860139716
CM007902.2_47239732_C_T,13,47239732,0.747795258523123,0.194444444444444,54,0.182236203306843,0.982311821787525
CM007902.2_50849120_A_G,13,50849120,0.266104774019267,0.388888888888889,54,-0.269795844825694,0.911676624995901
CM007902.2_54532586_C_T,13,54532586,0.677726248946042,0.111111111111111,54,-0.155928257339156,0.975468410228631
CM007902.2_57621908_T_C,13,57621908,0.378353564903636,0.0370370370370371,54,-0.763346040470424,0.93368876797512
CM007902.2_57622003_T_G,13,57622003,0.583247208506271,0.351851851851852,54,-0.148932482863643,0.973469288231965
CM007902.2_57852202_T_C,13,57852202,0.545245389946735,0.12962962962963,54,-0.33377612988329,0.96901934033147
CM007902.2_64174550_A_G,13,64174550,0.8655797449253,0.12037037037037,54,-0.0961415425346104,0.993806173961715
CM007902.2_65699231_T_C,13,65699231,0.642087681787161,0.333333333333333,54,-0.113602747133314,0.973469288231965
CM007902.2_67591877_T_C,13,67591877,0.112201981489367,0.481481481481482,54,0.451352714051168,0.873206999801457
CM007902.2_67614492_A_G,13,67614492,0.0774576628882417,0.194444444444444,54,0.895508495669446,0.803614236616884
CM007902.2_67646227_C_T,13,67646227,0.631192617130287,0.185185185185185,54,-0.147761333351127,0.973469288231965
CM007902.2_68742040_G_T,13,68742040,0.437120085896603,0.203703703703704,54,0.245562535892986,0.944020193682184
CM007902.2_69165755_G_A,13,69165755,0.274252686300472,0.157407407407407,54,0.603089549977994,0.916893563687994
CM007902.2_69479325_C_T,13,69479325,0.510359344229787,0.111111111111111,54,-0.242674658989699,0.96150645977794
CM007902.2_69557306_C_T,13,69557306,0.642510987780292,0.240740740740741,54,0.216941132118507,0.973469288231965
CM007902.2_69649286_T_C,13,69649286,0.250927299741091,0.0925925925925926,54,-0.713506726862079,0.911676624995901
CM007902.2_72660586_G_A,13,72660586,0.479658321597325,0.259259259259259,54,0.182820231198235,0.951489973470853
CM007902.2_73341600_T_A,13,73341600,0.299745901468711,0.111111111111111,54,-0.390659319376198,0.917683966300506
CM007902.2_76264793_G_A,13,76264793,0.421570964307566,0.12962962962963,54,-0.267285891993396,0.943496853324429
CM007902.2_76675063_T_C,13,76675063,0.815081947881573,0.5,54,-0.0687270000153717,0.993806173961715
CM007902.2_80118040_C_A,13,80118040,0.718042403535296,0.259259259259259,54,-0.177695890971791,0.977489196432233
CM007902.2_81236143_A_G,13,81236143,0.838283788661829,0.101851851851852,54,0.125038412011236,0.993806173961715
CM007902.2_82922444_T_C,13,82922444,0.472545202236775,0.259259259259259,54,0.396296897501713,0.951489973470853
CM007902.2_84076745_A_G,13,84076745,0.0539090875406837,0.101851851851852,54,-1.0745600960754,0.776430884189847
CM007902.2_84454365_C_T,13,84454365,0.638141583205297,0.222222222222222,54,-0.129866698483426,0.973469288231965
CM007902.2_86511032_T_G,13,86511032,0.772966130360337,0.203703703703704,54,-0.0895923101280118,0.990797484715478
CM007902.2_90146225_C_T,13,90146225,0.816495588793841,0.222222222222222,54,0.0626355443441184,0.993806173961715
CM007902.2_90180286_C_A,13,90180286,0.0209288777853726,0.0925925925925926,54,0.908078191934578,0.683381050901559
CM007902.2_90953298_A_G,13,90953298,0.92087801665388,0.111111111111111,54,0.0377722623445607,0.994819956181817
CM007902.2_91225880_A_T,13,91225880,0.89656508444527,0.185185185185185,54,-0.0425263909127267,0.993806173961715
CM007902.2_91263464_T_A,13,91263464,0.372453890624217,0.25,54,0.465218712576586,0.93368876797512
CM007902.2_91263680_C_A,13,91263680,0.63235132027495,0.166666666666667,54,-0.138817180291596,0.973469288231965
CM007902.2_91385207_A_T,13,91385207,0.703400295473941,0.0555555555555556,54,-0.332152668045183,0.977489196432233
CM007902.2_92253012_A_T,13,92253012,0.227005544989582,0.0925925925925926,54,0.580034332074661,0.911676624995901
CM007902.2_92828371_A_G,13,92828371,0.618451494089177,0.0925925925925926,54,0.283081233900248,0.973469288231965
CM007902.2_93917104_A_G,13,93917104,0.0380632131213573,0.259259259259259,54,-1.14996840967041,0.719373850648435
CM007902.2_95175755_G_T,13,95175755,0.205484229329194,0.12962962962963,54,0.432919306191621,0.911676624995901
CM007902.2_95200303_A_G,13,95200303,0.48739046443816,0.12962962962963,54,-0.424520759164466,0.953199166560154
CM007902.2_96523819_G_C,13,96523819,0.505801513797206,0.259259259259259,54,-0.174979784355628,0.961326270438905
CM007902.2_97907322_C_T,13,97907322,0.0552938688395463,0.0925925925925926,54,-1.07138772036149,0.781157968701361
CM007902.2_98914367_G_A,13,98914367,0.235063786611427,0.481481481481482,54,0.315013543485861,0.911676624995901
CM007902.2_99242798_T_G,13,99242798,0.192162352483615,0.222222222222222,54,-0.34891363259328,0.911676624995901
CM007902.2_100655901_G_A,13,100655901,0.727138012526869,0.444444444444444,54,0.0853795974092879,0.977489196432233
CM007902.2_102954804_T_A,13,102954804,0.0269192406118418,0.5,54,-0.57651123592062,0.683381050901559
CM007902.2_104837165_A_G,13,104837165,0.814845609143023,0.185185185185185,54,0.116177753366401,0.993806173961715
CM007902.2_104858911_G_C,13,104858911,0.629835562232848,0.0555555555555556,54,-0.287713941220886,0.973469288231965
CM007902.2_107975376_A_G,13,107975376,0.0202593076428325,0.222222222222222,54,1.01304878431563,0.683381050901559
CM007902.2_109387405_T_A,13,109387405,0.267172717711419,0.148148148148148,54,-0.637223866405407,0.911676624995901
CM007902.2_109827308_G_T,13,109827308,0.35086584322388,0.148148148148148,54,-0.317359672477096,0.917683966300506
CM007902.2_112191187_A_C,13,112191187,0.0279961795489434,0.138888888888889,54,1.09720480349148,0.683381050901559
CM007902.2_118344807_G_A,13,118344807,0.683932174197358,0.0925925925925926,54,0.300618060597799,0.976678229527867
CM007902.2_118540101_G_A,13,118540101,0.519537524159509,0.0740740740740741,54,0.435986766019141,0.966259794103939
CM007902.2_120349856_A_G,13,120349856,0.478448240430314,0.138888888888889,54,-0.382304319558557,0.951489973470853
CM007902.2_125731592_T_C,13,125731592,0.407990870430402,0.203703703703704,54,0.228832105134785,0.943496853324429
CM007902.2_128656897_T_C,13,128656897,0.702677716892032,0.175925925925926,54,0.187498922167492,0.977489196432233
CM007902.2_130093704_A_G,13,130093704,0.922068090477466,0.0555555555555556,54,-0.0769856814486047,0.994819956181817
CM007902.2_135822175_T_C,13,135822175,0.368611178898653,0.203703703703704,54,0.30354344808876,0.932245832151896
CM007902.2_136787673_T_C,13,136787673,0.564303756405027,0.0555555555555556,54,0.420472022819581,0.96901934033147
CM007902.2_142877574_C_T,13,142877574,0.533301446241707,0.166666666666667,54,-0.196564571564949,0.968095660323542
CM007902.2_151580593_C_T,13,151580593,0.659797989614661,0.148148148148148,54,0.210424300921602,0.973469288231965
CM007902.2_152093981_C_A,13,152093981,0.618581088311935,0.157407407407407,54,-0.251914939120525,0.973469288231965
CM007902.2_152159555_C_A,13,152159555,0.374774724416937,0.0740740740740741,54,0.589469744094913,0.93368876797512
CM007902.2_152444800_A_G,13,152444800,0.426585103794507,0.212962962962963,54,0.393075649085972,0.943496853324429
CM007902.2_152849635_C_T,13,152849635,0.448457457756723,0.0648148148148148,54,-0.52367066034833,0.944020193682184
CM007902.2_153335636_A_G,13,153335636,0.711929749931974,0.185185185185185,54,0.105329540918888,0.977489196432233
CM007902.2_154310127_C_G,13,154310127,0.310535934979873,0.166666666666667,54,-0.500138969922943,0.917683966300506
CM007902.2_156338895_C_G,13,156338895,0.286225039084613,0.0648148148148148,54,0.736361529615806,0.917409157065998
CM007902.2_156405205_T_C,13,156405205,0.690369204561408,0.481481481481482,54,-0.101858688790955,0.977489196432233
CM007902.2_156633703_C_T,13,156633703,0.770608455141646,0.166666666666667,54,0.0865402231269456,0.990272047221419
CM007902.2_156690779_T_G,13,156690779,0.318995405486999,0.203703703703704,54,-0.278028944265373,0.917683966300506
CM007902.2_157231278_G_A,13,157231278,0.92086186167487,0.111111111111111,54,-0.0581047305970515,0.994819956181817
CM007902.2_157285378_G_C,13,157285378,0.318152363933505,0.175925925925926,54,-0.485064748719481,0.917683966300506
CM007902.2_157382649_G_A,13,157382649,0.770003942164053,0.0740740740740741,54,-0.207329687021911,0.990272047221419
CM007902.2_157979027_A_G,13,157979027,0.984867096514956,0.333333333333333,54,0.00549525506242787,0.99903673909735
CM007902.2_158408800_T_C,13,158408800,0.552217128511718,0.351851851851852,54,-0.171066540812021,0.96901934033147
CM007902.2_159465194_G_A,13,159465194,0.995097199997076,0.12962962962963,54,0.00210326545280282,0.99903673909735
CM007902.2_159646290_G_T,13,159646290,0.170558478853573,0.25,54,0.747457680562661,0.909430860139716
CM007902.2_160176192_T_C,13,160176192,0.262274337486614,0.212962962962963,54,0.548126879975939,0.911676624995901
CM007902.2_160242567_G_A,13,160242567,0.971470516819583,0.388888888888889,54,0.00858293477945438,0.99903673909735
CM007902.2_160371779_T_C,13,160371779,0.0245804178843385,0.203703703703704,54,1.0431487933447,0.683381050901559
CM007902.2_160834387_T_C,13,160834387,0.863965434062003,0.0740740740740741,54,0.119283663735587,0.993806173961715
CM007902.2_160860323_A_G,13,160860323,0.119579146581578,0.194444444444444,54,-0.851508936463119,0.893433550080572
CM007902.2_161094293_A_T,13,161094293,0.405220825685013,0.185185185185185,54,0.480508674541625,0.943496853324429
CM007902.2_161545027_T_C,13,161545027,0.628474210763295,0.101851851851852,54,-0.287110404466489,0.973469288231965
CM007902.2_163595084_A_G,13,163595084,0.39732827191443,0.5,54,-0.219318153057955,0.943496853324429
CM007902.2_164100344_A_G,13,164100344,0.149392403841871,0.166666666666667,54,-0.483358018453828,0.909430860139716
CM007902.2_164308866_C_T,13,164308866,0.213502071250728,0.231481481481482,54,-0.662451106434787,0.911676624995901
CM007902.2_164406498_G_A,13,164406498,0.354230968333436,0.185185185185185,54,0.264958965131314,0.917683966300506
CM007902.2_164481858_A_T,13,164481858,0.580686997885815,0.25,54,-0.373276321028811,0.973469288231965
CM007902.2_164839507_A_G,13,164839507,0.624651664463479,0.222222222222222,54,-0.274693285422927,0.973469288231965
CM007902.2_165319211_G_A,13,165319211,0.729971285800048,0.203703703703704,54,-0.101624335355865,0.977489196432233
CM007902.2_165691619_T_C,13,165691619,0.393542445343651,0.240740740740741,54,0.419978323915473,0.943035109998434
CM007902.2_165812255_T_C,13,165812255,0.909625559834268,0.0925925925925926,54,0.0462992079151263,0.994819956181817
CM007902.2_167799918_C_T,13,167799918,0.371925022483569,0.259259259259259,54,-0.469719397126482,0.93368876797512
CM007902.2_167872984_C_T,13,167872984,0.645085411719123,0.5,54,0.141651597343965,0.973469288231965
CM007902.2_168867073_C_G,13,168867073,0.0809999723712914,0.277777777777778,54,0.545748746657125,0.803614236616884
CM007902.2_171049998_A_G,13,171049998,0.886807166486543,0.157407407407407,54,0.0682277230113755,0.993806173961715
CM007902.2_171050341_A_G,13,171050341,0.884031780660319,0.111111111111111,54,0.0804683892449702,0.993806173961715
CM007902.2_171739396_A_G,13,171739396,0.024776790100753,0.12037037037037,54,1.66241381499208,0.683381050901559
CM007902.2_171800521_T_C,13,171800521,0.898064785089981,0.481481481481482,54,0.0307708112669367,0.993806173961715
CM007902.2_171803849_T_C,13,171803849,0.69880025290007,0.148148148148148,54,0.126346281487969,0.977489196432233
CM007902.2_172963067_G_A,13,172963067,0.837065587003232,0.0740740740740741,54,0.0898579773512438,0.993806173961715
CM007902.2_173221073_C_T,13,173221073,0.713850711904381,0.111111111111111,54,0.133181477731512,0.977489196432233
CM007903.2_7263919_C_A,14,7263919,0.306162469698148,0.0555555555555556,54,-0.760423445351762,0.917683966300506
CM007903.2_8502856_T_C,14,8502856,0.0946584995492592,0.185185185185185,54,-0.811158594758069,0.831349031961661
CM007903.2_8531762_C_T,14,8531762,0.37948349158708,0.259259259259259,54,0.449529674923383,0.934178007036784
CM007903.2_10813835_G_A,14,10813835,0.193427192608784,0.0648148148148148,54,0.944596537585539,0.911676624995901
CM007903.2_11722800_A_G,14,11722800,0.871691726386667,0.175925925925926,54,0.0845049185822404,0.993806173961715
CM007903.2_11938313_A_T,14,11938313,0.834790911057451,0.5,54,0.053706735762816,0.993806173961715
CM007903.2_12682235_G_A,14,12682235,0.939202671178224,0.166666666666667,54,0.0386163024667212,0.994819956181817
CM007903.2_24554538_T_A,14,24554538,0.872755317654123,0.12037037037037,54,-0.0872692800313644,0.993806173961715
CM007903.2_25184598_G_A,14,25184598,0.820130776171435,0.240740740740741,54,-0.110773555965125,0.993806173961715
CM007903.2_31815310_G_C,14,31815310,0.0163764045083866,0.240740740740741,54,-0.666256190027269,0.683381050901559
CM007903.2_42182304_G_T,14,42182304,0.336645293861516,0.296296296296296,54,0.286644011693461,0.917683966300506
CM007903.2_49054181_C_G,14,49054181,0.391206583747483,0.157407407407407,54,0.411699681640698,0.943035109998434
CM007903.2_50334675_G_A,14,50334675,0.557535761481619,0.185185185185185,54,0.168310532919321,0.96901934033147
CM007903.2_54761331_C_T,14,54761331,0.555806339411939,0.0648148148148148,54,-0.398373921525717,0.96901934033147
CM007903.2_59978460_C_A,14,59978460,0.0975866081751057,0.111111111111111,54,-0.591936161975184,0.832488834355325
CM007903.2_60929379_C_A,14,60929379,0.556293731807805,0.222222222222222,54,0.360846177128678,0.96901934033147
CM007903.2_67873811_G_C,14,67873811,0.881841665784766,0.0925925925925926,54,0.0874400603210006,0.993806173961715
CM007903.2_81228132_A_G,14,81228132,0.98415695183495,0.12962962962963,54,-0.0102531343537748,0.99903673909735
CM007903.2_94147253_C_G,14,94147253,0.974348038623785,0.157407407407407,54,0.0180702219765863,0.99903673909735
CM007903.2_98062137_C_T,14,98062137,0.985022841455489,0.203703703703704,54,-0.00557276689656305,0.99903673909735
CM007903.2_99156139_A_G,14,99156139,0.336521907431488,0.481481481481482,54,-0.224270304442769,0.917683966300506
CM007903.2_99185423_A_G,14,99185423,0.728769592309807,0.222222222222222,54,-0.174068839877975,0.977489196432233
CM007903.2_100329983_G_A,14,100329983,0.812035311416369,0.425925925925926,54,-0.0576578640402943,0.993806173961715
CM007903.2_100694448_G_T,14,100694448,0.824751772193539,0.25,54,0.108436508711918,0.993806173961715
CM007903.2_100885897_G_T,14,100885897,0.334422295673052,0.259259259259259,54,0.261477471827376,0.917683966300506
CM007903.2_102729374_T_C,14,102729374,0.00176560056265382,0.166666666666667,54,-1.51442314288175,0.564384872081481
CM007903.2_106144530_C_T,14,106144530,0.20456840147056,0.194444444444444,54,-0.583771310099394,0.911676624995901
CM007903.2_106145742_A_C,14,106145742,0.492658827102496,0.37037037037037,54,-0.176656391231049,0.953407253526624
CM007903.2_106214573_T_C,14,106214573,0.133654579158621,0.101851851851852,54,0.835804101470899,0.902582900360714
CM007903.2_106229461_G_A,14,106229461,0.836944016774998,0.481481481481482,54,0.047444465625901,0.993806173961715
CM007903.2_106655343_C_T,14,106655343,0.531150302187429,0.25,54,0.281036814201457,0.968095660323542
CM007903.2_106853156_T_A,14,106853156,0.215198569742644,0.203703703703704,54,-0.353084686060015,0.911676624995901
CM007903.2_109767287_A_C,14,109767287,0.315831585419868,0.333333333333333,54,0.260236790591989,0.917683966300506
CM007903.2_112034340_T_C,14,112034340,0.17002727396369,0.0925925925925926,54,0.583574663709726,0.909430860139716
CM007903.2_115493859_C_T,14,115493859,0.410523270333268,0.194444444444444,54,0.414804090279972,0.943496853324429
CM007903.2_119992959_C_T,14,119992959,0.89730865716584,0.212962962962963,54,-0.0705040093071716,0.993806173961715
CM007903.2_120298537_C_T,14,120298537,0.917509926828365,0.240740740740741,54,0.056813580206267,0.994819956181817
CM007903.2_120301029_C_T,14,120301029,0.8975749957626,0.0925925925925926,54,0.0751094131537684,0.993806173961715
CM007903.2_120529024_T_C,14,120529024,0.534379316865763,0.5,54,0.18449745636994,0.968095660323542
CM007903.2_121787867_G_C,14,121787867,0.0109924490580459,0.5,54,-0.739528766422481,0.625160307967842
CM007903.2_121926120_T_C,14,121926120,0.246689091338883,0.222222222222222,54,0.692024104565803,0.911676624995901
CM007903.2_122065113_G_A,14,122065113,0.0297609472137314,0.462962962962963,54,-0.57478054750365,0.702231711915492
CM007903.2_124348210_T_C,14,124348210,0.742875478153555,0.259259259259259,54,-0.159266236112273,0.978688960231014
CM007903.2_125650641_A_G,14,125650641,0.0489157957779351,0.0740740740740741,54,-1.31794659111142,0.733075912401757
CM007903.2_125785678_A_T,14,125785678,0.417424063438155,0.240740740740741,54,0.209544199514738,0.943496853324429
CM007903.2_128072536_C_T,14,128072536,0.528867269722416,0.0740740740740741,54,-0.281558256332119,0.968095660323542
CM007903.2_128233142_A_G,14,128233142,0.536763348359577,0.175925925925926,54,0.326045555313613,0.968095660323542
CM007903.2_128316869_A_G,14,128316869,0.896867216583605,0.157407407407407,54,0.0723465632019042,0.993806173961715
CM007903.2_129933141_T_C,14,129933141,0.116243247900593,0.5,54,0.374665044595616,0.893433550080572
CM007903.2_130850597_G_A,14,130850597,0.784452212073483,0.0925925925925926,54,0.110252383097702,0.990797484715478
CM007903.2_130856844_A_G,14,130856844,0.313419121618468,0.314814814814815,54,0.261428548101378,0.917683966300506
CM007903.2_132641638_C_T,14,132641638,0.785937783089016,0.37037037037037,54,-0.0763008430625547,0.990797484715478
CM007903.2_137695864_G_T,14,137695864,0.018617242562411,0.388888888888889,54,0.644691196188489,0.683381050901559
CM007903.2_137855624_T_C,14,137855624,0.683933782441482,0.425925925925926,54,-0.104903942607827,0.976678229527867
CM007903.2_137869474_G_C,14,137869474,0.85896736270734,0.12037037037037,54,0.102262672333609,0.993806173961715
CM007903.2_143707714_A_G,14,143707714,0.878472370512836,0.259259259259259,54,0.0409140319197547,0.993806173961715
CM007903.2_143749461_C_T,14,143749461,0.947901920924951,0.231481481481482,54,0.0330871945463969,0.994819956181817
CM007903.2_143933000_A_G,14,143933000,0.0232158599201754,0.101851851851852,54,-1.33476213146912,0.683381050901559
CM007903.2_144738679_C_T,14,144738679,0.178437806025923,0.296296296296296,54,0.340542128811279,0.909430860139716
CM007903.2_148795028_T_C,14,148795028,0.536860983858412,0.240740740740741,54,-0.174729799837934,0.968095660323542
CM007903.2_150515601_T_C,14,150515601,0.343174059076726,0.111111111111111,54,0.518414603007841,0.917683966300506
CM007903.2_151811314_A_T,14,151811314,0.279383020057522,0.12962962962963,54,-0.598087945095813,0.916893563687994
CM007903.2_154180760_T_C,14,154180760,0.00279902326099923,0.25,54,-1.41015056689213,0.564384872081481
CM007903.2_155342331_T_A,14,155342331,0.559784728769319,0.0740740740740741,54,-0.348863778805594,0.96901934033147
CM007903.2_157415931_A_G,14,157415931,0.281323405807396,0.5,54,-0.267675896675421,0.916893563687994
CM007903.2_157453744_G_A,14,157453744,0.826002959758698,0.157407407407407,54,0.130518885796505,0.993806173961715
CM007903.2_162233608_C_T,14,162233608,0.969173831855401,0.0925925925925926,54,0.0164875351845239,0.99903673909735
CM007903.2_163377661_A_C,14,163377661,0.183273356828309,0.148148148148148,54,-0.752153410577989,0.911676624995901
CM007903.2_164289145_G_A,14,164289145,0.673989450633409,0.5,54,0.103672526100368,0.973469288231965
CM007903.2_164709568_G_T,14,164709568,0.134220273026382,0.12962962962963,54,0.513603229466298,0.902582900360714
CM007903.2_164913016_T_C,14,164913016,0.564173398403258,0.351851851851852,54,0.156786254379085,0.96901934033147
CM007903.2_167036179_A_C,14,167036179,0.0449803613224477,0.185185185185185,54,0.642680993809734,0.719373850648435
CM007903.2_167594694_T_C,14,167594694,0.571153152932303,0.25,54,0.298978821923015,0.971960500537694
CM007903.2_167659099_C_G,14,167659099,0.378460429402648,0.259259259259259,54,-0.43223778561088,0.93368876797512
CM007903.2_167667453_A_G,14,167667453,0.604962755656757,0.5,54,-0.119640528760613,0.973469288231965
CM007903.2_167726484_C_G,14,167726484,0.783187998453397,0.175925925925926,54,-0.134883465809992,0.990797484715478
CM007903.2_168842562_C_T,14,168842562,0.386256828634369,0.462962962962963,54,-0.203610631733468,0.941031437898507
CM007903.2_169697352_G_A,14,169697352,0.730487808035952,0.259259259259259,54,-0.155139634810268,0.977489196432233
CM007903.2_169755420_G_C,14,169755420,0.426945817517805,0.166666666666667,54,0.25166660086704,0.943496853324429
CM007903.2_169765830_T_C,14,169765830,0.738357030377348,0.111111111111111,54,0.137332098121988,0.977489196432233
CM007903.2_169817766_T_C,14,169817766,0.378072747773498,0.5,54,0.202468548778455,0.93368876797512
CM007903.2_169818750_T_G,14,169818750,0.536174240275529,0.388888888888889,54,0.150896342742882,0.968095660323542
CM007903.2_170875291_C_G,14,170875291,0.632349121525036,0.0555555555555556,54,-0.342831926630424,0.973469288231965
CM007903.2_171306375_A_G,14,171306375,0.344396711319948,0.0925925925925926,54,-0.4866897618856,0.917683966300506
CM007903.2_171306390_T_G,14,171306390,0.453585959612023,0.222222222222222,54,0.384286160642375,0.944020193682184
CM007903.2_171311806_T_C,14,171311806,0.603563339622646,0.407407407407407,54,0.164914120317491,0.973469288231965
CM007903.2_171311904_T_G,14,171311904,0.343231735724296,0.407407407407407,54,-0.258736647999228,0.917683966300506
CM007903.2_171686263_T_G,14,171686263,0.281903266865075,0.0740740740740741,54,0.668013856154403,0.916893563687994
CM007903.2_171851358_A_G,14,171851358,0.584798748686306,0.5,54,0.119003039886067,0.973469288231965
CM007903.2_172099276_T_C,14,172099276,0.9013501650658,0.481481481481482,54,-0.0338614109949162,0.994129620147163
CM007903.2_172192982_C_G,14,172192982,0.899264648846331,0.111111111111111,54,0.0513950200067654,0.993806173961715
CM007903.2_172450387_T_C,14,172450387,0.00518651015031647,0.444444444444444,54,0.651248282649561,0.572244318968361
CM007903.2_172473609_T_C,14,172473609,0.0765705365444169,0.25,54,-0.816223994764357,0.803614236616884
CM007903.2_172621220_T_A,14,172621220,0.196335194063622,0.12962962962963,54,-0.805141936136579,0.911676624995901
CM007903.2_172630548_A_G,14,172630548,0.373356285246755,0.12962962962963,54,0.611378081820931,0.93368876797512
CM007903.2_172909113_C_G,14,172909113,0.203950968930785,0.148148148148148,54,0.763352125918686,0.911676624995901
CM007903.2_172971428_T_A,14,172971428,0.137773595277328,0.12962962962963,54,0.55257054014362,0.902582900360714
CM007903.2_172975384_T_C,14,172975384,0.207805146824914,0.166666666666667,54,0.409997048556392,0.911676624995901
CM007903.2_172980714_G_A,14,172980714,0.514380349415192,0.222222222222222,54,0.305003915275279,0.963594269428122
CM007903.2_172981481_A_G,14,172981481,0.0573865745870177,0.12962962962963,54,0.67019069931888,0.783488288947278
CM007904.2_141311_A_T,15,141311,0.286210159555463,0.259259259259259,54,0.5448069015481,0.917409157065998
CM007904.2_512793_C_A,15,512793,0.266505911731267,0.277777777777778,54,-0.319761301530974,0.911676624995901
CM007904.2_524161_A_G,15,524161,0.00767188208705518,0.194444444444444,54,-1.23905167032621,0.572244318968361
CM007904.2_861520_G_A,15,861520,0.247706725879493,0.101851851851852,54,0.672578953363313,0.911676624995901
CM007904.2_1108189_T_A,15,1108189,0.903438097803807,0.0740740740740741,54,-0.0863259489823349,0.994278624231051
CM007904.2_1108243_C_T,15,1108243,0.554407500591999,0.5,54,0.146941147325585,0.96901934033147
CM007904.2_1639903_T_C,15,1639903,0.828690428452134,0.148148148148148,54,-0.0767980462170499,0.993806173961715
CM007904.2_2023061_G_A,15,2023061,0.3153764198653,0.25,54,-0.451284515462987,0.917683966300506
CM007904.2_2245097_C_A,15,2245097,0.582797781287642,0.222222222222222,54,0.284595794338884,0.973469288231965
CM007904.2_2547964_A_G,15,2547964,0.588834763595166,0.25,54,-0.252338046433209,0.973469288231965
CM007904.2_2563028_T_C,15,2563028,0.25861855752368,0.157407407407407,54,-0.552103119436481,0.911676624995901
CM007904.2_2571226_A_G,15,2571226,0.682383750546614,0.222222222222222,54,-0.192929956539274,0.976678229527867
CM007904.2_2649273_C_T,15,2649273,0.318971608795976,0.185185185185185,54,0.516796361926993,0.917683966300506
CM007904.2_2994234_T_G,15,2994234,0.782736365835511,0.481481481481482,54,-0.0657597602391178,0.990797484715478
CM007904.2_3456537_T_C,15,3456537,0.525040386406309,0.5,54,-0.149289055507857,0.968095660323542
CM007904.2_3999012_G_T,15,3999012,0.618931295973496,0.231481481481482,54,0.251078862387658,0.973469288231965
CM007904.2_4013157_C_A,15,4013157,0.828267899176138,0.148148148148148,54,-0.124994514538344,0.993806173961715
CM007904.2_4541561_T_G,15,4541561,0.152552857143789,0.0740740740740741,54,-1.0497221764499,0.909430860139716
CM007904.2_5462869_G_C,15,5462869,0.339674159313191,0.0925925925925926,54,0.376137866342958,0.917683966300506
CM007904.2_6177777_C_T,15,6177777,0.2549738647476,0.25,54,0.594448744419878,0.911676624995901
CM007904.2_6348703_A_G,15,6348703,0.364492283543776,0.175925925925926,54,-0.458340875448641,0.928178972330765
CM007904.2_6976954_A_G,15,6976954,0.173472182729145,0.12962962962963,54,-0.463218132230907,0.909430860139716
CM007904.2_6998525_G_A,15,6998525,0.024638083709202,0.212962962962963,54,1.08964975708727,0.683381050901559
CM007904.2_7876297_G_T,15,7876297,0.0364795092795982,0.0925925925925926,54,0.75575300353529,0.719373850648435
CM007904.2_8913138_T_C,15,8913138,0.559267127862252,0.25,54,0.263504514750764,0.96901934033147
CM007904.2_9132194_A_G,15,9132194,0.541015666562975,0.259259259259259,54,-0.266403297055376,0.96901934033147
CM007904.2_9245756_G_A,15,9245756,0.657827869849678,0.166666666666667,54,-0.221241385436997,0.973469288231965
CM007904.2_9824779_G_A,15,9824779,0.423947507293863,0.0462962962962963,54,0.621312039475924,0.943496853324429
CM007904.2_11201894_C_A,15,11201894,0.452052285565775,0.0462962962962963,54,-0.636283456520005,0.944020193682184
CM007904.2_12249276_T_C,15,12249276,0.088671521320783,0.5,54,0.409162326546202,0.819472642872903
CM007904.2_12498595_A_G,15,12498595,0.346502155153495,0.0925925925925926,54,0.368798861548271,0.917683966300506
CM007904.2_13499233_A_G,15,13499233,0.956294771955783,0.5,54,0.0156005034175024,0.995803663942688
CM007904.2_13762724_C_T,15,13762724,0.165088846389707,0.425925925925926,54,0.319301921499104,0.909430860139716
CM007904.2_14061949_C_T,15,14061949,0.416483531985136,0.240740740740741,54,-0.417308821716574,0.943496853324429
CM007904.2_14274879_T_C,15,14274879,0.300300188353275,0.240740740740741,54,0.313534361474062,0.917683966300506
CM007904.2_14275663_G_A,15,14275663,0.0908657800184665,0.0555555555555556,54,1.25647915734839,0.831349031961661
CM007904.2_14640296_T_C,15,14640296,0.024470814149906,0.462962962962963,54,0.581962056614188,0.683381050901559
CM007904.2_15582307_G_T,15,15582307,0.927188280198567,0.0555555555555556,54,-0.0765777003593939,0.994819956181817
CM007904.2_15694509_G_A,15,15694509,0.328296621032594,0.25,54,0.523099378256745,0.917683966300506
CM007904.2_16708515_A_G,15,16708515,0.206881829645057,0.481481481481482,54,-0.303415299266305,0.911676624995901
CM007904.2_16956781_G_T,15,16956781,0.396568608478736,0.0555555555555556,54,-0.702430908843326,0.943496853324429
CM007904.2_16963677_A_G,15,16963677,0.530387291361753,0.25,54,0.301743876912042,0.968095660323542
CM007904.2_17599260_C_T,15,17599260,0.617561677994704,0.12962962962963,54,0.181429433198474,0.973469288231965
CM007904.2_17633891_A_G,15,17633891,0.813618357542865,0.25,54,0.110515014547218,0.993806173961715
CM007904.2_21112800_C_A,15,21112800,0.752483508987368,0.212962962962963,54,0.170096692847324,0.984815621631164
CM007904.2_22743133_G_A,15,22743133,0.453708533122276,0.259259259259259,54,0.380702866680394,0.944020193682184
CM007904.2_22819901_T_C,15,22819901,0.231468132499204,0.0925925925925926,54,0.69881198196174,0.911676624995901
CM007904.2_24607555_T_C,15,24607555,0.5071242616713,0.296296296296296,54,-0.165780755682619,0.96150645977794
CM007904.2_25909649_T_C,15,25909649,0.260331558845381,0.166666666666667,54,-0.376144966150207,0.911676624995901
CM007904.2_29900534_T_A,15,29900534,0.896648045292609,0.296296296296296,54,-0.036342445958411,0.993806173961715
CM007904.2_30076079_T_A,15,30076079,0.06923922358467,0.25,54,1.00838554131622,0.795712942542995
CM007904.2_30568632_A_G,15,30568632,0.777196392812911,0.481481481481482,54,0.077710366278005,0.990797484715478
CM007904.2_31749108_G_A,15,31749108,0.840935627664085,0.157407407407407,54,-0.104009709604441,0.993806173961715
CM007904.2_32021902_T_C,15,32021902,0.497438770358818,0.333333333333333,54,0.182699935312684,0.956159446663389
CM007904.2_32228964_A_G,15,32228964,0.292391633017472,0.0833333333333334,54,0.750326381784362,0.917683966300506
CM007904.2_37243479_T_A,15,37243479,0.800491951708271,0.25,54,-0.135698287164729,0.993806173961715
CM007904.2_41111904_T_C,15,41111904,0.322842989275028,0.148148148148148,54,-0.532928647078734,0.917683966300506
CM007904.2_50272419_A_G,15,50272419,0.342326479383931,0.0740740740740741,54,-0.606798830113576,0.917683966300506
CM007904.2_50863025_G_A,15,50863025,0.213401232806472,0.25,54,-0.622693930693458,0.911676624995901
CM007904.2_50863135_A_G,15,50863135,0.135173969200674,0.25,54,0.714226466114951,0.902582900360714
CM007904.2_54645440_C_T,15,54645440,0.103182894032584,0.166666666666667,54,-0.790833956827782,0.837310962271733
CM007904.2_55343982_G_T,15,55343982,0.405830909005855,0.148148148148148,54,0.276001171529799,0.943496853324429
CM007904.2_56398694_A_G,15,56398694,0.328643396699924,0.0925925925925926,54,0.555006160778248,0.917683966300506
CM007904.2_56629603_G_T,15,56629603,0.158789076943373,0.0925925925925926,54,0.539827086110279,0.909430860139716
CM007904.2_69129243_T_C,15,69129243,0.165625097747369,0.12037037037037,54,0.895928404683218,0.909430860139716
CM007904.2_71011871_G_T,15,71011871,0.48062510735658,0.0462962962962963,54,-0.646369730546212,0.951489973470853
CM007904.2_82655673_C_G,15,82655673,0.232858617964824,0.101851851851852,54,0.73508176437565,0.911676624995901
CM007904.2_90629992_G_A,15,90629992,0.818641929388342,0.259259259259259,54,0.0621435360402671,0.993806173961715
CM007904.2_98088486_C_A,15,98088486,0.612597883090983,0.0925925925925926,54,-0.337847466973585,0.973469288231965
CM007904.2_98631250_T_C,15,98631250,0.921925772469089,0.148148148148148,54,0.0326888474397151,0.994819956181817
CM007904.2_98766540_G_T,15,98766540,0.0426734084691542,0.277777777777778,54,0.546247440211602,0.719373850648435
CM007904.2_100003049_C_T,15,100003049,0.277511519312252,0.481481481481482,54,0.277652691728346,0.916893563687994
CM007904.2_100806636_T_A,15,100806636,0.83198086736415,0.277777777777778,54,0.0562370524120865,0.993806173961715
CM007904.2_100840865_C_T,15,100840865,0.727572216452257,0.37037037037037,54,-0.0906846321589683,0.977489196432233
CM007904.2_102353012_T_C,15,102353012,0.0969658783142185,0.12037037037037,54,-1.06772191969446,0.832488834355325
CM007904.2_102353235_G_C,15,102353235,0.139757305653961,0.166666666666667,54,-0.717775249279214,0.906379251287968
CM007904.2_102797888_C_A,15,102797888,0.630291130547668,0.0555555555555556,54,-0.378689544624876,0.973469288231965
CM007904.2_107173075_G_A,15,107173075,0.0802228568954652,0.240740740740741,54,-0.82390985489053,0.803614236616884
CM007904.2_107192579_A_G,15,107192579,0.729952333230705,0.481481481481482,54,-0.100861990910971,0.977489196432233
CM007904.2_110395736_A_G,15,110395736,0.191698618397623,0.481481481481482,54,-0.341836735904565,0.911676624995901
CM007904.2_110396242_T_C,15,110396242,0.617010726834691,0.259259259259259,54,-0.290257276892589,0.973469288231965
CM007904.2_111088309_G_A,15,111088309,0.550118458844835,0.425925925925926,54,-0.162155432587497,0.96901934033147
CM007904.2_111088498_C_T,15,111088498,0.269007132447884,0.175925925925926,54,-0.58629784278628,0.911676624995901
CM007904.2_111099461_T_G,15,111099461,0.553360077549364,0.166666666666667,54,-0.179158944164158,0.96901934033147
CM007904.2_112241652_C_A,15,112241652,0.0460641473649365,0.0740740740740741,54,1.36699084510815,0.719373850648435
CM007904.2_113671498_A_G,15,113671498,0.237740015811062,0.314814814814815,54,-0.329172700788121,0.911676624995901
CM007904.2_115345355_T_C,15,115345355,0.349586512504247,0.203703703703704,54,0.276977949426254,0.917683966300506
CM007904.2_117225907_T_G,15,117225907,0.163506249812473,0.157407407407407,54,-0.737104900992506,0.909430860139716
CM007904.2_117228624_C_T,15,117228624,0.0575782646972076,0.212962962962963,54,0.895439899006647,0.783488288947278
CM007904.2_120910479_T_A,15,120910479,0.0200586812573215,0.0555555555555556,54,-2.11389892362058,0.683381050901559
CM007904.2_122306517_G_T,15,122306517,0.352001717538577,0.0648148148148148,54,-0.746711581273303,0.917683966300506
CM007904.2_124894040_G_C,15,124894040,0.766142867569927,0.12962962962963,54,0.19173469365694,0.9885426877662
CM007904.2_126150119_C_A,15,126150119,0.0375993124330409,0.101851851851852,54,-1.3303781263744,0.719373850648435
CM007904.2_126297856_C_G,15,126297856,0.588640661665921,0.25,54,0.280199493125451,0.973469288231965
CM007904.2_126708631_G_A,15,126708631,0.0751654096171364,0.203703703703704,54,-0.908556748417254,0.803614236616884
CM007904.2_129578299_G_A,15,129578299,0.330417149678475,0.5,54,-0.295755970118137,0.917683966300506
CM007904.2_130669687_C_A,15,130669687,0.87957016529106,0.12962962962963,54,-0.0566811081237688,0.993806173961715
CM007904.2_131513641_T_C,15,131513641,0.866468011831003,0.0925925925925926,54,0.114999157323041,0.993806173961715
CM007904.2_133608667_C_G,15,133608667,0.0192956383619502,0.0555555555555556,54,1.74508806966878,0.683381050901559
CM007904.2_137385979_C_G,15,137385979,0.802140317319246,0.12962962962963,54,0.0852861649270835,0.993806173961715
CM007904.2_138946334_G_A,15,138946334,0.960294869961571,0.0370370370370371,54,0.0460618164461266,0.997627176381623
CM007904.2_145580581_T_C,15,145580581,0.669670560489269,0.259259259259259,54,-0.122860899826748,0.973469288231965
CM007904.2_147439316_C_T,15,147439316,0.835939842726982,0.212962962962963,54,0.118534670738541,0.993806173961715
CM007904.2_149431914_A_G,15,149431914,0.159718860949086,0.0925925925925926,54,0.57729299997726,0.909430860139716
CM007904.2_149431934_G_A,15,149431934,0.696721016182483,0.166666666666667,54,-0.156700489637615,0.977489196432233
CM007904.2_164897338_A_G,15,164897338,0.336107289427891,0.203703703703704,54,-0.447383086260459,0.917683966300506
CM007904.2_164897480_A_G,15,164897480,0.373617397585883,0.166666666666667,54,-0.303965363640486,0.93368876797512
CM007904.2_169584299_G_C,15,169584299,0.0901047596151619,0.0925925925925926,54,-0.66702797852912,0.829262891395971
CM007904.2_171719597_G_A,15,171719597,0.200713295191985,0.37037037037037,54,0.319497514166343,0.911676624995901
CM007904.2_174053696_C_A,15,174053696,0.99858631676232,0.5,54,-0.000492536046408532,0.99903673909735
CM007904.2_174261608_G_A,15,174261608,0.839488051050069,0.277777777777778,54,-0.0559224587416907,0.993806173961715
CM007904.2_174852675_G_A,15,174852675,0.441257543423308,0.240740740740741,54,-0.369489573749036,0.944020193682184
CM007904.2_174876817_T_C,15,174876817,0.510664837519573,0.203703703703704,54,-0.184690525818866,0.96150645977794
CM007905.2_1516533_T_C,16,1516533,0.535595517168943,0.351851851851852,54,-0.175818988278436,0.968095660323542
CM007905.2_1780185_T_C,16,1780185,0.66399469692096,0.101851851851852,54,0.298723723449484,0.973469288231965
CM007905.2_1780445_T_A,16,1780445,0.944456678765409,0.166666666666667,54,-0.0355524777584151,0.994819956181817
CM007905.2_2193656_A_G,16,2193656,0.558690405797787,0.194444444444444,54,0.285182536136233,0.96901934033147
CM007905.2_2678762_C_T,16,2678762,0.813233789967948,0.25,54,0.121083033903346,0.993806173961715
CM007905.2_2795796_T_C,16,2795796,0.715667675654063,0.388888888888889,54,0.0929437451397632,0.977489196432233
CM007905.2_3628122_A_G,16,3628122,0.546719620072822,0.5,54,-0.154327620149147,0.96901934033147
CM007905.2_3973706_A_G,16,3973706,0.00583449455207517,0.462962962962963,54,-0.614747231284074,0.572244318968361
CM007905.2_4074105_T_C,16,4074105,0.143617746106012,0.0648148148148148,54,1.06841506942351,0.909430860139716
CM007905.2_4395490_C_T,16,4395490,0.835280247061203,0.111111111111111,54,0.155364319543082,0.993806173961715
CM007905.2_4972714_G_A,16,4972714,0.791601929222477,0.259259259259259,54,0.0763685408686001,0.992142544269423
CM007905.2_4983113_T_A,16,4983113,0.42711136869919,0.481481481481482,54,-0.191417286361371,0.943496853324429
CM007905.2_4983866_T_G,16,4983866,0.9112026039372,0.12962962962963,54,0.0407741289732826,0.994819956181817
CM007905.2_6185502_G_A,16,6185502,0.00773711163395869,0.148148148148148,54,-0.91466349487132,0.572244318968361
CM007905.2_6186036_T_C,16,6186036,0.202369204736086,0.25,54,0.740095560838938,0.911676624995901
CM007905.2_7187544_C_T,16,7187544,0.917086753493983,0.481481481481482,54,0.0266633452287124,0.994819956181817
CM007905.2_7188630_T_C,16,7188630,0.915509124553182,0.425925925925926,54,0.0277605479710701,0.994819956181817
CM007905.2_7528956_C_T,16,7528956,0.641102545353292,0.407407407407407,54,-0.1080119045061,0.973469288231965
CM007905.2_7528970_A_T,16,7528970,0.0359623331517259,0.111111111111111,54,-0.688396845044451,0.719373850648435
CM007905.2_7536888_T_A,16,7536888,0.598542498705559,0.444444444444444,54,-0.155458268491188,0.973469288231965
CM007905.2_7750200_G_A,16,7750200,0.791024299073377,0.37037037037037,54,0.0731340457049328,0.992142544269423
CM007905.2_7828389_A_G,16,7828389,0.234465868103451,0.277777777777778,54,0.318665482797911,0.911676624995901
CM007905.2_8089055_G_T,16,8089055,0.276052864037188,0.175925925925926,54,0.590059940271203,0.916893563687994
CM007905.2_8246475_C_T,16,8246475,0.770337975958621,0.481481481481482,54,-0.0700050687948313,0.990272047221419
CM007905.2_8536817_A_G,16,8536817,0.142678362048571,0.166666666666667,54,0.419338055927625,0.909430860139716
CM007905.2_8539636_G_T,16,8539636,0.643817819032401,0.37037037037037,54,-0.119363496056451,0.973469288231965
CM007905.2_8539637_T_C,16,8539637,0.594094433511454,0.259259259259259,54,-0.138595657793147,0.973469288231965
CM007905.2_8540077_T_A,16,8540077,0.239736321003609,0.231481481481482,54,0.514846484556188,0.911676624995901
CM007905.2_8556053_G_C,16,8556053,0.498340992039169,0.0833333333333334,54,0.494219947536067,0.956159446663389
CM007905.2_8565450_A_T,16,8565450,0.3956094560453,0.0925925925925926,54,0.350638446427581,0.943298893050119
CM007905.2_9069979_T_C,16,9069979,0.817353948633279,0.0925925925925926,54,0.0985869147563108,0.993806173961715
CM007905.2_9071534_T_C,16,9071534,0.905396078188032,0.259259259259259,54,-0.0582062130578151,0.994278624231051
CM007905.2_9567609_A_T,16,9567609,0.592339389204439,0.333333333333333,54,0.155033814041261,0.973469288231965
CM007905.2_9677433_T_C,16,9677433,0.930959969788417,0.240740740740741,54,0.0567597176205936,0.994819956181817
CM007905.2_10006444_C_T,16,10006444,0.283701742612695,0.111111111111111,54,-0.406765400996875,0.916893563687994
CM007905.2_10484112_A_G,16,10484112,0.824108485230122,0.259259259259259,54,-0.103961411683599,0.993806173961715
CM007905.2_11358905_C_T,16,11358905,0.760737794909793,0.481481481481482,54,0.0746905961325837,0.986368539199947
CM007905.2_11484576_G_T,16,11484576,0.0396732860537896,0.351851851851852,54,0.555085454147388,0.719373850648435
CM007905.2_13183165_C_A,16,13183165,0.614023065542276,0.0740740740740741,54,0.347637630200779,0.973469288231965
CM007905.2_13603674_G_A,16,13603674,0.868696720306444,0.0833333333333334,54,-0.110837849958784,0.993806173961715
CM007905.2_14381988_T_A,16,14381988,0.0429102842929443,0.148148148148148,54,0.642698525774534,0.719373850648435
CM007905.2_15102493_T_G,16,15102493,0.473397172095997,0.5,54,-0.168951835968166,0.951489973470853
CM007905.2_15616087_A_T,16,15616087,0.880703817501773,0.25,54,0.0783710848181727,0.993806173961715
CM007905.2_15951273_C_T,16,15951273,0.763112665121419,0.259259259259259,54,0.15569701223933,0.986929382646827
CM007905.2_16350353_G_A,16,16350353,0.170096239965514,0.212962962962963,54,-0.639111404232494,0.909430860139716
CM007905.2_17952134_G_A,16,17952134,0.0811606893787924,0.212962962962963,54,-0.856171748349766,0.803614236616884
CM007905.2_18498878_T_C,16,18498878,0.0670738473148143,0.0555555555555556,54,1.32820213180025,0.795712942542995
CM007905.2_18807782_T_A,16,18807782,0.809462328752434,0.166666666666667,54,-0.0804801807525024,0.993806173961715
CM007905.2_18960503_A_G,16,18960503,0.315836545997614,0.0925925925925926,54,0.422394340606616,0.917683966300506
CM007905.2_20232755_C_A,16,20232755,0.0505945553222581,0.101851851851852,54,1.09377520847636,0.740716998635644
CM007905.2_20242298_A_G,16,20242298,0.881152129787606,0.462962962962963,54,0.0382189370687058,0.993806173961715
CM007905.2_20718568_G_A,16,20718568,0.566885451007209,0.12037037037037,54,0.354493372966772,0.96901934033147
CM007905.2_20748255_G_C,16,20748255,0.754804285657175,0.166666666666667,54,-0.0954998397975544,0.984815621631164
CM007905.2_21443768_T_C,16,21443768,0.997319018746927,0.5,54,0.00083893106218369,0.99903673909735
CM007905.2_22797412_T_C,16,22797412,0.0814947098492974,0.203703703703704,54,0.799982366015513,0.803614236616884
CM007905.2_22800954_T_C,16,22800954,0.881977751150202,0.166666666666667,54,0.0458763540612637,0.993806173961715
CM007905.2_23072222_G_C,16,23072222,0.954527081166772,0.5,54,0.0152732074102744,0.995803663942688
CM007905.2_23092115_C_T,16,23092115,0.732009599772502,0.5,54,0.0974568499129465,0.977489196432233
CM007905.2_24943550_G_T,16,24943550,0.318820065230989,0.12037037037037,54,0.539526321237076,0.917683966300506
CM007905.2_27005370_T_C,16,27005370,0.096746570372351,0.0370370370370371,54,-1.42745099169883,0.832488834355325
CM007905.2_27450121_T_G,16,27450121,0.80332207209935,0.138888888888889,54,-0.134108612613659,0.993806173961715
CM007905.2_27943007_T_A,16,27943007,0.695612824616694,0.185185185185185,54,-0.119632609584812,0.977489196432233
CM007905.2_32406459_G_A,16,32406459,0.955923910338374,0.203703703703704,54,-0.0180086403775626,0.995803663942688
CM007905.2_33374463_G_T,16,33374463,0.647375203322434,0.444444444444444,54,-0.118884092168727,0.973469288231965
CM007905.2_36365800_T_G,16,36365800,0.17907943937094,0.25,54,0.623146317938108,0.909430860139716
CM007905.2_36682193_T_C,16,36682193,0.268407307218471,0.240740740740741,54,0.519555175537846,0.911676624995901
CM007905.2_37468269_T_C,16,37468269,0.855149295715711,0.5,54,0.0521672227515921,0.993806173961715
CM007905.2_37523662_C_T,16,37523662,0.206059256417226,0.0925925925925926,54,0.771222745178875,0.911676624995901
CM007905.2_40537924_C_T,16,40537924,0.897433745809107,0.0740740740740741,54,-0.0914183342108572,0.993806173961715
CM007905.2_40537953_C_G,16,40537953,0.360813888525882,0.0833333333333334,54,0.681070217508477,0.923050985871287
CM007905.2_40583168_T_C,16,40583168,0.562305890401949,0.259259259259259,54,-0.324356423660277,0.96901934033147
CM007905.2_42312000_T_C,16,42312000,0.155999488528647,0.0555555555555556,54,-1.03485134518382,0.909430860139716
CM007905.2_45971994_A_G,16,45971994,0.983000048562745,0.259259259259259,54,0.0127513002150863,0.99903673909735
CM007905.2_46402261_A_G,16,46402261,0.494807373579917,0.25,54,-0.332743190744736,0.954332830087179
CM007905.2_46817468_A_G,16,46817468,0.600960420738677,0.148148148148148,54,-0.16930413956527,0.973469288231965
CM007905.2_46989466_C_T,16,46989466,0.824652870829207,0.0740740740740741,54,0.145269508607612,0.993806173961715
CM007905.2_51452856_C_T,16,51452856,0.829575862278479,0.148148148148148,54,-0.0714065086259836,0.993806173961715
CM007905.2_52252170_A_T,16,52252170,0.859915777587284,0.296296296296296,54,0.0446998153766458,0.993806173961715
CM007905.2_53305049_T_G,16,53305049,0.376548692945039,0.0925925925925926,54,0.547889831107,0.93368876797512
CM007905.2_55436549_T_A,16,55436549,0.194050540815919,0.259259259259259,54,0.683085596403487,0.911676624995901
CM007905.2_57704505_A_G,16,57704505,0.0502304049330859,0.0462962962962963,54,-1.45598847205065,0.740716998635644
CM007905.2_57705080_C_T,16,57705080,0.872302529069607,0.166666666666667,54,0.0912502888767222,0.993806173961715
CM007905.2_57705229_G_T,16,57705229,0.708966853245335,0.101851851851852,54,0.213761410886832,0.977489196432233
CM007905.2_61363594_T_C,16,61363594,0.933358700507126,0.166666666666667,54,0.0280793297616242,0.994819956181817
CM007905.2_61403082_C_T,16,61403082,0.00477235091910913,0.222222222222222,54,1.29709643430613,0.572244318968361
CM007905.2_61914665_G_A,16,61914665,0.527597943554968,0.0925925925925926,54,-0.366419932438816,0.968095660323542
CM007905.2_62505521_C_T,16,62505521,0.163151659410499,0.277777777777778,54,-0.34992351740361,0.909430860139716
CM007905.2_64052551_T_C,16,64052551,0.449394916044961,0.12962962962963,54,-0.26778436647993,0.944020193682184
CM007905.2_64053003_T_A,16,64053003,0.84683848671249,0.240740740740741,54,0.0899971146273515,0.993806173961715
CM007905.2_65857968_A_G,16,65857968,0.999955465221822,0.185185185185185,54,-1.92095729971697e-05,0.999955465221822
CM007905.2_69022665_A_G,16,69022665,0.0792115839715171,0.185185185185185,54,0.881444776606372,0.803614236616884
CM007905.2_69468175_C_G,16,69468175,0.424008212308291,0.425925925925926,54,-0.176507047935445,0.943496853324429
CM007905.2_72535188_T_C,16,72535188,0.284299290737738,0.5,54,-0.265525768641552,0.916893563687994
CM007905.2_73811216_C_T,16,73811216,0.866391771317971,0.194444444444444,54,0.0836265126663989,0.993806173961715
CM007905.2_73829702_A_G,16,73829702,0.615918547652999,0.240740740740741,54,-0.236332116208644,0.973469288231965
CM007905.2_98430272_T_C,16,98430272,0.41456345073007,0.203703703703704,54,-0.223415169053396,0.943496853324429
CM007905.2_100477840_G_T,16,100477840,0.0383525028583843,0.148148148148148,54,-0.623468672240676,0.719373850648435
CM007905.2_105636448_T_A,16,105636448,0.503784104583512,0.444444444444444,54,0.257012864625253,0.961042457357253
CM007905.2_107537816_G_T,16,107537816,0.118952064920435,0.259259259259259,54,0.376742431716607,0.893433550080572
CM007905.2_109766912_G_T,16,109766912,0.538556906138444,0.0740740740740741,54,0.473725968101917,0.968790930912464
CM007905.2_110342286_T_G,16,110342286,0.289907816153067,0.25,54,0.561487878965636,0.917683966300506
CM007905.2_110705879_A_G,16,110705879,0.930701153462152,0.240740740740741,54,-0.0470307759015895,0.994819956181817
CM007905.2_112800801_G_A,16,112800801,1.58115537809482e-11,0.0555555555555556,54,3.90378386702039,1.75350131430715e-08
CM007905.2_114986240_G_A,16,114986240,0.0941983215025599,0.111111111111111,54,0.573322128445056,0.831349031961661
CM007905.2_115527010_T_A,16,115527010,0.493467775946152,0.0648148148148148,54,-0.549692906934752,0.953407253526624
CM007905.2_115903254_T_C,16,115903254,0.613944143959956,0.0740740740740741,54,-0.209581194849022,0.973469288231965
CM007905.2_117235753_G_A,16,117235753,0.243054519045553,0.231481481481482,54,-0.502680352605125,0.911676624995901
CM007905.2_118398630_A_G,16,118398630,0.559701361417124,0.296296296296296,54,-0.14407916715264,0.96901934033147
CM007905.2_119149300_G_A,16,119149300,0.714181204909999,0.25,54,0.174065863035452,0.977489196432233
CM007905.2_120062394_T_C,16,120062394,0.483362148927241,0.259259259259259,54,0.383969935133678,0.951489973470853
CM007905.2_122421906_A_T,16,122421906,0.828280357826701,0.0740740740740741,54,-0.157881362254784,0.993806173961715
CM007905.2_123070607_T_C,16,123070607,0.0473611486439284,0.259259259259259,54,1.0319043750244,0.724462259946435
CM007905.2_123155983_T_C,16,123155983,0.2774920159044,0.259259259259259,54,-0.336998886341661,0.916893563687994
CM007905.2_123180309_A_T,16,123180309,0.590511977914355,0.5,54,-0.153916914324757,0.973469288231965
CM007905.2_124385990_T_G,16,124385990,0.47373922823161,0.185185185185185,54,0.213470411250483,0.951489973470853
CM007905.2_127396972_C_A,16,127396972,0.0634500029871364,0.240740740740741,54,-0.851915227477946,0.788675843919188
CM007905.2_133354776_G_C,16,133354776,0.059696277578831,0.25,54,1.00635378852519,0.788675843919188
CM007905.2_133717950_C_G,16,133717950,0.605245800668395,0.0555555555555556,54,-0.408847667580858,0.973469288231965
CM007905.2_135089354_G_T,16,135089354,0.00472502158763573,0.0833333333333334,54,1.6960939731465,0.572244318968361
CM007905.2_135315286_C_G,16,135315286,0.291322608409221,0.481481481481482,54,0.246502853523069,0.917683966300506
CM007905.2_135536929_C_T,16,135536929,0.675842191179288,0.148148148148148,54,0.224319077781615,0.973469288231965
CM007905.2_136841408_T_C,16,136841408,0.8337342150556,0.148148148148148,54,0.0682512046485044,0.993806173961715
CM007905.2_137840407_G_C,16,137840407,0.742312015152278,0.25,54,-0.150543572282402,0.978688960231014
CM007905.2_139141716_A_G,16,139141716,0.0629646364830949,0.481481481481482,54,0.497207987553082,0.788675843919188
CM007905.2_139354361_G_A,16,139354361,0.629056282765709,0.0462962962962963,54,-0.44711650392037,0.973469288231965
CM007905.2_139803042_A_C,16,139803042,0.603934963601401,0.25,54,0.247250966684931,0.973469288231965
CM007905.2_139803072_G_T,16,139803072,0.162997629883044,0.166666666666667,54,0.461020999072616,0.909430860139716
CM007905.2_140770065_A_T,16,140770065,0.325788063752881,0.5,54,-0.254696342339969,0.917683966300506
CM007905.2_142183236_C_A,16,142183236,0.814178579180238,0.0740740740740741,54,-0.15707432800491,0.993806173961715
CM007905.2_142694517_A_G,16,142694517,0.816723560808726,0.157407407407407,54,-0.123867870507979,0.993806173961715
CM007905.2_143050716_A_G,16,143050716,0.720930932388418,0.148148148148148,54,0.177784168979372,0.977489196432233
CM007905.2_143896530_G_A,16,143896530,0.0357967859611575,0.148148148148148,54,-0.741959277244661,0.719373850648435
CM007905.2_144083771_C_T,16,144083771,0.039388749116032,0.148148148148148,54,0.703037156904941,0.719373850648435
CM007905.2_144102104_A_T,16,144102104,0.692643617962488,0.481481481481482,54,-0.100108918490804,0.977489196432233
CM007905.2_147636837_A_C,16,147636837,0.577186591631292,0.212962962962963,54,0.27347159252588,0.973469288231965
CM007905.2_148143352_A_T,16,148143352,0.3532407948381,0.25,54,-0.444921128424369,0.917683966300506
CM007905.2_148770291_C_T,16,148770291,0.354443441221676,0.0555555555555556,54,-0.673324123332122,0.917683966300506
CM007905.2_150323226_C_A,16,150323226,0.564704968000733,0.425925925925926,54,0.139156223711922,0.96901934033147
CM007905.2_152329220_C_T,16,152329220,0.997298317419466,0.185185185185185,54,-0.00103266289136172,0.99903673909735
CM007905.2_153774980_G_A,16,153774980,0.73269304705482,0.481481481481482,54,-0.103386578159132,0.977489196432233
CM007905.2_154329201_C_T,16,154329201,0.627791801227219,0.166666666666667,54,-0.15387437015977,0.973469288231965
CM007905.2_154895655_G_T,16,154895655,0.845288340925118,0.0370370370370371,54,-0.171615320443834,0.993806173961715
CM007905.2_159506708_G_T,16,159506708,0.74234182007825,0.148148148148148,54,-0.126272715517814,0.978688960231014
CM007905.2_162173387_A_G,16,162173387,0.728896890633117,0.462962962962963,54,-0.0875655534097177,0.977489196432233
CM007905.2_162178451_G_T,16,162178451,0.884639759633304,0.314814814814815,54,0.0407727580313235,0.993806173961715
CM007905.2_162349777_T_C,16,162349777,0.914622533503743,0.25,54,0.0519423150195166,0.994819956181817
CM007905.2_162569141_A_T,16,162569141,0.995478905541429,0.462962962962963,54,0.00150602830615298,0.99903673909735
CM007905.2_164198439_A_G,16,164198439,0.11863160593822,0.259259259259259,54,0.811761046381662,0.893433550080572
CM007905.2_166007011_T_C,16,166007011,0.0828724981938381,0.462962962962963,54,0.410544603931736,0.803614236616884
CM007905.2_166370487_C_T,16,166370487,0.576412768955384,0.5,54,-0.138711053119101,0.973469288231965
CM007905.2_167314476_T_C,16,167314476,0.188399497636023,0.240740740740741,54,-0.389972093474171,0.911676624995901
CM007905.2_167828395_T_C,16,167828395,0.138764999559515,0.240740740740741,54,-0.474014710762788,0.902582900360714
CM007905.2_168463487_A_G,16,168463487,0.739057060186389,0.203703703703704,54,-0.105323645440592,0.977489196432233
CM007905.2_171052576_C_T,16,171052576,0.00674499427228122,0.481481481481482,54,-0.70140279999579,0.572244318968361
CM007905.2_171459862_T_C,16,171459862,0.508801542625933,0.203703703703704,54,0.176231752693951,0.96150645977794
CM007905.2_172197623_C_A,16,172197623,0.889107712195562,0.222222222222222,54,-0.0377895201174567,0.993806173961715
CM007905.2_172254551_G_A,16,172254551,0.0524831067864849,0.25,54,-0.986900086589173,0.76083353498316
CM007905.2_172510435_C_T,16,172510435,0.587387125262571,0.259259259259259,54,0.268206287416831,0.973469288231965
CM007905.2_172513450_T_C,16,172513450,0.628432591318238,0.240740740740741,54,0.247122313881675,0.973469288231965
CM007905.2_174087839_C_A,16,174087839,0.210304180981094,0.185185185185185,54,-0.588733861870821,0.911676624995901
CM007905.2_176545448_G_A,16,176545448,0.234419315743556,0.166666666666667,54,-0.379598150185984,0.911676624995901
CM007905.2_178645125_A_G,16,178645125,0.0566154477772096,0.148148148148148,54,-1.06701306280343,0.783488288947278
CM007905.2_178875374_A_G,16,178875374,0.970207857388237,0.138888888888889,54,0.0184509147193239,0.99903673909735
CM007905.2_179730506_T_C,16,179730506,0.672276834940619,0.12037037037037,54,0.243337254949552,0.973469288231965
CM007905.2_181034654_A_T,16,181034654,0.0600627601119131,0.481481481481482,54,-0.444254004634427,0.788675843919188
CM007905.2_181548745_T_A,16,181548745,0.986505773478995,0.25,54,-0.00778173288603057,0.99903673909735
CM007905.2_181670441_G_A,16,181670441,0.28930483570438,0.194444444444444,54,-0.513237375318397,0.917683966300506
CM007905.2_182748900_T_C,16,182748900,0.430536397807425,0.111111111111111,54,-0.439578595300645,0.943496853324429
CM007905.2_183296346_A_G,16,183296346,0.99763582339276,0.222222222222222,54,-0.00150944545339371,0.99903673909735
CM007905.2_183640540_T_C,16,183640540,0.0467041634325404,0.231481481481482,54,1.11365951327048,0.719373850648435
CM007905.2_185359413_A_C,16,185359413,0.242024207000044,0.481481481481482,54,0.322974761708423,0.911676624995901
CM007905.2_185710626_G_T,16,185710626,0.884759405677759,0.5,54,-0.0371737139165162,0.993806173961715
CM007905.2_185715792_A_G,16,185715792,0.316718161472264,0.5,54,0.258420136811779,0.917683966300506
CM007905.2_185826830_A_G,16,185826830,0.0690106885392034,0.0555555555555556,54,-1.29167574213898,0.795712942542995
CM007905.2_185826908_T_C,16,185826908,0.300948132071764,0.481481481481482,54,0.280704874363266,0.917683966300506
CM007905.2_186220488_T_C,16,186220488,0.440158902577194,0.166666666666667,54,0.24473588199217,0.944020193682184
CM007905.2_186276836_C_A,16,186276836,0.149667208419549,0.148148148148148,54,0.534224270888041,0.909430860139716
CM007905.2_188387751_G_C,16,188387751,0.781657584328295,0.111111111111111,54,0.111855110937483,0.990797484715478
CM007905.2_188768273_C_T,16,188768273,0.215738035200561,0.0740740740740741,54,-0.57330984143357,0.911676624995901
CM007905.2_189094360_A_G,16,189094360,0.47429395203322,0.5,54,-0.190982466574553,0.951489973470853
CM007905.2_191531675_G_A,16,191531675,0.0108772975895489,0.12037037037037,54,-1.30025927208681,0.625160307967842
CM007905.2_193471685_G_C,16,193471685,0.98116425869187,0.222222222222222,54,0.00699612803968819,0.99903673909735
CM007905.2_193563668_C_T,16,193563668,0.898277624461642,0.240740740740741,54,0.0610507813241838,0.993806173961715
CM007905.2_194075751_T_A,16,194075751,0.492264985626155,0.481481481481482,54,0.173930805595944,0.953407253526624
CM007905.2_194504221_G_A,16,194504221,0.837065754562932,0.333333333333333,54,-0.0533325917959928,0.993806173961715
CM007905.2_194738158_T_C,16,194738158,0.730000183779762,0.259259259259259,54,0.175923337182326,0.977489196432233
CM007905.2_194871165_A_T,16,194871165,0.657531545658814,0.203703703703704,54,0.161722836309622,0.973469288231965
CM007905.2_195055590_C_A,16,195055590,0.138572397980322,0.277777777777778,54,0.408540434060001,0.902582900360714
CM007905.2_196388592_G_A,16,196388592,0.100151508013736,0.25,54,0.783374699699436,0.837310962271733
CM007905.2_197533919_T_C,16,197533919,0.158459978387165,0.0925925925925926,54,-0.820083275704633,0.909430860139716
CM007905.2_198359227_T_C,16,198359227,0.533522754278997,0.425925925925926,54,-0.150467222282828,0.968095660323542
CM007905.2_198359246_C_T,16,198359246,0.387973294644911,0.0740740740740741,54,-0.543233610147922,0.941031437898507
CM007905.2_198705718_A_C,16,198705718,0.769044505184177,0.462962962962963,54,0.0691639859385518,0.989983002030472
CM007905.2_199426373_T_C,16,199426373,0.323318980331389,0.444444444444444,54,-0.242685286970385,0.917683966300506
CM007905.2_199512922_T_G,16,199512922,0.245115856565693,0.388888888888889,54,0.259651735253527,0.911676624995901
CM007905.2_199695547_A_G,16,199695547,0.9525245371404,0.148148148148148,54,-0.0185704117267562,0.995803663942688
CM007905.2_200049682_C_T,16,200049682,0.0849101272738978,0.111111111111111,54,0.937389248129875,0.80383030665737
CM007905.2_200417032_T_C,16,200417032,0.101734230169444,0.194444444444444,54,-0.843186353905139,0.837310962271733
CM007905.2_201088063_T_C,16,201088063,0.955559574950726,0.407407407407407,54,-0.0174545283263967,0.995803663942688
CM007905.2_201133872_T_A,16,201133872,0.739507155822041,0.5,54,0.090835980591109,0.977489196432233
CM007905.2_201137739_T_G,16,201137739,0.683927990905931,0.185185185185185,54,0.140915176423221,0.976678229527867
CM007905.2_201286676_T_C,16,201286676,0.717896744600993,0.388888888888889,54,0.0960426118276132,0.977489196432233
CM007905.2_201287203_C_A,16,201287203,0.174756955411919,0.0555555555555556,54,1.0612371702241,0.909430860139716
CM007905.2_201301048_C_A,16,201301048,0.296891670753149,0.0925925925925926,54,-0.652242593625147,0.917683966300506
CM007905.2_201425562_A_C,16,201425562,0.690554735589106,0.25,54,-0.203489940529494,0.977489196432233
CM007905.2_201540667_T_A,16,201540667,0.297643169969091,0.481481481481482,54,-0.229827311993073,0.917683966300506
CM007905.2_202224693_A_C,16,202224693,0.837757127361799,0.222222222222222,54,-0.0558890508371519,0.993806173961715
CM007905.2_202767994_C_T,16,202767994,0.157565830094736,0.462962962962963,54,0.308020046161225,0.909430860139716
CM007905.2_203134566_C_A,16,203134566,0.215255067177173,0.462962962962963,54,0.297592492292566,0.911676624995901
CM007905.2_203173635_A_T,16,203173635,0.754226826184983,0.148148148148148,54,0.160966089050987,0.984815621631164
CM007905.2_203321181_T_C,16,203321181,0.451271810909701,0.0648148148148148,54,-0.66617359316956,0.944020193682184
CM007905.2_203463188_A_T,16,203463188,0.10184187025653,0.166666666666667,54,0.547836754917427,0.837310962271733
CM007905.2_205853955_G_C,16,205853955,0.59868813323928,0.111111111111111,54,-0.186776377883291,0.973469288231965
CM007905.2_206027066_T_C,16,206027066,0.924340470853179,0.481481481481482,54,0.0291493209242901,0.994819956181817
CM007906.2_507465_G_C,17,507465,0.340648190640289,0.240740740740741,54,-0.432850960123687,0.917683966300506
CM007906.2_564636_C_G,17,564636,0.571432142786814,0.5,54,0.129748539196967,0.971960500537694
CM007906.2_1267465_G_A,17,1267465,0.919830351616273,0.101851851851852,54,-0.0577356324874927,0.994819956181817
CM007906.2_1458708_T_G,17,1458708,0.232887600795653,0.259259259259259,54,-0.553637408816428,0.911676624995901
CM007906.2_1540621_T_C,17,1540621,0.536411798284621,0.222222222222222,54,-0.296903926399636,0.968095660323542
CM007906.2_1690046_T_G,17,1690046,0.824467807133821,0.111111111111111,54,-0.0783410132539188,0.993806173961715
CM007906.2_1690131_A_T,17,1690131,0.990470421575634,0.231481481481482,54,-0.00559902739144036,0.99903673909735
CM007906.2_1723397_C_T,17,1723397,0.884352648328072,0.0925925925925926,54,0.0895168410891074,0.993806173961715
CM007906.2_1723437_A_T,17,1723437,0.608669888270131,0.25,54,-0.262460497006032,0.973469288231965
CM007906.2_1775287_G_A,17,1775287,0.656158396303364,0.25,54,0.208837455008961,0.973469288231965
CM007906.2_2227739_C_G,17,2227739,0.941337490310153,0.12962962962963,54,0.0493536120427507,0.994819956181817
CM007906.2_2669841_G_A,17,2669841,0.611759155897114,0.25,54,-0.258095269171747,0.973469288231965
CM007906.2_3027842_C_T,17,3027842,0.858100923721155,0.259259259259259,54,-0.0920249093309167,0.993806173961715
CM007906.2_3202205_A_G,17,3202205,0.227034555077883,0.222222222222222,54,0.553573289674887,0.911676624995901
CM007906.2_3203904_A_C,17,3203904,0.209795127328649,0.240740740740741,54,-0.573115744040422,0.911676624995901
CM007906.2_4238801_A_G,17,4238801,0.997185200725698,0.277777777777778,54,0.00101761331376338,0.99903673909735
CM007906.2_4480516_T_C,17,4480516,0.461891211962889,0.25,54,-0.41707616098563,0.94909379752293
CM007906.2_4558753_T_C,17,4558753,0.515161278770427,0.0833333333333334,54,-0.422007614641188,0.964242798576209
CM007906.2_5479986_T_C,17,5479986,0.358449299419631,0.12037037037037,54,0.548168776965099,0.920989661663917
CM007906.2_7424937_T_C,17,7424937,0.457325724046483,0.259259259259259,54,-0.206831779898039,0.944458525079235
CM007906.2_8460517_T_C,17,8460517,0.450420070839822,0.185185185185185,54,0.218358479851162,0.944020193682184
CM007906.2_9061535_C_T,17,9061535,0.774061736944455,0.462962962962963,54,0.0687400878891111,0.990797484715478
CM007906.2_9097364_T_C,17,9097364,0.678339782518004,0.185185185185185,54,0.142152982137503,0.975553384181442
CM007906.2_10740141_C_T,17,10740141,0.672089698991062,0.185185185185185,54,-0.191969454001651,0.973469288231965
CM007906.2_10812806_G_T,17,10812806,0.259709614078597,0.240740740740741,54,0.588960253406071,0.911676624995901
CM007906.2_10881014_G_T,17,10881014,0.596701402258691,0.0925925925925926,54,-0.314840323582757,0.973469288231965
CM007906.2_11001751_C_T,17,11001751,0.116925984265114,0.5,54,-0.417947046143475,0.893433550080572
CM007906.2_11462307_G_T,17,11462307,0.0151491027561206,0.462962962962963,54,-0.639744294561893,0.668397124651593
CM007906.2_12470414_T_G,17,12470414,0.308438897864442,0.462962962962963,54,-0.25831120533455,0.917683966300506
CM007906.2_12480084_G_T,17,12480084,0.91417462017428,0.25,54,-0.0549567774589832,0.994819956181817
CM007906.2_13068668_T_C,17,13068668,0.630842029162408,0.111111111111111,54,0.204562702607006,0.973469288231965
CM007906.2_14234204_A_G,17,14234204,0.185754804706259,0.25,54,-0.643391244648228,0.911676624995901
CM007906.2_14601450_G_A,17,14601450,0.34899369676032,0.166666666666667,54,0.473413616604432,0.917683966300506
CM007906.2_14836898_G_A,17,14836898,0.891709223901325,0.444444444444444,54,0.0342174481128126,0.993806173961715
CM007906.2_14836964_C_A,17,14836964,0.13055287755677,0.185185185185185,54,0.469319367591403,0.902582900360714
CM007906.2_16530918_G_A,17,16530918,0.645408128272248,0.111111111111111,54,0.193788767852141,0.973469288231965
CM007906.2_17774759_A_C,17,17774759,0.151307090114295,0.0833333333333334,54,0.859032638362351,0.909430860139716
CM007906.2_17789394_C_T,17,17789394,0.529695369123066,0.240740740740741,54,0.167157434520504,0.968095660323542
CM007906.2_17986501_C_T,17,17986501,0.424780644127959,0.481481481481482,54,0.212602672057415,0.943496853324429
CM007906.2_18002679_A_G,17,18002679,0.419635810318369,0.166666666666667,54,-0.262773792759361,0.943496853324429
CM007906.2_18118131_A_G,17,18118131,0.580513508346628,0.314814814814815,54,-0.160385439076482,0.973469288231965
CM007906.2_18571051_G_A,17,18571051,0.209094375335935,0.444444444444444,54,0.286731903282728,0.911676624995901
CM007906.2_18875538_A_T,17,18875538,0.519724046152389,0.5,54,-0.169572125254106,0.966259794103939
CM007906.2_19694278_G_A,17,19694278,0.303784573937004,0.185185185185185,54,-0.297270395566358,0.917683966300506
CM007906.2_20065023_C_T,17,20065023,0.519565449082674,0.194444444444444,54,0.33501100558135,0.966259794103939
CM007906.2_20844369_C_G,17,20844369,0.419476894743533,0.166666666666667,54,-0.248270432287484,0.943496853324429
CM007906.2_20848567_A_G,17,20848567,0.433532711442141,0.12037037037037,54,0.51799277880184,0.943496853324429
CM007906.2_22526904_A_G,17,22526904,0.0985151739244459,0.5,54,0.361027395852412,0.837190251970962
CM007906.2_23928367_G_T,17,23928367,0.422685564864491,0.0740740740740741,54,0.52579134584073,0.943496853324429
CM007906.2_25067296_A_T,17,25067296,0.774430286803106,0.203703703703704,54,0.13704335105399,0.990797484715478
CM007906.2_25310199_G_A,17,25310199,0.567641446564304,0.101851851851852,54,0.337352004579202,0.969229198213724
CM007906.2_25559097_A_G,17,25559097,0.409117449724537,0.12962962962963,54,0.479028991629207,0.943496853324429
CM007906.2_25559595_C_T,17,25559595,0.856007908687471,0.5,54,-0.0464428700708481,0.993806173961715
CM007906.2_28699789_A_G,17,28699789,0.479627624573425,0.222222222222222,54,0.344425670748024,0.951489973470853
CM007906.2_28890933_T_C,17,28890933,0.565972646847205,0.481481481481482,54,-0.151641870580761,0.96901934033147
CM007906.2_29783433_A_G,17,29783433,0.0942947688548472,0.111111111111111,54,0.695389879500567,0.831349031961661
CM007906.2_31628284_C_A,17,31628284,0.32402241125007,0.222222222222222,54,-0.498118243208296,0.917683966300506
CM007906.2_31651404_T_G,17,31651404,0.692038499882695,0.0555555555555556,54,0.211838878853598,0.977489196432233
CM007906.2_33222969_A_T,17,33222969,0.221719434110947,0.444444444444444,54,0.302745789206071,0.911676624995901
CM007906.2_33282272_C_T,17,33282272,0.34572319902247,0.231481481481482,54,0.462673466382057,0.917683966300506
CM007906.2_34209713_A_G,17,34209713,0.0345912865115823,0.5,54,-0.661498984642492,0.719373850648435
CM007906.2_34289717_C_T,17,34289717,0.226573855141193,0.425925925925926,54,0.344326483971336,0.911676624995901
CM007906.2_34299754_C_A,17,34299754,0.574001560078488,0.185185185185185,54,-0.166858405061149,0.973469288231965
CM007906.2_37557188_A_T,17,37557188,0.107283832458516,0.111111111111111,54,-0.630747429080799,0.858824811479382
CM007906.2_38132699_T_C,17,38132699,0.380561460973157,0.148148148148148,54,0.279036868584313,0.934756722523213
CM007906.2_38673740_T_G,17,38673740,0.189466844643874,0.12962962962963,54,0.453591878777985,0.911676624995901
CM007906.2_38988181_A_T,17,38988181,0.952885585709838,0.0740740740740741,54,0.0343870711117233,0.995803663942688
CM007906.2_40214084_A_T,17,40214084,0.253463019715656,0.25,54,0.605610810684993,0.911676624995901
CM007906.2_40222243_T_G,17,40222243,0.650837105081881,0.138888888888889,54,-0.259874330513981,0.973469288231965
CM007906.2_42046023_T_C,17,42046023,0.102989940033854,0.222222222222222,54,-0.466178240325149,0.837310962271733
CM007906.2_44508228_A_C,17,44508228,0.69848013395776,0.462962962962963,54,-0.0870827550111635,0.977489196432233
CM007906.2_45391480_G_A,17,45391480,0.583805536693041,0.0462962962962963,54,-0.415080867290271,0.973469288231965
CM007906.2_47713628_T_C,17,47713628,0.883240968798375,0.203703703703704,54,-0.0750433156307508,0.993806173961715
CM007906.2_48592307_C_T,17,48592307,0.209222730420058,0.25,54,-0.630866292892279,0.911676624995901
CM007906.2_49592738_C_T,17,49592738,0.416754568583426,0.5,54,0.245502775448756,0.943496853324429
CM007906.2_50319924_C_A,17,50319924,0.644570403129535,0.157407407407407,54,0.255478301715129,0.973469288231965
CM007906.2_54634803_G_A,17,54634803,0.922013700002007,0.148148148148148,54,0.0490061850715051,0.994819956181817
CM007906.2_54634929_C_G,17,54634929,0.223521232800988,0.166666666666667,54,0.574336530597748,0.911676624995901
CM007906.2_54640739_A_T,17,54640739,0.631822439701791,0.194444444444444,54,-0.251087876039435,0.973469288231965
CM007906.2_56045243_T_C,17,56045243,0.964389005036054,0.138888888888889,54,-0.0243302097355809,0.99903673909735
CM007906.2_58904828_A_T,17,58904828,0.978823244818392,0.0833333333333334,54,-0.0159596612909354,0.99903673909735
CM007906.2_59151545_C_T,17,59151545,0.251037940510937,0.12962962962963,54,0.563925405137581,0.911676624995901
CM007906.2_59882966_A_G,17,59882966,0.635165425494619,0.185185185185185,54,0.14295178525893,0.973469288231965
CM007906.2_60067982_C_T,17,60067982,0.504297742455107,0.166666666666667,54,0.380257753982505,0.961042457357253
CM007906.2_60539755_T_C,17,60539755,0.357242476531575,0.462962962962963,54,-0.219363961875455,0.91921556026338
CM007906.2_60541546_A_G,17,60541546,0.284426899813147,0.259259259259259,54,-0.605019413942955,0.916893563687994
CM007906.2_64847073_T_A,17,64847073,0.450618044548895,0.12037037037037,54,0.451108942995347,0.944020193682184
CM007906.2_65201557_G_A,17,65201557,0.488139852601217,0.25,54,0.365485863176445,0.953199166560154
CM007906.2_65400546_G_A,17,65400546,0.504785600911271,0.111111111111111,54,0.23961509267312,0.961042457357253
CM007906.2_67570361_C_T,17,67570361,0.530688011790477,0.12962962962963,54,0.218344717227524,0.968095660323542
CM007906.2_67574843_T_A,17,67574843,0.712140789300268,0.0833333333333334,54,0.253704695957254,0.977489196432233
CM007906.2_70028200_C_T,17,70028200,0.39310267048221,0.12962962962963,54,-0.337765575406564,0.943035109998434
CM007906.2_70664370_C_T,17,70664370,0.171867075969192,0.0740740740740741,54,-0.582502560823229,0.909430860139716
CM007906.2_70664392_T_C,17,70664392,0.493094868163372,0.0462962962962963,54,0.563301395939561,0.953407253526624
CM007906.2_77645734_G_A,17,77645734,0.884755563358435,0.0740740740740741,54,0.0947391729781657,0.993806173961715
CM007906.2_78072594_C_G,17,78072594,0.529841199007563,0.259259259259259,54,-0.165660290105251,0.968095660323542
CM007906.2_79027046_T_A,17,79027046,0.694996973490553,0.0740740740740741,54,-0.160559354573138,0.977489196432233
CM007906.2_79636234_G_A,17,79636234,0.0975506166574335,0.5,54,0.451049043147833,0.832488834355325
CM007906.2_83680308_C_A,17,83680308,0.221016181228101,0.240740740740741,54,0.670404555439745,0.911676624995901
CM007906.2_85122941_C_G,17,85122941,0.68063332438084,0.101851851851852,54,-0.232672654309113,0.976484290735254
CM007906.2_94933676_A_G,17,94933676,0.560542069896499,0.277777777777778,54,0.162196792410455,0.96901934033147
CM007906.2_95220250_T_C,17,95220250,0.296211423279682,0.296296296296296,54,-0.293251805239876,0.917683966300506
CM007906.2_95423696_G_T,17,95423696,0.00193382643339807,0.0925925925925926,54,1.80544031551892,0.564384872081481
CM007906.2_96822396_G_T,17,96822396,0.0135348941243105,0.0925925925925926,54,-0.934545074226378,0.652617286254799
CM007906.2_98207362_C_A,17,98207362,0.219876333941458,0.5,54,-0.382662302474472,0.911676624995901
CM007906.2_106721601_G_T,17,106721601,0.421621548925887,0.111111111111111,54,0.323272841759547,0.943496853324429
CM007906.2_112622139_T_C,17,112622139,0.404753633626699,0.481481481481482,54,0.217963717805823,0.943496853324429
CM007906.2_115141430_T_A,17,115141430,0.535743887618806,0.259259259259259,54,-0.303881064216682,0.968095660323542
CM007906.2_117574600_G_T,17,117574600,0.0621793647721014,0.0555555555555556,54,-1.4590071505279,0.788675843919188
CM007906.2_125526866_G_T,17,125526866,0.586368825494202,0.231481481481482,54,0.274253076615082,0.973469288231965
CM007906.2_125527011_C_A,17,125527011,0.597138099238766,0.148148148148148,54,-0.175990159164428,0.973469288231965
CM007906.2_126145460_C_T,17,126145460,0.016277982073733,0.0740740740740741,54,-0.967850906981994,0.683381050901559
CM007906.2_131315616_G_A,17,131315616,0.349136259590646,0.444444444444444,54,-0.222010568380284,0.917683966300506
CM007906.2_131758761_G_A,17,131758761,0.62541582685516,0.0648148148148148,54,-0.3338839679991,0.973469288231965
CM007906.2_134338545_A_G,17,134338545,0.815400806085293,0.5,54,0.0659479677919421,0.993806173961715
CM007906.2_140427677_T_A,17,140427677,0.378624804197145,0.101851851851852,54,-0.50325351425829,0.93368876797512
CM007906.2_142388882_A_G,17,142388882,0.987099397956733,0.481481481481482,54,0.0040529402273819,0.99903673909735
CM007906.2_143935831_A_G,17,143935831,0.456442656431441,0.185185185185185,54,0.224501995950902,0.944458525079235
CM007906.2_143940612_A_G,17,143940612,0.215529275098827,0.12037037037037,54,0.74442493634524,0.911676624995901
CM007906.2_145515393_T_C,17,145515393,0.258875633636735,0.277777777777778,54,0.313390196479489,0.911676624995901
CM007906.2_147355232_G_A,17,147355232,0.985236307126166,0.240740740740741,54,-0.00531273181277925,0.99903673909735
CM007906.2_150735443_C_T,17,150735443,0.549585126494429,0.5,54,-0.171426563677826,0.96901934033147
CM007906.2_152095297_T_C,17,152095297,0.733647737736852,0.231481481481482,54,-0.182540716946789,0.977489196432233
CM007906.2_153466442_G_T,17,153466442,0.045089380643838,0.5,54,-0.570175596726017,0.719373850648435
CM007906.2_160763705_A_G,17,160763705,0.953884415282418,0.0925925925925926,54,0.040142454700117,0.995803663942688
CM007906.2_162038591_G_A,17,162038591,9.48270189286394e-06,0.231481481481482,54,-1.96991682547059,0.00525815819959305
CM007906.2_162316010_C_T,17,162316010,0.386670783828923,0.481481481481482,54,0.242383707604787,0.941031437898507
CM007906.2_170712328_A_G,17,170712328,0.9741650790119,0.111111111111111,54,0.0157904023574815,0.99903673909735
CM007906.2_171504621_A_T,17,171504621,0.432414307834758,0.222222222222222,54,0.22906746598207,0.943496853324429
CM007906.2_172098674_A_G,17,172098674,0.211617606430187,0.222222222222222,54,-0.368203356053982,0.911676624995901
CM007906.2_176480970_G_C,17,176480970,0.599009845495103,0.333333333333333,54,-0.145209441012838,0.973469288231965
CM007906.2_178749958_C_T,17,178749958,0.0941806483772778,0.462962962962963,54,-0.397430185049529,0.831349031961661
CM007906.2_178912240_C_A,17,178912240,0.215880182290885,0.185185185185185,54,0.434929839690739,0.911676624995901
CM007906.2_178944271_T_C,17,178944271,0.473892915285483,0.5,54,-0.181393146955187,0.951489973470853
CM007906.2_179149730_A_G,17,179149730,0.587638761433744,0.259259259259259,54,0.270989969279583,0.973469288231965
CM007906.2_181277376_C_T,17,181277376,0.764654948779647,0.407407407407407,54,0.0892570753762243,0.987772088755536
CM007906.2_183255912_G_T,17,183255912,0.667992849113692,0.25,54,-0.232812449720541,0.973469288231965
CM007906.2_183499664_A_G,17,183499664,0.24689111346829,0.240740740740741,54,-0.537047022945217,0.911676624995901
CM007906.2_183707168_G_C,17,183707168,0.754154946320497,0.407407407407407,54,-0.091542045530467,0.984815621631164
CM007906.2_183707766_T_C,17,183707766,0.82526997209255,0.351851851851852,54,0.0617738317720153,0.993806173961715
CM007906.2_186020093_C_G,17,186020093,0.493274106745295,0.388888888888889,54,0.165607759977377,0.953407253526624
CM007906.2_186492594_T_A,17,186492594,0.708900331870653,0.25,54,-0.209069060144088,0.977489196432233
CM007906.2_188576780_C_A,17,188576780,0.313767038252918,0.25,54,-0.520317823750474,0.917683966300506
CM007906.2_188644288_G_T,17,188644288,0.955992005184492,0.425925925925926,54,-0.0143755821054867,0.995803663942688
CM007906.2_190005447_C_A,17,190005447,0.478728437793349,0.240740740740741,54,0.392810466674632,0.951489973470853
CM007906.2_190561063_C_T,17,190561063,0.652170333982729,0.25,54,0.212732678496764,0.973469288231965
CM007906.2_191114002_A_T,17,191114002,0.113361660407302,0.462962962962963,54,0.432344570673628,0.879147422319562
CM007906.2_191378908_T_G,17,191378908,0.329655963303203,0.388888888888889,54,-0.228831769083556,0.917683966300506
CM007906.2_191455293_T_C,17,191455293,0.0826986750302658,0.12962962962963,54,0.577677702476507,0.803614236616884
CM007906.2_191457416_G_C,17,191457416,0.0199904624197391,0.222222222222222,54,1.1188895949083,0.683381050901559
CM007906.2_191457608_A_T,17,191457608,0.251545005388286,0.148148148148148,54,-0.372671746866359,0.911676624995901
CM007906.2_191855735_C_G,17,191855735,0.136715433792526,0.138888888888889,54,-0.790750829615718,0.902582900360714
CM007906.2_193107965_A_G,17,193107965,0.314347631067777,0.12962962962963,54,-0.33068090839248,0.917683966300506
CM007906.2_193137625_T_C,17,193137625,0.595853802685665,0.240740740740741,54,0.299939631234679,0.973469288231965
CM007906.2_193263156_A_C,17,193263156,0.936013869899919,0.12962962962963,54,0.0297636353771793,0.994819956181817
CM007906.2_193705538_C_T,17,193705538,0.0837795973707409,0.314814814814815,54,0.523491870335818,0.80383030665737
CM007906.2_194423517_C_T,17,194423517,0.100519830279189,0.240740740740741,54,-0.837670865391942,0.837310962271733
