SNP,Chr,Pos,P.value,MAF,nobs,Effect,H&B.P.Value
CM007890.2_1727449_T_C,1,1727449,0.488942465037425,0.25,52,-0.680218943780403,0.968716843219995
CM007890.2_1925807_A_G,1,1925807,0.407570206503534,0.201923076923077,52,0.813006189673274,0.968716843219995
CM007890.2_2045965_T_C,1,2045965,0.571622647522218,0.134615384615385,52,0.477318743549745,0.987728065339586
CM007890.2_4349720_C_G,1,4349720,0.301755903296563,0.240384615384615,52,-1.08280806364087,0.965644933430993
CM007890.2_4421520_A_C,1,4421520,0.612154747117313,0.211538461538462,52,-0.509164746680085,0.990799379751227
CM007890.2_6313579_A_G,1,6313579,0.648511378828115,0.163461538461538,52,0.486004497508532,0.990799379751227
CM007890.2_7083965_C_T,1,7083965,0.221855435299857,0.461538461538462,52,-0.585321442702551,0.939716321923694
CM007890.2_10717434_T_A,1,10717434,0.68830512647508,0.480769230769231,52,-0.266298072718229,0.990799379751227
CM007890.2_11892194_G_A,1,11892194,0.870718275796878,0.480769230769231,52,0.0828375153200227,0.995153521788503
CM007890.2_12031628_T_C,1,12031628,0.912665606838366,0.5,52,0.0576782274541472,0.995153521788503
CM007890.2_31517689_T_C,1,31517689,0.260770929483833,0.105769230769231,52,-1.32752740996534,0.949084249637685
CM007890.2_35371715_T_C,1,35371715,0.50353032153092,0.125,52,-0.772147710238301,0.968716843219995
CM007890.2_38699717_G_T,1,38699717,0.536858249985419,0.0480769230769231,52,0.990217623244689,0.977836539893903
CM007890.2_46428207_A_T,1,46428207,0.276212191298288,0.0576923076923077,52,-1.01724585543479,0.963208857936694
CM007890.2_51853907_G_A,1,51853907,0.196543301686603,0.0480769230769231,52,-1.8746172046458,0.939716321923694
CM007890.2_53353671_A_C,1,53353671,0.00557471841781509,0.0769230769230769,52,2.15704054972065,0.598022655412944
CM007890.2_54034686_T_C,1,54034686,0.837710912361385,0.115384615384615,52,0.147692875230007,0.995153521788503
CM007890.2_57643095_A_G,1,57643095,0.902905342678022,0.25,52,0.120510525512884,0.995153521788503
CM007890.2_61813365_C_T,1,61813365,0.163702954723862,0.0673076923076923,52,-2.09362872180077,0.939716321923694
CM007890.2_62307491_T_C,1,62307491,0.963180093031593,0.0576923076923077,52,-0.0726862108781461,0.995153521788503
CM007890.2_63488450_T_C,1,63488450,0.104013433637919,0.0865384615384616,52,-1.86506589800467,0.939716321923694
CM007890.2_66080798_T_G,1,66080798,0.127652860594585,0.269230769230769,52,-0.820641259447584,0.939716321923694
CM007890.2_67100668_G_A,1,67100668,0.0901413404229944,0.442307692307692,52,-0.782883780170579,0.939716321923694
CM007890.2_71914212_T_C,1,71914212,0.655151329215233,0.25,52,-0.445310252067657,0.990799379751227
CM007890.2_74470915_C_T,1,74470915,0.385979592225796,0.182692307692308,52,-0.849597385218999,0.967549787466022
CM007890.2_75316615_C_T,1,75316615,0.766694057720544,0.240384615384615,52,-0.281668021842904,0.995153521788503
CM007890.2_76858921_A_G,1,76858921,0.951750261603578,0.25,52,0.0637398465554497,0.995153521788503
CM007890.2_81503556_G_C,1,81503556,0.142355627367172,0.259615384615385,52,1.51475016498057,0.939716321923694
CM007890.2_82687726_A_T,1,82687726,0.938091817643335,0.25,52,0.074638934044799,0.995153521788503
CM007890.2_82974275_G_A,1,82974275,0.818275866010354,0.259615384615385,52,-0.229744058186327,0.995153521788503
CM007890.2_87438000_T_G,1,87438000,0.693236285873708,0.182692307692308,52,0.38724909910627,0.990799379751227
CM007890.2_87554436_A_T,1,87554436,0.492862469915068,0.288461538461538,52,-0.367631335919398,0.968716843219995
CM007890.2_87689594_T_G,1,87689594,0.936655562039693,0.480769230769231,52,0.0546851941846569,0.995153521788503
CM007890.2_88228329_G_A,1,88228329,0.101261754988552,0.153846153846154,52,0.952623759207285,0.939716321923694
CM007890.2_89185917_T_C,1,89185917,0.999069077215666,0.384615384615385,52,0.000580715743296878,0.999538115167928
CM007890.2_93531207_A_G,1,93531207,0.705163823296999,0.480769230769231,52,0.206339829032345,0.995153521788503
CM007890.2_102499192_A_C,1,102499192,0.283945382910135,0.211538461538462,52,0.633506233577634,0.963208857936694
CM007890.2_102499258_A_C,1,102499258,0.850349097431222,0.134615384615385,52,-0.198479241686357,0.995153521788503
CM007890.2_102499292_T_C,1,102499292,0.894316276912042,0.269230769230769,52,0.0729548870850749,0.995153521788503
CM007890.2_105802023_A_C,1,105802023,0.502442869426365,0.326923076923077,52,-0.380977616538715,0.968716843219995
CM007890.2_105804740_T_G,1,105804740,0.724380615966063,0.0769230769230769,52,0.298116480781573,0.995153521788503
CM007890.2_105805084_A_G,1,105805084,0.742618263816085,0.221153846153846,52,0.321798688236186,0.995153521788503
CM007890.2_106355353_C_T,1,106355353,0.220805869672889,0.480769230769231,52,-0.61646551083011,0.939716321923694
CM007890.2_107386726_T_C,1,107386726,0.249171345124955,0.480769230769231,52,-0.517151283635144,0.943127961804053
CM007890.2_107479664_A_C,1,107479664,0.338837448817239,0.461538461538462,52,-0.486272617132869,0.967549787466022
CM007890.2_109136748_T_C,1,109136748,0.346458584559491,0.288461538461538,52,-0.548925875063745,0.967549787466022
CM007890.2_109136822_C_T,1,109136822,0.336469295889505,0.125,52,1.00359220598068,0.967549787466022
CM007890.2_109299525_G_A,1,109299525,0.18886034776975,0.0769230769230769,52,-1.09087470221732,0.939716321923694
CM007890.2_110676449_T_C,1,110676449,0.978702179314222,0.0961538461538461,52,0.0208501624792348,0.995153521788503
CM007890.2_110676506_C_T,1,110676506,0.333139310822308,0.461538461538462,52,-0.603834953694019,0.967549787466022
CM007890.2_114527239_C_A,1,114527239,0.976484310323374,0.0673076923076923,52,0.0421855653956982,0.995153521788503
CM007890.2_116021293_T_A,1,116021293,0.747940369184142,0.480769230769231,52,-0.153096283703128,0.995153521788503
CM007890.2_117932023_T_C,1,117932023,0.954648881078827,0.25,52,0.0560170824794,0.995153521788503
CM007890.2_121938939_A_G,1,121938939,0.413750977652072,0.25,52,0.749908932082349,0.968716843219995
CM007890.2_121966642_T_A,1,121966642,0.861549670388388,0.480769230769231,52,-0.0958304765455154,0.995153521788503
CM007890.2_122983820_T_C,1,122983820,0.258871257123711,0.115384615384615,52,-1.28009299990219,0.949084249637685
CM007890.2_123182654_C_T,1,123182654,0.832572684671088,0.480769230769231,52,-0.121919399630173,0.995153521788503
CM007890.2_123493023_A_C,1,123493023,0.158692142857904,0.115384615384615,52,-1.02359853749104,0.939716321923694
CM007890.2_126467520_G_A,1,126467520,0.679464819815424,0.134615384615385,52,0.274834588232864,0.990799379751227
CM007890.2_126553263_C_G,1,126553263,0.258635291867348,0.221153846153846,52,1.10003508576665,0.949084249637685
CM007890.2_126899873_A_G,1,126899873,0.196496474670913,0.480769230769231,52,0.577773666607051,0.939716321923694
CM007890.2_128571443_G_A,1,128571443,0.524196778073751,0.480769230769231,52,0.278883808694033,0.977836539893903
CM007890.2_128602505_A_G,1,128602505,0.432921286449481,0.480769230769231,52,0.476138265452349,0.968716843219995
CM007890.2_129146318_G_T,1,129146318,0.601518612791672,0.115384615384615,52,-0.367055641885912,0.990799379751227
CM007890.2_129146700_T_A,1,129146700,0.520551226582892,0.5,52,0.353626842368698,0.977836539893903
CM007890.2_129673916_C_A,1,129673916,0.181371210150738,0.25,52,-0.676643704801521,0.939716321923694
CM007890.2_129699282_A_G,1,129699282,0.97960516856376,0.115384615384615,52,-0.0184004785195668,0.995153521788503
CM007890.2_129896724_T_C,1,129896724,0.897313349280192,0.365384615384615,52,-0.0655170008058121,0.995153521788503
CM007890.2_130586352_A_G,1,130586352,0.350877482784176,0.25,52,0.508297588766439,0.967549787466022
CM007890.2_130606707_C_T,1,130606707,0.674062986851284,0.134615384615385,52,0.446647675773875,0.990799379751227
CM007890.2_130696356_C_G,1,130696356,0.890807560871265,0.480769230769231,52,-0.0795645983571802,0.995153521788503
CM007890.2_130696461_T_A,1,130696461,0.142366076219792,0.480769230769231,52,-0.715192266884429,0.939716321923694
CM007890.2_130748491_G_A,1,130748491,0.175829135091564,0.0576923076923077,52,1.25975233881161,0.939716321923694
CM007890.2_131961506_C_T,1,131961506,0.974343439871526,0.480769230769231,52,0.0185078930639833,0.995153521788503
CM007890.2_132822298_A_T,1,132822298,0.656232505873333,0.125,52,0.518070383346867,0.990799379751227
CM007890.2_133595913_G_A,1,133595913,0.768818017915593,0.0576923076923077,52,0.292540767533922,0.995153521788503
CM007890.2_133596349_A_G,1,133596349,0.848923287449131,0.25,52,-0.198638919641724,0.995153521788503
CM007890.2_133768647_T_C,1,133768647,0.029175464794066,0.153846153846154,52,-1.265445740123,0.886884403276324
CM007890.2_133769416_C_G,1,133769416,0.0782051625470309,0.25,52,-1.75316885931767,0.939716321923694
CM007890.2_134358321_A_T,1,134358321,0.804495658995999,0.384615384615385,52,0.132484899668214,0.995153521788503
CM007890.2_134428106_A_C,1,134428106,0.894978372077753,0.230769230769231,52,0.131176698673016,0.995153521788503
CM007890.2_134490309_C_T,1,134490309,0.502486835562869,0.230769230769231,52,-0.615504085304906,0.968716843219995
CM007890.2_134719546_G_T,1,134719546,0.494321062844588,0.163461538461538,52,0.733516130358737,0.968716843219995
CM007890.2_134873432_T_C,1,134873432,0.654291130953565,0.211538461538462,52,0.473518533611468,0.990799379751227
CM007890.2_135111271_T_C,1,135111271,0.772560467411591,0.134615384615385,52,-0.220012064667714,0.995153521788503
CM007890.2_135522889_A_G,1,135522889,0.603767366837786,0.307692307692308,52,-0.295292282785994,0.990799379751227
CM007890.2_135522918_A_G,1,135522918,0.592197295407786,0.153846153846154,52,-0.341572073598996,0.990799379751227
CM007890.2_137207302_T_G,1,137207302,0.325091171982445,0.192307692307692,52,-0.619837950863598,0.966512290310654
CM007890.2_137922084_G_A,1,137922084,0.800619916151981,0.211538461538462,52,0.256411028050422,0.995153521788503
CM007890.2_138429564_A_G,1,138429564,0.243618973788846,0.25,52,-1.03781728097914,0.939716321923694
CM007890.2_138452727_A_C,1,138452727,0.23032693196869,0.25,52,1.23743025399784,0.939716321923694
CM007890.2_138903117_A_G,1,138903117,0.00320696468820951,0.192307692307692,52,-2.64371831347319,0.578847960757934
CM007890.2_139305398_G_A,1,139305398,0.906557666403595,0.163461538461538,52,-0.110601240388689,0.995153521788503
CM007890.2_139772607_G_A,1,139772607,0.235449959320796,0.211538461538462,52,-0.707264003909728,0.939716321923694
CM007890.2_139774673_A_G,1,139774673,0.59674188705427,0.230769230769231,52,-0.282461033339857,0.990799379751227
CM007890.2_139814401_T_G,1,139814401,0.16482026775743,0.240384615384615,52,1.23597508717575,0.939716321923694
CM007890.2_139902906_G_A,1,139902906,0.104721829122548,0.240384615384615,52,-1.44820280266111,0.939716321923694
CM007890.2_140238893_C_G,1,140238893,0.900587188223428,0.5,52,0.0781891311078908,0.995153521788503
CM007890.2_140811128_T_A,1,140811128,0.521621006030872,0.134615384615385,52,0.421454244468322,0.977836539893903
CM007890.2_141257099_A_T,1,141257099,0.25228779269592,0.25,52,-1.08379461894788,0.943763853147236
CM007890.2_141353959_A_G,1,141353959,0.405107053709124,0.480769230769231,52,0.403135608887638,0.968716843219995
CM007890.2_141718185_A_G,1,141718185,0.900170427794164,0.211538461538462,52,-0.11533902202558,0.995153521788503
CM007890.2_141945036_C_T,1,141945036,0.962523421747839,0.173076923076923,52,-0.0275816206120112,0.995153521788503
CM007890.2_142178847_A_G,1,142178847,0.421395816567584,0.5,52,0.448955099367438,0.968716843219995
CM007890.2_142270529_C_T,1,142270529,0.503891546545268,0.211538461538462,52,0.609454462553686,0.968716843219995
CM007890.2_143824372_G_A,1,143824372,0.364690012342693,0.115384615384615,52,-1.00853134998295,0.967549787466022
CM007890.2_144082670_G_A,1,144082670,0.735225482556048,0.240384615384615,52,0.318798415287858,0.995153521788503
CM007890.2_144086523_G_A,1,144086523,0.580928011346775,0.259615384615385,52,0.568664032588799,0.990799379751227
CM007890.2_144611549_G_T,1,144611549,0.186223727470388,0.173076923076923,52,-0.865599779660386,0.939716321923694
CM007890.2_144753696_T_A,1,144753696,0.919775913670608,0.182692307692308,52,-0.112364378227085,0.995153521788503
CM007890.2_145060215_C_T,1,145060215,0.693514384086235,0.192307692307692,52,0.238958200535336,0.990799379751227
CM007890.2_145088462_T_G,1,145088462,0.540718458007687,0.25,52,0.584324154796548,0.977836539893903
CM007890.2_145864590_C_G,1,145864590,0.579724937384759,0.125,52,0.69488127007719,0.990799379751227
CM007890.2_146770523_C_G,1,146770523,0.789912448091969,0.211538461538462,52,-0.290389915870321,0.995153521788503
CM007890.2_147317011_C_T,1,147317011,0.837416801269544,0.240384615384615,52,-0.18884271860145,0.995153521788503
CM007890.2_147964260_G_A,1,147964260,0.173105907458522,0.192307692307692,52,-0.813861216499902,0.939716321923694
CM007890.2_148183859_C_G,1,148183859,0.895584397681659,0.240384615384615,52,0.130004205356897,0.995153521788503
CM007890.2_148233802_A_G,1,148233802,0.139344554245437,0.480769230769231,52,-0.69021040912461,0.939716321923694
CM007890.2_148901546_C_T,1,148901546,0.988255207890589,0.192307692307692,52,-0.0134094787530898,0.995153521788503
CM007890.2_149450437_C_A,1,149450437,0.545136959759973,0.0673076923076923,52,-0.988230519137915,0.977836539893903
CM007891.2_340434_G_C,2,340434,0.440107560648254,0.115384615384615,52,0.55301426897492,0.968716843219995
CM007891.2_3212115_G_C,2,3212115,0.548119724806794,0.25,52,0.579658564806152,0.977836539893903
CM007891.2_4176976_T_A,2,4176976,0.472910904356722,0.0865384615384616,52,0.858608391583743,0.968716843219995
CM007891.2_4273729_A_G,2,4273729,0.490296783869372,0.230769230769231,52,-0.637034663377619,0.968716843219995
CM007891.2_7716558_T_G,2,7716558,0.293250897742643,0.0865384615384616,52,-1.2840158202024,0.965030402363771
CM007891.2_8731230_A_T,2,8731230,0.407713990356039,0.0480769230769231,52,1.37762515633722,0.968716843219995
CM007891.2_10480260_C_T,2,10480260,0.670832453808306,0.0961538461538461,52,-0.503715146838317,0.990799379751227
CM007891.2_12827463_G_A,2,12827463,0.959592360322497,0.173076923076923,52,0.05116907212863,0.995153521788503
CM007891.2_12827934_G_C,2,12827934,0.615073130109583,0.153846153846154,52,0.350504374816182,0.990799379751227
CM007891.2_13311333_T_A,2,13311333,0.103906609232309,0.480769230769231,52,0.930433301338297,0.939716321923694
CM007891.2_13311571_G_A,2,13311571,0.721779706210294,0.125,52,0.403926264899269,0.995153521788503
CM007891.2_13650895_A_G,2,13650895,0.112510398740361,0.192307692307692,52,-1.83812602200237,0.939716321923694
CM007891.2_16961809_G_T,2,16961809,0.117637451660839,0.0769230769230769,52,-1.32108079461267,0.939716321923694
CM007891.2_18760896_A_G,2,18760896,0.880283179617447,0.230769230769231,52,-0.152723576386677,0.995153521788503
CM007891.2_20762201_G_T,2,20762201,0.00564096809848261,0.211538461538462,52,-1.59258114363519,0.598022655412944
CM007891.2_23036400_G_A,2,23036400,0.0341184633485653,0.115384615384615,52,-2.37189081945041,0.911934331941936
CM007891.2_23365160_A_C,2,23365160,0.253424908749944,0.115384615384615,52,-1.22478995188885,0.944699911945169
CM007891.2_23484477_A_G,2,23484477,0.566750563992584,0.0865384615384616,52,-0.764076620440733,0.984379601359085
CM007891.2_25774018_C_T,2,25774018,0.356371824533067,0.25,52,-0.85469285924097,0.967549787466022
CM007891.2_27515865_A_G,2,27515865,0.717373540612755,0.480769230769231,52,-0.211699648313029,0.995153521788503
CM007891.2_36781811_A_T,2,36781811,0.587663238806354,0.115384615384615,52,0.389577085304438,0.990799379751227
CM007891.2_37989080_T_C,2,37989080,0.398912754134914,0.0480769230769231,52,-1.26101348509155,0.968716843219995
CM007891.2_38649324_A_G,2,38649324,0.214757280846372,0.0480769230769231,52,-1.79791230802994,0.939716321923694
CM007891.2_39119249_C_T,2,39119249,0.129987323681532,0.0961538461538461,52,-1.1088114523738,0.939716321923694
CM007891.2_40882584_T_C,2,40882584,0.0333561164444389,0.173076923076923,52,-1.28724495970448,0.911934331941936
CM007891.2_42344209_A_G,2,42344209,0.916374812795528,0.134615384615385,52,-0.0755886766302751,0.995153521788503
CM007891.2_44686471_C_A,2,44686471,0.743957962575573,0.230769230769231,52,-0.314074298410389,0.995153521788503
CM007891.2_44736734_C_T,2,44736734,0.815615595564394,0.173076923076923,52,-0.137094184738601,0.995153521788503
CM007891.2_49649134_A_T,2,49649134,0.52892157173527,0.0480769230769231,52,-0.942409636500997,0.977836539893903
CM007891.2_52624136_A_G,2,52624136,0.228175379013756,0.240384615384615,52,1.21863612104136,0.939716321923694
CM007891.2_53600940_A_G,2,53600940,0.315826797053603,0.25,52,-0.901295097609648,0.966512290310654
CM007891.2_55337588_C_A,2,55337588,0.360937162804499,0.0961538461538461,52,-0.700112960689978,0.967549787466022
CM007891.2_59219219_C_A,2,59219219,0.550919645803046,0.0576923076923077,52,0.5984574974471,0.977836539893903
CM007891.2_74480118_T_C,2,74480118,0.935727210754466,0.125,52,-0.0945392230356674,0.995153521788503
CM007891.2_82048218_G_A,2,82048218,0.707912851297794,0.134615384615385,52,0.25241676391343,0.995153521788503
CM007891.2_82519711_T_C,2,82519711,0.981720957470249,0.0961538461538461,52,0.0289029174978168,0.995153521788503
CM007891.2_96815506_G_A,2,96815506,0.514563020568083,0.480769230769231,52,0.312752422103266,0.972461751325128
CM007891.2_107007863_T_A,2,107007863,0.407787588707974,0.240384615384615,52,-0.853832376500179,0.968716843219995
CM007891.2_128536379_G_A,2,128536379,0.244336908706898,0.25,52,-1.1317697838918,0.939716321923694
CM007891.2_128704863_T_C,2,128704863,0.252322797527642,0.259615384615385,52,-1.03134525524177,0.943763853147236
CM007891.2_128894635_G_T,2,128894635,0.580852938837185,0.144230769230769,52,-0.538920784426352,0.990799379751227
CM007891.2_131861467_T_A,2,131861467,0.458457697042394,0.25,52,0.662785603808175,0.968716843219995
CM007891.2_134490792_A_G,2,134490792,0.129147400069607,0.240384615384615,52,-1.32865651261284,0.939716321923694
CM007891.2_136090393_T_G,2,136090393,0.100474901144039,0.0673076923076923,52,2.15669988624575,0.939716321923694
CM007891.2_136929249_G_T,2,136929249,0.0508768480957021,0.115384615384615,52,-1.36283682608351,0.939716321923694
CM007891.2_137515384_C_T,2,137515384,0.867497581611296,0.480769230769231,52,0.0808150837988961,0.995153521788503
CM007891.2_137715038_G_A,2,137715038,0.311065130653821,0.115384615384615,52,0.682316913873962,0.966512290310654
CM007891.2_138203577_G_T,2,138203577,0.428922301553652,0.423076923076923,52,0.519217111321638,0.968716843219995
CM007891.2_138289279_A_G,2,138289279,0.800385707584017,0.0961538461538461,52,0.211157456366948,0.995153521788503
CM007891.2_138289425_T_C,2,138289425,0.128183509949434,0.480769230769231,52,-0.689293973392751,0.939716321923694
CM007891.2_138289537_A_G,2,138289537,0.777445764572162,0.269230769230769,52,-0.146365464547713,0.995153521788503
CM007891.2_146194880_C_G,2,146194880,0.668040404829158,0.0961538461538461,52,-0.508702479120529,0.990799379751227
CM007891.2_147112172_A_G,2,147112172,0.878272332045002,0.0673076923076923,52,-0.216269706882713,0.995153521788503
CM007891.2_147832471_T_C,2,147832471,0.461886524800272,0.259615384615385,52,0.70412547620208,0.968716843219995
CM007891.2_147937120_T_A,2,147937120,0.0162842759391184,0.0865384615384616,52,3.08159397267684,0.737112735366624
CM007891.2_148484827_T_C,2,148484827,0.75036074385519,0.230769230769231,52,0.172427240208421,0.995153521788503
CM007891.2_148622269_T_A,2,148622269,0.21792870445099,0.25,52,-1.26166606043449,0.939716321923694
CM007891.2_151985872_A_G,2,151985872,0.851773979880542,0.240384615384615,52,-0.188685074204386,0.995153521788503
CM007891.2_152597890_C_T,2,152597890,0.614400782544303,0.480769230769231,52,-0.285121383469487,0.990799379751227
CM007891.2_153042944_G_A,2,153042944,0.899454763913167,0.25,52,0.12049548403661,0.995153521788503
CM007891.2_154494428_C_A,2,154494428,0.55413908693382,0.0961538461538461,52,0.47767047215649,0.977836539893903
CM007891.2_156148120_A_G,2,156148120,0.953074728179674,0.240384615384615,52,-0.0567060068590877,0.995153521788503
CM007891.2_156255120_A_G,2,156255120,0.729858601688202,0.0384615384615384,52,0.565696103595201,0.995153521788503
CM007891.2_156754279_C_A,2,156754279,0.282033804253202,0.115384615384615,52,0.722224426528612,0.963208857936694
CM007891.2_156755188_C_A,2,156755188,0.470080949983359,0.221153846153846,52,-0.726892578340539,0.968716843219995
CM007891.2_157032163_T_A,2,157032163,0.581867804266818,0.240384615384615,52,-0.550561638929366,0.990799379751227
CM007891.2_159561958_A_C,2,159561958,0.499764588115353,0.0480769230769231,52,0.991789427232334,0.968716843219995
CM007891.2_161337014_C_T,2,161337014,0.381532349192635,0.0769230769230769,52,1.33775173144818,0.967549787466022
CM007891.2_163365791_C_A,2,163365791,0.649688137162186,0.0769230769230769,52,0.62840086167148,0.990799379751227
CM007891.2_165569116_T_C,2,165569116,0.753176439921457,0.461538461538462,52,0.145063938095419,0.995153521788503
CM007891.2_165786511_T_C,2,165786511,0.907552133218264,0.288461538461538,52,0.0631235445480058,0.995153521788503
CM007891.2_166287914_C_T,2,166287914,0.20611319529114,0.480769230769231,52,0.656537966488358,0.939716321923694
CM007891.2_166771736_G_A,2,166771736,0.353258910033061,0.115384615384615,52,0.66787128857581,0.967549787466022
CM007891.2_167345840_T_C,2,167345840,0.656259165124858,0.0961538461538461,52,-0.524384492271224,0.990799379751227
CM007891.2_167542580_A_G,2,167542580,0.335934931134941,0.134615384615385,52,0.753512052743702,0.967549787466022
CM007891.2_167544469_A_T,2,167544469,0.485664895695691,0.480769230769231,52,0.443823076868597,0.968716843219995
CM007891.2_167705801_T_A,2,167705801,0.873530277273982,0.25,52,-0.164177179694889,0.995153521788503
CM007891.2_167945838_C_T,2,167945838,0.64018909839997,0.153846153846154,52,-0.293066117783525,0.990799379751227
CM007891.2_169170999_T_C,2,169170999,0.610446856762111,0.25,52,-0.549809036791089,0.990799379751227
CM007891.2_169545172_T_G,2,169545172,0.0793103006303638,0.461538461538462,52,0.791935252104068,0.939716321923694
CM007891.2_169816854_A_G,2,169816854,0.0892955298108032,0.211538461538462,52,1.78858807434273,0.939716321923694
CM007891.2_170013280_T_C,2,170013280,0.219985008573408,0.25,52,1.31530523937107,0.939716321923694
CM007891.2_170424713_T_C,2,170424713,0.077928193816958,0.115384615384615,52,-1.21052177843507,0.939716321923694
CM007891.2_171703788_A_G,2,171703788,0.01400111390357,0.115384615384615,52,-2.55099635979036,0.737112735366624
CM007891.2_172177968_C_T,2,172177968,0.202428924666124,0.240384615384615,52,-1.29823229885233,0.939716321923694
CM007891.2_173093207_T_C,2,173093207,0.0057019499117838,0.461538461538462,52,-1.33838892319598,0.598022655412944
CM007891.2_173311636_T_G,2,173311636,0.418223709541456,0.115384615384615,52,-0.627105588293318,0.968716843219995
CM007891.2_173587484_A_C,2,173587484,0.688019404838788,0.134615384615385,52,-0.435885250198112,0.990799379751227
CM007891.2_174020059_C_G,2,174020059,0.338861418962976,0.480769230769231,52,-0.463062695000474,0.967549787466022
CM007891.2_174592224_G_A,2,174592224,0.802426807719151,0.25,52,-0.256337388316865,0.995153521788503
CM007891.2_174602538_C_T,2,174602538,0.345148319882692,0.442307692307692,52,0.488815449381306,0.967549787466022
CM007891.2_174619908_C_A,2,174619908,0.957327879166628,0.115384615384615,52,0.0402270763997308,0.995153521788503
CM007892.2_667515_G_A,3,667515,0.634622224304073,0.115384615384615,52,0.599358250579485,0.990799379751227
CM007892.2_1130169_T_C,3,1130169,0.337081608378749,0.240384615384615,52,0.91534662384862,0.967549787466022
CM007892.2_1836202_A_G,3,1836202,0.540982223796593,0.163461538461538,52,-0.617997019722566,0.977836539893903
CM007892.2_2936707_G_A,3,2936707,0.618918466433909,0.153846153846154,52,-0.309926196289467,0.990799379751227
CM007892.2_3172743_G_A,3,3172743,0.032542865784069,0.240384615384615,52,-2.28282732346571,0.911934331941936
CM007892.2_4689019_T_C,3,4689019,0.2427929251749,0.134615384615385,52,-0.763130072864101,0.939716321923694
CM007892.2_5401180_A_T,3,5401180,0.227540718128,0.259615384615385,52,-1.16839100562254,0.939716321923694
CM007892.2_6506132_C_G,3,6506132,0.934665275494225,0.25,52,-0.0470268207979387,0.995153521788503
CM007892.2_8569967_A_G,3,8569967,0.266769885570165,0.192307692307692,52,0.649380847600639,0.955889509199717
CM007892.2_9123811_A_G,3,9123811,0.0753018515820072,0.115384615384615,52,-1.25178574076151,0.939716321923694
CM007892.2_9833702_T_C,3,9833702,0.476672181623918,0.25,52,-0.677866849808424,0.968716843219995
CM007892.2_9850095_G_C,3,9850095,0.790910703175439,0.240384615384615,52,-0.282897040158673,0.995153521788503
CM007892.2_12568730_G_T,3,12568730,0.013219108685969,0.0576923076923077,52,3.26799716635196,0.737112735366624
CM007892.2_14711759_A_G,3,14711759,0.534481073612035,0.461538461538462,52,-0.300462773633797,0.977836539893903
CM007892.2_16959732_A_G,3,16959732,0.0572955774837416,0.0961538461538461,52,1.41424667075364,0.939716321923694
CM007892.2_17095373_T_A,3,17095373,0.363241796917837,0.25,52,-0.95741888616152,0.967549787466022
CM007892.2_19996173_A_C,3,19996173,0.448967355108029,0.25,52,0.707552466368611,0.968716843219995
CM007892.2_20612627_A_G,3,20612627,0.752361073446792,0.105769230769231,52,0.357925154710756,0.995153521788503
CM007892.2_23319706_A_C,3,23319706,0.154599777115741,0.211538461538462,52,0.737235922268582,0.939716321923694
CM007892.2_27898029_C_G,3,27898029,0.913885683642804,0.25,52,0.110806981874248,0.995153521788503
CM007892.2_31291237_T_A,3,31291237,0.434034728529984,0.221153846153846,52,0.776604759552185,0.968716843219995
CM007892.2_46357091_C_T,3,46357091,0.713503737392078,0.0865384615384616,52,0.427315521909463,0.995153521788503
CM007892.2_46357150_T_G,3,46357150,0.57313165919389,0.115384615384615,52,-0.435929342489999,0.987728065339586
CM007892.2_50206326_A_G,3,50206326,0.641306113025828,0.211538461538462,52,-0.512849279255931,0.990799379751227
CM007892.2_51789869_T_C,3,51789869,0.184962457494565,0.192307692307692,52,1.21086051829081,0.939716321923694
CM007892.2_52074468_A_G,3,52074468,0.392512375702455,0.105769230769231,52,-0.982673827417102,0.968716843219995
CM007892.2_52380578_G_C,3,52380578,0.277325175408002,0.0961538461538461,52,1.30863549884248,0.963208857936694
CM007892.2_52823317_A_T,3,52823317,0.324416135512233,0.25,52,-0.99883820999753,0.966512290310654
CM007892.2_55935078_A_G,3,55935078,0.62603337239681,0.211538461538462,52,0.26915165697271,0.990799379751227
CM007892.2_61373801_C_A,3,61373801,0.591738070207734,0.192307692307692,52,-0.319651048213473,0.990799379751227
CM007892.2_63820864_G_A,3,63820864,0.0420700192114077,0.0480769230769231,52,-3.12261167073689,0.939716321923694
CM007892.2_63820952_C_T,3,63820952,0.606010907986641,0.25,52,-0.294718799022462,0.990799379751227
CM007892.2_71237389_C_A,3,71237389,0.497431604344084,0.115384615384615,52,0.528988063216332,0.968716843219995
CM007892.2_74897125_A_G,3,74897125,0.124270993272643,0.201923076923077,52,-1.7697568243849,0.939716321923694
CM007892.2_75443119_C_G,3,75443119,0.926123938438651,0.346153846153846,52,-0.0440566506203481,0.995153521788503
CM007892.2_76521546_G_A,3,76521546,0.238124177782454,0.5,52,-0.544141803613684,0.939716321923694
CM007892.2_76669636_T_A,3,76669636,0.68736909789363,0.384615384615385,52,0.190000215489889,0.990799379751227
CM007892.2_76970150_A_C,3,76970150,0.111637380202447,0.269230769230769,52,-0.809229932978582,0.939716321923694
CM007892.2_77156117_C_G,3,77156117,0.337444579944807,0.230769230769231,52,-0.897872407760872,0.967549787466022
CM007892.2_77682592_G_A,3,77682592,0.785728118409312,0.442307692307692,52,-0.126019898414953,0.995153521788503
CM007892.2_77717998_A_G,3,77717998,0.223707689066824,0.0961538461538461,52,-0.889179271693536,0.939716321923694
CM007892.2_78382779_T_A,3,78382779,0.196961861595691,0.125,52,-1.26522007668927,0.939716321923694
CM007892.2_78484806_A_C,3,78484806,0.373590544764233,0.192307692307692,52,-0.608751435070388,0.967549787466022
CM007892.2_79272390_G_A,3,79272390,0.149633320898592,0.134615384615385,52,-0.944147158143295,0.939716321923694
CM007892.2_83387069_A_T,3,83387069,0.2258729807723,0.0673076923076923,52,-1.49238931758168,0.939716321923694
CM007892.2_97237716_T_G,3,97237716,0.554838812612297,0.201923076923077,52,-0.600539073717414,0.977836539893903
CM007892.2_100927680_A_C,3,100927680,0.801529782766679,0.211538461538462,52,0.265122803751183,0.995153521788503
CM007892.2_103697496_C_T,3,103697496,0.877324907499161,0.5,52,-0.0776848339055292,0.995153521788503
CM007892.2_104018212_C_A,3,104018212,0.608595013774,0.480769230769231,52,-0.235182543891881,0.990799379751227
CM007892.2_105212139_T_G,3,105212139,0.505954013782086,0.125,52,-0.765300199050898,0.968716843219995
CM007892.2_106416094_G_A,3,106416094,0.746835510600247,0.240384615384615,52,0.40981339356108,0.995153521788503
CM007892.2_106970798_C_T,3,106970798,0.588503559137521,0.25,52,-0.5253746599642,0.990799379751227
CM007892.2_110498479_G_T,3,110498479,0.468106169049093,0.0769230769230769,52,-0.622394484868266,0.968716843219995
CM007892.2_111102485_A_G,3,111102485,0.378179117853992,0.105769230769231,52,-0.969669643754628,0.967549787466022
CM007892.2_117557483_G_A,3,117557483,0.0811240518990983,0.269230769230769,52,-0.995685035321117,0.939716321923694
CM007892.2_120735855_C_A,3,120735855,0.858556189832418,0.0576923076923077,52,-0.176038306085786,0.995153521788503
CM007892.2_122557042_T_G,3,122557042,0.695783426921992,0.163461538461538,52,-0.395798703690389,0.990799379751227
CM007892.2_129230537_G_T,3,129230537,0.29469873885925,0.384615384615385,52,0.580020592250236,0.965644933430993
CM007892.2_129433751_A_C,3,129433751,0.300765972430539,0.0673076923076923,52,-1.315471399903,0.965644933430993
CM007892.2_129763032_G_T,3,129763032,0.527264054787583,0.240384615384615,52,-0.551629105786958,0.977836539893903
CM007892.2_129772899_G_A,3,129772899,0.894691387852087,0.192307692307692,52,0.0840481144203409,0.995153521788503
CM007892.2_129921172_A_G,3,129921172,0.428410434975205,0.5,52,-0.358264440897095,0.968716843219995
CM007892.2_130873658_A_G,3,130873658,0.235795331464646,0.25,52,-1.25388345242823,0.939716321923694
CM007892.2_132395069_A_C,3,132395069,0.318886879904382,0.0480769230769231,52,1.72898688689884,0.966512290310654
CM007892.2_135482284_C_A,3,135482284,0.637223619673462,0.144230769230769,52,0.565682575294886,0.990799379751227
CM007892.2_135858523_C_A,3,135858523,0.479595863349322,0.0769230769230769,52,0.593400372002748,0.968716843219995
CM007892.2_135965538_A_G,3,135965538,0.330502784803571,0.25,52,-0.539936502858964,0.967549787466022
CM007892.2_136354159_C_T,3,136354159,0.416928943782616,0.201923076923077,52,-0.793915752149928,0.968716843219995
CM007892.2_138937625_A_G,3,138937625,0.666630747586826,0.461538461538462,52,-0.260989951606291,0.990799379751227
CM007892.2_139621394_C_A,3,139621394,0.536972972266591,0.144230769230769,52,0.628052792597714,0.977836539893903
CM007892.2_148085923_G_A,3,148085923,0.175187365854785,0.0865384615384616,52,1.63230847216732,0.939716321923694
CM007892.2_148118296_G_A,3,148118296,0.262541369689788,0.307692307692308,52,-0.552510307259013,0.94994577156925
CM007892.2_148120337_G_A,3,148120337,0.265402561716095,0.115384615384615,52,-0.779712578198485,0.952528935091099
CM007892.2_148730309_G_C,3,148730309,0.721319409716897,0.423076923076923,52,-0.181632661434975,0.995153521788503
CM007892.2_148773436_A_G,3,148773436,0.829676403763053,0.192307692307692,52,-0.246727855367794,0.995153521788503
CM007892.2_149136279_G_T,3,149136279,0.191284104543058,0.230769230769231,52,-0.764686104215144,0.939716321923694
CM007892.2_149136541_C_G,3,149136541,0.635790265880859,0.115384615384615,52,-0.355785140762407,0.990799379751227
CM007892.2_149273733_T_C,3,149273733,0.704224731563971,0.221153846153846,52,0.388476306907648,0.995153521788503
CM007892.2_150121779_T_C,3,150121779,0.923992552625303,0.0576923076923077,52,-0.162430663549685,0.995153521788503
CM007892.2_150719210_T_C,3,150719210,0.849350672768477,0.442307692307692,52,0.101228184997424,0.995153521788503
CM007892.2_150744560_G_T,3,150744560,0.804335064976991,0.480769230769231,52,-0.145629224954106,0.995153521788503
CM007892.2_151539946_G_A,3,151539946,0.533141071325824,0.384615384615385,52,-0.322333763598976,0.977836539893903
CM007892.2_151840247_T_C,3,151840247,0.0922015901528731,0.0769230769230769,52,-1.99670416901608,0.939716321923694
CM007892.2_152183086_T_C,3,152183086,0.463617330403045,0.269230769230769,52,-0.423802461364758,0.968716843219995
CM007892.2_154550628_G_A,3,154550628,0.162396649490312,0.25,52,1.4790628430145,0.939716321923694
CM007892.2_156367682_C_T,3,156367682,0.274434765201722,0.201923076923077,52,1.10698745790233,0.963208857936694
CM007892.2_156613285_T_C,3,156613285,0.827395254743572,0.365384615384615,52,-0.111760244758869,0.995153521788503
CM007892.2_156884973_A_G,3,156884973,0.867520453157934,0.0961538461538461,52,-0.138883548587501,0.995153521788503
CM007892.2_157375234_C_T,3,157375234,0.111770318581353,0.288461538461538,52,0.867532654917127,0.939716321923694
CM007892.2_159833683_A_T,3,159833683,0.218785923770197,0.0384615384615384,52,1.99623036323578,0.939716321923694
CM007892.2_160573253_T_C,3,160573253,0.993594348992502,0.105769230769231,52,0.00900503877846859,0.998060396878201
CM007892.2_160731595_G_C,3,160731595,0.355498700217551,0.0865384615384616,52,1.11637893047248,0.967549787466022
CM007892.2_160997591_A_G,3,160997591,0.900859611531949,0.230769230769231,52,-0.135635487107152,0.995153521788503
CM007892.2_161028558_T_C,3,161028558,0.601972547042168,0.230769230769231,52,-0.32702678769607,0.990799379751227
CM007892.2_161792444_A_C,3,161792444,0.786613258530438,0.480769230769231,52,-0.149736549669527,0.995153521788503
CM007892.2_163141881_A_T,3,163141881,0.975215073811906,0.211538461538462,52,-0.0289512255059208,0.995153521788503
CM007892.2_163361199_G_A,3,163361199,0.493107359932896,0.5,52,-0.354966101560791,0.968716843219995
CM007892.2_165545236_A_C,3,165545236,0.333442464205498,0.153846153846154,52,-0.627738962505333,0.967549787466022
CM007892.2_167493652_G_T,3,167493652,0.621365019119146,0.25,52,0.312143125771058,0.990799379751227
CM007892.2_169877591_A_T,3,169877591,0.143192812733166,0.461538461538462,52,0.737864814875465,0.939716321923694
CM007892.2_170449950_G_C,3,170449950,0.953820486451781,0.346153846153846,52,0.029792386941125,0.995153521788503
CM007892.2_170621148_C_T,3,170621148,0.395267707175674,0.5,52,0.457860158798354,0.968716843219995
CM007892.2_170636798_T_C,3,170636798,0.970391990439203,0.480769230769231,52,-0.0197107279192466,0.995153521788503
CM007892.2_171162140_C_T,3,171162140,0.805243197793943,0.269230769230769,52,0.133246029768912,0.995153521788503
CM007892.2_171223612_T_C,3,171223612,0.446226133481764,0.0576923076923077,52,-1.07881187951875,0.968716843219995
CM007892.2_171368270_T_C,3,171368270,0.403117647947946,0.221153846153846,52,0.790236385926221,0.968716843219995
CM007892.2_172084140_G_C,3,172084140,0.336909034758533,0.115384615384615,52,0.678776658393332,0.967549787466022
CM007892.2_172358161_G_A,3,172358161,0.579454444528935,0.240384615384615,52,-0.538719685841556,0.990799379751227
CM007892.2_172675752_G_C,3,172675752,0.495636494643116,0.480769230769231,52,0.312994429259838,0.968716843219995
CM007892.2_172676186_G_C,3,172676186,0.682435622913489,0.153846153846154,52,-0.263024704692128,0.990799379751227
CM007892.2_173050414_G_C,3,173050414,0.275270562992167,0.25,52,0.989942237384071,0.963208857936694
CM007892.2_173172470_T_C,3,173172470,0.307665172060083,0.230769230769231,52,-0.512944865312818,0.966512290310654
CM007892.2_173172501_G_A,3,173172501,0.538903514417509,0.134615384615385,52,-0.656948607418258,0.977836539893903
CM007892.2_173284367_C_T,3,173284367,0.808360649210905,0.480769230769231,52,0.128450600788199,0.995153521788503
CM007892.2_173836483_T_G,3,173836483,0.0994569597741826,0.173076923076923,52,1.05734738970699,0.939716321923694
CM007892.2_173838294_T_G,3,173838294,0.95345198323255,0.125,52,-0.0605471372483066,0.995153521788503
CM007892.2_173938953_A_G,3,173938953,0.222616373571157,0.163461538461538,52,-1.28106798988824,0.939716321923694
CM007892.2_173939002_C_T,3,173939002,0.624731677307561,0.0673076923076923,52,0.672854614613584,0.990799379751227
CM007892.2_175368963_T_C,3,175368963,0.144116747196432,0.25,52,1.3772794866299,0.939716321923694
CM007892.2_175523107_T_C,3,175523107,0.988513123266627,0.0865384615384616,52,-0.0185684140718649,0.995153521788503
CM007892.2_175527509_C_T,3,175527509,0.139614492017453,0.480769230769231,52,0.864855236416332,0.939716321923694
CM007892.2_175530250_A_G,3,175530250,0.0762920432242684,0.144230769230769,52,1.87395905939729,0.939716321923694
CM007892.2_175558035_T_G,3,175558035,0.0671768088774671,0.153846153846154,52,-1.7136260406707,0.939716321923694
CM007892.2_175975065_A_T,3,175975065,0.434404175771287,0.134615384615385,52,0.539332790911317,0.968716843219995
CM007892.2_176043681_A_G,3,176043681,0.659243789248931,0.25,52,0.391327314929583,0.990799379751227
CM007892.2_176093028_C_T,3,176093028,0.361361542249617,0.461538461538462,52,0.432356103830159,0.967549787466022
CM007892.2_176103336_C_A,3,176103336,0.792537257073839,0.25,52,0.237178579378735,0.995153521788503
CM007893.2_232879_T_G,4,232879,0.77430401546679,0.480769230769231,52,-0.142676386348967,0.995153521788503
CM007893.2_319486_T_G,4,319486,0.247003884437112,0.5,52,0.573622594196252,0.939716321923694
CM007893.2_874339_G_T,4,874339,0.654722077951723,0.0961538461538461,52,0.376891626043289,0.990799379751227
CM007893.2_906925_T_A,4,906925,0.672404931368187,0.5,52,-0.216695876400848,0.990799379751227
CM007893.2_979114_T_A,4,979114,0.614033465348806,0.240384615384615,52,0.497490281344881,0.990799379751227
CM007893.2_1038031_C_T,4,1038031,0.928065714330017,0.0769230769230769,52,0.111774761006927,0.995153521788503
CM007893.2_1185247_C_A,4,1185247,0.551359260550938,0.182692307692308,52,0.75096969690901,0.977836539893903
CM007893.2_1601053_A_G,4,1601053,0.0270042600659053,0.230769230769231,52,-2.04071231875542,0.886884403276324
CM007893.2_2053550_C_G,4,2053550,0.419310688072442,0.0384615384615384,52,1.37372484870957,0.968716843219995
CM007893.2_5120170_T_C,4,5120170,0.0473463939575298,0.5,52,0.943613056896126,0.939716321923694
CM007893.2_5173390_A_G,4,5173390,0.0801121835763933,0.240384615384615,52,-1.70754529683325,0.939716321923694
CM007893.2_5934891_T_C,4,5934891,0.271402996289716,0.173076923076923,52,1.20611219873615,0.961616367045673
CM007893.2_6113880_T_C,4,6113880,0.924179252156278,0.240384615384615,52,-0.0934836571407232,0.995153521788503
CM007893.2_6213822_C_T,4,6213822,0.891045781786452,0.0769230769230769,52,0.193761694803925,0.995153521788503
CM007893.2_6257646_G_A,4,6257646,0.738058515514839,0.25,52,-0.348305622280975,0.995153521788503
CM007893.2_6560478_C_G,4,6560478,0.0893867774243759,0.0769230769230769,52,1.38697193177745,0.939716321923694
CM007893.2_7585830_T_C,4,7585830,0.963901735192755,0.182692307692308,52,0.0463260583271108,0.995153521788503
CM007893.2_8326245_C_T,4,8326245,0.198291855875586,0.134615384615385,52,-1.32345153024022,0.939716321923694
CM007893.2_8333124_G_A,4,8333124,0.727502864730514,0.134615384615385,52,0.398995479895689,0.995153521788503
CM007893.2_11396267_A_G,4,11396267,0.173093037546054,0.25,52,1.25167743884907,0.939716321923694
CM007893.2_12259166_G_A,4,12259166,0.362019196600579,0.115384615384615,52,0.961406625457585,0.967549787466022
CM007893.2_12339169_A_T,4,12339169,0.369008537349836,0.144230769230769,52,0.860079191965724,0.967549787466022
CM007893.2_13957301_G_C,4,13957301,0.880589072442622,0.384615384615385,52,0.0727892994595578,0.995153521788503
CM007893.2_14361064_C_T,4,14361064,0.537474777621319,0.25,52,0.357624709943536,0.977836539893903
CM007893.2_14361067_C_T,4,14361067,0.0631115304264759,0.134615384615385,52,-1.95339188599598,0.939716321923694
CM007893.2_21137176_T_C,4,21137176,0.278502190802102,0.144230769230769,52,-1.09512976555976,0.963208857936694
CM007893.2_24075255_A_T,4,24075255,0.873135983657739,0.480769230769231,52,-0.0881497661611235,0.995153521788503
CM007893.2_25810932_C_T,4,25810932,0.465661555816224,0.461538461538462,52,0.413756038683204,0.968716843219995
CM007893.2_26988919_G_A,4,26988919,0.502885325102035,0.480769230769231,52,-0.339943296730553,0.968716843219995
CM007893.2_28338736_G_A,4,28338736,0.338142015264639,0.240384615384615,52,-0.977599869896324,0.967549787466022
CM007893.2_30569353_C_A,4,30569353,0.853541335157581,0.192307692307692,52,-0.192718615170236,0.995153521788503
CM007893.2_36929604_A_G,4,36929604,0.364237329068198,0.105769230769231,52,1.00458473461185,0.967549787466022
CM007893.2_39954966_C_T,4,39954966,0.239810014428612,0.259615384615385,52,1.11748430792949,0.939716321923694
CM007893.2_40179335_A_C,4,40179335,0.226041025025815,0.0961538461538461,52,-0.911092232981446,0.939716321923694
CM007893.2_40553585_C_G,4,40553585,0.658961968154437,0.182692307692308,52,0.448489651564728,0.990799379751227
CM007893.2_42877178_A_G,4,42877178,0.587287415382513,0.480769230769231,52,-0.292967778704181,0.990799379751227
CM007893.2_42988222_A_T,4,42988222,0.675688513682692,0.144230769230769,52,-0.447617872920659,0.990799379751227
CM007893.2_43820714_T_C,4,43820714,0.907755860415548,0.0576923076923077,52,-0.114085343623003,0.995153521788503
CM007893.2_44996179_A_C,4,44996179,0.547086726093503,0.201923076923077,52,-0.614566622692848,0.977836539893903
CM007893.2_49015541_A_G,4,49015541,0.3811196148985,0.5,52,-0.480328663222721,0.967549787466022
CM007893.2_51288716_C_A,4,51288716,0.598412031286227,0.25,52,-0.521397760865852,0.990799379751227
CM007893.2_54525827_G_T,4,54525827,0.732290662196871,0.0961538461538461,52,-0.526592761181519,0.995153521788503
CM007893.2_57151020_T_C,4,57151020,0.362236734917482,0.240384615384615,52,-0.959442447799972,0.967549787466022
CM007893.2_60526081_T_C,4,60526081,0.696678444353269,0.211538461538462,52,-0.364017736037738,0.990799379751227
CM007893.2_61205334_C_A,4,61205334,0.4793406798148,0.326923076923077,52,0.341537523276145,0.968716843219995
CM007893.2_61579298_G_T,4,61579298,0.457116378355122,0.153846153846154,52,-0.776260201330672,0.968716843219995
CM007893.2_62901373_G_A,4,62901373,0.581625473051493,0.173076923076923,52,0.349270119092381,0.990799379751227
CM007893.2_62976378_A_G,4,62976378,0.813848576904668,0.173076923076923,52,-0.142553805355675,0.995153521788503
CM007893.2_62980868_T_C,4,62980868,0.707838760938367,0.365384615384615,52,-0.192017328232595,0.995153521788503
CM007893.2_63893919_C_T,4,63893919,0.797853534114774,0.230769230769231,52,0.157804384853421,0.995153521788503
CM007893.2_64051110_A_C,4,64051110,0.504929523186919,0.153846153846154,52,0.418120915100872,0.968716843219995
CM007893.2_64503123_A_C,4,64503123,0.551488984683217,0.461538461538462,52,-0.285077662902445,0.977836539893903
CM007893.2_64660477_T_C,4,64660477,0.84357427522754,0.173076923076923,52,0.121148951036332,0.995153521788503
CM007893.2_69181762_T_C,4,69181762,0.461891229586984,0.0576923076923077,52,0.995020090557091,0.968716843219995
CM007893.2_71589116_A_C,4,71589116,0.882051889148738,0.211538461538462,52,0.0886523956188512,0.995153521788503
CM007893.2_78520973_T_C,4,78520973,0.289468416520861,0.192307692307692,52,-0.667056242691331,0.964025447212116
CM007893.2_89902180_C_A,4,89902180,0.217165822724114,0.173076923076923,52,-0.812723815680954,0.939716321923694
CM007893.2_106063757_A_G,4,106063757,0.943673667065854,0.182692307692308,52,0.072301990142023,0.995153521788503
CM007893.2_107549671_G_A,4,107549671,0.28319263140884,0.115384615384615,52,1.09920365020503,0.963208857936694
CM007893.2_119503356_T_A,4,119503356,0.315956056405272,0.25,52,0.55296949182528,0.966512290310654
CM007893.2_131035657_G_A,4,131035657,0.0933686872492928,0.0961538461538461,52,1.31210400528778,0.939716321923694
CM007893.2_140426342_G_A,4,140426342,0.187141564853549,0.153846153846154,52,1.22760712990038,0.939716321923694
CM007893.2_150327294_A_G,4,150327294,0.392178421224082,0.423076923076923,52,0.436137638140451,0.968716843219995
CM007893.2_152758095_G_A,4,152758095,0.0708112210769409,0.153846153846154,52,-1.27262116629615,0.939716321923694
CM007893.2_153168568_T_C,4,153168568,0.690422628661568,0.423076923076923,52,0.299210128549475,0.990799379751227
CM007893.2_154751909_T_C,4,154751909,0.281583878440293,0.134615384615385,52,0.798062944788484,0.963208857936694
CM007893.2_159358964_A_G,4,159358964,0.488894564125547,0.0769230769230769,52,-0.933945579216243,0.968716843219995
CM007893.2_160203332_T_C,4,160203332,0.0316708188238857,0.461538461538462,52,1.10486282912319,0.911934331941936
CM007893.2_162377334_G_T,4,162377334,0.457677683292904,0.192307692307692,52,0.69538203037348,0.968716843219995
CM007893.2_167597753_T_C,4,167597753,0.208799852466943,0.211538461538462,52,-1.27814417650359,0.939716321923694
CM007893.2_168742438_C_A,4,168742438,0.282689828475243,0.201923076923077,52,1.01013948364721,0.963208857936694
CM007893.2_169364382_G_T,4,169364382,0.373684888085711,0.5,52,0.440274457590647,0.967549787466022
CM007893.2_170821641_A_G,4,170821641,0.0761980549722057,0.173076923076923,52,1.16910418646228,0.939716321923694
CM007893.2_171009612_T_C,4,171009612,0.329563845017618,0.173076923076923,52,0.621351685875908,0.967549787466022
CM007893.2_172687434_G_T,4,172687434,0.901083014779122,0.105769230769231,52,-0.174148535734616,0.995153521788503
CM007893.2_172770872_G_T,4,172770872,0.455723648254765,0.115384615384615,52,-0.547365428586801,0.968716843219995
CM007893.2_173479891_C_T,4,173479891,0.812527572251891,0.5,52,-0.134083909121429,0.995153521788503
CM007893.2_175186638_G_T,4,175186638,0.581133514595151,0.0769230769230769,52,-0.712249840151912,0.990799379751227
CM007893.2_175544441_G_A,4,175544441,0.925097776365609,0.115384615384615,52,0.0670003075514956,0.995153521788503
CM007893.2_175547322_G_A,4,175547322,0.350279599548829,0.240384615384615,52,-0.961519888715827,0.967549787466022
CM007893.2_175548115_C_T,4,175548115,0.998301217722919,0.480769230769231,52,-0.00112895543541924,0.999538115167928
CM007893.2_175745398_A_C,4,175745398,0.492903650110403,0.173076923076923,52,0.427251228792585,0.968716843219995
CM007893.2_176187006_C_T,4,176187006,0.969214442518743,0.5,52,0.019388091916916,0.995153521788503
CM007893.2_178736725_A_G,4,178736725,0.928550056748605,0.442307692307692,52,0.0437443066398799,0.995153521788503
CM007893.2_179230422_T_G,4,179230422,0.980165227858981,0.153846153846154,52,0.0168474490327526,0.995153521788503
CM007893.2_179266382_T_C,4,179266382,0.205908962733267,0.230769230769231,52,-1.16208396143213,0.939716321923694
CM007893.2_179548373_G_A,4,179548373,0.835689864955016,0.480769230769231,52,-0.126187270961623,0.995153521788503
CM007893.2_179551766_C_A,4,179551766,0.254411661757371,0.25,52,-1.09232499868335,0.946463528442876
CM007893.2_179552729_T_A,4,179552729,0.370869040130576,0.153846153846154,52,-0.572611642200656,0.967549787466022
CM007893.2_180412063_C_A,4,180412063,0.130841955996861,0.0576923076923077,52,2.07734251396903,0.939716321923694
CM007893.2_180455973_C_T,4,180455973,0.78617876039239,0.0961538461538461,52,0.206969734843312,0.995153521788503
CM007893.2_183374932_A_C,4,183374932,0.355913207784622,0.0673076923076923,52,1.22085676509562,0.967549787466022
CM007893.2_185570736_G_T,4,185570736,0.588723888056792,0.192307692307692,52,0.548982974816568,0.990799379751227
CM007893.2_185570881_C_A,4,185570881,0.236062267873921,0.0769230769230769,52,-1.0154045841349,0.939716321923694
CM007893.2_186018857_T_A,4,186018857,0.944457802841585,0.221153846153846,52,-0.0636843910645553,0.995153521788503
CM007893.2_188274040_T_A,4,188274040,0.981683368821934,0.240384615384615,52,0.0298448083008225,0.995153521788503
CM007893.2_190453564_T_C,4,190453564,0.278276333060217,0.0576923076923077,52,1.48214056875918,0.963208857936694
CM007893.2_190459628_G_A,4,190459628,0.926531624114277,0.480769230769231,52,0.0514076851619762,0.995153521788503
CM007893.2_190484917_T_G,4,190484917,0.288413825369078,0.211538461538462,52,-1.19168766977532,0.963406422693696
CM007893.2_191564147_T_C,4,191564147,0.936434790999022,0.134615384615385,52,-0.0806874398393802,0.995153521788503
CM007893.2_192883875_T_C,4,192883875,0.450991312077324,0.0673076923076923,52,-0.960557891818439,0.968716843219995
CM007893.2_192917752_A_C,4,192917752,0.500471413335165,0.0865384615384616,52,-0.813612242199497,0.968716843219995
CM007893.2_193466318_C_G,4,193466318,0.947735529776507,0.0865384615384616,52,-0.0818114524037128,0.995153521788503
CM007893.2_195269597_C_T,4,195269597,0.0741723122522049,0.480769230769231,52,0.802856409907896,0.939716321923694
CM007893.2_196957241_A_C,4,196957241,0.463732674362063,0.480769230769231,52,0.419711113902508,0.968716843219995
CM007893.2_197175206_C_A,4,197175206,0.787581060517478,0.0769230769230769,52,-0.338767792905401,0.995153521788503
CM007893.2_198131745_C_A,4,198131745,0.367404817949225,0.288461538461538,52,-0.528907788622945,0.967549787466022
CM007893.2_198606312_T_C,4,198606312,0.465947065721604,0.25,52,-0.739994085658168,0.968716843219995
CM007893.2_199000782_T_C,4,199000782,0.414408503446436,0.25,52,-0.875266321408958,0.968716843219995
CM007893.2_199571295_A_G,4,199571295,0.461337916111061,0.201923076923077,52,0.723014492544905,0.968716843219995
CM007893.2_201122078_C_G,4,201122078,0.604028014357091,0.192307692307692,52,0.325085913158745,0.990799379751227
CM007893.2_201322386_T_C,4,201322386,0.433008746784146,0.173076923076923,52,-0.494352325997255,0.968716843219995
CM007893.2_201534400_G_A,4,201534400,0.707677474974308,0.201923076923077,52,0.374303837383536,0.995153521788503
CM007893.2_202394740_A_G,4,202394740,0.466167541439993,0.240384615384615,52,0.703372916820513,0.968716843219995
CM007893.2_202394813_T_A,4,202394813,0.685494459166107,0.153846153846154,52,-0.258562283506024,0.990799379751227
CM007893.2_202396599_C_T,4,202396599,0.371192188292666,0.259615384615385,52,1.01391563471134,0.967549787466022
CM007893.2_202427751_A_T,4,202427751,0.441604046263063,0.5,52,0.356413110163544,0.968716843219995
CM007893.2_202492495_A_G,4,202492495,0.722175495240842,0.0961538461538461,52,0.397120385893572,0.995153521788503
CM007893.2_202622296_G_A,4,202622296,0.0607097206569977,0.5,52,-0.966977088707281,0.939716321923694
CM007893.2_202740777_G_A,4,202740777,0.132771887775307,0.221153846153846,52,-1.3296089829625,0.939716321923694
CM007893.2_203308079_G_A,4,203308079,0.089014358843349,0.192307692307692,52,0.958897450983812,0.939716321923694
CM007893.2_203318997_A_G,4,203318997,0.556118129558882,0.461538461538462,52,0.294658483469831,0.977836539893903
CM007893.2_203338534_T_C,4,203338534,0.526143181936937,0.25,52,0.581314233368744,0.977836539893903
CM007893.2_203387431_A_T,4,203387431,0.784207548756685,0.403846153846154,52,-0.145341549470828,0.995153521788503
CM007893.2_203477878_C_A,4,203477878,0.0234595751330393,0.384615384615385,52,-1.44059480994338,0.827296197875452
CM007893.2_203728372_A_T,4,203728372,0.827100282565661,0.230769230769231,52,-0.214264692059317,0.995153521788503
CM007893.2_204084828_C_A,4,204084828,0.583136948726257,0.25,52,-0.513299090351097,0.990799379751227
CM007893.2_204584854_G_A,4,204584854,0.040697212369531,0.5,52,-0.981926672898126,0.939716321923694
CM007893.2_204633710_C_T,4,204633710,0.570593075394728,0.153846153846154,52,0.608802993084396,0.987188331689163
CM007893.2_204891406_A_T,4,204891406,0.260131655489226,0.0576923076923077,52,1.71058859240725,0.949084249637685
CM007893.2_204891920_C_T,4,204891920,0.674658613442327,0.480769230769231,52,-0.215556800159078,0.990799379751227
CM007893.2_204980601_G_A,4,204980601,0.172160203900244,0.153846153846154,52,-1.44903095726625,0.939716321923694
CM007893.2_205379311_C_T,4,205379311,0.855088764746395,0.125,52,0.198170318599978,0.995153521788503
CM007893.2_205959702_C_T,4,205959702,0.235805189393053,0.365384615384615,52,-0.599892196513721,0.939716321923694
CM007893.2_206246791_A_C,4,206246791,0.16035144663331,0.0769230769230769,52,1.11748385751963,0.939716321923694
CM007893.2_206531808_A_C,4,206531808,0.551253598518734,0.384615384615385,52,0.298503903582358,0.977836539893903
CM007893.2_206875874_C_T,4,206875874,0.2455982112645,0.0576923076923077,52,1.85698878694075,0.939716321923694
CM007893.2_207059074_C_T,4,207059074,0.924420115322311,0.173076923076923,52,0.0933737426898347,0.995153521788503
CM007893.2_207991510_G_C,4,207991510,0.496657751393563,0.0673076923076923,52,0.882111236771379,0.968716843219995
CM007893.2_208075178_G_A,4,208075178,0.308260445740032,0.25,52,1.02488732918118,0.966512290310654
CM007894.2_521674_A_T,5,521674,0.462636031997902,0.240384615384615,52,-0.70697223423349,0.968716843219995
CM007894.2_601578_T_C,5,601578,0.241933638717724,0.0961538461538461,52,1.40746848918548,0.939716321923694
CM007894.2_630948_G_C,5,630948,0.358686811378522,0.173076923076923,52,1.051132539631,0.967549787466022
CM007894.2_1177121_T_C,5,1177121,0.456211758230432,0.384615384615385,52,-0.392813932559648,0.968716843219995
CM007894.2_1177317_C_A,5,1177317,0.325485361605556,0.211538461538462,52,-1.09537219057495,0.966512290310654
CM007894.2_1177726_A_G,5,1177726,0.832064878950587,0.192307692307692,52,-0.210665796323042,0.995153521788503
CM007894.2_1226044_T_C,5,1226044,0.788047659488103,0.480769230769231,52,-0.132301765026639,0.995153521788503
CM007894.2_1456817_G_C,5,1456817,0.968124024982542,0.5,52,0.0191361017931726,0.995153521788503
CM007894.2_2553216_A_G,5,2553216,0.520543028918512,0.240384615384615,52,0.736658419895775,0.977836539893903
CM007894.2_2683207_C_A,5,2683207,0.654328021456563,0.182692307692308,52,-0.495922122696243,0.990799379751227
CM007894.2_2683265_C_T,5,2683265,0.687056579196409,0.201923076923077,52,0.415871667409931,0.990799379751227
CM007894.2_2683366_A_G,5,2683366,0.729336070849271,0.173076923076923,52,-0.396937782510122,0.995153521788503
CM007894.2_2816688_T_A,5,2816688,0.77623850298473,0.173076923076923,52,-0.192040492805972,0.995153521788503
CM007894.2_2816824_A_G,5,2816824,0.000421987731963388,0.461538461538462,52,-1.60675072330552,0.441553786198107
CM007894.2_2875758_A_G,5,2875758,0.204809713672249,0.5,52,0.705302686259699,0.939716321923694
CM007894.2_3332741_A_G,5,3332741,0.158102913452602,0.461538461538462,52,-0.633939699416935,0.939716321923694
CM007894.2_3582326_A_G,5,3582326,0.435271431143747,0.115384615384615,52,-0.629723604293588,0.968716843219995
CM007894.2_3616783_C_T,5,3616783,0.00461406120819344,0.134615384615385,52,1.75812515352459,0.598022655412944
CM007894.2_3813061_G_T,5,3813061,0.32588764442682,0.230769230769231,52,-1.01806506688297,0.966512290310654
CM007894.2_3814532_T_C,5,3814532,0.900052628474917,0.134615384615385,52,0.0920867618128227,0.995153521788503
CM007894.2_3815016_C_T,5,3815016,0.642080827010641,0.240384615384615,52,0.432078127287923,0.990799379751227
CM007894.2_3924275_C_T,5,3924275,0.130771672315269,0.288461538461538,52,0.841475626507489,0.939716321923694
CM007894.2_4353065_T_C,5,4353065,0.75587803644566,0.5,52,-0.163707328836495,0.995153521788503
CM007894.2_4714043_C_T,5,4714043,0.836892745578611,0.25,52,0.203579273203786,0.995153521788503
CM007894.2_5915858_T_G,5,5915858,0.163079042890729,0.5,52,0.734384836598906,0.939716321923694
CM007894.2_5923518_G_A,5,5923518,0.838980168798171,0.182692307692308,52,-0.21964983887932,0.995153521788503
CM007894.2_6185178_C_T,5,6185178,0.922716053593501,0.25,52,-0.060400211963298,0.995153521788503
CM007894.2_6943911_C_T,5,6943911,0.872440571695983,0.25,52,-0.0864216559174196,0.995153521788503
CM007894.2_7389337_C_T,5,7389337,0.435664787288068,0.0576923076923077,52,1.12715072803417,0.968716843219995
CM007894.2_7691438_A_T,5,7691438,0.198115606556404,0.480769230769231,52,-0.661804849856765,0.939716321923694
CM007894.2_7714262_C_T,5,7714262,0.874538378405101,0.480769230769231,52,-0.078125864270568,0.995153521788503
CM007894.2_7912238_C_T,5,7912238,0.237805705805368,0.307692307692308,52,0.588281679113763,0.939716321923694
CM007894.2_8099592_G_A,5,8099592,0.00260166598689938,0.5,52,-1.38109371437858,0.577049515894282
CM007894.2_8448992_T_C,5,8448992,0.346545609538201,0.25,52,-0.833261559924608,0.967549787466022
CM007894.2_8461648_T_G,5,8461648,0.598120437502896,0.0769230769230769,52,0.439248992534829,0.990799379751227
CM007894.2_8468451_T_C,5,8468451,0.59140652158182,0.0576923076923077,52,0.774762564579532,0.990799379751227
CM007894.2_8531678_G_T,5,8531678,0.0522795879636693,0.153846153846154,52,1.83304289033657,0.939716321923694
CM007894.2_12582151_A_G,5,12582151,0.650836663275912,0.269230769230769,52,-0.254838617006698,0.990799379751227
CM007894.2_12870772_T_C,5,12870772,0.404627881090384,0.211538461538462,52,0.795905518747418,0.968716843219995
CM007894.2_13105887_G_C,5,13105887,0.746836201776758,0.0865384615384616,52,0.384250637646574,0.995153521788503
CM007894.2_14192882_T_G,5,14192882,0.615257429838758,0.25,52,-0.447658219604705,0.990799379751227
CM007894.2_15220935_C_T,5,15220935,0.379391365243615,0.25,52,0.898327600834818,0.967549787466022
CM007894.2_16586617_G_A,5,16586617,0.274351336182246,0.192307692307692,52,0.591304100205036,0.963208857936694
CM007894.2_21289174_T_C,5,21289174,0.0823871009693469,0.201923076923077,52,1.64112698500992,0.939716321923694
CM007894.2_24977686_A_C,5,24977686,0.191060062628543,0.25,52,-1.31319539683682,0.939716321923694
CM007894.2_25393445_T_C,5,25393445,0.790996405363528,0.105769230769231,52,-0.296417340617154,0.995153521788503
CM007894.2_26922577_T_G,5,26922577,0.637083554898307,0.0961538461538461,52,0.365550903569272,0.990799379751227
CM007894.2_30074330_A_T,5,30074330,0.0478392792930021,0.173076923076923,52,-1.11923815531443,0.939716321923694
CM007894.2_32786605_T_C,5,32786605,0.0392705178377616,0.173076923076923,52,1.42574681586663,0.91686324804374
CM007894.2_34109815_C_T,5,34109815,0.637676879035636,0.480769230769231,52,-0.252604859482801,0.990799379751227
CM007894.2_34109819_C_T,5,34109819,0.72164896582314,0.134615384615385,52,0.24595697531376,0.995153521788503
CM007894.2_34388573_A_G,5,34388573,0.92373500628228,0.423076923076923,52,-0.0457694129910635,0.995153521788503
CM007894.2_39211268_T_C,5,39211268,0.866791360915932,0.0769230769230769,52,-0.223010705096385,0.995153521788503
CM007894.2_40032540_T_C,5,40032540,0.566597060850492,0.25,52,0.558502291225693,0.984379601359085
CM007894.2_44419457_G_A,5,44419457,0.889499845425751,0.0673076923076923,52,-0.237712702576346,0.995153521788503
CM007894.2_46529764_T_A,5,46529764,0.915388341592151,0.5,52,0.0601841875969313,0.995153521788503
CM007894.2_47634392_A_G,5,47634392,0.295556656438105,0.0961538461538461,52,0.770576493166857,0.965644933430993
CM007894.2_48137811_A_G,5,48137811,0.584719426241191,0.230769230769231,52,-0.324595649721431,0.990799379751227
CM007894.2_50944602_C_T,5,50944602,0.780945342573758,0.0961538461538461,52,-0.237356541132499,0.995153521788503
CM007894.2_55955262_G_A,5,55955262,0.774418208646474,0.0961538461538461,52,0.363238283051942,0.995153521788503
CM007894.2_60371060_A_G,5,60371060,0.851521010944665,0.0673076923076923,52,0.250204395412084,0.995153521788503
CM007894.2_77785705_G_A,5,77785705,0.191349281899799,0.0769230769230769,52,1.05553507422167,0.939716321923694
CM007894.2_78343737_A_G,5,78343737,0.987781354095643,0.230769230769231,52,0.00895151281753215,0.995153521788503
CM007894.2_78380783_A_T,5,78380783,0.0894666130128728,0.125,52,1.94705917186752,0.939716321923694
CM007894.2_79072273_G_C,5,79072273,0.607327187338986,0.0576923076923077,52,-0.728842105364038,0.990799379751227
CM007894.2_89848534_T_G,5,89848534,0.78322055375335,0.365384615384615,52,0.133073518117968,0.995153521788503
CM007894.2_89848620_A_G,5,89848620,0.187100819679321,0.0769230769230769,52,1.1320030090734,0.939716321923694
CM007894.2_92872078_G_T,5,92872078,0.760303130427389,0.0673076923076923,52,-0.404386636344725,0.995153521788503
CM007894.2_96187890_T_C,5,96187890,0.538217762842326,0.384615384615385,52,-0.321683805082131,0.977836539893903
CM007894.2_97573519_A_G,5,97573519,0.868978508207335,0.125,52,0.209430161322189,0.995153521788503
CM007894.2_102031906_A_G,5,102031906,0.408240642387257,0.288461538461538,52,0.510365509261845,0.968716843219995
CM007894.2_103175653_G_A,5,103175653,0.830908141803344,0.240384615384615,52,-0.241955690943485,0.995153521788503
CM007894.2_103236621_C_T,5,103236621,0.62861708789694,0.230769230769231,52,-0.46767292162582,0.990799379751227
CM007894.2_105321771_T_A,5,105321771,0.82003442857739,0.144230769230769,52,0.272869008335306,0.995153521788503
CM007894.2_105321783_G_T,5,105321783,0.332029080125511,0.0865384615384616,52,-1.15212804140219,0.967549787466022
CM007894.2_105321844_T_C,5,105321844,0.111090820324716,0.269230769230769,52,0.853309951449816,0.939716321923694
CM007894.2_109587859_G_T,5,109587859,0.768012375398512,0.230769230769231,52,0.206458225307642,0.995153521788503
CM007894.2_119921633_T_G,5,119921633,0.965317214486287,0.25,52,-0.0434200092585115,0.995153521788503
CM007894.2_122324177_A_G,5,122324177,0.897255038409841,0.144230769230769,52,0.139904928995122,0.995153521788503
CM007894.2_123391565_C_T,5,123391565,0.879303643122852,0.211538461538462,52,0.0850010488141919,0.995153521788503
CM007894.2_123645015_A_G,5,123645015,0.680006914167355,0.480769230769231,52,0.22930150743872,0.990799379751227
CM007894.2_126287353_T_C,5,126287353,0.388421100991369,0.173076923076923,52,-0.591345706660377,0.967997755054895
CM007894.2_126291614_A_G,5,126291614,0.973764710287471,0.240384615384615,52,-0.0404967708070672,0.995153521788503
CM007894.2_126513882_T_G,5,126513882,0.111946551264446,0.480769230769231,52,0.748865548897577,0.939716321923694
CM007894.2_127422000_G_A,5,127422000,0.281346271377469,0.480769230769231,52,-0.525376480942654,0.963208857936694
CM007894.2_134440778_A_T,5,134440778,0.207977551187616,0.480769230769231,52,0.610692431314163,0.939716321923694
CM007894.2_135276477_C_T,5,135276477,0.752490076000489,0.211538461538462,52,0.214082738958723,0.995153521788503
CM007894.2_136183892_T_C,5,136183892,0.344200585431376,0.115384615384615,52,1.17555464483564,0.967549787466022
CM007894.2_138594317_A_T,5,138594317,0.18008931753895,0.0480769230769231,52,1.97006695427467,0.939716321923694
CM007894.2_142703894_A_G,5,142703894,0.571884468858661,0.480769230769231,52,0.288948486516801,0.987728065339586
CM007894.2_143311620_T_C,5,143311620,0.754212231150626,0.115384615384615,52,-0.389816839379137,0.995153521788503
CM007894.2_149867991_G_A,5,149867991,0.703741184166271,0.0865384615384616,52,0.458230781242492,0.995153521788503
CM007894.2_156937301_A_G,5,156937301,0.314669755354492,0.0961538461538461,52,-1.17402751892814,0.966512290310654
CM007894.2_159223303_A_G,5,159223303,0.958168403518082,0.461538461538462,52,-0.0262921859081331,0.995153521788503
CM007894.2_159537231_A_G,5,159537231,0.54217939617922,0.480769230769231,52,-0.310663125129437,0.977836539893903
CM007894.2_160786171_A_G,5,160786171,0.696387978082857,0.307692307692308,52,-0.24265878566456,0.990799379751227
CM007894.2_167037020_G_T,5,167037020,0.674697708454551,0.0865384615384616,52,-0.543537440164869,0.990799379751227
CM007894.2_167160261_A_T,5,167160261,0.945139036082329,0.442307692307692,52,0.0348140159287738,0.995153521788503
CM007894.2_167277399_T_C,5,167277399,0.637942193411243,0.192307692307692,52,-0.275135582269115,0.990799379751227
CM007894.2_167277424_C_G,5,167277424,0.100835631695879,0.5,52,-0.889627168872252,0.939716321923694
CM007894.2_167966848_A_C,5,167966848,0.104330381105063,0.134615384615385,52,-1.23201797921297,0.939716321923694
CM007894.2_168932750_A_T,5,168932750,0.45086351362345,0.25,52,-0.700280125298605,0.968716843219995
CM007894.2_168932808_A_G,5,168932808,0.964294651145296,0.0769230769230769,52,0.0375138529033165,0.995153521788503
CM007894.2_169132545_A_G,5,169132545,0.845386989192302,0.211538461538462,52,0.223454513749857,0.995153521788503
CM007894.2_169503321_T_C,5,169503321,0.89392563633305,0.5,52,0.0665693209088047,0.995153521788503
CM007894.2_169684006_C_T,5,169684006,0.99229448794786,0.240384615384615,52,0.00904117746119937,0.997240223954849
CM007894.2_169907015_A_G,5,169907015,0.96712925809848,0.25,52,0.0534507144253666,0.995153521788503
CM007894.2_170995078_G_A,5,170995078,0.962384433836429,0.0865384615384616,52,-0.0580849076218328,0.995153521788503
CM007894.2_171056224_G_T,5,171056224,0.820566064627154,0.480769230769231,52,-0.124771187961713,0.995153521788503
CM007894.2_171221612_G_A,5,171221612,0.863437378181649,0.115384615384615,52,0.121922743794045,0.995153521788503
CM007894.2_171623267_G_A,5,171623267,0.671679077700693,0.163461538461538,52,0.421482647395919,0.990799379751227
CM007894.2_172199104_G_T,5,172199104,0.653458016983139,0.230769230769231,52,0.409519530623356,0.990799379751227
CM007894.2_172352817_A_T,5,172352817,0.618257250766725,0.25,52,0.524879150936044,0.990799379751227
CM007894.2_172354503_A_T,5,172354503,0.538458586370608,0.480769230769231,52,0.335795371594543,0.977836539893903
CM007894.2_173010966_A_G,5,173010966,0.00230084444410778,0.153846153846154,52,2.09763662178784,0.567030330781228
CM007894.2_173010994_A_G,5,173010994,0.136812095971696,0.259615384615385,52,1.3896022989108,0.939716321923694
CM007894.2_173054778_A_G,5,173054778,0.652708775190646,0.240384615384615,52,-0.490629580831069,0.990799379751227
CM007894.2_173537706_A_T,5,173537706,0.944260671625241,0.230769230769231,52,-0.0461559799539941,0.995153521788503
CM007894.2_173858472_C_A,5,173858472,0.20342475537311,0.0961538461538461,52,-0.998223232519649,0.939716321923694
CM007894.2_174313678_T_C,5,174313678,0.912590771656383,0.461538461538462,52,-0.0543152602123342,0.995153521788503
CM007894.2_174960329_G_T,5,174960329,0.788792017703127,0.0865384615384616,52,0.344267597011253,0.995153521788503
CM007894.2_175000644_A_G,5,175000644,0.362653619151514,0.134615384615385,52,-0.653384748228632,0.967549787466022
CM007894.2_175745618_A_G,5,175745618,0.332741084721755,0.461538461538462,52,0.518384874677764,0.967549787466022
CM007894.2_176372388_C_T,5,176372388,0.0452509118887685,0.480769230769231,52,-0.989777410687353,0.939716321923694
CM007894.2_176912534_A_G,5,176912534,0.357000496312028,0.5,52,-0.441616489481831,0.967549787466022
CM007894.2_177097796_C_G,5,177097796,0.444967642326536,0.0576923076923077,52,1.17711659209931,0.968716843219995
CM007894.2_177097799_T_C,5,177097799,0.855274060772008,0.25,52,0.180263902650097,0.995153521788503
CM007894.2_177155186_T_C,5,177155186,0.0922361754436088,0.423076923076923,52,0.794205628199919,0.939716321923694
CM007894.2_177372942_C_T,5,177372942,0.276954709148952,0.192307692307692,52,-0.633336450971228,0.963208857936694
CM007894.2_177470182_C_A,5,177470182,0.0572130691327284,0.182692307692308,52,1.68926246193621,0.939716321923694
CM007894.2_177480177_A_C,5,177480177,0.125279989373933,0.115384615384615,52,1.63827706432448,0.939716321923694
CM007894.2_177480377_A_G,5,177480377,0.21096077747002,0.0769230769230769,52,-1.70754883559994,0.939716321923694
CM007894.2_177480640_G_A,5,177480640,0.910712162454438,0.230769230769231,52,0.0757589890450276,0.995153521788503
CM007894.2_177483211_T_A,5,177483211,0.0950368189520688,0.182692307692308,52,-1.55772999890792,0.939716321923694
CM007894.2_177504696_G_A,5,177504696,0.410109148474341,0.125,52,-0.836966439461548,0.968716843219995
CM007894.2_177664854_G_A,5,177664854,0.644756499302289,0.163461538461538,52,0.503325787885956,0.990799379751227
CM007894.2_177703929_T_A,5,177703929,0.934786110622262,0.240384615384615,52,-0.0801603149245125,0.995153521788503
CM007895.2_234671_T_C,6,234671,0.914700914498101,0.0961538461538461,52,-0.141614228862181,0.995153521788503
CM007895.2_1125372_C_T,6,1125372,0.802509884461437,0.259615384615385,52,-0.290796144406841,0.995153521788503
CM007895.2_2113859_A_G,6,2113859,0.930270435633609,0.0480769230769231,52,-0.139344661520227,0.995153521788503
CM007895.2_3032412_C_A,6,3032412,0.150724356652872,0.230769230769231,52,1.48029191673328,0.939716321923694
CM007895.2_3419586_C_T,6,3419586,0.285847600343651,0.115384615384615,52,-1.16404219259505,0.963208857936694
CM007895.2_3426268_G_T,6,3426268,0.302208955245601,0.259615384615385,52,1.0386635086939,0.965644933430993
CM007895.2_3439103_G_A,6,3439103,0.460593471479259,0.134615384615385,52,0.91511676526784,0.968716843219995
CM007895.2_3713202_C_A,6,3713202,0.919866027886707,0.201923076923077,52,0.0979567711696632,0.995153521788503
CM007895.2_3974995_A_G,6,3974995,0.101177383076203,0.134615384615385,52,1.73939863098349,0.939716321923694
CM007895.2_6528558_C_G,6,6528558,0.664316104894458,0.240384615384615,52,0.477646565006921,0.990799379751227
CM007895.2_6721534_T_C,6,6721534,0.114502514435941,0.288461538461538,52,0.888676390397123,0.939716321923694
CM007895.2_7151828_T_C,6,7151828,0.151800574925245,0.134615384615385,52,0.959092484214437,0.939716321923694
CM007895.2_7357313_A_G,6,7357313,0.808469566705751,0.480769230769231,52,0.115895380466668,0.995153521788503
CM007895.2_8227597_A_G,6,8227597,0.265084886705146,0.480769230769231,52,0.549250469930286,0.952528935091099
CM007895.2_8342800_G_A,6,8342800,0.12334555155551,0.480769230769231,52,-0.689083952071719,0.939716321923694
CM007895.2_8360344_G_A,6,8360344,0.428170282451392,0.480769230769231,52,0.411528936659352,0.968716843219995
CM007895.2_8863678_A_G,6,8863678,0.542533845522854,0.480769230769231,52,0.324869334474585,0.977836539893903
CM007895.2_9097599_A_C,6,9097599,0.325792656385425,0.25,52,-0.957335975894068,0.966512290310654
CM007895.2_9847036_C_T,6,9847036,0.640205485842205,0.480769230769231,52,-0.248720243489871,0.990799379751227
CM007895.2_9885198_T_G,6,9885198,0.565715447795402,0.240384615384615,52,-0.711206106891154,0.984379601359085
CM007895.2_10040290_A_C,6,10040290,0.690648285936302,0.480769230769231,52,-0.197853441707537,0.990799379751227
CM007895.2_10263574_T_C,6,10263574,0.900116687189997,0.153846153846154,52,0.0891862129488743,0.995153521788503
CM007895.2_10286095_G_T,6,10286095,0.0732728336665437,0.480769230769231,52,-0.832051194410376,0.939716321923694
CM007895.2_10295795_G_A,6,10295795,0.847762599152043,0.230769230769231,52,-0.202618225891229,0.995153521788503
CM007895.2_10707111_C_T,6,10707111,0.844836307481924,0.25,52,-0.189581254403606,0.995153521788503
CM007895.2_10710693_C_G,6,10710693,0.0871212535709383,0.240384615384615,52,1.56958985932215,0.939716321923694
CM007895.2_12203169_C_T,6,12203169,0.284705114248401,0.5,52,0.562740634530911,0.963208857936694
CM007895.2_13826421_T_C,6,13826421,0.549951127389444,0.134615384615385,52,0.385120412741372,0.977836539893903
CM007895.2_15538487_G_A,6,15538487,0.956787154003437,0.134615384615385,52,-0.0637338313118789,0.995153521788503
CM007895.2_15784175_T_C,6,15784175,0.0153313943003987,0.480769230769231,52,-1.17610736775576,0.737112735366624
CM007895.2_16636688_A_G,6,16636688,0.382224675662463,0.211538461538462,52,0.504668365053476,0.967549787466022
CM007895.2_18024287_T_C,6,18024287,0.543371838550372,0.173076923076923,52,-0.377641082426322,0.977836539893903
CM007895.2_19287177_A_G,6,19287177,0.229256043958034,0.115384615384615,52,-1.26817440366335,0.939716321923694
CM007895.2_22953266_C_G,6,22953266,0.00611755298661548,0.346153846153846,52,1.25398223089994,0.598022655412944
CM007895.2_25558351_T_C,6,25558351,0.219349472652228,0.0673076923076923,52,1.62996960166868,0.939716321923694
CM007895.2_29336177_G_T,6,29336177,0.0157601415138295,0.115384615384615,52,-1.55222757318472,0.737112735366624
CM007895.2_31173566_T_C,6,31173566,0.250007072299422,0.461538461538462,52,0.547625336073978,0.943127961804053
CM007895.2_32540832_A_G,6,32540832,0.474168326898747,0.153846153846154,52,-0.719356280532736,0.968716843219995
CM007895.2_32953777_A_G,6,32953777,0.0132827973860139,0.0769230769230769,52,2.79728249790128,0.737112735366624
CM007895.2_33302934_G_T,6,33302934,0.161747487323994,0.182692307692308,52,-1.40805951998442,0.939716321923694
CM007895.2_33895542_T_C,6,33895542,0.412485926574428,0.230769230769231,52,-0.4777846602301,0.968716843219995
CM007895.2_34374914_A_C,6,34374914,0.0828385955211001,0.25,52,1.45091394377636,0.939716321923694
CM007895.2_34557409_T_C,6,34557409,0.120708990978264,0.25,52,1.577691226669,0.939716321923694
CM007895.2_37718217_A_G,6,37718217,0.428616959676092,0.125,52,0.851664077435316,0.968716843219995
CM007895.2_37730967_G_C,6,37730967,0.278180410524133,0.153846153846154,52,-0.760483470029385,0.963208857936694
CM007895.2_39119107_T_G,6,39119107,0.00171646202105732,0.221153846153846,52,-2.75958755482122,0.475889095338141
CM007895.2_40024989_A_G,6,40024989,0.0010579802241034,0.182692307692308,52,2.76913918049053,0.469320027412268
CM007895.2_41247712_C_T,6,41247712,0.0109588810487744,0.259615384615385,52,2.23842547329525,0.737112735366624
CM007895.2_42189393_T_C,6,42189393,0.669910981967747,0.163461538461538,52,0.426755952989197,0.990799379751227
CM007895.2_43226367_T_G,6,43226367,0.176001127806593,0.25,52,1.28592373237728,0.939716321923694
CM007895.2_43681233_T_C,6,43681233,0.614983149813062,0.134615384615385,52,-0.550993109642945,0.990799379751227
CM007895.2_47479059_A_G,6,47479059,0.0878600385591589,0.125,52,-1.90266124137815,0.939716321923694
CM007895.2_48547764_T_G,6,48547764,0.1640940690842,0.153846153846154,52,1.46397416401282,0.939716321923694
CM007895.2_51197110_A_C,6,51197110,0.0523450940568514,0.192307692307692,52,1.05762233785003,0.939716321923694
CM007895.2_51197826_C_T,6,51197826,0.0532941428435715,0.221153846153846,52,2.08266792022414,0.939716321923694
CM007895.2_51212343_C_A,6,51212343,0.246293851943095,0.25,52,-1.06166961415124,0.939716321923694
CM007895.2_51453575_G_C,6,51453575,0.415682745181991,0.480769230769231,52,-0.41616594561539,0.968716843219995
CM007895.2_52150098_C_A,6,52150098,0.380414778687735,0.134615384615385,52,0.860036033227573,0.967549787466022
CM007895.2_53328969_C_G,6,53328969,0.350479184727907,0.173076923076923,52,0.556755263196578,0.967549787466022
CM007895.2_53822753_C_T,6,53822753,0.223854149304789,0.423076923076923,52,0.561126178938423,0.939716321923694
CM007895.2_53894706_C_A,6,53894706,0.120781360966549,0.442307692307692,52,0.91528220179147,0.939716321923694
CM007895.2_54039252_G_T,6,54039252,0.962326991725751,0.105769230769231,52,0.0542941374530983,0.995153521788503
CM007895.2_62975613_A_G,6,62975613,0.211547379304657,0.25,52,1.18399963793928,0.939716321923694
CM007895.2_64278392_A_G,6,64278392,0.245968959839481,0.480769230769231,52,0.601761435196352,0.939716321923694
CM007895.2_64293480_G_A,6,64293480,0.66926395220869,0.0576923076923077,52,0.624144091945027,0.990799379751227
CM007895.2_64415149_A_G,6,64415149,0.668426744903934,0.230769230769231,52,0.414822983859779,0.990799379751227
CM007895.2_64415238_C_T,6,64415238,0.0245809962948259,0.173076923076923,52,2.5766043753182,0.838779227414214
CM007895.2_66925400_G_T,6,66925400,0.779407279978534,0.0769230769230769,52,0.37225782163739,0.995153521788503
CM007895.2_68643898_T_C,6,68643898,0.263695511234261,0.153846153846154,52,-0.714260100004367,0.952528935091099
CM007895.2_70647446_A_C,6,70647446,0.550954657572414,0.115384615384615,52,0.767863682315692,0.977836539893903
CM007895.2_71676100_T_C,6,71676100,0.387576534376259,0.0673076923076923,52,-1.175829026923,0.967997755054895
CM007895.2_71723860_C_T,6,71723860,0.0756542488350089,0.115384615384615,52,-1.16890436797476,0.939716321923694
CM007895.2_75762144_T_C,6,75762144,0.547603601370893,0.5,52,0.312783883274435,0.977836539893903
CM007895.2_77323375_T_C,6,77323375,0.788486308495885,0.0576923076923077,52,0.251571852671248,0.995153521788503
CM007895.2_77457596_A_G,6,77457596,0.728089035443875,0.125,52,-0.410087640485699,0.995153521788503
CM007895.2_86905607_C_A,6,86905607,0.55379403582437,0.134615384615385,52,0.427559837107225,0.977836539893903
CM007895.2_89361753_T_A,6,89361753,0.686783223515257,0.211538461538462,52,-0.234743037146387,0.990799379751227
CM007895.2_89406546_A_G,6,89406546,0.659796375431837,0.384615384615385,52,-0.229021138304034,0.990799379751227
CM007895.2_91144509_T_C,6,91144509,0.161963266842517,0.0769230769230769,52,1.6524431772724,0.939716321923694
CM007895.2_94958786_A_G,6,94958786,0.365644478428888,0.134615384615385,52,-1.07520949498848,0.967549787466022
CM007895.2_97277924_G_T,6,97277924,0.241720442933864,0.0961538461538461,52,-1.7293429952008,0.939716321923694
CM007895.2_102245744_T_C,6,102245744,0.862667975301739,0.134615384615385,52,0.124330760009769,0.995153521788503
CM007895.2_104346069_G_A,6,104346069,0.818810685720128,0.173076923076923,52,-0.227222475484268,0.995153521788503
CM007895.2_106803045_A_T,6,106803045,0.249545035102912,0.173076923076923,52,-1.0781916317477,0.943127961804053
CM007895.2_108307611_A_G,6,108307611,0.777153507191284,0.153846153846154,52,-0.331530322744243,0.995153521788503
CM007895.2_111996276_T_C,6,111996276,0.265209113238076,0.0384615384615384,52,-2.03489477226822,0.952528935091099
CM007895.2_112868693_T_C,6,112868693,0.943393123547235,0.173076923076923,52,0.0740987440667595,0.995153521788503
CM007895.2_114082458_G_A,6,114082458,0.88745204626015,0.25,52,0.0810729299969637,0.995153521788503
CM007895.2_114186826_T_C,6,114186826,0.881551733381552,0.163461538461538,52,0.153610811748251,0.995153521788503
CM007895.2_126388047_C_A,6,126388047,0.718663500318609,0.153846153846154,52,-0.238354027984201,0.995153521788503
CM007895.2_127563483_C_T,6,127563483,0.631531063756064,0.144230769230769,52,0.50898256228038,0.990799379751227
CM007895.2_128004779_C_A,6,128004779,0.521341967602363,0.0576923076923077,52,0.891949767161123,0.977836539893903
CM007895.2_130945612_T_C,6,130945612,0.592270386431681,0.25,52,0.296623472198291,0.990799379751227
CM007895.2_131657302_C_A,6,131657302,0.758744360441414,0.134615384615385,52,0.247744148615084,0.995153521788503
CM007895.2_134537205_G_C,6,134537205,0.14088603799735,0.307692307692308,52,-0.68724341707393,0.939716321923694
CM007895.2_135048684_T_A,6,135048684,0.459442338151125,0.307692307692308,52,-0.356628116130651,0.968716843219995
CM007895.2_137240291_T_A,6,137240291,0.176270828861867,0.115384615384615,52,-1.47761889461458,0.939716321923694
CM007895.2_142230439_T_C,6,142230439,0.225328759047842,0.134615384615385,52,-0.78489718786139,0.939716321923694
CM007895.2_144685524_C_G,6,144685524,0.709870030235081,0.461538461538462,52,-0.206545591406709,0.995153521788503
CM007895.2_145333073_T_C,6,145333073,0.291121668885355,0.230769230769231,52,-0.945970962888339,0.96476528026302
CM007895.2_145948650_A_G,6,145948650,0.945471138898408,0.240384615384615,52,0.0857874940284091,0.995153521788503
CM007895.2_147274904_C_T,6,147274904,0.123833409984164,0.423076923076923,52,0.755993710545567,0.939716321923694
CM007896.2_12379_A_G,7,12379,0.108142366618034,0.201923076923077,52,-1.63363451146853,0.939716321923694
CM007896.2_1951447_T_A,7,1951447,0.507203116896261,0.0769230769230769,52,-0.805406617320273,0.968716843219995
CM007896.2_1957939_G_C,7,1957939,0.619693111946093,0.230769230769231,52,-0.441266063177693,0.990799379751227
CM007896.2_2641846_A_C,7,2641846,0.0798856911135876,0.0576923076923077,52,-2.29896396722131,0.939716321923694
CM007896.2_2713005_T_G,7,2713005,0.957299215455411,0.173076923076923,52,0.0579405043085899,0.995153521788503
CM007896.2_2713678_G_A,7,2713678,0.144895548769814,0.480769230769231,52,0.77248348132882,0.939716321923694
CM007896.2_2972991_T_G,7,2972991,0.0853659523995392,0.326923076923077,52,-0.784978902985728,0.939716321923694
CM007896.2_2973159_G_A,7,2973159,0.391021633724311,0.153846153846154,52,0.853121322137497,0.968716843219995
CM007896.2_4036849_A_T,7,4036849,0.906492641686954,0.115384615384615,52,-0.133103064314241,0.995153521788503
CM007896.2_4060259_C_G,7,4060259,0.010189336591866,0.480769230769231,52,1.15870460201416,0.737112735366624
CM007896.2_8253633_T_C,7,8253633,0.490600402480246,0.0769230769230769,52,-1.08178639404241,0.968716843219995
CM007896.2_16328880_G_A,7,16328880,0.406716426698592,0.192307692307692,52,-0.561084016213982,0.968716843219995
CM007896.2_16861500_T_A,7,16861500,0.555185132850304,0.144230769230769,52,-0.616728074589332,0.977836539893903
CM007896.2_19613318_T_C,7,19613318,0.638264898709452,0.423076923076923,52,-0.215106164172688,0.990799379751227
CM007896.2_51656447_G_T,7,51656447,0.855707468209507,0.134615384615385,52,-0.199854724180909,0.995153521788503
CM007896.2_54805108_A_G,7,54805108,0.416479707166319,0.442307692307692,52,0.394810407922279,0.968716843219995
CM007896.2_55326176_T_G,7,55326176,0.18862066170044,0.0769230769230769,52,-1.14196732075465,0.939716321923694
CM007896.2_57656216_T_C,7,57656216,0.813761026897888,0.230769230769231,52,0.145104218157599,0.995153521788503
CM007896.2_88980203_T_C,7,88980203,0.128665213990148,0.201923076923077,52,1.59232942358943,0.939716321923694
CM007896.2_89870131_T_C,7,89870131,0.320996432622099,0.230769230769231,52,0.619624050933766,0.966512290310654
CM007896.2_89947374_T_C,7,89947374,0.89417155020048,0.442307692307692,52,0.0738890073441922,0.995153521788503
CM007896.2_94481781_C_T,7,94481781,0.0210005246474291,0.0576923076923077,52,-3.10545947605897,0.763592847016356
CM007896.2_94833441_G_A,7,94833441,0.304670530994014,0.221153846153846,52,0.985200212819677,0.965644933430993
CM007896.2_106721418_A_C,7,106721418,0.358930674510776,0.0576923076923077,52,-1.44300235095034,0.967549787466022
CM007896.2_112990393_C_T,7,112990393,0.352934300231245,0.0769230769230769,52,-0.801812239651611,0.967549787466022
CM007896.2_113600017_C_T,7,113600017,0.435387985018093,0.25,52,-0.975960708311277,0.968716843219995
CM007896.2_114376657_A_G,7,114376657,0.324936752158341,0.5,52,0.46742012103838,0.966512290310654
CM007896.2_114804839_C_T,7,114804839,0.764721459548301,0.480769230769231,52,-0.17089178956121,0.995153521788503
CM007896.2_120472355_A_C,7,120472355,0.16093862756482,0.240384615384615,52,1.31504073784578,0.939716321923694
CM007896.2_121443760_G_T,7,121443760,0.484974606437021,0.134615384615385,52,-0.776681796925345,0.968716843219995
CM007896.2_122555330_G_A,7,122555330,0.0203744879845185,0.423076923076923,52,1.14361492719435,0.763592847016356
CM007896.2_122943539_T_C,7,122943539,0.688373280382784,0.230769230769231,52,0.461350762084976,0.990799379751227
CM007896.2_123030353_T_C,7,123030353,0.444524029934764,0.0961538461538461,52,0.567814455186067,0.968716843219995
CM007896.2_123737542_G_A,7,123737542,0.26133015345117,0.480769230769231,52,-0.570063951304121,0.949084249637685
CM007896.2_123919411_C_T,7,123919411,0.100162442587919,0.115384615384615,52,1.32354210950956,0.939716321923694
CM007896.2_125458822_T_A,7,125458822,0.900858761829347,0.480769230769231,52,-0.0595011053449497,0.995153521788503
CM007896.2_128078622_T_G,7,128078622,0.185613782583333,0.480769230769231,52,0.707852845609892,0.939716321923694
CM007896.2_128188656_A_G,7,128188656,0.451113192073238,0.192307692307692,52,-0.447185922794034,0.968716843219995
CM007896.2_129407710_A_G,7,129407710,0.871147203983432,0.115384615384615,52,0.11907392441617,0.995153521788503
CM007896.2_129665651_A_G,7,129665651,0.812980289018404,0.182692307692308,52,-0.26071075609326,0.995153521788503
CM007896.2_129885537_A_T,7,129885537,0.202144967936723,0.0961538461538461,52,1.80166074763406,0.939716321923694
CM007896.2_130299838_G_A,7,130299838,0.989320791498489,0.480769230769231,52,0.00853650044727772,0.995153521788503
CM007896.2_130856469_G_A,7,130856469,0.513570495159173,0.0961538461538461,52,-0.505135750808051,0.972460759998341
CM007896.2_131504830_A_G,7,131504830,0.260909242746037,0.5,52,-0.52244267173856,0.949084249637685
CM007896.2_131961463_C_T,7,131961463,0.64250245219037,0.365384615384615,52,-0.243855202768501,0.990799379751227
CM007896.2_132527765_T_A,7,132527765,0.309629426098237,0.173076923076923,52,-0.636590326594046,0.966512290310654
CM007896.2_132660727_T_C,7,132660727,0.48010839522005,0.461538461538462,52,-0.349392029169422,0.968716843219995
CM007896.2_132661308_A_G,7,132661308,0.696865208481476,0.365384615384615,52,-0.201488522466789,0.990799379751227
CM007896.2_133036743_T_G,7,133036743,0.0970495152985194,0.480769230769231,52,0.746661696896915,0.939716321923694
CM007896.2_133036826_C_T,7,133036826,0.372130807324558,0.115384615384615,52,0.677372470458351,0.967549787466022
CM007896.2_133573718_A_T,7,133573718,0.560005110644405,0.442307692307692,52,0.299543756042723,0.979567299218683
CM007896.2_133604117_A_C,7,133604117,0.428686124636339,0.0961538461538461,52,-0.593189753688932,0.968716843219995
CM007896.2_133694575_G_A,7,133694575,0.691029285738761,0.144230769230769,52,-0.46045474592222,0.990799379751227
CM007896.2_133880274_A_G,7,133880274,0.397019655242383,0.365384615384615,52,-0.418777431394105,0.968716843219995
CM007896.2_134124050_T_C,7,134124050,0.397978146176695,0.480769230769231,52,-0.614872084370461,0.968716843219995
CM007896.2_134170958_C_T,7,134170958,0.615473372856918,0.115384615384615,52,-0.355046432064341,0.990799379751227
CM007896.2_134185316_T_A,7,134185316,0.72399283423282,0.25,52,-0.210704660801952,0.995153521788503
CM007896.2_134185592_G_A,7,134185592,0.0827195690879242,0.5,52,-0.776259183105616,0.939716321923694
CM007896.2_134396556_C_T,7,134396556,0.828700056092774,0.384615384615385,52,-0.122005081860948,0.995153521788503
CM007896.2_134752352_C_T,7,134752352,0.878554141635312,0.403846153846154,52,0.0788856861862541,0.995153521788503
CM007896.2_134856808_A_G,7,134856808,0.846780475325656,0.480769230769231,52,0.100624851255915,0.995153521788503
CM007896.2_134878475_G_C,7,134878475,0.0203437115584264,0.365384615384615,52,1.10826634742463,0.763592847016356
CM007896.2_135307917_T_G,7,135307917,0.671222005854599,0.307692307692308,52,-0.212293104098976,0.990799379751227
CM007896.2_136114797_C_T,7,136114797,0.851588189378417,0.211538461538462,52,-0.105913169568325,0.995153521788503
CM007896.2_136480798_C_T,7,136480798,0.0725984628958482,0.230769230769231,52,1.77985330919773,0.939716321923694
CM007896.2_136513277_C_G,7,136513277,0.205287850142313,0.5,52,0.675273710319573,0.939716321923694
CM007896.2_138126200_G_A,7,138126200,0.051060151082219,0.240384615384615,52,-1.79280581062051,0.939716321923694
CM007896.2_138150510_G_T,7,138150510,0.725620208768505,0.0769230769230769,52,-0.463708340220137,0.995153521788503
CM007896.2_139087503_T_C,7,139087503,0.648973269167824,0.211538461538462,52,0.295000266957857,0.990799379751227
CM007896.2_139811231_A_G,7,139811231,0.559858693507899,0.480769230769231,52,-0.282403084729893,0.979567299218683
CM007896.2_140211433_T_C,7,140211433,0.776492416219676,0.115384615384615,52,-0.338978443888891,0.995153521788503
CM007896.2_140211644_T_G,7,140211644,0.316114994626663,0.25,52,-0.968581760046391,0.966512290310654
CM007896.2_140213547_C_T,7,140213547,0.895522871663296,0.0961538461538461,52,0.10562041265797,0.995153521788503
CM007896.2_140581529_G_A,7,140581529,0.836533450779016,0.25,52,-0.194683112254495,0.995153521788503
CM007896.2_141359023_T_G,7,141359023,0.0133257608727328,0.134615384615385,52,2.56691607343851,0.737112735366624
CM007896.2_141558124_A_G,7,141558124,0.163266428618988,0.25,52,-1.19934431526468,0.939716321923694
CM007896.2_142806751_A_C,7,142806751,0.311142263901602,0.5,52,0.450713512992252,0.966512290310654
CM007896.2_142955372_A_G,7,142955372,0.160394106335014,0.153846153846154,52,0.890536874690667,0.939716321923694
CM007896.2_143147224_A_T,7,143147224,0.396215105893335,0.240384615384615,52,-0.742100663831707,0.968716843219995
CM007896.2_143472896_G_T,7,143472896,0.779626669201985,0.0576923076923077,52,-0.439945713142151,0.995153521788503
CM007896.2_143747909_G_T,7,143747909,0.395790551184835,0.5,52,-0.452858781730981,0.968716843219995
CM007896.2_143779285_A_C,7,143779285,0.301700556286411,0.221153846153846,52,-0.921846845882783,0.965644933430993
CM007896.2_143779637_T_A,7,143779637,0.815974432197235,0.211538461538462,52,-0.220737083314646,0.995153521788503
CM007896.2_143783551_A_C,7,143783551,0.71887837061839,0.25,52,0.329088196709165,0.995153521788503
CM007896.2_144164756_A_C,7,144164756,0.455760881097748,0.480769230769231,52,0.34830829676789,0.968716843219995
CM007896.2_144204409_C_A,7,144204409,0.062252409280535,0.480769230769231,52,-0.832175884253544,0.939716321923694
CM007896.2_144529659_A_T,7,144529659,0.681211963253904,0.0961538461538461,52,-0.332728065668334,0.990799379751227
CM007896.2_144781304_A_T,7,144781304,0.427398438500974,0.259615384615385,52,-0.861343922145636,0.968716843219995
CM007896.2_144883449_A_G,7,144883449,0.257302995446932,0.115384615384615,52,1.29137168694217,0.949084249637685
CM007896.2_144885547_C_T,7,144885547,0.176172394536528,0.221153846153846,52,1.19805648491069,0.939716321923694
CM007896.2_145142011_G_C,7,145142011,0.513438077155291,0.480769230769231,52,0.292347021606787,0.972460759998341
CM007896.2_145216191_C_T,7,145216191,0.0371821352083612,0.0576923076923077,52,-2.91754970796455,0.91686324804374
CM007896.2_145227347_G_A,7,145227347,0.0138075225578508,0.480769230769231,52,1.05124179040194,0.737112735366624
CM007896.2_145283688_G_C,7,145283688,0.735176045114931,0.259615384615385,52,0.348753767293488,0.995153521788503
CM007896.2_145320179_A_C,7,145320179,0.732053318786702,0.221153846153846,52,0.323398542426048,0.995153521788503
CM007896.2_146534633_T_G,7,146534633,0.0292104861683834,0.0961538461538461,52,-2.57291009714891,0.886884403276324
CM007896.2_146563961_T_C,7,146563961,0.683412801971896,0.403846153846154,52,-0.228714216997957,0.990799379751227
CM007896.2_146584678_T_C,7,146584678,0.732894333197262,0.134615384615385,52,-0.234118710031623,0.995153521788503
CM007896.2_146584723_T_C,7,146584723,0.640761930805692,0.25,52,-0.4481779825486,0.990799379751227
CM007896.2_147444099_T_C,7,147444099,0.346676581899804,0.365384615384615,52,-0.435704527321946,0.967549787466022
CM007896.2_147486674_G_T,7,147486674,0.159789775047938,0.173076923076923,52,-0.852968234569971,0.939716321923694
CM007896.2_147510231_T_C,7,147510231,0.379884171412011,0.105769230769231,52,1.00383107013442,0.967549787466022
CM007896.2_147858584_T_C,7,147858584,0.744878811507471,0.288461538461538,52,0.170789152324573,0.995153521788503
CM007896.2_148109315_G_C,7,148109315,0.920527622561803,0.0769230769230769,52,0.128264783102964,0.995153521788503
CM007896.2_148112354_T_C,7,148112354,0.0236288851130642,0.480769230769231,52,-1.0218103365647,0.827296197875452
CM007896.2_148137286_C_T,7,148137286,0.25693517770953,0.25,52,-1.11220609268764,0.949084249637685
CM007896.2_148687295_A_G,7,148687295,0.197213814972572,0.0769230769230769,52,1.63277633419784,0.939716321923694
CM007896.2_148700683_T_G,7,148700683,0.746449854415677,0.5,52,-0.155501797335411,0.995153521788503
CM007896.2_148700872_A_G,7,148700872,0.0786588485901669,0.240384615384615,52,1.55267172703964,0.939716321923694
CM007896.2_149140606_A_C,7,149140606,0.315255928167536,0.307692307692308,52,-0.509948964334882,0.966512290310654
CM007896.2_149294421_T_C,7,149294421,0.0101287629167225,0.25,52,-1.33399315282978,0.737112735366624
CM007896.2_149389411_G_A,7,149389411,0.823227566049104,0.163461538461538,52,0.250026664962547,0.995153521788503
CM007896.2_149453126_A_G,7,149453126,0.552252160404426,0.192307692307692,52,-0.362727430829125,0.977836539893903
CM007897.2_79407_C_G,8,79407,0.00145047834485271,0.125,52,2.97979071288233,0.475889095338141
CM007897.2_82999_G_A,8,82999,0.000597232352837836,0.5,52,1.73049472459988,0.441553786198107
CM007897.2_214739_T_C,8,214739,0.0284516765793115,0.423076923076923,52,-0.970975935722919,0.886884403276324
CM007897.2_214808_T_C,8,214808,0.535742299532835,0.240384615384615,52,-0.624690503031331,0.977836539893903
CM007897.2_226178_A_C,8,226178,0.164568250474781,0.211538461538462,52,0.832200928883907,0.939716321923694
CM007897.2_782740_T_A,8,782740,0.000346343634277691,0.240384615384615,52,3.0293750835333,0.441553786198107
CM007897.2_932466_G_A,8,932466,0.448876679960288,0.25,52,-0.712537256837379,0.968716843219995
CM007897.2_954644_C_T,8,954644,0.576490964946077,0.211538461538462,52,0.562905356903173,0.98967256985325
CM007897.2_1236197_A_G,8,1236197,0.778327957955441,0.0576923076923077,52,0.41147303340415,0.995153521788503
CM007897.2_1759272_A_G,8,1759272,0.971594434332424,0.115384615384615,52,-0.0255960319583721,0.995153521788503
CM007897.2_2428035_C_T,8,2428035,0.696736784606983,0.269230769230769,52,0.25302909372067,0.990799379751227
CM007897.2_2514879_A_G,8,2514879,0.806132498044631,0.480769230769231,52,-0.127667584692148,0.995153521788503
CM007897.2_2537429_G_C,8,2537429,0.512238639930139,0.134615384615385,52,0.436370881977467,0.972460759998341
CM007897.2_4845956_T_A,8,4845956,0.206026920991614,0.173076923076923,52,-1.25035765812669,0.939716321923694
CM007897.2_6114578_G_C,8,6114578,0.958343881970425,0.25,52,0.0535143158934375,0.995153521788503
CM007897.2_7628646_C_A,8,7628646,0.00541990471550068,0.5,52,-1.34343440720913,0.598022655412944
CM007897.2_10009814_T_A,8,10009814,0.731036569589438,0.461538461538462,52,0.182127163856606,0.995153521788503
CM007897.2_10790154_G_C,8,10790154,0.12089805757295,0.326923076923077,52,0.734171206447741,0.939716321923694
CM007897.2_11637727_G_A,8,11637727,0.986440398962225,0.0673076923076923,52,-0.0236962803514871,0.995153521788503
CM007897.2_14821231_T_C,8,14821231,0.0581216457151808,0.230769230769231,52,-1.82459533405711,0.939716321923694
CM007897.2_15877758_C_T,8,15877758,0.343344551398013,0.134615384615385,52,0.633140930103423,0.967549787466022
CM007897.2_16558719_A_G,8,16558719,0.228421796580665,0.221153846153846,52,1.03450218602245,0.939716321923694
CM007897.2_18358011_T_C,8,18358011,0.385754404805084,0.134615384615385,52,-0.564533600364229,0.967549787466022
CM007897.2_18508003_G_A,8,18508003,0.50682173422293,0.25,52,0.696908793402827,0.968716843219995
CM007897.2_19932380_T_C,8,19932380,0.101899462036523,0.125,52,-1.71716677939298,0.939716321923694
CM007897.2_20396500_A_G,8,20396500,0.704196165440333,0.240384615384615,52,0.366306092218906,0.995153521788503
CM007897.2_20610553_T_C,8,20610553,0.44761537022742,0.461538461538462,52,0.363562439203349,0.968716843219995
CM007897.2_21813549_T_G,8,21813549,0.532605540874232,0.105769230769231,52,-0.715368093129428,0.977836539893903
CM007897.2_22103101_T_C,8,22103101,0.427650011198841,0.115384615384615,52,-0.839925810317482,0.968716843219995
CM007897.2_22103774_G_T,8,22103774,0.66409153554214,0.5,52,0.206321188139498,0.990799379751227
CM007897.2_22133016_A_C,8,22133016,0.118603326435355,0.230769230769231,52,1.6817946783637,0.939716321923694
CM007897.2_22161444_T_C,8,22161444,0.463297675807744,0.230769230769231,52,0.78961589422272,0.968716843219995
CM007897.2_22638712_G_C,8,22638712,0.790629696811003,0.125,52,0.277290001160395,0.995153521788503
CM007897.2_22680796_A_C,8,22680796,0.705852801275007,0.192307692307692,52,-0.372753012932606,0.995153521788503
CM007897.2_22743106_T_C,8,22743106,0.0864839037546921,0.25,52,1.64212903983235,0.939716321923694
CM007897.2_23954514_C_T,8,23954514,0.377982639333635,0.5,52,-0.382317067555114,0.967549787466022
CM007897.2_24586241_G_C,8,24586241,0.172870411399902,0.5,52,-0.640198139132174,0.939716321923694
CM007897.2_25466984_G_T,8,25466984,0.038253241789764,0.365384615384615,52,1.06921029544276,0.91686324804374
CM007897.2_25802207_G_A,8,25802207,0.879341061613781,0.0961538461538461,52,0.114992140048514,0.995153521788503
CM007897.2_25802245_C_A,8,25802245,0.969394566107588,0.201923076923077,52,-0.0373021943997855,0.995153521788503
CM007897.2_26417543_C_T,8,26417543,0.258568753279352,0.480769230769231,52,0.579797094404427,0.949084249637685
CM007897.2_26484198_A_G,8,26484198,0.61663910841928,0.0865384615384616,52,-0.638092914599838,0.990799379751227
CM007897.2_27023821_C_T,8,27023821,0.133602113058501,0.384615384615385,52,-0.758287792138404,0.939716321923694
CM007897.2_30585367_C_T,8,30585367,0.179855514997541,0.134615384615385,52,-0.905544687699859,0.939716321923694
CM007897.2_31127431_G_T,8,31127431,0.625072928349847,0.480769230769231,52,-0.262520339052472,0.990799379751227
CM007897.2_31140484_A_G,8,31140484,0.499030066877571,0.480769230769231,52,-0.391940686130667,0.968716843219995
CM007897.2_33778549_T_G,8,33778549,0.945613437068205,0.173076923076923,52,-0.0451908032876531,0.995153521788503
CM007897.2_34023361_A_G,8,34023361,0.380495973408769,0.134615384615385,52,-0.573926256344436,0.967549787466022
CM007897.2_37917717_A_G,8,37917717,0.829004441187903,0.0769230769230769,52,-0.184301707627526,0.995153521788503
CM007897.2_41723022_A_C,8,41723022,0.214715425620909,0.153846153846154,52,-0.815199237180394,0.939716321923694
CM007897.2_41723090_T_G,8,41723090,0.114365568561135,0.201923076923077,52,1.72895776556038,0.939716321923694
CM007897.2_43515115_T_A,8,43515115,0.818601468816629,0.25,52,-0.223488477116746,0.995153521788503
CM007897.2_43516566_G_T,8,43516566,0.187937456037993,0.0769230769230769,52,2.0363265771075,0.939716321923694
CM007897.2_45255376_T_C,8,45255376,0.391298668117012,0.0576923076923077,52,-1.24770519223739,0.968716843219995
CM007897.2_47377376_A_C,8,47377376,0.622933164644344,0.115384615384615,52,0.535932561114009,0.990799379751227
CM007897.2_47764037_C_T,8,47764037,0.572382350817974,0.230769230769231,52,0.31202029051687,0.987728065339586
CM007897.2_56920790_T_A,8,56920790,0.0693889830669353,0.25,52,0.916764862495768,0.939716321923694
CM007897.2_57904297_A_G,8,57904297,0.85611575199265,0.5,52,-0.0852908228399301,0.995153521788503
CM007897.2_64650092_G_A,8,64650092,0.634141883069965,0.115384615384615,52,-0.354549360348386,0.990799379751227
CM007897.2_66792042_A_G,8,66792042,0.0799511278431187,0.221153846153846,52,1.66404705699352,0.939716321923694
CM007897.2_68830350_C_T,8,68830350,0.955631824009596,0.211538461538462,52,0.0505841864815011,0.995153521788503
CM007897.2_70736735_C_T,8,70736735,0.488755867990013,0.5,52,-0.376420808378398,0.968716843219995
CM007897.2_73208961_C_T,8,73208961,0.27022991522159,0.0961538461538461,52,-0.833718138078837,0.961616367045673
CM007897.2_73323122_C_T,8,73323122,0.640746345494578,0.461538461538462,52,-0.245433026600509,0.990799379751227
CM007897.2_75920944_A_C,8,75920944,0.475216238240345,0.25,52,0.815122169616643,0.968716843219995
CM007897.2_76020000_G_A,8,76020000,0.916955125958033,0.0769230769230769,52,0.0923470375049078,0.995153521788503
CM007897.2_80737557_A_G,8,80737557,0.341962256386806,0.442307692307692,52,-0.433621800844236,0.967549787466022
CM007897.2_81326430_T_C,8,81326430,0.258068833255012,0.25,52,-0.641718053300252,0.949084249637685
CM007897.2_82808539_A_G,8,82808539,0.167458935486485,0.442307692307692,52,0.829365089909658,0.939716321923694
CM007897.2_84677067_A_G,8,84677067,0.779164099895296,0.0961538461538461,52,-0.363873554004954,0.995153521788503
CM007897.2_85894591_G_T,8,85894591,0.520151440171934,0.134615384615385,52,0.424250703824754,0.977836539893903
CM007897.2_90572251_T_C,8,90572251,0.979724236691135,0.25,52,-0.0238365142434986,0.995153521788503
CM007897.2_90581922_G_C,8,90581922,0.829762584139793,0.192307692307692,52,-0.122062675345461,0.995153521788503
CM007897.2_93084177_G_A,8,93084177,0.788993501985401,0.144230769230769,52,0.292683223571316,0.995153521788503
CM007897.2_94686451_G_C,8,94686451,0.616068173356249,0.0961538461538461,52,-0.592697062444927,0.990799379751227
CM007897.2_100366702_A_G,8,100366702,0.869047851229775,0.423076923076923,52,0.117767401203452,0.995153521788503
CM007897.2_100776157_A_G,8,100776157,0.747314014456866,0.192307692307692,52,0.191714904314239,0.995153521788503
CM007897.2_101276386_A_G,8,101276386,0.954851436798594,0.125,52,-0.0631251294734057,0.995153521788503
CM007897.2_102709137_G_A,8,102709137,0.317748593592685,0.230769230769231,52,-0.51086278767913,0.966512290310654
CM007897.2_102914849_T_A,8,102914849,0.196731934861381,0.0384615384615384,52,1.45755734917611,0.939716321923694
CM007897.2_103900797_A_T,8,103900797,0.640251694587337,0.480769230769231,52,0.238303255151422,0.990799379751227
CM007897.2_107082379_G_A,8,107082379,0.186434721785921,0.115384615384615,52,-0.88620782348525,0.939716321923694
CM007897.2_110396518_T_G,8,110396518,0.121171139665215,0.0865384615384616,52,1.87093116756284,0.939716321923694
CM007897.2_117198940_T_G,8,117198940,0.603916619546027,0.0865384615384616,52,-0.628780328684456,0.990799379751227
CM007897.2_119692137_A_G,8,119692137,0.431131332793137,0.5,52,-0.409825077675805,0.968716843219995
CM007897.2_124135439_A_C,8,124135439,0.84346997987833,0.192307692307692,52,-0.204215819030424,0.995153521788503
CM007897.2_124647688_C_A,8,124647688,0.644951822294732,0.0576923076923077,52,0.717416373847982,0.990799379751227
CM007897.2_132333790_T_G,8,132333790,0.85287603289206,0.0480769230769231,52,-0.287525861982431,0.995153521788503
CM007897.2_133413874_A_G,8,133413874,0.138736589820896,0.0769230769230769,52,-1.83821144643309,0.939716321923694
CM007897.2_136095101_C_T,8,136095101,0.0692971468607367,0.192307692307692,52,-1.85852508869743,0.939716321923694
CM007897.2_151765019_G_T,8,151765019,0.039202664489259,0.0769230769230769,52,1.72603538323386,0.91686324804374
CM007897.2_154765048_A_G,8,154765048,0.55162066110674,0.0961538461538461,52,-0.455688051793743,0.977836539893903
CM007897.2_163464904_G_A,8,163464904,0.930352666269487,0.153846153846154,52,-0.0568199731252435,0.995153521788503
CM007897.2_163891020_A_G,8,163891020,0.620736983627088,0.307692307692308,52,-0.28457467447366,0.990799379751227
CM007897.2_164801661_A_G,8,164801661,0.315930903880867,0.230769230769231,52,0.694502485402353,0.966512290310654
CM007897.2_166018955_C_A,8,166018955,0.06743621560385,0.134615384615385,52,1.12569757516849,0.939716321923694
CM007898.2_744590_T_A,9,744590,0.743076917830623,0.192307692307692,52,-0.404068275627537,0.995153521788503
CM007898.2_744666_G_T,9,744666,0.119090765998228,0.230769230769231,52,-1.84909340115132,0.939716321923694
CM007898.2_744727_C_T,9,744727,0.588138938301529,0.182692307692308,52,0.597085219872383,0.990799379751227
CM007898.2_744809_G_C,9,744809,0.217159155279927,0.461538461538462,52,0.820468124600012,0.939716321923694
CM007898.2_759776_T_A,9,759776,0.911439342867742,0.115384615384615,52,0.0881943187730485,0.995153521788503
CM007898.2_2361732_T_C,9,2361732,0.577169416993857,0.0769230769230769,52,0.735872296150774,0.990070972074536
CM007898.2_3061906_T_C,9,3061906,0.109827852071549,0.182692307692308,52,1.38894059963161,0.939716321923694
CM007898.2_3063900_A_C,9,3063900,0.814549824868939,0.25,52,-0.246400103162955,0.995153521788503
CM007898.2_4317934_G_A,9,4317934,0.974682808380302,0.0576923076923077,52,0.0483720912488934,0.995153521788503
CM007898.2_4324327_G_A,9,4324327,0.436727539437958,0.0576923076923077,52,1.11796533897541,0.968716843219995
CM007898.2_4421766_A_G,9,4421766,0.360806315118479,0.144230769230769,52,-1.05677133890367,0.967549787466022
CM007898.2_4588571_G_C,9,4588571,0.624131394158836,0.211538461538462,52,0.478165193347593,0.990799379751227
CM007898.2_5087559_T_C,9,5087559,0.939991814535191,0.115384615384615,52,-0.0518444479020843,0.995153521788503
CM007898.2_5087580_A_C,9,5087580,0.878573338136455,0.25,52,0.0903244625417585,0.995153521788503
CM007898.2_6062173_G_A,9,6062173,0.146075014781949,0.25,52,-1.33980640371152,0.939716321923694
CM007898.2_6144585_A_G,9,6144585,0.947127037309588,0.201923076923077,52,-0.0630628975019931,0.995153521788503
CM007898.2_6657708_A_G,9,6657708,0.412350295276319,0.230769230769231,52,-0.737298166859944,0.968716843219995
CM007898.2_6658911_A_T,9,6658911,0.271115949460261,0.230769230769231,52,1.03432016641329,0.961616367045673
CM007898.2_6858034_A_G,9,6858034,0.416354537312004,0.201923076923077,52,0.802602034991423,0.968716843219995
CM007898.2_6971229_T_C,9,6971229,0.253234165144322,0.192307692307692,52,1.05905482599644,0.944699911945169
CM007898.2_10049376_T_C,9,10049376,0.957525006801951,0.115384615384615,52,-0.06405165014462,0.995153521788503
CM007898.2_12080217_A_G,9,12080217,0.991695776601476,0.125,52,0.0113952035590046,0.997090313917531
CM007898.2_12080277_G_A,9,12080277,0.899213209146044,0.0865384615384616,52,-0.156481534214663,0.995153521788503
CM007898.2_12496752_G_C,9,12496752,0.0544299793385732,0.269230769230769,52,-0.977311973853276,0.939716321923694
CM007898.2_12735670_C_A,9,12735670,0.859570974549186,0.0480769230769231,52,0.275958811675082,0.995153521788503
CM007898.2_13788704_C_T,9,13788704,0.730854042968544,0.144230769230769,52,0.33831071914193,0.995153521788503
CM007898.2_14398935_T_G,9,14398935,0.474537641297328,0.25,52,0.725395633565597,0.968716843219995
CM007898.2_14695129_C_T,9,14695129,0.679993981916917,0.192307692307692,52,0.374687599030835,0.990799379751227
CM007898.2_15556778_C_T,9,15556778,0.507376078063757,0.259615384615385,52,-0.726298919792782,0.968716843219995
CM007898.2_16149253_T_G,9,16149253,0.969023411400841,0.0576923076923077,52,0.0367858992246397,0.995153521788503
CM007898.2_16152868_C_G,9,16152868,0.284018807036698,0.480769230769231,52,-0.514264845217376,0.963208857936694
CM007898.2_18621741_A_T,9,18621741,0.298472652039483,0.480769230769231,52,0.468256866726001,0.965644933430993
CM007898.2_18623139_T_C,9,18623139,0.766783303238062,0.115384615384615,52,-0.203340400524922,0.995153521788503
CM007898.2_18829355_A_G,9,18829355,0.632914468931338,0.461538461538462,52,-0.267773046623532,0.990799379751227
CM007898.2_19800391_A_T,9,19800391,0.716384301006823,0.423076923076923,52,-0.181815205539962,0.995153521788503
CM007898.2_20248994_C_A,9,20248994,0.20879627774709,0.346153846153846,52,0.636538005882727,0.939716321923694
CM007898.2_27082197_C_T,9,27082197,0.639488567139498,0.221153846153846,52,0.505988248983556,0.990799379751227
CM007898.2_27802564_G_A,9,27802564,0.317111856118573,0.0865384615384616,52,1.16101822328801,0.966512290310654
CM007898.2_30503317_C_A,9,30503317,0.556370474908073,0.0576923076923077,52,-0.574711957861723,0.977836539893903
CM007898.2_34608397_A_C,9,34608397,0.744318599086231,0.25,52,-0.334623702831891,0.995153521788503
CM007898.2_40806662_G_T,9,40806662,0.510667213344009,0.461538461538462,52,0.328499461214292,0.97140641440567
CM007898.2_48890737_G_T,9,48890737,0.665604089311325,0.307692307692308,52,-0.228277828104751,0.990799379751227
CM007898.2_49423168_G_A,9,49423168,0.137502984321193,0.25,52,1.38382782309031,0.939716321923694
CM007898.2_53514091_C_G,9,53514091,0.448783067444448,0.153846153846154,52,-0.470461672461028,0.968716843219995
CM007898.2_53721919_C_G,9,53721919,0.241273476669844,0.25,52,1.196595531909,0.939716321923694
CM007898.2_54583914_C_T,9,54583914,0.490406449547984,0.134615384615385,52,-0.4777994832194,0.968716843219995
CM007898.2_58988655_T_C,9,58988655,0.513563712936047,0.125,52,0.717634475663317,0.972460759998341
CM007898.2_59049387_G_T,9,59049387,0.838537131711734,0.25,52,0.110944019033525,0.995153521788503
CM007898.2_59103329_T_C,9,59103329,0.46042831041898,0.461538461538462,52,-0.381337579359325,0.968716843219995
CM007898.2_60659374_G_A,9,60659374,0.605496728599403,0.0576923076923077,52,0.480053938771675,0.990799379751227
CM007898.2_71447901_T_G,9,71447901,0.619302903358816,0.480769230769231,52,0.251421976486,0.990799379751227
CM007898.2_73551832_G_A,9,73551832,0.406799451098321,0.384615384615385,52,0.40909030893134,0.968716843219995
CM007898.2_73749744_C_T,9,73749744,0.164712215152947,0.115384615384615,52,-0.924086225890846,0.939716321923694
CM007898.2_74052947_C_G,9,74052947,0.881605651471985,0.211538461538462,52,-0.0866941264477248,0.995153521788503
CM007898.2_75464068_G_C,9,75464068,0.0539460840667683,0.0865384615384616,52,-2.16915849126383,0.939716321923694
CM007898.2_76987699_A_G,9,76987699,0.198232356919264,0.365384615384615,52,-0.612933507329601,0.939716321923694
CM007898.2_81012528_T_C,9,81012528,0.674638066454159,0.153846153846154,52,-0.281060789359401,0.990799379751227
CM007898.2_81137171_A_G,9,81137171,0.633029725934164,0.173076923076923,52,0.298526158432679,0.990799379751227
CM007898.2_81722519_C_T,9,81722519,0.13567869213352,0.0576923076923077,52,-1.45460059383208,0.939716321923694
CM007898.2_83123883_G_T,9,83123883,0.885149197593266,0.211538461538462,52,0.0880115995371966,0.995153521788503
CM007898.2_86944907_T_A,9,86944907,0.907039525447564,0.230769230769231,52,-0.0681720454707602,0.995153521788503
CM007898.2_87492888_T_C,9,87492888,0.869612388269668,0.480769230769231,52,0.0821729232820445,0.995153521788503
CM007898.2_87660789_T_A,9,87660789,0.572796862620724,0.153846153846154,52,0.371010649336142,0.987728065339586
CM007898.2_89713362_G_C,9,89713362,0.662960556149556,0.134615384615385,52,-0.439611382552073,0.990799379751227
CM007898.2_90512008_G_C,9,90512008,0.179188833594378,0.480769230769231,52,-0.628870113032384,0.939716321923694
CM007898.2_91130986_G_A,9,91130986,0.186349078299655,0.134615384615385,52,0.854741943667733,0.939716321923694
CM007898.2_91657679_A_G,9,91657679,0.758949919204963,0.153846153846154,52,0.210964012595099,0.995153521788503
CM007898.2_91675669_C_T,9,91675669,0.80100984820111,0.163461538461538,52,0.246971007501372,0.995153521788503
CM007898.2_93234939_G_A,9,93234939,0.284053915858568,0.192307692307692,52,1.03519599655488,0.963208857936694
CM007898.2_94432420_C_G,9,94432420,0.539988800933506,0.115384615384615,52,0.444199980764068,0.977836539893903
CM007898.2_95554975_A_G,9,95554975,0.304257639997283,0.115384615384615,52,0.739142251295362,0.965644933430993
CM007898.2_96592956_G_T,9,96592956,0.362893221457516,0.125,52,0.955668209668715,0.967549787466022
CM007898.2_97106155_T_C,9,97106155,0.307736274879219,0.230769230769231,52,-0.62258297724847,0.966512290310654
CM007898.2_99874877_T_A,9,99874877,0.371932659520051,0.182692307692308,52,0.956278159274063,0.967549787466022
CM007898.2_101486412_T_C,9,101486412,0.651191359605098,0.307692307692308,52,-0.231094088188129,0.990799379751227
CM007898.2_105241316_T_C,9,105241316,0.0535795258226798,0.480769230769231,52,-0.93006979032711,0.939716321923694
CM007898.2_107658575_C_G,9,107658575,0.790189351424706,0.25,52,-0.31239477231577,0.995153521788503
CM007898.2_108951994_A_T,9,108951994,0.22372082857984,0.144230769230769,52,1.60252647026368,0.939716321923694
CM007898.2_112730393_A_G,9,112730393,0.109679511813719,0.134615384615385,52,1.66910043209657,0.939716321923694
CM007898.2_113477523_G_A,9,113477523,0.250251444443971,0.480769230769231,52,0.628968724315229,0.943127961804053
CM007898.2_113934373_A_G,9,113934373,0.75498080035944,0.115384615384615,52,0.367151431842785,0.995153521788503
CM007898.2_116955867_A_G,9,116955867,0.0318396569924326,0.192307692307692,52,-2.27043783145541,0.911934331941936
CM007898.2_117508143_T_G,9,117508143,0.0719348534673078,0.25,52,-1.91547761340064,0.939716321923694
CM007898.2_120059788_T_C,9,120059788,0.210724140146686,0.0576923076923077,52,1.8577209855855,0.939716321923694
CM007898.2_120059879_G_A,9,120059879,0.583228896101503,0.25,52,-0.608212445551032,0.990799379751227
CM007898.2_120536267_T_C,9,120536267,0.960011478425113,0.240384615384615,52,0.0480414389747921,0.995153521788503
CM007898.2_120721176_T_G,9,120721176,0.20380156803368,0.0576923076923077,52,1.8813854565617,0.939716321923694
CM007898.2_122126672_T_C,9,122126672,0.374974328181385,0.259615384615385,52,0.865907112691843,0.967549787466022
CM007898.2_123696017_T_C,9,123696017,0.385816625219243,0.0769230769230769,52,1.09503754297941,0.967549787466022
CM007898.2_123696287_A_T,9,123696287,0.960505125306155,0.480769230769231,52,-0.0237711397766773,0.995153521788503
CM007898.2_124153017_G_T,9,124153017,0.983634060202961,0.0769230769230769,52,-0.0290041335086926,0.995153521788503
CM007898.2_124832159_T_C,9,124832159,0.50683084964755,0.25,52,0.692959488363783,0.968716843219995
CM007898.2_125589684_T_G,9,125589684,0.436741046012616,0.0673076923076923,52,1.05869292614727,0.968716843219995
CM007898.2_127550252_G_A,9,127550252,0.606791447109431,0.0961538461538461,52,0.377891673539722,0.990799379751227
CM007898.2_128312720_T_C,9,128312720,0.273467491394917,0.211538461538462,52,-1.02432358931765,0.963208857936694
CM007898.2_130250612_G_T,9,130250612,0.455060525670313,0.25,52,-0.727842040103383,0.968716843219995
CM007898.2_130313252_G_A,9,130313252,0.597396091330936,0.5,52,0.269333932342903,0.990799379751227
CM007898.2_130625727_A_T,9,130625727,0.623621287793517,0.182692307692308,52,-0.517776953548037,0.990799379751227
CM007898.2_131198592_C_T,9,131198592,0.356065782350629,0.442307692307692,52,-0.450506166161318,0.967549787466022
CM007898.2_131995200_A_G,9,131995200,0.411220406462286,0.125,52,0.881892922570159,0.968716843219995
CM007898.2_132413731_C_T,9,132413731,0.448478909697796,0.0673076923076923,52,0.963255328875448,0.968716843219995
CM007898.2_132591767_T_C,9,132591767,0.890655625365801,0.192307692307692,52,0.14475849022449,0.995153521788503
CM007898.2_133964787_T_C,9,133964787,0.849098685387086,0.134615384615385,52,-0.221695576775346,0.995153521788503
CM007898.2_135656040_A_G,9,135656040,0.741510105011982,0.221153846153846,52,-0.338193128064518,0.995153521788503
CM007898.2_137164691_A_G,9,137164691,0.190834555963865,0.173076923076923,52,0.871282548500176,0.939716321923694
CM007898.2_137165958_C_A,9,137165958,0.574528960422331,0.461538461538462,52,-0.279675576129961,0.987862600255536
CM007898.2_137370607_T_G,9,137370607,0.908328576881119,0.240384615384615,52,-0.120783925107503,0.995153521788503
CM007898.2_138187680_G_T,9,138187680,0.283309408939327,0.115384615384615,52,0.769614858130126,0.963208857936694
CM007898.2_141891894_C_T,9,141891894,0.318567233857483,0.173076923076923,52,0.671310723139214,0.966512290310654
CM007898.2_143699192_A_T,9,143699192,0.696545412393559,0.173076923076923,52,0.2515136233134,0.990799379751227
CM007898.2_143834397_A_G,9,143834397,0.304757192696887,0.153846153846154,52,-0.650760240759041,0.965644933430993
CM007898.2_144686379_T_A,9,144686379,0.675856802045852,0.307692307692308,52,0.215470789611544,0.990799379751227
CM007898.2_152996619_G_T,9,152996619,0.238259552447623,0.326923076923077,52,0.999578535518026,0.939716321923694
CM007898.2_153039647_C_A,9,153039647,0.455732203217342,0.0576923076923077,52,0.693390132877937,0.968716843219995
CM007898.2_154859305_A_G,9,154859305,0.565430725588441,0.153846153846154,52,0.628326255883394,0.984379601359085
CM007898.2_155839603_A_G,9,155839603,0.830437766116266,0.125,52,0.231044675963858,0.995153521788503
CM007898.2_157834470_G_C,9,157834470,0.0907977457597383,0.115384615384615,52,-1.82821793077926,0.939716321923694
CM007898.2_158426102_A_G,9,158426102,0.238848574667424,0.173076923076923,52,1.30705819561115,0.939716321923694
CM007898.2_158959902_A_G,9,158959902,0.157568867189767,0.115384615384615,52,1.61614067087123,0.939716321923694
CM007898.2_159560682_C_A,9,159560682,0.741628191972887,0.115384615384615,52,-0.235863992853069,0.995153521788503
CM007898.2_160525968_G_A,9,160525968,0.69026826809557,0.25,52,-0.39312441652811,0.990799379751227
CM007898.2_162862399_T_C,9,162862399,0.610293433337807,0.480769230769231,52,0.252569993640137,0.990799379751227
CM007898.2_166352507_T_C,9,166352507,0.406552715508124,0.0961538461538461,52,-0.966718907896961,0.968716843219995
CM007898.2_167850258_G_A,9,167850258,0.175501410622797,0.125,52,1.59610933763759,0.939716321923694
CM007898.2_168944686_C_A,9,168944686,0.614090566561098,0.115384615384615,52,-0.378442641088441,0.990799379751227
CM007898.2_168946071_C_T,9,168946071,0.861948663768966,0.480769230769231,52,-0.0795611766125148,0.995153521788503
CM007898.2_170351254_C_T,9,170351254,0.989079898152104,0.115384615384615,52,-0.0169410656058062,0.995153521788503
CM007898.2_170652378_T_C,9,170652378,0.889630443438973,0.25,52,0.131616587218616,0.995153521788503
CM007898.2_170848680_G_C,9,170848680,0.380503853046126,0.0576923076923077,52,1.21552215389534,0.967549787466022
CM007898.2_171213298_T_A,9,171213298,0.68211268823688,0.0769230769230769,52,-0.5161474429907,0.990799379751227
CM007898.2_172893280_A_G,9,172893280,0.897678899663981,0.134615384615385,52,-0.157789136236602,0.995153521788503
CM007898.2_173197740_C_G,9,173197740,0.450518167109928,0.0576923076923077,52,-1.23011092455636,0.968716843219995
CM007898.2_174032349_T_C,9,174032349,0.147402661655543,0.25,52,1.31939588187385,0.939716321923694
CM007898.2_174288088_G_C,9,174288088,0.983348041389912,0.173076923076923,52,0.0199292047057043,0.995153521788503
CM007898.2_175050327_G_C,9,175050327,0.813966854412671,0.0576923076923077,52,-0.330764063092943,0.995153521788503
CM007898.2_175507166_G_A,9,175507166,0.445344813839279,0.0576923076923077,52,1.02581424602522,0.968716843219995
CM007898.2_175507244_T_C,9,175507244,0.987858820603243,0.25,52,-0.0145578344761361,0.995153521788503
CM007898.2_175507521_A_C,9,175507521,0.613212646918108,0.0769230769230769,52,-0.689736013884271,0.990799379751227
CM007898.2_176109099_G_A,9,176109099,0.454732976250734,0.25,52,0.677000430992052,0.968716843219995
CM007898.2_176600611_C_A,9,176600611,0.195013231432438,0.480769230769231,52,-0.569162630145499,0.939716321923694
CM007898.2_177200155_G_A,9,177200155,0.386857339736479,0.115384615384615,52,-0.984116227705272,0.967549787466022
CM007898.2_177270479_C_G,9,177270479,0.858303890312067,0.134615384615385,52,0.125561381472522,0.995153521788503
CM007898.2_177270560_G_T,9,177270560,0.481184829271303,0.115384615384615,52,-0.833859392133149,0.968716843219995
CM007898.2_178141342_C_T,9,178141342,0.45240843527183,0.25,52,0.707437751926761,0.968716843219995
CM007898.2_178553600_G_A,9,178553600,0.236183036599657,0.307692307692308,52,0.563872661638669,0.939716321923694
CM007898.2_178576395_C_T,9,178576395,0.787096890676446,0.240384615384615,52,0.254289212886988,0.995153521788503
CM007898.2_178778953_A_T,9,178778953,0.592626061113293,0.240384615384615,52,-0.489579707537473,0.990799379751227
CM007898.2_178854286_A_G,9,178854286,0.601758641169851,0.480769230769231,52,0.257988876428087,0.990799379751227
CM007898.2_179414890_T_A,9,179414890,0.421412793785126,0.461538461538462,52,0.426360873189239,0.968716843219995
CM007898.2_179528484_G_A,9,179528484,0.299985484811399,0.240384615384615,52,-0.93377524953172,0.965644933430993
CM007898.2_179918989_T_G,9,179918989,0.216761131813076,0.461538461538462,52,-0.542883354455526,0.939716321923694
CM007898.2_179929986_G_A,9,179929986,0.30377227873444,0.346153846153846,52,-0.497216233628308,0.965644933430993
CM007898.2_180364381_T_C,9,180364381,0.0494751905192658,0.461538461538462,52,0.878055808984854,0.939716321923694
CM007898.2_180373332_A_T,9,180373332,0.250579555356892,0.230769230769231,52,1.03733618862492,0.943127961804053
CM007898.2_180373514_G_A,9,180373514,0.268717711158392,0.25,52,0.981321488794492,0.959670749978833
CM007898.2_180401993_C_G,9,180401993,0.0780581111186274,0.269230769230769,52,0.845181552499838,0.939716321923694
CM007898.2_180531384_G_A,9,180531384,0.670568911273921,0.461538461538462,52,0.198038521688602,0.990799379751227
CM007898.2_180539578_G_A,9,180539578,0.813665641372567,0.0865384615384616,52,-0.287534661780228,0.995153521788503
CM007898.2_180618689_T_C,9,180618689,0.101292297981624,0.0769230769230769,52,2.0996535228652,0.939716321923694
CM007898.2_180742942_A_T,9,180742942,0.961593766596397,0.153846153846154,52,0.0393419626176978,0.995153521788503
CM007898.2_181162346_G_A,9,181162346,0.463318182915182,0.480769230769231,52,-0.321478846900334,0.968716843219995
CM007898.2_181198294_T_C,9,181198294,0.999087466784173,0.461538461538462,52,0.000590132736661531,0.999538115167928
CM007898.2_181380370_C_G,9,181380370,0.724011295017667,0.480769230769231,52,0.187231588978946,0.995153521788503
CM007898.2_182424021_G_T,9,182424021,0.431340222339818,0.5,52,0.397097786089347,0.968716843219995
CM007898.2_183425906_A_G,9,183425906,0.867779349223036,0.125,52,-0.17710065060345,0.995153521788503
CM007898.2_183433702_C_G,9,183433702,0.245812902429445,0.0961538461538461,52,0.875233318513665,0.939716321923694
CM007898.2_183577982_C_T,9,183577982,0.55817577228181,0.182692307692308,52,0.576508678799257,0.978682895589766
CM007898.2_184404126_C_T,9,184404126,0.441692650921912,0.480769230769231,52,-0.353847398797946,0.968716843219995
CM007898.2_184453365_T_G,9,184453365,0.239273325180743,0.0576923076923077,52,1.76633931154674,0.939716321923694
CM007898.2_185275693_C_A,9,185275693,0.0491133997813413,0.134615384615385,52,1.36489543806724,0.939716321923694
CM007898.2_186091131_G_T,9,186091131,0.309631686576963,0.0865384615384616,52,1.43750930363751,0.966512290310654
CM007898.2_186122829_G_T,9,186122829,0.3698072202273,0.115384615384615,52,1.07902401435911,0.967549787466022
CM007898.2_186690646_T_C,9,186690646,0.433755483670138,0.0576923076923077,52,-0.740171974009229,0.968716843219995
CM007898.2_187400816_G_A,9,187400816,0.887619256797616,0.134615384615385,52,0.101069424440851,0.995153521788503
CM007898.2_187732956_G_C,9,187732956,0.652435029428098,0.230769230769231,52,0.390321474799464,0.990799379751227
CM007898.2_188059223_T_C,9,188059223,0.604930203141816,0.144230769230769,52,0.559766311827843,0.990799379751227
CM007898.2_188448633_A_G,9,188448633,0.107471807623534,0.153846153846154,52,1.28580494133075,0.939716321923694
CM007898.2_188623181_T_A,9,188623181,0.0696190073580374,0.192307692307692,52,-1.01142781411573,0.939716321923694
CM007898.2_188702564_C_T,9,188702564,0.453672157287748,0.480769230769231,52,-0.386380182732523,0.968716843219995
CM007898.2_188702878_C_A,9,188702878,0.870721507240579,0.0865384615384616,52,0.209527848278299,0.995153521788503
CM007898.2_188707196_C_A,9,188707196,0.623986048702586,0.25,52,0.467521200654005,0.990799379751227
CM007898.2_189105321_A_G,9,189105321,0.337269383380117,0.346153846153846,52,0.472700582726048,0.967549787466022
CM007898.2_189185795_T_A,9,189185795,0.718802464764083,0.25,52,-0.3642581016652,0.995153521788503
CM007898.2_189191233_C_T,9,189191233,0.611503382991329,0.442307692307692,52,-0.287872858922853,0.990799379751227
CM007898.2_189296262_C_T,9,189296262,0.541961633641623,0.0673076923076923,52,0.849504845488241,0.977836539893903
CM007898.2_189391474_C_T,9,189391474,0.0160688229152075,0.221153846153846,52,-2.08955419114784,0.737112735366624
CM007898.2_189429536_A_G,9,189429536,0.695681086836148,0.134615384615385,52,-0.272726788340833,0.990799379751227
CM007898.2_189547401_T_C,9,189547401,0.865686326845277,0.105769230769231,52,-0.192093365576056,0.995153521788503
CM007899.2_899131_C_G,10,899131,0.422787512394033,0.0769230769230769,52,-0.697128260977365,0.968716843219995
CM007899.2_1003272_T_A,10,1003272,0.00753133707686498,0.25,52,2.75772205532201,0.696021068186939
CM007899.2_1492395_G_T,10,1492395,0.0755593404245568,0.0673076923076923,52,2.2803893257659,0.939716321923694
CM007899.2_4118996_C_T,10,4118996,0.727242503320594,0.480769230769231,52,-0.182521862102377,0.995153521788503
CM007899.2_4154756_T_G,10,4154756,0.532039598259008,0.153846153846154,52,0.39864495845913,0.977836539893903
CM007899.2_7006689_T_G,10,7006689,0.149024702699426,0.240384615384615,52,-1.36700875899993,0.939716321923694
CM007899.2_7526391_G_A,10,7526391,0.497939889487355,0.480769230769231,52,0.306387944080079,0.968716843219995
CM007899.2_7666766_T_C,10,7666766,0.841661615642843,0.480769230769231,52,0.0968907525813094,0.995153521788503
CM007899.2_8057600_A_T,10,8057600,0.89895714418858,0.153846153846154,52,0.146317357241173,0.995153521788503
CM007899.2_8332240_T_A,10,8332240,0.716303648374685,0.461538461538462,52,0.167547615670678,0.995153521788503
CM007899.2_8919530_C_A,10,8919530,0.297645311912341,0.326923076923077,52,-0.541632194358115,0.965644933430993
CM007899.2_9959415_A_T,10,9959415,0.939681976832491,0.269230769230769,52,0.0406837827483599,0.995153521788503
CM007899.2_10058920_C_T,10,10058920,0.937101166349389,0.461538461538462,52,0.040405464645346,0.995153521788503
CM007899.2_10135295_G_A,10,10135295,0.809468596065517,0.384615384615385,52,-0.115597405267934,0.995153521788503
CM007899.2_10195097_G_A,10,10195097,0.533458669625286,0.25,52,0.627794870788136,0.977836539893903
CM007899.2_12281464_T_A,10,12281464,0.0341255859112627,0.0961538461538461,52,1.60786535937291,0.911934331941936
CM007899.2_15598627_G_A,10,15598627,0.97928721388392,0.0961538461538461,52,0.0215734782075288,0.995153521788503
CM007899.2_15619454_C_T,10,15619454,0.0238714863228264,0.211538461538462,52,1.14872838309454,0.827296197875452
CM007899.2_15630714_C_T,10,15630714,0.996596510983412,0.288461538461538,52,0.0021837675990497,0.999299756492408
CM007899.2_15949022_G_A,10,15949022,0.968744150696263,0.153846153846154,52,-0.0243361287427604,0.995153521788503
CM007899.2_19099166_C_T,10,19099166,0.905170711452967,0.201923076923077,52,0.11687695491571,0.995153521788503
CM007899.2_19805143_T_G,10,19805143,0.820947843933657,0.240384615384615,52,0.226729184241321,0.995153521788503
CM007899.2_20837838_T_C,10,20837838,0.720356706815578,0.480769230769231,52,-0.192035399846688,0.995153521788503
CM007899.2_21307363_T_A,10,21307363,0.996517986243389,0.0961538461538461,52,-0.00344879097099238,0.999299756492408
CM007899.2_28821175_C_T,10,28821175,0.140069749552402,0.480769230769231,52,-0.738937822534709,0.939716321923694
CM007899.2_29284329_T_C,10,29284329,0.442220282839568,0.5,52,0.331956126551489,0.968716843219995
CM007899.2_29306464_T_C,10,29306464,0.410803156631074,0.480769230769231,52,0.411061097233912,0.968716843219995
CM007899.2_30101296_A_G,10,30101296,0.723154972243367,0.480769230769231,52,-0.170174213170903,0.995153521788503
CM007899.2_30147124_A_C,10,30147124,0.222736553875266,0.115384615384615,52,-0.852738542783953,0.939716321923694
CM007899.2_30904825_A_G,10,30904825,0.138192539431172,0.0961538461538461,52,1.63873902362718,0.939716321923694
CM007899.2_30989245_G_A,10,30989245,0.856095906339187,0.240384615384615,52,0.22957022557523,0.995153521788503
CM007899.2_31048723_C_A,10,31048723,0.143578642605833,0.480769230769231,52,-0.740075236670734,0.939716321923694
CM007899.2_31249610_A_G,10,31249610,0.621273652867403,0.307692307692308,52,0.239169782577946,0.990799379751227
CM007899.2_31632019_T_C,10,31632019,0.393037837113596,0.480769230769231,52,0.458688461312207,0.968716843219995
CM007899.2_32816027_T_G,10,32816027,0.24694169084997,0.0961538461538461,52,-0.884392250808787,0.939716321923694
CM007899.2_33708119_T_C,10,33708119,0.894459421155973,0.173076923076923,52,-0.0854993148851406,0.995153521788503
CM007899.2_34984308_C_T,10,34984308,0.809321132424555,0.153846153846154,52,0.173137984848097,0.995153521788503
CM007899.2_37564852_A_G,10,37564852,0.955271049001777,0.25,52,-0.070661552620777,0.995153521788503
CM007899.2_43538549_G_C,10,43538549,0.758230116761962,0.153846153846154,52,-0.334813859088626,0.995153521788503
CM007899.2_43547133_A_G,10,43547133,0.630865777341019,0.240384615384615,52,0.452437332585191,0.990799379751227
CM007899.2_45397390_T_C,10,45397390,0.229424432924214,0.307692307692308,52,-0.672851105587782,0.939716321923694
CM007899.2_53576318_A_G,10,53576318,0.805463461246791,0.365384615384615,52,-0.126519011833608,0.995153521788503
CM007899.2_56274048_A_G,10,56274048,0.955261814217287,0.153846153846154,52,-0.03713550604067,0.995153521788503
CM007899.2_65527514_A_G,10,65527514,0.986941938634432,0.134615384615385,52,0.0109610823678565,0.995153521788503
CM007899.2_67198455_A_T,10,67198455,0.482547922256788,0.115384615384615,52,0.606490098690472,0.968716843219995
CM007899.2_68224235_T_A,10,68224235,0.383041174630242,0.115384615384615,52,-0.612500311187262,0.967549787466022
CM007899.2_70392690_T_A,10,70392690,0.758471954224845,0.0961538461538461,52,0.383696616062252,0.995153521788503
CM007899.2_75637228_T_A,10,75637228,0.48935464654507,0.0576923076923077,52,-1.18530524558355,0.968716843219995
CM007899.2_77616851_C_T,10,77616851,0.499602592866321,0.0480769230769231,52,1.0452898492897,0.968716843219995
CM007899.2_83767243_G_T,10,83767243,0.969216741751522,0.0769230769230769,52,0.0337311353250698,0.995153521788503
CM007899.2_87020045_G_T,10,87020045,0.683520277397895,0.0673076923076923,52,-0.55762148151473,0.990799379751227
CM007899.2_90254629_A_G,10,90254629,0.727472728477942,0.0961538461538461,52,0.279377014914644,0.995153521788503
CM007899.2_100341188_T_A,10,100341188,0.122942907437909,0.384615384615385,52,-0.710113289934995,0.939716321923694
CM007899.2_100341458_A_G,10,100341458,0.24592252369185,0.0769230769230769,52,1.57097729472287,0.939716321923694
CM007899.2_105790206_T_C,10,105790206,0.785057916706038,0.307692307692308,52,0.137220018676189,0.995153521788503
CM007899.2_106062636_T_C,10,106062636,0.454585834426358,0.134615384615385,52,0.511205004792259,0.968716843219995
CM007899.2_108262021_C_T,10,108262021,0.291810376202518,0.5,52,0.493059650271007,0.96476528026302
CM007899.2_108723897_T_G,10,108723897,0.660165651650919,0.0865384615384616,52,-0.535881372652057,0.990799379751227
CM007899.2_108945223_G_A,10,108945223,0.481357583523939,0.25,52,0.738160628081289,0.968716843219995
CM007899.2_110654780_G_A,10,110654780,0.268600724826185,0.307692307692308,52,-0.591472097728925,0.959670749978833
CM007899.2_110707316_G_T,10,110707316,0.412378809170196,0.25,52,-0.875903568376089,0.968716843219995
CM007899.2_110727270_A_G,10,110727270,0.589238371849303,0.403846153846154,52,-0.246923484203023,0.990799379751227
CM007899.2_111198124_C_T,10,111198124,0.659473529129489,0.365384615384615,52,-0.251331909775729,0.990799379751227
CM007899.2_111590723_A_C,10,111590723,0.155865144963408,0.25,52,0.725921402266664,0.939716321923694
CM007899.2_111689208_C_A,10,111689208,0.913645959652221,0.403846153846154,52,-0.0721463524820081,0.995153521788503
CM007899.2_111804741_A_C,10,111804741,0.591401365759713,0.0769230769230769,52,0.443467998054018,0.990799379751227
CM007899.2_111988496_C_T,10,111988496,0.55710529872636,0.0961538461538461,52,0.429542455587608,0.978352773218579
CM007899.2_114197470_G_A,10,114197470,0.200730521060544,0.5,52,0.631312719708745,0.939716321923694
CM007899.2_114398414_A_G,10,114398414,0.402508421796361,0.0961538461538461,52,-0.62529427826621,0.968716843219995
CM007899.2_115575927_G_A,10,115575927,0.552970790770958,0.0961538461538461,52,0.438516097029378,0.977836539893903
CM007899.2_118211215_A_G,10,118211215,0.604246250931248,0.0576923076923077,52,0.491385693906864,0.990799379751227
CM007899.2_118965971_T_A,10,118965971,0.44165900967494,0.125,52,-0.842487996095088,0.968716843219995
CM007899.2_122384085_T_G,10,122384085,0.24349788141829,0.442307692307692,52,-0.579718483068476,0.939716321923694
CM007899.2_125718306_G_T,10,125718306,0.734794733210341,0.480769230769231,52,-0.167334681822283,0.995153521788503
CM007899.2_126575917_G_A,10,126575917,0.287920411547353,0.134615384615385,52,0.692711473645915,0.963208857936694
CM007899.2_128748415_G_A,10,128748415,0.286686320190208,0.0673076923076923,52,-1.39113244506177,0.963208857936694
CM007899.2_129301887_A_G,10,129301887,0.613830356238105,0.0480769230769231,52,0.85040776179062,0.990799379751227
CM007899.2_138417563_A_T,10,138417563,0.276971980803125,0.480769230769231,52,-0.542532134299435,0.963208857936694
CM007899.2_138695479_G_A,10,138695479,0.39678157072572,0.0673076923076923,52,1.11491056041268,0.968716843219995
CM007899.2_138794243_T_C,10,138794243,0.677577724994319,0.153846153846154,52,-0.271476458710595,0.990799379751227
CM007899.2_139011570_A_G,10,139011570,0.0925643558815441,0.134615384615385,52,1.70956689159135,0.939716321923694
CM007899.2_139778364_T_A,10,139778364,0.822694622843112,0.25,52,0.222098081837942,0.995153521788503
CM007899.2_141508178_C_T,10,141508178,0.939642069203284,0.115384615384615,52,0.0547431279597959,0.995153521788503
CM007899.2_143116879_G_C,10,143116879,0.394356633870723,0.480769230769231,52,0.56605185948851,0.968716843219995
CM007899.2_143284052_A_T,10,143284052,0.326778580092711,0.326923076923077,52,-0.501698736987066,0.967549787466022
CM007899.2_144209009_C_T,10,144209009,0.788441094864688,0.134615384615385,52,0.178649285777652,0.995153521788503
CM007899.2_144513672_A_G,10,144513672,0.296447609848826,0.259615384615385,52,0.983760739851675,0.965644933430993
CM007899.2_144669674_C_T,10,144669674,0.324178331696973,0.0961538461538461,52,-1.19791702268367,0.966512290310654
CM007899.2_145438156_T_A,10,145438156,0.208384408285606,0.115384615384615,52,0.850655609146372,0.939716321923694
CM007899.2_145553951_C_T,10,145553951,0.944523040599796,0.125,52,0.0837304809800798,0.995153521788503
CM007899.2_145597243_T_A,10,145597243,0.375394233816979,0.25,52,-0.547833565393375,0.967549787466022
CM007899.2_149735623_G_A,10,149735623,0.171748641956685,0.115384615384615,52,0.930828138199985,0.939716321923694
CM007899.2_150494025_C_A,10,150494025,0.375669895783043,0.105769230769231,52,1.05596351860197,0.967549787466022
CM007899.2_150519815_G_A,10,150519815,0.134174916414339,0.115384615384615,52,-1.01317102546633,0.939716321923694
CM007899.2_150604439_A_G,10,150604439,0.0124331102336513,0.0673076923076923,52,3.12542118865974,0.737112735366624
CM007899.2_157818903_C_T,10,157818903,0.423115915211832,0.115384615384615,52,-0.867291911782559,0.968716843219995
CM007899.2_161281160_T_C,10,161281160,0.986012417024988,0.25,52,-0.0196524047362914,0.995153521788503
CM007899.2_161774558_G_A,10,161774558,0.550137390175144,0.0961538461538461,52,0.477223803266838,0.977836539893903
CM007899.2_162598441_C_T,10,162598441,0.507506299288383,0.25,52,-0.362106089543786,0.968716843219995
CM007899.2_162630084_C_T,10,162630084,0.703501206865913,0.0576923076923077,52,0.37234027838133,0.995153521788503
CM007899.2_163505054_A_T,10,163505054,0.020082634412172,0.153846153846154,52,-1.35771960450589,0.763592847016356
CM007899.2_164809595_G_C,10,164809595,0.871219046395935,0.240384615384615,52,0.172134421399221,0.995153521788503
CM007899.2_165202800_G_C,10,165202800,0.632768182016924,0.480769230769231,52,-0.300028758027665,0.990799379751227
CM007899.2_165321025_G_A,10,165321025,0.549589288974158,0.0961538461538461,52,0.736109635093158,0.977836539893903
CM007899.2_165321267_G_T,10,165321267,0.2257272518178,0.173076923076923,52,0.677916380948574,0.939716321923694
CM007899.2_165562347_G_T,10,165562347,0.96902708069276,0.115384615384615,52,-0.030603871578478,0.995153521788503
CM007899.2_166291062_G_A,10,166291062,0.154077751558122,0.25,52,-0.756284133116466,0.939716321923694
CM007899.2_166329769_T_C,10,166329769,0.577940965898332,0.211538461538462,52,0.328302299456595,0.990628332583075
CM007899.2_166901591_A_T,10,166901591,0.246951082532596,0.423076923076923,52,0.512394972165559,0.939716321923694
CM007899.2_166930465_T_C,10,166930465,0.47503541914015,0.163461538461538,52,0.734173486493773,0.968716843219995
CM007899.2_166931450_A_G,10,166931450,0.715656346728596,0.211538461538462,52,-0.199212725192439,0.995153521788503
CM007899.2_166973920_G_A,10,166973920,0.721415191208316,0.480769230769231,52,-0.174911056905259,0.995153521788503
CM007899.2_166975228_A_T,10,166975228,0.171486634795946,0.326923076923077,52,0.705950946015193,0.939716321923694
CM007899.2_166975719_A_C,10,166975719,0.0338009790807247,0.115384615384615,52,-1.37412095922232,0.911934331941936
CM007899.2_168551921_G_A,10,168551921,0.502714808907864,0.480769230769231,52,-0.351794576035104,0.968716843219995
CM007899.2_168558930_G_A,10,168558930,0.113680454646892,0.461538461538462,52,-0.763163138682444,0.939716321923694
CM007899.2_169206044_C_G,10,169206044,0.237015827553393,0.25,52,-1.30772285201317,0.939716321923694
CM007899.2_169438572_T_C,10,169438572,0.287387846841573,0.25,52,1.00099145787829,0.963208857936694
CM007899.2_169641770_A_T,10,169641770,0.899433499510223,0.173076923076923,52,-0.075758625850284,0.995153521788503
CM007899.2_172013168_A_G,10,172013168,0.215143340831752,0.5,52,0.557976326383155,0.939716321923694
CM007899.2_172264964_A_G,10,172264964,0.26912317695529,0.403846153846154,52,-0.544009859096306,0.959670749978833
CM007899.2_172984479_T_A,10,172984479,0.0812513365016399,0.5,52,0.874205554023433,0.939716321923694
CM007899.2_174505347_A_G,10,174505347,0.66363594974823,0.0769230769230769,52,0.579118767842147,0.990799379751227
CM007899.2_174703042_G_C,10,174703042,0.94406402139202,0.25,52,-0.0655396255060623,0.995153521788503
CM007899.2_175019363_C_G,10,175019363,0.190991383478081,0.163461538461538,52,1.22608447457475,0.939716321923694
CM007899.2_175064829_A_C,10,175064829,0.529671301671937,0.5,52,-0.307604315293283,0.977836539893903
CM007899.2_175095613_T_C,10,175095613,0.890458872029239,0.182692307692308,52,0.13532895237887,0.995153521788503
CM007899.2_176494067_C_T,10,176494067,0.81219740151127,0.0384615384615384,52,0.398832561340214,0.995153521788503
CM007899.2_176865054_A_G,10,176865054,0.376777340022756,0.153846153846154,52,-1.01911987631138,0.967549787466022
CM007899.2_176902506_T_C,10,176902506,0.604555314989209,0.0384615384615384,52,-0.611593209423177,0.990799379751227
CM007899.2_177307127_C_T,10,177307127,0.46611910241792,0.480769230769231,52,-0.362929833569623,0.968716843219995
CM007899.2_177463998_A_G,10,177463998,0.371759906260275,0.240384615384615,52,0.80634276228443,0.967549787466022
CM007899.2_177805314_G_T,10,177805314,0.191622434089875,0.134615384615385,52,0.838157073139826,0.939716321923694
CM007899.2_177805467_A_G,10,177805467,0.85657891755744,0.192307692307692,52,0.118059224697163,0.995153521788503
CM007899.2_178551274_T_C,10,178551274,0.80743338098755,0.461538461538462,52,-0.135698509998235,0.995153521788503
CM007899.2_178832526_C_T,10,178832526,0.410219835398465,0.240384615384615,52,0.758575766758099,0.968716843219995
CM007899.2_180015576_C_T,10,180015576,0.133245282475262,0.480769230769231,52,-0.632701163147978,0.939716321923694
CM007899.2_180188909_A_G,10,180188909,0.281155868201759,0.480769230769231,52,-0.533336357946254,0.963208857936694
CM007899.2_180349955_G_A,10,180349955,0.495349431301027,0.115384615384615,52,0.535658999346822,0.968716843219995
CM007899.2_180378545_G_T,10,180378545,0.845885439636907,0.0576923076923077,52,-0.187006876765849,0.995153521788503
CM007899.2_180425602_T_C,10,180425602,0.204154351171502,0.25,52,1.25940656551711,0.939716321923694
CM007899.2_181213017_T_C,10,181213017,0.147016776163312,0.230769230769231,52,-0.927665528867323,0.939716321923694
CM007900.2_235730_T_G,11,235730,0.68424639105844,0.230769230769231,52,0.427190171465725,0.990799379751227
CM007900.2_237710_G_A,11,237710,0.761618702106058,0.480769230769231,52,-0.151492321200706,0.995153521788503
CM007900.2_371157_T_C,11,371157,0.758420146939055,0.25,52,-0.303537904408756,0.995153521788503
CM007900.2_465234_T_G,11,465234,0.298537439319291,0.0769230769230769,52,-1.26461702962047,0.965644933430993
CM007900.2_550663_T_C,11,550663,0.131015342897846,0.0769230769230769,52,1.32101443704795,0.939716321923694
CM007900.2_1055453_A_G,11,1055453,0.179188810092782,0.153846153846154,52,0.800910448840369,0.939716321923694
CM007900.2_1322774_G_A,11,1322774,0.620792815073288,0.480769230769231,52,0.283126924775701,0.990799379751227
CM007900.2_1528421_A_G,11,1528421,0.668109421468485,0.288461538461538,52,-0.220153897538012,0.990799379751227
CM007900.2_1774101_A_G,11,1774101,0.649872233710228,0.192307692307692,52,-0.465887930593283,0.990799379751227
CM007900.2_2468096_G_T,11,2468096,0.121890609804179,0.0576923076923077,52,2.22264814727214,0.939716321923694
CM007900.2_3449969_C_T,11,3449969,0.233907468635493,0.480769230769231,52,0.568019811001292,0.939716321923694
CM007900.2_3534634_C_A,11,3534634,0.627880631841392,0.115384615384615,52,0.562619239676337,0.990799379751227
CM007900.2_4585696_C_A,11,4585696,0.971178682433022,0.269230769230769,52,-0.0192675922473882,0.995153521788503
CM007900.2_4631375_C_T,11,4631375,0.338198407129268,0.230769230769231,52,0.96770566427233,0.967549787466022
CM007900.2_6790661_T_A,11,6790661,0.491245849964064,0.480769230769231,52,0.350914909971067,0.968716843219995
CM007900.2_8261452_C_T,11,8261452,0.868192368480465,0.0480769230769231,52,0.254433273159975,0.995153521788503
CM007900.2_10368546_A_G,11,10368546,0.271351465432815,0.240384615384615,52,1.02665878091733,0.961616367045673
CM007900.2_10480871_G_T,11,10480871,0.654178783124791,0.25,52,0.237345015879256,0.990799379751227
CM007900.2_12185801_G_C,11,12185801,0.544472218162191,0.173076923076923,52,-0.354522142791467,0.977836539893903
CM007900.2_12618444_T_C,11,12618444,0.60019546396457,0.480769230769231,52,-0.280701515741569,0.990799379751227
CM007900.2_13790531_A_C,11,13790531,0.904494331196968,0.423076923076923,52,-0.0544011671024975,0.995153521788503
CM007900.2_13883671_T_G,11,13883671,0.372943470550083,0.25,52,-0.810420060267518,0.967549787466022
CM007900.2_14508336_T_A,11,14508336,0.340038218658658,0.240384615384615,52,-0.894612649271835,0.967549787466022
CM007900.2_15216045_C_A,11,15216045,0.0941732503359235,0.163461538461538,52,1.65901496938972,0.939716321923694
CM007900.2_15431158_A_G,11,15431158,0.731402421213215,0.192307692307692,52,-0.244366171626922,0.995153521788503
CM007900.2_19188828_G_T,11,19188828,0.984789210822728,0.5,52,0.00978095718942029,0.995153521788503
CM007900.2_21378702_C_A,11,21378702,0.563741518575942,0.173076923076923,52,0.407254266435302,0.983002113365912
CM007900.2_23002381_C_G,11,23002381,0.817115942654884,0.480769230769231,52,-0.126836386511499,0.995153521788503
CM007900.2_24466571_T_A,11,24466571,0.422091668747702,0.211538461538462,52,0.446699327183495,0.968716843219995
CM007900.2_24643309_C_T,11,24643309,0.0850017261613098,0.211538461538462,52,1.47399046848136,0.939716321923694
CM007900.2_25962975_T_C,11,25962975,0.672563125090173,0.240384615384615,52,0.404462071895637,0.990799379751227
CM007900.2_26128395_C_A,11,26128395,0.808859585554045,0.25,52,-0.222184791301572,0.995153521788503
CM007900.2_27242028_T_G,11,27242028,0.45226195901931,0.259615384615385,52,0.723368342494325,0.968716843219995
CM007900.2_30919976_C_A,11,30919976,0.392874294253092,0.153846153846154,52,0.854617538328966,0.968716843219995
CM007900.2_31028175_T_C,11,31028175,0.262506913305562,0.192307692307692,52,-0.638736344563341,0.94994577156925
CM007900.2_31313240_T_C,11,31313240,0.330583765192168,0.480769230769231,52,0.440942246812348,0.967549787466022
CM007900.2_34540518_G_T,11,34540518,0.355461629142751,0.0480769230769231,52,1.430526222661,0.967549787466022
CM007900.2_35198960_T_C,11,35198960,0.371238573341888,0.125,52,-1.11995898416353,0.967549787466022
CM007900.2_36096929_T_A,11,36096929,0.0840981828185654,0.5,52,-0.778511970820617,0.939716321923694
CM007900.2_38695731_C_A,11,38695731,0.0284532957041461,0.25,52,-1.91855385472076,0.886884403276324
CM007900.2_40377254_C_T,11,40377254,0.0431584799450591,0.480769230769231,52,1.08071663006632,0.939716321923694
CM007900.2_40768070_T_C,11,40768070,0.562313392258899,0.461538461538462,52,-0.279383798757351,0.981283323391217
CM007900.2_40834030_T_C,11,40834030,0.869783962447858,0.25,52,0.165801384065958,0.995153521788503
CM007900.2_43183421_G_A,11,43183421,0.364547842886451,0.0576923076923077,52,-1.29385024608939,0.967549787466022
CM007900.2_43460872_T_C,11,43460872,0.951170858400995,0.125,52,0.0734615793134026,0.995153521788503
CM007900.2_45637401_A_G,11,45637401,0.480532508328865,0.201923076923077,52,-0.789571545839976,0.968716843219995
CM007900.2_46139138_T_C,11,46139138,0.26032472752167,0.480769230769231,52,0.531362024755005,0.949084249637685
CM007900.2_46877706_A_G,11,46877706,0.630120969557894,0.326923076923077,52,0.270373622894127,0.990799379751227
CM007900.2_47500500_A_G,11,47500500,0.681563362321648,0.25,52,0.413174841031491,0.990799379751227
CM007900.2_48525282_T_A,11,48525282,0.322542948044172,0.125,52,-1.11068325919427,0.966512290310654
CM007900.2_49540995_G_A,11,49540995,0.0830316158624531,0.240384615384615,52,-1.76910590549085,0.939716321923694
CM007900.2_50470387_C_T,11,50470387,0.867957930542118,0.25,52,-0.222591364394702,0.995153521788503
CM007900.2_51210645_A_T,11,51210645,0.850833517843423,0.0961538461538461,52,0.235238512995124,0.995153521788503
CM007900.2_53111982_A_C,11,53111982,0.971565489473039,0.211538461538462,52,0.023482079053025,0.995153521788503
CM007900.2_56679215_G_A,11,56679215,0.3622260340958,0.0769230769230769,52,1.12447735627029,0.967549787466022
CM007900.2_56679275_G_A,11,56679275,0.0363476144019979,0.0480769230769231,52,3.13993249965279,0.91686324804374
CM007900.2_61527464_T_G,11,61527464,0.466522526627857,0.115384615384615,52,-0.851570437058854,0.968716843219995
CM007900.2_64829086_A_G,11,64829086,0.495884932979778,0.144230769230769,52,-0.73193604235928,0.968716843219995
CM007900.2_66899744_T_C,11,66899744,0.514729529330794,0.269230769230769,52,-0.370163692637732,0.972461751325128
CM007900.2_67604018_A_T,11,67604018,0.155536452459844,0.0865384615384616,52,1.63355764968117,0.939716321923694
CM007900.2_73583375_T_C,11,73583375,0.478139696363609,0.0769230769230769,52,0.615112842893552,0.968716843219995
CM007900.2_74323061_T_G,11,74323061,0.171325451296437,0.307692307692308,52,-0.714358905821143,0.939716321923694
CM007900.2_74324563_C_G,11,74324563,0.187437847589131,0.173076923076923,52,1.36005952449494,0.939716321923694
CM007900.2_74412306_G_T,11,74412306,0.629674295504301,0.0480769230769231,52,-0.723574426637015,0.990799379751227
CM007900.2_75325124_C_A,11,75325124,0.985631567242263,0.269230769230769,52,-0.00949871572274219,0.995153521788503
CM007900.2_84429730_A_G,11,84429730,0.570170244952175,0.192307692307692,52,-0.550291362343614,0.987188331689163
CM007900.2_102178309_C_G,11,102178309,0.109421473040996,0.0865384615384616,52,2.00292210373004,0.939716321923694
CM007900.2_103671625_A_G,11,103671625,0.347590280657001,0.384615384615385,52,-0.438877124966979,0.967549787466022
CM007900.2_117512354_A_G,11,117512354,0.819604541551607,0.153846153846154,52,0.249636826947267,0.995153521788503
CM007900.2_119749471_A_G,11,119749471,0.933884918522359,0.192307692307692,52,-0.0482404650103661,0.995153521788503
CM007900.2_123930136_T_G,11,123930136,0.672134249757337,0.163461538461538,52,-0.455616174388012,0.990799379751227
CM007900.2_140653460_T_A,11,140653460,0.905644632423836,0.259615384615385,52,-0.112456378597301,0.995153521788503
CM007900.2_140756588_T_C,11,140756588,0.0740111383191119,0.0961538461538461,52,-2.01120785610044,0.939716321923694
CM007900.2_142929852_G_A,11,142929852,0.31552892824329,0.211538461538462,52,-1.06957827191309,0.966512290310654
CM007900.2_143963133_C_T,11,143963133,0.427007684572511,0.259615384615385,52,-0.836122665224707,0.968716843219995
CM007900.2_145891957_T_C,11,145891957,0.474160607420206,0.259615384615385,52,-0.82513945682706,0.968716843219995
CM007900.2_151481683_G_A,11,151481683,0.522941993058871,0.480769230769231,52,-0.406415773683804,0.977836539893903
CM007900.2_151724700_C_A,11,151724700,0.00339270671318897,0.25,52,3.20327312080644,0.578847960757934
CM007900.2_153802639_A_G,11,153802639,0.525569059321836,0.105769230769231,52,-0.808801537694649,0.977836539893903
CM007900.2_156283169_C_A,11,156283169,0.198739638378273,0.0576923076923077,52,1.98197915270089,0.939716321923694
CM007900.2_156398016_A_T,11,156398016,0.438647190353926,0.5,52,0.361394615510996,0.968716843219995
CM007900.2_162895340_T_C,11,162895340,0.739656962402695,0.480769230769231,52,0.173292281654895,0.995153521788503
CM007900.2_165844951_C_T,11,165844951,0.949245256294312,0.423076923076923,52,-0.0371321623621981,0.995153521788503
CM007900.2_166277868_C_A,11,166277868,0.333950740291296,0.0769230769230769,52,1.35380926521441,0.967549787466022
CM007900.2_168762796_G_T,11,168762796,0.733446686218419,0.25,52,-0.314651876587448,0.995153521788503
CM007900.2_169874442_G_A,11,169874442,0.953096672336579,0.134615384615385,52,-0.0392085110276525,0.995153521788503
CM007900.2_170813334_T_C,11,170813334,0.540818222658748,0.0576923076923077,52,-0.86927799433272,0.977836539893903
CM007900.2_170813787_T_C,11,170813787,0.859068587846124,0.25,52,-0.175746284352385,0.995153521788503
CM007900.2_171559884_G_A,11,171559884,0.542750862039775,0.0769230769230769,52,-0.792768851218625,0.977836539893903
CM007900.2_172503197_C_T,11,172503197,0.413513718210553,0.240384615384615,52,-0.850903553010198,0.968716843219995
CM007900.2_173429242_A_G,11,173429242,0.119853306760532,0.0769230769230769,52,1.28639103831853,0.939716321923694
CM007900.2_173887974_C_T,11,173887974,0.638520303149123,0.0480769230769231,52,-0.710718590836905,0.990799379751227
CM007900.2_174274821_C_T,11,174274821,0.961154932050415,0.480769230769231,52,-0.0264431455176179,0.995153521788503
CM007900.2_174904731_A_T,11,174904731,0.317841645475834,0.144230769230769,52,0.984393156075384,0.966512290310654
CM007900.2_175474839_T_C,11,175474839,0.014438632042955,0.163461538461538,52,2.38939266889338,0.737112735366624
CM007900.2_175714361_T_C,11,175714361,0.129786194474443,0.134615384615385,52,-0.970933061458339,0.939716321923694
CM007900.2_175721324_T_C,11,175721324,0.952204780260277,0.192307692307692,52,0.06478324757785,0.995153521788503
CM007900.2_176431561_G_C,11,176431561,0.237581238158969,0.0961538461538461,52,-0.877195129524353,0.939716321923694
CM007900.2_178705650_G_T,11,178705650,0.137488907975718,0.0961538461538461,52,-1.07495024501827,0.939716321923694
CM007900.2_179300573_G_A,11,179300573,0.226756443663883,0.240384615384615,52,-1.17605916634864,0.939716321923694
CM007900.2_179400458_A_G,11,179400458,0.165255575684507,0.480769230769231,52,0.816081003775977,0.939716321923694
CM007900.2_179464601_A_G,11,179464601,0.622771046141481,0.307692307692308,52,-0.258297644858018,0.990799379751227
CM007900.2_179563029_T_G,11,179563029,0.784200879182322,0.384615384615385,52,0.137677403897783,0.995153521788503
CM007900.2_179611018_C_T,11,179611018,0.290875825460204,0.134615384615385,52,-0.713644000361427,0.96476528026302
CM007900.2_180234390_C_A,11,180234390,0.291821752074103,0.480769230769231,52,0.546369648593711,0.96476528026302
CM007900.2_180242640_C_T,11,180242640,0.754945483247065,0.153846153846154,52,0.30952568927114,0.995153521788503
CM007900.2_180242931_G_T,11,180242931,0.493528913179385,0.384615384615385,52,-0.312183639626483,0.968716843219995
CM007900.2_180243122_T_C,11,180243122,0.10089049831353,0.221153846153846,52,-1.73753827574461,0.939716321923694
CM007900.2_180429934_A_G,11,180429934,0.87508030948285,0.0961538461538461,52,0.133324623072497,0.995153521788503
CM007900.2_181548097_T_C,11,181548097,0.134974177405453,0.0961538461538461,52,-1.28318583394554,0.939716321923694
CM007900.2_181945729_G_A,11,181945729,0.319752346234178,0.0865384615384616,52,1.2020462332838,0.966512290310654
CM007900.2_182258344_A_G,11,182258344,0.845442542167599,0.134615384615385,52,-0.134129633844708,0.995153521788503
CM007900.2_182259570_A_T,11,182259570,0.89234830096289,0.240384615384615,52,0.130647976416583,0.995153521788503
CM007900.2_182674828_G_C,11,182674828,0.733549195988779,0.25,52,0.355363859051522,0.995153521788503
CM007900.2_182674829_T_C,11,182674829,0.37323183697383,0.134615384615385,52,0.750191639646118,0.967549787466022
CM007900.2_182870298_A_G,11,182870298,0.678418265734872,0.125,52,0.453060146824669,0.990799379751227
CM007900.2_183141550_T_C,11,183141550,0.383075565174319,0.0865384615384616,52,-1.00822299231697,0.967549787466022
CM007900.2_183527839_A_C,11,183527839,0.204601817091283,0.221153846153846,52,-1.30634339153312,0.939716321923694
CM007900.2_186554823_G_A,11,186554823,0.556190208041114,0.0384615384615384,52,1.00207209752011,0.977836539893903
CM007900.2_188488999_C_T,11,188488999,0.121111332705488,0.25,52,-1.4160440620837,0.939716321923694
CM007900.2_189249458_T_C,11,189249458,0.372973852509403,0.211538461538462,52,0.524280360428378,0.967549787466022
CM007900.2_189471804_A_G,11,189471804,0.153764358658699,0.480769230769231,52,-0.681666802039842,0.939716321923694
CM007900.2_189552633_A_T,11,189552633,0.422905778572703,0.125,52,0.845854328171754,0.968716843219995
CM007900.2_189597531_A_C,11,189597531,0.539817962520154,0.0961538461538461,52,-0.457641842847352,0.977836539893903
CM007901.2_335043_G_C,12,335043,0.790208286366266,0.480769230769231,52,0.131809343540823,0.995153521788503
CM007901.2_632520_T_C,12,632520,0.426841508753897,0.240384615384615,52,-0.743432860725534,0.968716843219995
CM007901.2_820480_C_T,12,820480,0.188488124745738,0.163461538461538,52,1.31589434314122,0.939716321923694
CM007901.2_873611_G_T,12,873611,0.132992771796241,0.125,52,-1.56429991242851,0.939716321923694
CM007901.2_948288_G_A,12,948288,0.442238977125256,0.461538461538462,52,0.397375462003325,0.968716843219995
CM007901.2_1024722_G_C,12,1024722,0.555967230823998,0.5,52,0.280316009979799,0.977836539893903
CM007901.2_1025804_A_G,12,1025804,0.236415759364266,0.211538461538462,52,-1.39720424831114,0.939716321923694
CM007901.2_1550909_A_G,12,1550909,0.31024614306563,0.192307692307692,52,-0.811502651056855,0.966512290310654
CM007901.2_1584295_C_T,12,1584295,0.197590733390263,0.240384615384615,52,1.28716980406352,0.939716321923694
CM007901.2_1877550_T_C,12,1877550,0.146302874752249,0.25,52,1.37894925515087,0.939716321923694
CM007901.2_1894980_A_G,12,1894980,0.787408161353274,0.211538461538462,52,-0.276220479700726,0.995153521788503
CM007901.2_1965596_C_T,12,1965596,0.548187846663698,0.211538461538462,52,0.345293524191504,0.977836539893903
CM007901.2_2375824_A_G,12,2375824,0.223577967655437,0.221153846153846,52,-1.31878942346964,0.939716321923694
CM007901.2_2761142_C_T,12,2761142,0.55346654510335,0.0961538461538461,52,0.441254136281543,0.977836539893903
CM007901.2_3392774_G_A,12,3392774,0.936708451919414,0.461538461538462,52,-0.0418771367593251,0.995153521788503
CM007901.2_4446725_C_T,12,4446725,0.105175955729993,0.230769230769231,52,-1.63174569054934,0.939716321923694
CM007901.2_4700017_A_G,12,4700017,0.513852123858456,0.0865384615384616,52,-0.817078341113302,0.972460759998341
CM007901.2_4700101_T_C,12,4700101,0.11204059409374,0.240384615384615,52,-1.46972950589986,0.939716321923694
CM007901.2_4700178_C_T,12,4700178,0.652798115196119,0.365384615384615,52,-0.258243814531582,0.990799379751227
CM007901.2_5357955_T_C,12,5357955,0.548222757051824,0.5,52,-0.311960469728092,0.977836539893903
CM007901.2_5707770_T_C,12,5707770,0.0191283930992162,0.240384615384615,52,2.62359321951908,0.763592847016356
CM007901.2_6270210_C_A,12,6270210,0.56159614243335,0.5,52,0.272295096580855,0.980803341667062
CM007901.2_6316707_T_A,12,6316707,0.969566839823339,0.480769230769231,52,0.017440012526805,0.995153521788503
CM007901.2_6858023_A_G,12,6858023,0.347383660689602,0.461538461538462,52,0.471820724876068,0.967549787466022
CM007901.2_7159206_A_C,12,7159206,0.0547778200272016,0.25,52,1.63525915463822,0.939716321923694
CM007901.2_8640688_A_G,12,8640688,0.301202605813488,0.259615384615385,52,-1.01104116511766,0.965644933430993
CM007901.2_9517376_T_A,12,9517376,0.282809881272541,0.403846153846154,52,-0.546743190905161,0.963208857936694
CM007901.2_10026042_G_T,12,10026042,0.925788074261362,0.25,52,-0.0953794584235084,0.995153521788503
CM007901.2_10671497_G_T,12,10671497,0.611926030315908,0.0769230769230769,52,0.744168244189268,0.990799379751227
CM007901.2_10901414_G_T,12,10901414,0.356638872977681,0.0384615384615384,52,-1.49373838321935,0.967549787466022
CM007901.2_10924234_T_C,12,10924234,0.2987944442161,0.0769230769230769,52,-0.868675336787419,0.965644933430993
CM007901.2_10960911_G_C,12,10960911,0.952406662198923,0.125,52,-0.0751202638305131,0.995153521788503
CM007901.2_11134541_G_A,12,11134541,0.118320090966131,0.307692307692308,52,0.747548367310998,0.939716321923694
CM007901.2_11192252_T_C,12,11192252,0.642555692962614,0.461538461538462,52,0.244306475021148,0.990799379751227
CM007901.2_11209667_A_T,12,11209667,0.116236300530588,0.115384615384615,52,1.0846571982527,0.939716321923694
CM007901.2_11210464_C_G,12,11210464,0.958118575778623,0.115384615384615,52,-0.0374913285493506,0.995153521788503
CM007901.2_12119220_C_A,12,12119220,0.851124223901191,0.0961538461538461,52,-0.260956961203988,0.995153521788503
CM007901.2_12279305_G_C,12,12279305,0.121891927874399,0.288461538461538,52,0.813931488641117,0.939716321923694
CM007901.2_12491386_A_T,12,12491386,0.619379321235474,0.25,52,-0.51041973534717,0.990799379751227
CM007901.2_12633438_C_G,12,12633438,0.106716702703084,0.0961538461538461,52,1.37510230631568,0.939716321923694
CM007901.2_12684277_T_C,12,12684277,0.098414673213344,0.25,52,1.46362997826867,0.939716321923694
CM007901.2_12747741_C_T,12,12747741,0.126275039507944,0.25,52,-1.38546394439493,0.939716321923694
CM007901.2_12780910_G_A,12,12780910,0.0938146189891943,0.211538461538462,52,-0.914829971534232,0.939716321923694
CM007901.2_14126405_A_G,12,14126405,0.921991444931201,0.192307692307692,52,-0.0991088335223935,0.995153521788503
CM007901.2_14301177_C_G,12,14301177,0.800857878310002,0.163461538461538,52,-0.259498077365606,0.995153521788503
CM007901.2_14500347_C_A,12,14500347,0.359865702457576,0.269230769230769,52,0.496049804697392,0.967549787466022
CM007901.2_14526104_G_A,12,14526104,0.524798649681403,0.480769230769231,52,0.300640282780805,0.977836539893903
CM007901.2_15130674_A_G,12,15130674,0.771219809514887,0.0673076923076923,52,-0.398815471536409,0.995153521788503
CM007901.2_15328219_T_G,12,15328219,0.904141429703982,0.144230769230769,52,0.127362186035782,0.995153521788503
CM007901.2_16352154_C_A,12,16352154,0.315831401619183,0.0961538461538461,52,-0.765722992656947,0.966512290310654
CM007901.2_16373375_A_G,12,16373375,0.771082452214276,0.192307692307692,52,-0.185837610224979,0.995153521788503
CM007901.2_17638745_A_G,12,17638745,0.365198726234994,0.105769230769231,52,0.974496206423169,0.967549787466022
CM007901.2_18116518_T_C,12,18116518,0.347158966733981,0.269230769230769,52,-0.463856095191659,0.967549787466022
CM007901.2_23265718_A_G,12,23265718,0.73172117250883,0.115384615384615,52,0.248069511146497,0.995153521788503
CM007901.2_26805649_G_A,12,26805649,0.327502715121049,0.0576923076923077,52,1.4647580919559,0.967549787466022
CM007901.2_27888201_T_C,12,27888201,0.0918473621397579,0.173076923076923,52,1.79132629760443,0.939716321923694
CM007901.2_28069873_C_T,12,28069873,0.646938653899528,0.0865384615384616,52,-0.538255133557414,0.990799379751227
CM007901.2_28504594_T_C,12,28504594,0.194919545391302,0.288461538461538,52,0.721928766387222,0.939716321923694
CM007901.2_28614592_C_T,12,28614592,0.463057252558488,0.480769230769231,52,-0.362299634208682,0.968716843219995
CM007901.2_28705334_C_G,12,28705334,0.669067165388887,0.442307692307692,52,0.23029792126944,0.990799379751227
CM007901.2_28851123_T_G,12,28851123,0.366427139945324,0.134615384615385,52,0.60503893882526,0.967549787466022
CM007901.2_31755920_T_C,12,31755920,0.200263028886623,0.192307692307692,52,1.24656839892384,0.939716321923694
CM007901.2_31846310_A_T,12,31846310,0.0195916158590648,0.384615384615385,52,1.40002280037379,0.763592847016356
CM007901.2_34734832_G_T,12,34734832,0.467690212022138,0.240384615384615,52,0.695082265125961,0.968716843219995
CM007901.2_39598657_A_G,12,39598657,0.0660009662356082,0.153846153846154,52,-1.24427526784575,0.939716321923694
CM007901.2_40684104_T_C,12,40684104,0.207551730859003,0.115384615384615,52,1.44480270529482,0.939716321923694
CM007901.2_42215866_A_G,12,42215866,0.0627533671823781,0.230769230769231,52,1.9610904997561,0.939716321923694
CM007901.2_52355887_T_C,12,52355887,0.524271142064799,0.153846153846154,52,-0.426540452998495,0.977836539893903
CM007901.2_52684376_G_A,12,52684376,0.304597230594584,0.480769230769231,52,0.560406541301177,0.965644933430993
CM007901.2_53941900_G_A,12,53941900,0.696463482497719,0.480769230769231,52,0.234106510817696,0.990799379751227
CM007901.2_54372377_C_T,12,54372377,0.91428366378338,0.0769230769230769,52,-0.0940773338923577,0.995153521788503
CM007901.2_54669375_A_G,12,54669375,0.0373730602493525,0.346153846153846,52,0.936522476377107,0.91686324804374
CM007901.2_56281515_G_A,12,56281515,0.5481589655777,0.461538461538462,52,0.287088991781104,0.977836539893903
CM007901.2_56785305_T_C,12,56785305,0.521720127513183,0.134615384615385,52,0.443002752201323,0.977836539893903
CM007901.2_56906507_A_T,12,56906507,0.754784782633255,0.25,52,0.283280822618053,0.995153521788503
CM007901.2_57697709_G_T,12,57697709,0.367563206572357,0.134615384615385,52,-0.675375335526837,0.967549787466022
CM007901.2_57918440_T_A,12,57918440,0.852810858998069,0.461538461538462,52,0.0883883422165965,0.995153521788503
CM007901.2_58891308_G_C,12,58891308,0.727010366906092,0.403846153846154,52,-0.188739304381144,0.995153521788503
CM007901.2_59941622_A_T,12,59941622,0.299967856547045,0.0961538461538461,52,-1.25932850107927,0.965644933430993
CM007901.2_61964095_A_T,12,61964095,0.41977241256548,0.423076923076923,52,-0.405960769177852,0.968716843219995
CM007901.2_62144128_C_A,12,62144128,0.210002243163664,0.115384615384615,52,-0.858494952971171,0.939716321923694
CM007901.2_68995852_T_C,12,68995852,0.298722541404063,0.173076923076923,52,-1.11086266015695,0.965644933430993
CM007901.2_75123154_C_A,12,75123154,0.35434971055479,0.211538461538462,52,1.01337174890176,0.967549787466022
CM007901.2_75359670_C_G,12,75359670,0.0209585219734715,0.423076923076923,52,-1.11248802492391,0.763592847016356
CM007901.2_75910437_T_C,12,75910437,0.117992513781456,0.230769230769231,52,-1.0030046993185,0.939716321923694
CM007901.2_79867924_T_C,12,79867924,0.559234661762359,0.173076923076923,52,0.70648125768912,0.979567299218683
CM007901.2_81824206_G_T,12,81824206,0.222745447630323,0.0961538461538461,52,-0.925592185278845,0.939716321923694
CM007901.2_82535310_T_G,12,82535310,0.947274094748036,0.0961538461538461,52,0.0542686916580806,0.995153521788503
CM007901.2_85147090_G_A,12,85147090,0.49309143366343,0.0961538461538461,52,-0.521284581362011,0.968716843219995
CM007901.2_89241962_G_A,12,89241962,0.0455396337506425,0.134615384615385,52,1.45232430843311,0.939716321923694
CM007901.2_93371750_C_T,12,93371750,0.806546857949299,0.25,52,0.240466404238873,0.995153521788503
CM007901.2_95384101_T_C,12,95384101,0.385855412796105,0.115384615384615,52,-1.0869566871695,0.967549787466022
CM007901.2_98681246_C_A,12,98681246,0.79474580710336,0.0961538461538461,52,0.199377102966196,0.995153521788503
CM007901.2_106194764_A_C,12,106194764,0.226146469197267,0.144230769230769,52,1.24221208454378,0.939716321923694
CM007901.2_113065947_A_C,12,113065947,0.146857055030737,0.211538461538462,52,0.762850918579844,0.939716321923694
CM007901.2_118187381_T_C,12,118187381,0.358483795387836,0.105769230769231,52,1.1660750864371,0.967549787466022
CM007901.2_123352930_G_T,12,123352930,0.893007801153047,0.153846153846154,52,-0.0941086614883204,0.995153521788503
CM007901.2_128910485_C_T,12,128910485,0.446097341365264,0.346153846153846,52,-0.390826293008146,0.968716843219995
CM007901.2_129923813_A_G,12,129923813,0.163173971376935,0.269230769230769,52,-0.759389376096919,0.939716321923694
CM007901.2_130350017_G_A,12,130350017,0.862404026510054,0.0961538461538461,52,-0.204628970239241,0.995153521788503
CM007901.2_139146126_A_T,12,139146126,0.207274959547802,0.173076923076923,52,-1.19467935821956,0.939716321923694
CM007901.2_141788001_T_C,12,141788001,0.201427049337776,0.25,52,-0.731543898942618,0.939716321923694
CM007901.2_142911915_T_C,12,142911915,0.701596494778109,0.105769230769231,52,-0.501083331171799,0.995153521788503
CM007901.2_144492220_T_C,12,144492220,0.634135543336854,0.173076923076923,52,0.515349592969415,0.990799379751227
CM007901.2_150826806_G_A,12,150826806,0.100444103345912,0.125,52,-1.86119477270984,0.939716321923694
CM007901.2_155093877_G_A,12,155093877,0.0522398107029238,0.144230769230769,52,1.86011751613773,0.939716321923694
CM007901.2_155114145_A_C,12,155114145,0.95820623513998,0.115384615384615,52,0.0595270733289226,0.995153521788503
CM007901.2_156296311_G_A,12,156296311,0.125333161450685,0.0961538461538461,52,1.69370917353058,0.939716321923694
CM007901.2_157642240_A_G,12,157642240,0.0596451127879719,0.240384615384615,52,-1.98793165890953,0.939716321923694
CM007901.2_157918140_A_G,12,157918140,0.729948103971015,0.0865384615384616,52,0.454666434662954,0.995153521788503
CM007901.2_157918299_T_A,12,157918299,0.127639973490739,0.0961538461538461,52,1.74680327622025,0.939716321923694
CM007901.2_158902028_C_T,12,158902028,0.00155198388390636,0.5,52,-1.56167025105323,0.475889095338141
CM007901.2_160649936_T_G,12,160649936,0.46217875915623,0.192307692307692,52,-0.482649515826836,0.968716843219995
CM007901.2_161192763_C_A,12,161192763,0.0673103520531328,0.0769230769230769,52,1.55644612670761,0.939716321923694
CM007901.2_162873033_T_C,12,162873033,0.21918825900652,0.403846153846154,52,0.838673291501578,0.939716321923694
CM007902.2_578471_T_C,13,578471,0.854750824216339,0.461538461538462,52,-0.109014032053636,0.995153521788503
CM007902.2_580948_A_C,13,580948,0.221477438817242,0.423076923076923,52,-0.615622677671794,0.939716321923694
CM007902.2_963279_A_G,13,963279,0.284147904342741,0.230769230769231,52,-1.00927098956822,0.963208857936694
CM007902.2_1263539_T_A,13,1263539,0.949204377025748,0.211538461538462,52,0.0653087803726748,0.995153521788503
CM007902.2_1616439_G_A,13,1616439,0.0132890194753522,0.0961538461538461,52,-1.74813977667293,0.737112735366624
CM007902.2_1701923_A_C,13,1701923,0.0827159879607358,0.480769230769231,52,0.780303442984746,0.939716321923694
CM007902.2_2357180_G_T,13,2357180,0.989271924723243,0.144230769230769,52,-0.0135366405710329,0.995153521788503
CM007902.2_7520832_C_T,13,7520832,0.0377272306711772,0.480769230769231,52,-1.00030120947444,0.91686324804374
CM007902.2_8221302_G_T,13,8221302,0.665092323886087,0.153846153846154,52,0.443643564045033,0.990799379751227
CM007902.2_8288633_T_C,13,8288633,0.0203503132565383,0.25,52,2.14637419598915,0.763592847016356
CM007902.2_12873365_C_T,13,12873365,0.866234562146103,0.480769230769231,52,0.0807423864734602,0.995153521788503
CM007902.2_15845582_A_C,13,15845582,0.944954284626284,0.442307692307692,52,-0.0458729476091975,0.995153521788503
CM007902.2_16670005_A_G,13,16670005,0.977816962823156,0.288461538461538,52,0.013515554958488,0.995153521788503
CM007902.2_18366023_A_G,13,18366023,0.542973332159465,0.0769230769230769,52,-0.514512363742256,0.977836539893903
CM007902.2_19828662_T_C,13,19828662,0.774924979400934,0.115384615384615,52,0.212566681231806,0.995153521788503
CM007902.2_29483056_C_A,13,29483056,0.343861187799516,0.240384615384615,52,-1.03668307224126,0.967549787466022
CM007902.2_29710546_A_G,13,29710546,0.139734390991527,0.5,52,-0.670377291467695,0.939716321923694
CM007902.2_32587646_A_G,13,32587646,0.642122812941781,0.134615384615385,52,-0.503921432384459,0.990799379751227
CM007902.2_32777123_G_A,13,32777123,0.292735362316056,0.326923076923077,52,0.518126042718961,0.96476528026302
CM007902.2_33656780_G_A,13,33656780,0.118734544515876,0.461538461538462,52,-0.691671032939922,0.939716321923694
CM007902.2_34096354_T_A,13,34096354,0.759249472446826,0.115384615384615,52,-0.211883827867922,0.995153521788503
CM007902.2_35005602_C_T,13,35005602,0.817560834572007,0.230769230769231,52,-0.123797135725624,0.995153521788503
CM007902.2_35005961_G_T,13,35005961,0.13389725111992,0.0961538461538461,52,-1.69556186116313,0.939716321923694
CM007902.2_35215970_G_A,13,35215970,0.174503685767423,0.461538461538462,52,-0.66503782592946,0.939716321923694
CM007902.2_37092239_G_A,13,37092239,0.533349099420364,0.346153846153846,52,0.288293003548205,0.977836539893903
CM007902.2_37685154_T_G,13,37685154,0.791420348397366,0.211538461538462,52,-0.265262087878739,0.995153521788503
CM007902.2_37929658_C_T,13,37929658,0.100002649518998,0.25,52,-0.89823361724055,0.939716321923694
CM007902.2_38241879_C_T,13,38241879,0.782025474604589,0.25,52,-0.258076999860805,0.995153521788503
CM007902.2_39013850_C_T,13,39013850,0.289407698292079,0.211538461538462,52,-0.564441140576022,0.964025447212116
CM007902.2_39468643_G_C,13,39468643,0.398910172265149,0.480769230769231,52,0.384522808084071,0.968716843219995
CM007902.2_40344426_G_A,13,40344426,0.416920751112724,0.480769230769231,52,-0.428465170105426,0.968716843219995
CM007902.2_40616701_G_A,13,40616701,0.869007936234094,0.0961538461538461,52,-0.131705691268337,0.995153521788503
CM007902.2_40730483_A_T,13,40730483,0.815241161106717,0.461538461538462,52,-0.125997866517437,0.995153521788503
CM007902.2_41574504_T_C,13,41574504,0.66119805481429,0.105769230769231,52,-0.512505534588968,0.990799379751227
CM007902.2_46899145_T_C,13,46899145,0.832939721203968,0.230769230769231,52,-0.110607712973106,0.995153521788503
CM007902.2_47239732_C_T,13,47239732,0.43469971083952,0.192307692307692,52,-0.842225550430328,0.968716843219995
CM007902.2_50849120_A_G,13,50849120,0.113601114902508,0.403846153846154,52,-0.729989331989074,0.939716321923694
CM007902.2_54532586_C_T,13,54532586,0.78128262873642,0.115384615384615,52,0.200329335907952,0.995153521788503
CM007902.2_57621908_T_C,13,57621908,0.405441673759581,0.0384615384615384,52,1.42971497066696,0.968716843219995
CM007902.2_57622003_T_G,13,57622003,0.264907372240355,0.346153846153846,52,0.591597787826302,0.952528935091099
CM007902.2_57852202_T_C,13,57852202,0.694120992874082,0.134615384615385,52,-0.440591011938068,0.990799379751227
CM007902.2_64174550_A_G,13,64174550,0.449541232704929,0.125,52,0.805989624713334,0.968716843219995
CM007902.2_65699231_T_C,13,65699231,0.418294939014076,0.326923076923077,52,0.376267298337254,0.968716843219995
CM007902.2_67591877_T_C,13,67591877,0.467223829409424,0.5,52,-0.424704261879569,0.968716843219995
CM007902.2_67614492_A_G,13,67614492,0.322492835133164,0.182692307692308,52,0.954180774416614,0.966512290310654
CM007902.2_67646227_C_T,13,67646227,0.866412875409039,0.192307692307692,52,-0.100492379672318,0.995153521788503
CM007902.2_68742040_G_T,13,68742040,0.62317917551372,0.211538461538462,52,-0.299312658452948,0.990799379751227
CM007902.2_69165755_G_A,13,69165755,0.0707457645163039,0.163461538461538,52,1.81026807751289,0.939716321923694
CM007902.2_69479325_C_T,13,69479325,0.381346730056486,0.115384615384615,52,-0.592832326726608,0.967549787466022
CM007902.2_69557306_C_T,13,69557306,0.651717656105668,0.230769230769231,52,-0.407521644775443,0.990799379751227
CM007902.2_69649286_T_C,13,69649286,0.932188591376352,0.0961538461538461,52,0.104193992876731,0.995153521788503
CM007902.2_72660586_G_A,13,72660586,0.763035959029236,0.25,52,-0.162860481222182,0.995153521788503
CM007902.2_73341600_T_A,13,73341600,0.707533002640372,0.115384615384615,52,-0.274522385629837,0.995153521788503
CM007902.2_76264793_G_A,13,76264793,0.0633635107243921,0.134615384615385,52,-1.17207879237469,0.939716321923694
CM007902.2_76675063_T_C,13,76675063,0.547146124238143,0.480769230769231,52,0.308309963376558,0.977836539893903
CM007902.2_80118040_C_A,13,80118040,0.838103508630773,0.25,52,-0.200149798904533,0.995153521788503
CM007902.2_81236143_A_G,13,81236143,0.673621230412567,0.0961538461538461,52,-0.520447378060339,0.990799379751227
CM007902.2_82922444_T_C,13,82922444,0.255532802941613,0.259615384615385,52,-1.18478020429359,0.947778857733274
CM007902.2_84076745_A_G,13,84076745,0.0334564487816676,0.105769230769231,52,-2.28594703066653,0.911934331941936
CM007902.2_84454365_C_T,13,84454365,0.0188204306485269,0.211538461538462,52,-1.23816762102136,0.763592847016356
CM007902.2_86511032_T_G,13,86511032,0.370853023133667,0.211538461538462,52,-0.537225580726812,0.967549787466022
CM007902.2_90146225_C_T,13,90146225,0.77357226932881,0.211538461538462,52,-0.160933843463127,0.995153521788503
CM007902.2_90180286_C_A,13,90180286,0.0383883842480374,0.0961538461538461,52,1.56853181332104,0.91686324804374
CM007902.2_90953298_A_G,13,90953298,0.0714684648412158,0.115384615384615,52,-1.26729878524688,0.939716321923694
CM007902.2_91225880_A_T,13,91225880,0.388077533857301,0.173076923076923,52,0.5145607188567,0.967997755054895
CM007902.2_91263464_T_A,13,91263464,0.662347916819142,0.240384615384615,52,0.457199938832446,0.990799379751227
CM007902.2_91263680_C_A,13,91263680,0.679525104898826,0.173076923076923,52,-0.244253699554179,0.990799379751227
CM007902.2_91385207_A_T,13,91385207,0.00620131698579699,0.0576923076923077,52,3.90726842638128,0.598022655412944
CM007902.2_92253012_A_T,13,92253012,0.427618152784994,0.0961538461538461,52,0.719627640618626,0.968716843219995
CM007902.2_92828371_A_G,13,92828371,0.220134064616575,0.0769230769230769,52,-1.45799806369769,0.939716321923694
CM007902.2_93917104_A_G,13,93917104,0.238260911638005,0.259615384615385,52,-1.36395405531198,0.939716321923694
CM007902.2_95175755_G_T,13,95175755,0.6953260713996,0.134615384615385,52,-0.264050894046591,0.990799379751227
CM007902.2_95200303_A_G,13,95200303,0.362578553348998,0.125,52,1.0512859851334,0.967549787466022
CM007902.2_96523819_G_C,13,96523819,0.863933260036402,0.269230769230769,52,0.0907621166657719,0.995153521788503
CM007902.2_97907322_C_T,13,97907322,0.538087990252164,0.0961538461538461,52,0.702970907610961,0.977836539893903
CM007902.2_98914367_G_A,13,98914367,0.193567536013844,0.461538461538462,52,0.642625995219817,0.939716321923694
CM007902.2_99242798_T_G,13,99242798,0.929756342722419,0.211538461538462,52,-0.0499286260919689,0.995153521788503
CM007902.2_100655901_G_A,13,100655901,0.646186144475585,0.423076923076923,52,0.215726064883654,0.990799379751227
CM007902.2_102954804_T_A,13,102954804,0.208350715194103,0.480769230769231,52,0.67441010669846,0.939716321923694
CM007902.2_104837165_A_G,13,104837165,0.581742883756981,0.192307692307692,52,0.547614257709768,0.990799379751227
CM007902.2_104858911_G_C,13,104858911,0.246488141828131,0.0576923076923077,52,1.37289615534746,0.939716321923694
CM007902.2_107975376_A_G,13,107975376,0.232189012434342,0.221153846153846,52,1.0704310974474,0.939716321923694
CM007902.2_109387405_T_A,13,109387405,0.045781157411091,0.153846153846154,52,-2.14747572700333,0.939716321923694
CM007902.2_109827308_G_T,13,109827308,0.427338526734273,0.153846153846154,52,-0.512289473659649,0.968716843219995
CM007902.2_112191187_A_C,13,112191187,0.333362750199245,0.125,52,1.05586283578577,0.967549787466022
CM007902.2_118344807_G_A,13,118344807,0.46679313886437,0.0769230769230769,52,1.09176287464516,0.968716843219995
CM007902.2_118540101_G_A,13,118540101,0.822208448118674,0.0769230769230769,52,0.308873367148863,0.995153521788503
CM007902.2_120349856_A_G,13,120349856,0.501806639738746,0.144230769230769,52,-0.723806502245793,0.968716843219995
CM007902.2_125731592_T_C,13,125731592,0.921629835150418,0.173076923076923,52,0.0603994520657807,0.995153521788503
CM007902.2_128656897_T_C,13,128656897,0.172627289928283,0.163461538461538,52,-1.31391222659801,0.939716321923694
CM007902.2_130093704_A_G,13,130093704,0.112927875352869,0.0769230769230769,52,-1.2861946239716,0.939716321923694
CM007902.2_135822175_T_C,13,135822175,0.84653566882052,0.211538461538462,52,0.130119871139243,0.995153521788503
CM007902.2_136787673_T_C,13,136787673,0.814948510497848,0.0576923076923077,52,0.346194913011686,0.995153521788503
CM007902.2_142877574_C_T,13,142877574,0.792352221849975,0.173076923076923,52,-0.164653981544859,0.995153521788503
CM007902.2_151580593_C_T,13,151580593,0.177268591255178,0.153846153846154,52,1.29120252381853,0.939716321923694
CM007902.2_152093981_C_A,13,152093981,0.823140121896404,0.163461538461538,52,-0.223628400668133,0.995153521788503
CM007902.2_152159555_C_A,13,152159555,0.903344969331611,0.0769230769230769,52,0.166606784637338,0.995153521788503
CM007902.2_152444800_A_G,13,152444800,0.628117222845587,0.221153846153846,52,0.445275211477622,0.990799379751227
CM007902.2_152849635_C_T,13,152849635,0.876553713514629,0.0673076923076923,52,-0.211855387508422,0.995153521788503
CM007902.2_153335636_A_G,13,153335636,0.318958504757427,0.173076923076923,52,-0.566731967238468,0.966512290310654
CM007902.2_154310127_C_G,13,154310127,0.515175306148172,0.307692307692308,52,-0.335370070084252,0.972475599180125
CM007902.2_156338895_C_G,13,156338895,0.624080865198533,0.0673076923076923,52,0.662440131609969,0.990799379751227
CM007902.2_156405205_T_C,13,156405205,0.193604820763413,0.5,52,-0.687763305503225,0.939716321923694
CM007902.2_156633703_C_T,13,156633703,0.438256781898752,0.173076923076923,52,-0.451764538046035,0.968716843219995
CM007902.2_156690779_T_G,13,156690779,0.464744333196377,0.211538461538462,52,0.413937952151542,0.968716843219995
CM007902.2_157231278_G_A,13,157231278,0.988722477843674,0.115384615384615,52,-0.0164904287033778,0.995153521788503
CM007902.2_157285378_G_C,13,157285378,0.094811867300768,0.182692307692308,52,-1.55811909734331,0.939716321923694
CM007902.2_157382649_G_A,13,157382649,0.393851987788931,0.0769230769230769,52,1.18906938911869,0.968716843219995
CM007902.2_157979027_A_G,13,157979027,0.630426322227205,0.326923076923077,52,0.283505919778761,0.990799379751227
CM007902.2_158408800_T_C,13,158408800,0.980738573548258,0.326923076923077,52,0.0147116949382138,0.995153521788503
CM007902.2_159465194_G_A,13,159465194,0.569196166423749,0.134615384615385,52,0.400558040882487,0.986332907547424
CM007902.2_159646290_G_T,13,159646290,0.19984862761745,0.25,52,-1.37591288876121,0.939716321923694
CM007902.2_160176192_T_C,13,160176192,0.793712291535512,0.211538461538462,52,-0.248539883023341,0.995153521788503
CM007902.2_160242567_G_A,13,160242567,0.11826517873073,0.384615384615385,52,0.722246221074087,0.939716321923694
CM007902.2_160371779_T_C,13,160371779,0.166997390679825,0.201923076923077,52,1.26358532382193,0.939716321923694
CM007902.2_160834387_T_C,13,160834387,0.607141883901192,0.0769230769230769,52,-0.719029755812471,0.990799379751227
CM007902.2_160860323_A_G,13,160860323,0.249029295564239,0.182692307692308,52,-1.23830608367666,0.943127961804053
CM007902.2_161094293_A_T,13,161094293,0.360337120002586,0.192307692307692,52,-1.02109633410657,0.967549787466022
CM007902.2_161545027_T_C,13,161545027,0.191408275711243,0.105769230769231,52,-1.42230481084744,0.939716321923694
CM007902.2_163595084_A_G,13,163595084,0.965211100435858,0.480769230769231,52,-0.0230318754913412,0.995153521788503
CM007902.2_164100344_A_G,13,164100344,0.0555006961289097,0.173076923076923,52,-1.25625459533973,0.939716321923694
CM007902.2_164308866_C_T,13,164308866,0.494796105233378,0.240384615384615,52,-0.698662786048828,0.968716843219995
CM007902.2_164406498_G_A,13,164406498,0.95388868751316,0.173076923076923,52,-0.0342526747947716,0.995153521788503
CM007902.2_164481858_A_T,13,164481858,0.414461842946071,0.25,52,1.00491938547282,0.968716843219995
CM007902.2_164839507_A_G,13,164839507,0.492465755013449,0.211538461538462,52,-0.770019600568276,0.968716843219995
CM007902.2_165319211_G_A,13,165319211,0.330824251164462,0.211538461538462,52,-0.542114945396094,0.967549787466022
CM007902.2_165691619_T_C,13,165691619,0.712396873490183,0.25,52,0.369042759752119,0.995153521788503
CM007902.2_165812255_T_C,13,165812255,0.919638012766931,0.0961538461538461,52,-0.0842039957015572,0.995153521788503
CM007902.2_167799918_C_T,13,167799918,0.401383153087493,0.25,52,0.880982562651127,0.968716843219995
CM007902.2_167872984_C_T,13,167872984,0.0457549100118666,0.480769230769231,52,-1.06303566209681,0.939716321923694
CM007902.2_168867073_C_G,13,168867073,0.631950729014479,0.25,52,-0.306552236152072,0.990799379751227
CM007902.2_171049998_A_G,13,171049998,0.340965874075004,0.153846153846154,52,-0.901789988395933,0.967549787466022
CM007902.2_171050341_A_G,13,171050341,0.463261709785766,0.115384615384615,52,0.783705844949509,0.968716843219995
CM007902.2_171739396_A_G,13,171739396,0.0456947226916193,0.125,52,2.83419779978954,0.939716321923694
CM007902.2_171800521_T_C,13,171800521,0.46565900580938,0.461538461538462,52,0.349847941885244,0.968716843219995
CM007902.2_171803849_T_C,13,171803849,0.915454992469451,0.153846153846154,52,0.0706056579610959,0.995153521788503
CM007902.2_172963067_G_A,13,172963067,0.505346231434294,0.0769230769230769,52,0.561671257816386,0.968716843219995
CM007902.2_173221073_C_T,13,173221073,0.133310396097082,0.115384615384615,52,-1.03995304578885,0.939716321923694
CM007903.2_7263919_C_A,14,7263919,0.432113130740809,0.0576923076923077,52,-1.11782298137189,0.968716843219995
CM007903.2_8502856_T_C,14,8502856,0.548653041832412,0.192307692307692,52,-0.619336814877101,0.977836539893903
CM007903.2_8531762_C_T,14,8531762,0.0174289473455926,0.25,52,-2.2874007243077,0.763592847016356
CM007903.2_10813835_G_A,14,10813835,0.994526278354887,0.0673076923076923,52,0.00937310664528468,0.998126373480153
CM007903.2_11722800_A_G,14,11722800,0.772963850455312,0.182692307692308,52,-0.294285837743871,0.995153521788503
CM007903.2_11938313_A_T,14,11938313,0.892203705506308,0.480769230769231,52,0.0729257706161519,0.995153521788503
CM007903.2_12682235_G_A,14,12682235,0.705729256121931,0.173076923076923,52,0.390486927175345,0.995153521788503
CM007903.2_24554538_T_A,14,24554538,0.36701515122965,0.211538461538462,52,-0.523184452137542,0.967549787466022
CM007903.2_25184598_G_A,14,25184598,0.979918953440239,0.230769230769231,52,-0.0252870631505857,0.995153521788503
CM007903.2_31815310_G_C,14,31815310,0.0125239024696674,0.25,52,-1.30798235457337,0.737112735366624
CM007903.2_42182304_G_T,14,42182304,0.689805124149011,0.269230769230769,52,0.223174525338749,0.990799379751227
CM007903.2_49054181_C_G,14,49054181,0.621191876867931,0.307692307692308,52,-0.251259667296679,0.990799379751227
CM007903.2_50334675_G_A,14,50334675,0.324449642644627,0.192307692307692,52,0.543838553791375,0.966512290310654
CM007903.2_54761331_C_T,14,54761331,0.798179897471419,0.0673076923076923,52,-0.347541148499545,0.995153521788503
CM007903.2_59978460_C_A,14,59978460,0.665928071461923,0.115384615384615,52,-0.313729198023992,0.990799379751227
CM007903.2_60929379_C_A,14,60929379,0.0837477878465363,0.211538461538462,52,-1.97124365874492,0.939716321923694
CM007903.2_67873811_G_C,14,67873811,0.819300377342361,0.0961538461538461,52,0.279977698174207,0.995153521788503
CM007903.2_81228132_A_G,14,81228132,0.886856058520711,0.134615384615385,52,-0.150032124324071,0.995153521788503
CM007903.2_94147253_C_G,14,94147253,0.961514091684423,0.153846153846154,52,0.0543856852760882,0.995153521788503
CM007903.2_98062137_C_T,14,98062137,0.129586524397043,0.211538461538462,52,0.841915544900814,0.939716321923694
CM007903.2_99156139_A_G,14,99156139,0.0548961826164664,0.461538461538462,52,-0.8731624026126,0.939716321923694
CM007903.2_99185423_A_G,14,99185423,0.109782648203265,0.211538461538462,52,-1.48198789117458,0.939716321923694
CM007903.2_100329983_G_A,14,100329983,0.850727061474347,0.403846153846154,52,-0.0901994737152592,0.995153521788503
CM007903.2_100694448_G_T,14,100694448,0.469045994213726,0.240384615384615,52,0.685942349878701,0.968716843219995
CM007903.2_100885897_G_T,14,100885897,0.434231194804315,0.269230769230769,52,0.428027799289424,0.968716843219995
CM007903.2_102729374_T_C,14,102729374,0.824612731018258,0.163461538461538,52,-0.231316528509296,0.995153521788503
CM007903.2_106144530_C_T,14,106144530,0.222949879712569,0.192307692307692,52,-1.10991086021113,0.939716321923694
CM007903.2_106145742_A_C,14,106145742,0.926042171305157,0.365384615384615,52,0.0513407524505567,0.995153521788503
CM007903.2_106214573_T_C,14,106214573,0.679759567555587,0.105769230769231,52,0.467898055294313,0.990799379751227
CM007903.2_106229461_G_A,14,106229461,0.475476947861362,0.480769230769231,52,0.324798743341944,0.968716843219995
CM007903.2_106655343_C_T,14,106655343,0.494517690291788,0.240384615384615,52,-0.621884155393559,0.968716843219995
CM007903.2_106853156_T_A,14,106853156,0.358346827906809,0.211538461538462,52,-0.537552310093901,0.967549787466022
CM007903.2_109767287_A_C,14,109767287,0.672258048233303,0.326923076923077,52,0.223033913805281,0.990799379751227
CM007903.2_112034340_T_C,14,112034340,0.48357619767203,0.0961538461538461,52,-0.607373969290109,0.968716843219995
CM007903.2_115493859_C_T,14,115493859,0.147835309383442,0.182692307692308,52,-1.42875243127543,0.939716321923694
CM007903.2_119992959_C_T,14,119992959,0.910023392123838,0.201923076923077,52,-0.121109999214525,0.995153521788503
CM007903.2_120298537_C_T,14,120298537,0.593224785460629,0.240384615384615,52,0.586910850248273,0.990799379751227
CM007903.2_120301029_C_T,14,120301029,0.0209693052573024,0.0769230769230769,52,2.83343709047347,0.763592847016356
CM007903.2_120529024_T_C,14,120529024,0.606809121782384,0.480769230769231,52,0.29981321564722,0.990799379751227
CM007903.2_121787867_G_C,14,121787867,0.0156730307087494,0.480769230769231,52,1.20484978373867,0.737112735366624
CM007903.2_121926120_T_C,14,121926120,0.208779504307897,0.211538461538462,52,1.4908797219116,0.939716321923694
CM007903.2_122065113_G_A,14,122065113,0.937979453601996,0.480769230769231,52,0.0444446315369191,0.995153521788503
CM007903.2_124348210_T_C,14,124348210,0.785223529761006,0.25,52,0.271388053696455,0.995153521788503
CM007903.2_125650641_A_G,14,125650641,0.0641564298134308,0.0769230769230769,52,-2.43922858772305,0.939716321923694
CM007903.2_125785678_A_T,14,125785678,0.673260499507923,0.25,52,0.225806933909197,0.990799379751227
CM007903.2_128072536_C_T,14,128072536,0.710654724392422,0.0769230769230769,52,-0.331223772185012,0.995153521788503
CM007903.2_128233142_A_G,14,128233142,0.918715354085824,0.163461538461538,52,0.112150940497258,0.995153521788503
CM007903.2_128316869_A_G,14,128316869,0.679007975397795,0.153846153846154,52,0.457053761563998,0.990799379751227
CM007903.2_129933141_T_C,14,129933141,0.0389137176774783,0.480769230769231,52,-0.990002309925984,0.91686324804374
CM007903.2_130850597_G_A,14,130850597,0.857446899752646,0.0961538461538461,52,0.147135214257048,0.995153521788503
CM007903.2_130856844_A_G,14,130856844,0.213757087891924,0.288461538461538,52,0.594976670945357,0.939716321923694
CM007903.2_132641638_C_T,14,132641638,0.396786909911742,0.346153846153846,52,0.47370903544099,0.968716843219995
CM007903.2_137695864_G_T,14,137695864,0.314725222573983,0.365384615384615,52,0.603671852205181,0.966512290310654
CM007903.2_137855624_T_C,14,137855624,0.338108667597799,0.423076923076923,52,-0.487595000369538,0.967549787466022
CM007903.2_137869474_G_C,14,137869474,0.664051662445792,0.105769230769231,52,-0.53700181929355,0.990799379751227
CM007903.2_143707714_A_G,14,143707714,0.948871780367786,0.269230769230769,52,0.033664679372194,0.995153521788503
CM007903.2_143749461_C_T,14,143749461,0.949265691389485,0.230769230769231,52,-0.0643910270811716,0.995153521788503
CM007903.2_143933000_A_G,14,143933000,0.509904590778528,0.105769230769231,52,-0.80425943603143,0.970986018790295
CM007903.2_144738679_C_T,14,144738679,0.999978249812475,0.269230769230769,52,1.42880017790503e-05,0.999978249812475
CM007903.2_148795028_T_C,14,148795028,0.730621505540754,0.230769230769231,52,0.19110851394629,0.995153521788503
CM007903.2_150515601_T_C,14,150515601,0.797956318436668,0.115384615384615,52,0.28411312869639,0.995153521788503
CM007903.2_151811314_A_T,14,151811314,0.0787351629957395,0.134615384615385,52,-1.77895930943589,0.939716321923694
CM007903.2_154180760_T_C,14,154180760,0.0457876858847475,0.25,52,1.87701305266728,0.939716321923694
CM007903.2_155342331_T_A,14,155342331,0.923344547996016,0.0673076923076923,52,0.124888922722448,0.995153521788503
CM007903.2_157415931_A_G,14,157415931,0.912182952635796,0.5,52,-0.0575928411524131,0.995153521788503
CM007903.2_157453744_G_A,14,157453744,0.529466681581218,0.163461538461538,52,-0.732128140440523,0.977836539893903
CM007903.2_162233608_C_T,14,162233608,0.433879186348744,0.0769230769230769,52,-0.699150847813826,0.968716843219995
CM007903.2_163377661_A_C,14,163377661,0.689762205765304,0.144230769230769,52,0.459464991033769,0.990799379751227
CM007903.2_164289145_G_A,14,164289145,0.144608088241679,0.480769230769231,52,-0.712188406981838,0.939716321923694
CM007903.2_164709568_G_T,14,164709568,0.836559237532658,0.134615384615385,52,-0.147084133112145,0.995153521788503
CM007903.2_164913016_T_C,14,164913016,0.644678360854198,0.365384615384615,52,-0.24855385484851,0.990799379751227
CM007903.2_167036179_A_C,14,167036179,0.0388279057454262,0.153846153846154,52,1.26081046394475,0.91686324804374
CM007903.2_167594694_T_C,14,167594694,0.0114023880628431,0.25,52,2.20576625544783,0.737112735366624
CM007903.2_167659099_C_G,14,167659099,0.848284891518383,0.25,52,0.185413069794549,0.995153521788503
CM007903.2_167667453_A_G,14,167667453,0.180259956544557,0.480769230769231,52,0.602339952868235,0.939716321923694
CM007903.2_167726484_C_G,14,167726484,0.815168142232835,0.182692307692308,52,0.226958111768056,0.995153521788503
CM007903.2_168842562_C_T,14,168842562,0.747397451673163,0.480769230769231,52,0.157373511785188,0.995153521788503
CM007903.2_169697352_G_A,14,169697352,0.513256639482101,0.25,52,-0.590164003210475,0.972460759998341
CM007903.2_169755420_G_C,14,169755420,0.547863999136334,0.173076923076923,52,-0.361558933084751,0.977836539893903
CM007903.2_169765830_T_C,14,169765830,0.424441648037627,0.115384615384615,52,-0.585015025862447,0.968716843219995
CM007903.2_169817766_T_C,14,169817766,0.618578707025314,0.480769230769231,52,-0.232413932471161,0.990799379751227
CM007903.2_169818750_T_G,14,169818750,0.642673227673886,0.365384615384615,52,0.230968764649049,0.990799379751227
CM007903.2_170875291_C_G,14,170875291,0.902784077501142,0.0576923076923077,52,0.180290250312737,0.995153521788503
CM007903.2_171306375_A_G,14,171306375,0.569209252326737,0.0961538461538461,52,-0.582668447440483,0.986332907547424
CM007903.2_171306390_T_G,14,171306390,0.75287467857057,0.230769230769231,52,0.31370988370594,0.995153521788503
CM007903.2_171311806_T_C,14,171311806,0.147475087354206,0.423076923076923,52,0.840234632949517,0.939716321923694
CM007903.2_171311904_T_G,14,171311904,0.917807569582624,0.423076923076923,52,0.0531069677785041,0.995153521788503
CM007903.2_171686263_T_G,14,171686263,0.0886241238448576,0.0769230769230769,52,2.0051384659622,0.939716321923694
CM007903.2_171851358_A_G,14,171851358,0.00918707168233158,0.480769230769231,52,-1.10211599496691,0.737112735366624
CM007903.2_172099276_T_C,14,172099276,0.287085209482556,0.461538461538462,52,-0.520144167155848,0.963208857936694
CM007903.2_172192982_C_G,14,172192982,0.977792578968844,0.0769230769230769,52,-0.0245267082103737,0.995153521788503
CM007903.2_172450387_T_C,14,172450387,0.384888067791663,0.461538461538462,52,-0.395679584935245,0.967549787466022
CM007903.2_172473609_T_C,14,172473609,0.595760805942193,0.25,52,0.507947826565271,0.990799379751227
CM007903.2_172621220_T_A,14,172621220,0.447410682895582,0.134615384615385,52,-0.908063352120507,0.968716843219995
CM007903.2_172630548_A_G,14,172630548,0.510008436379934,0.125,52,0.931322948692127,0.970986018790295
CM007903.2_172909113_C_G,14,172909113,0.360597303976173,0.153846153846154,52,0.941684379182675,0.967549787466022
CM007903.2_172971428_T_A,14,172971428,0.332221953888399,0.134615384615385,52,-0.675789166181175,0.967549787466022
CM007903.2_172975384_T_C,14,172975384,0.468945556232631,0.173076923076923,52,0.463770230059652,0.968716843219995
CM007903.2_172980714_G_A,14,172980714,0.574545876613905,0.230769230769231,52,-0.514791203787183,0.987862600255536
CM007903.2_172981481_A_G,14,172981481,0.531260121074556,0.134615384615385,52,0.419871801861689,0.977836539893903
CM007904.2_141311_A_T,15,141311,0.170633947028929,0.25,52,1.37123292948536,0.939716321923694
CM007904.2_512793_C_A,15,512793,0.0133192375739106,0.288461538461538,52,-1.25921063901878,0.737112735366624
CM007904.2_524161_A_G,15,524161,0.102153824722133,0.192307692307692,52,-1.46969693368192,0.939716321923694
CM007904.2_861520_G_A,15,861520,0.548186311507725,0.105769230769231,52,0.669921384355803,0.977836539893903
CM007904.2_1108189_T_A,15,1108189,0.236248031797973,0.0769230769230769,52,-1.55942477897111,0.939716321923694
CM007904.2_1108243_C_T,15,1108243,0.90975673921545,0.480769230769231,52,-0.0565478050250334,0.995153521788503
CM007904.2_1639903_T_C,15,1639903,0.354775915252622,0.153846153846154,52,0.565935207086596,0.967549787466022
CM007904.2_2023061_G_A,15,2023061,0.936691035415605,0.240384615384615,52,0.0730746560720945,0.995153521788503
CM007904.2_2245097_C_A,15,2245097,0.0655175590810541,0.230769230769231,52,-1.6398920938708,0.939716321923694
CM007904.2_2547964_A_G,15,2547964,0.599130405933078,0.240384615384615,52,-0.481911258848868,0.990799379751227
CM007904.2_2563028_T_C,15,2563028,0.470205727362118,0.163461538461538,52,-0.721432102871745,0.968716843219995
CM007904.2_2571226_A_G,15,2571226,0.179127059090294,0.221153846153846,52,-1.20854819078897,0.939716321923694
CM007904.2_2649273_C_T,15,2649273,0.834434242226929,0.192307692307692,52,0.22357103009125,0.995153521788503
CM007904.2_2994234_T_G,15,2994234,0.72966436284184,0.5,52,0.168019123597304,0.995153521788503
CM007904.2_3456537_T_C,15,3456537,0.506686707220332,0.5,52,0.308728543008556,0.968716843219995
CM007904.2_3999012_G_T,15,3999012,0.509169051500184,0.230769230769231,52,-0.679673471815192,0.970986018790295
CM007904.2_4013157_C_A,15,4013157,0.172846455371707,0.144230769230769,52,1.45783130454686,0.939716321923694
CM007904.2_4541561_T_G,15,4541561,0.0844641849568811,0.0769230769230769,52,-2.40162539109292,0.939716321923694
CM007904.2_5462869_G_C,15,5462869,0.650539042084065,0.0769230769230769,52,0.39323777414404,0.990799379751227
CM007904.2_6177777_C_T,15,6177777,0.666705870725489,0.240384615384615,52,0.491690288751499,0.990799379751227
CM007904.2_6348703_A_G,15,6348703,0.826831451602494,0.173076923076923,52,-0.228255831826857,0.995153521788503
CM007904.2_6976954_A_G,15,6976954,0.604446261299695,0.134615384615385,52,0.339517680769859,0.990799379751227
CM007904.2_6998525_G_A,15,6998525,0.903185647750449,0.211538461538462,52,0.132991460212963,0.995153521788503
CM007904.2_7876297_G_T,15,7876297,0.809755630847376,0.0961538461538461,52,-0.181149443581319,0.995153521788503
CM007904.2_8913138_T_C,15,8913138,0.657557855154209,0.240384615384615,52,-0.416131722783177,0.990799379751227
CM007904.2_9132194_A_G,15,9132194,0.238994105085522,0.259615384615385,52,1.00900439742492,0.939716321923694
CM007904.2_9245756_G_A,15,9245756,0.240051747059847,0.173076923076923,52,1.2031903527124,0.939716321923694
CM007904.2_9824779_G_A,15,9824779,0.419459525691944,0.0480769230769231,52,1.23657285541208,0.968716843219995
CM007904.2_11201894_C_A,15,11201894,0.917737879206688,0.0480769230769231,52,0.176569917236293,0.995153521788503
CM007904.2_12249276_T_C,15,12249276,0.261447464620661,0.480769230769231,52,-0.534411343886823,0.949084249637685
CM007904.2_12498595_A_G,15,12498595,0.839247999030549,0.0961538461538461,52,-0.156762858918057,0.995153521788503
CM007904.2_13499233_A_G,15,13499233,0.56065475854055,0.5,52,0.316706034299429,0.979930854564965
CM007904.2_13762724_C_T,15,13762724,0.215185094324028,0.423076923076923,52,0.589955606768314,0.939716321923694
CM007904.2_14061949_C_T,15,14061949,0.0958532146770723,0.230769230769231,52,-1.55306194016157,0.939716321923694
CM007904.2_14274879_T_C,15,14274879,0.748251866496077,0.230769230769231,52,-0.195927252991112,0.995153521788503
CM007904.2_14275663_G_A,15,14275663,0.00579342769897428,0.0576923076923077,52,3.63273005150791,0.598022655412944
CM007904.2_14640296_T_C,15,14640296,0.117797332889368,0.461538461538462,52,0.827532336232323,0.939716321923694
CM007904.2_15582307_G_T,15,15582307,0.0958908435217307,0.0384615384615384,52,-3.36552147686234,0.939716321923694
CM007904.2_15694509_G_A,15,15694509,0.013371079453492,0.25,52,-2.19113326907211,0.737112735366624
CM007904.2_16708515_A_G,15,16708515,0.733518847256653,0.480769230769231,52,-0.173372447248411,0.995153521788503
CM007904.2_16956781_G_T,15,16956781,0.729528626834821,0.0576923076923077,52,-0.516691779716894,0.995153521788503
CM007904.2_16963677_A_G,15,16963677,0.61669992583268,0.25,52,-0.477741833017774,0.990799379751227
CM007904.2_17599260_C_T,15,17599260,0.870869477955397,0.0961538461538461,52,0.127222079186822,0.995153521788503
CM007904.2_17633891_A_G,15,17633891,0.813460627317926,0.240384615384615,52,-0.228395562051844,0.995153521788503
CM007904.2_21112800_C_A,15,21112800,0.691523935749661,0.221153846153846,52,-0.420831962527586,0.990799379751227
CM007904.2_22743133_G_A,15,22743133,0.981276235814729,0.25,52,-0.0238025305240512,0.995153521788503
CM007904.2_22819901_T_C,15,22819901,0.630074493575596,0.0865384615384616,52,-0.577105882896376,0.990799379751227
CM007904.2_24607555_T_C,15,24607555,0.720613721103393,0.288461538461538,52,0.176934154492869,0.995153521788503
CM007904.2_25909649_T_C,15,25909649,0.751789562282647,0.173076923076923,52,-0.211894782856746,0.995153521788503
CM007904.2_29900534_T_A,15,29900534,0.888492122203317,0.288461538461538,52,0.0828234993197583,0.995153521788503
CM007904.2_30076079_T_A,15,30076079,0.574390265982317,0.25,52,-0.638734071882141,0.987862600255536
CM007904.2_30568632_A_G,15,30568632,0.975953438757031,0.5,52,-0.0170872423220061,0.995153521788503
CM007904.2_31749108_G_A,15,31749108,0.653295834784228,0.144230769230769,52,0.464533020357237,0.990799379751227
CM007904.2_32021902_T_C,15,32021902,0.183447226681485,0.326923076923077,52,0.726624768542521,0.939716321923694
CM007904.2_32228964_A_G,15,32228964,0.843252960061766,0.0865384615384616,52,0.277163214431084,0.995153521788503
CM007904.2_37243479_T_A,15,37243479,0.236929714499627,0.25,52,-1.16533646002114,0.939716321923694
CM007904.2_41111904_T_C,15,41111904,0.0502321699792938,0.144230769230769,52,-2.166106443226,0.939716321923694
CM007904.2_50272419_A_G,15,50272419,0.750432325934775,0.0769230769230769,52,-0.408212806218444,0.995153521788503
CM007904.2_50863025_G_A,15,50863025,0.976862496468713,0.25,52,0.0295243782501302,0.995153521788503
CM007904.2_50863135_A_G,15,50863135,0.244031636846909,0.25,52,-1.14725467769887,0.939716321923694
CM007904.2_54645440_C_T,15,54645440,0.722946242838502,0.173076923076923,52,0.353860029289478,0.995153521788503
CM007904.2_55343982_G_T,15,55343982,0.915142568530667,0.153846153846154,52,-0.0714558903501938,0.995153521788503
CM007904.2_56398694_A_G,15,56398694,0.323848212124457,0.0961538461538461,52,1.12914251265988,0.966512290310654
CM007904.2_56629603_G_T,15,56629603,0.745245138086273,0.0961538461538461,52,-0.259697481397836,0.995153521788503
CM007904.2_69129243_T_C,15,69129243,0.384769953618001,0.115384615384615,52,1.08764437963544,0.967549787466022
CM007904.2_71011871_G_T,15,71011871,0.376806803231074,0.0480769230769231,52,1.45819989789743,0.967549787466022
CM007904.2_82655673_C_G,15,82655673,0.41215073867619,0.105769230769231,52,-0.973005514488591,0.968716843219995
CM007904.2_90629992_G_A,15,90629992,0.644754877283404,0.269230769230769,52,-0.23830790321874,0.990799379751227
CM007904.2_98088486_C_A,15,98088486,0.652701700096592,0.0961538461538461,52,-0.59974648832258,0.990799379751227
CM007904.2_98631250_T_C,15,98631250,0.496650478881422,0.134615384615385,52,0.483671015779038,0.968716843219995
CM007904.2_98766540_G_T,15,98766540,0.930575901161949,0.288461538461538,52,0.0464037187823436,0.995153521788503
CM007904.2_100003049_C_T,15,100003049,0.53317352588032,0.461538461538462,52,0.334546971565828,0.977836539893903
CM007904.2_100806636_T_A,15,100806636,0.742045211357545,0.288461538461538,52,0.170522304795128,0.995153521788503
CM007904.2_100840865_C_T,15,100840865,0.209221122223141,0.384615384615385,52,-0.638715656151575,0.939716321923694
CM007904.2_102353012_T_C,15,102353012,0.234633306108024,0.125,52,1.48300456839411,0.939716321923694
CM007904.2_102353235_G_C,15,102353235,0.0781035230696609,0.173076923076923,52,-1.63530030635314,0.939716321923694
CM007904.2_102797888_C_A,15,102797888,0.402110656180864,0.0576923076923077,52,1.25824001424257,0.968716843219995
CM007904.2_107173075_G_A,15,107173075,0.228592060898504,0.25,52,-1.13722821367094,0.939716321923694
CM007904.2_107192579_A_G,15,107192579,0.584519541902554,0.5,52,-0.306531221198881,0.990799379751227
CM007904.2_110395736_A_G,15,110395736,0.346863331705801,0.5,52,-0.49835589102419,0.967549787466022
CM007904.2_110396242_T_C,15,110396242,0.873838006103279,0.25,52,-0.185106743137965,0.995153521788503
CM007904.2_111088309_G_A,15,111088309,0.763635243348456,0.442307692307692,52,-0.164526229755566,0.995153521788503
CM007904.2_111088498_C_T,15,111088498,0.767420693044587,0.163461538461538,52,-0.310827856466631,0.995153521788503
CM007904.2_111099461_T_G,15,111099461,0.791344228431101,0.134615384615385,52,-0.172301014899148,0.995153521788503
CM007904.2_112241652_C_A,15,112241652,0.507418245373678,0.0769230769230769,52,-0.886884979259889,0.968716843219995
CM007904.2_113671498_A_G,15,113671498,0.958584059211991,0.326923076923077,52,0.0302653358836267,0.995153521788503
CM007904.2_115345355_T_C,15,115345355,0.583211972248005,0.173076923076923,52,0.329470812644814,0.990799379751227
CM007904.2_117225907_T_G,15,117225907,0.50140749689745,0.163461538461538,52,-0.69613977790442,0.968716843219995
CM007904.2_117228624_C_T,15,117228624,0.198826611159684,0.221153846153846,52,1.25789399483546,0.939716321923694
CM007904.2_120910479_T_A,15,120910479,0.29246621517207,0.0576923076923077,52,1.75493636402825,0.96476528026302
CM007904.2_122306517_G_T,15,122306517,0.402018340661168,0.0673076923076923,52,-1.33900987090624,0.968716843219995
CM007904.2_124894040_G_C,15,124894040,0.2263996283154,0.115384615384615,52,-1.54389053595264,0.939716321923694
CM007904.2_126150119_C_A,15,126150119,0.361549250114828,0.105769230769231,52,-1.19901711192722,0.967549787466022
CM007904.2_126297856_C_G,15,126297856,0.148107763083957,0.25,52,1.34280623965702,0.939716321923694
CM007904.2_126708631_G_A,15,126708631,0.425096380893844,0.211538461538462,52,0.818138807308969,0.968716843219995
CM007904.2_129578299_G_A,15,129578299,0.95975343755133,0.480769230769231,52,-0.0332566079951135,0.995153521788503
CM007904.2_130669687_C_A,15,130669687,0.402920763120728,0.134615384615385,52,0.576344567651944,0.968716843219995
CM007904.2_131513641_T_C,15,131513641,0.900625218036013,0.0769230769230769,52,-0.171517147845975,0.995153521788503
CM007904.2_133608667_C_G,15,133608667,0.216768917745797,0.0576923076923077,52,1.80962202146929,0.939716321923694
CM007904.2_137385979_C_G,15,137385979,0.721693985241957,0.134615384615385,52,-0.242378412576556,0.995153521788503
CM007904.2_138946334_G_A,15,138946334,0.286691113345573,0.0288461538461539,52,2.1377693037748,0.963208857936694
CM007904.2_145580581_T_C,15,145580581,0.0996129280631266,0.25,52,0.924383587589119,0.939716321923694
CM007904.2_147439316_C_T,15,147439316,0.391896260657335,0.201923076923077,52,-0.942943239503393,0.968716843219995
CM007904.2_149431914_A_G,15,149431914,0.851560798974051,0.0961538461538461,52,0.147266766094901,0.995153521788503
CM007904.2_149431934_G_A,15,149431934,0.00794863047543115,0.173076923076923,52,1.70589256802836,0.705202495780252
CM007904.2_164897338_A_G,15,164897338,0.887503046273235,0.201923076923077,52,0.133449903015617,0.995153521788503
CM007904.2_164897480_A_G,15,164897480,0.976857934052515,0.173076923076923,52,-0.0187157799098259,0.995153521788503
CM007904.2_169584299_G_C,15,169584299,0.285053547455142,0.0961538461538461,52,0.834020816826182,0.963208857936694
CM007904.2_171719597_G_A,15,171719597,0.239949988386562,0.346153846153846,52,0.561832563089098,0.939716321923694
CM007904.2_174053696_C_A,15,174053696,0.979600350111193,0.480769230769231,52,0.0135685941814927,0.995153521788503
CM007904.2_174261608_G_A,15,174261608,0.417267216735011,0.288461538461538,52,0.428376045895448,0.968716843219995
CM007904.2_174852675_G_A,15,174852675,0.551055419041206,0.230769230769231,52,-0.586152981061218,0.977836539893903
CM007904.2_174876817_T_C,15,174876817,0.955195055319801,0.211538461538462,52,0.0325957895419151,0.995153521788503
CM007905.2_1516533_T_C,16,1516533,0.929614886612184,0.346153846153846,52,-0.049537303896642,0.995153521788503
CM007905.2_1780185_T_C,16,1780185,0.00289568939345498,0.105769230769231,52,3.35047777826594,0.578847960757934
CM007905.2_1780445_T_A,16,1780445,0.367574270935585,0.173076923076923,52,-0.895293895643363,0.967549787466022
CM007905.2_2193656_A_G,16,2193656,0.530630663697456,0.192307692307692,52,-0.607206276490786,0.977836539893903
CM007905.2_2678762_C_T,16,2678762,0.357185546341748,0.25,52,0.928143457824035,0.967549787466022
CM007905.2_2795796_T_C,16,2795796,0.332922636537921,0.384615384615385,52,-0.50778046625463,0.967549787466022
CM007905.2_3628122_A_G,16,3628122,0.62249059205239,0.480769230769231,52,-0.270253754480095,0.990799379751227
CM007905.2_3973706_A_G,16,3973706,0.114680738025194,0.461538461538462,52,-0.689870848490862,0.939716321923694
CM007905.2_4074105_T_C,16,4074105,0.763555260207262,0.0576923076923077,52,-0.488824200419003,0.995153521788503
CM007905.2_4395490_C_T,16,4395490,0.104553301552676,0.115384615384615,52,2.10658487063051,0.939716321923694
CM007905.2_4972714_G_A,16,4972714,0.386013159988327,0.230769230769231,52,0.506494252834557,0.967549787466022
CM007905.2_4983113_T_A,16,4983113,0.0502324845545122,0.5,52,-0.878848152944357,0.939716321923694
CM007905.2_4983866_T_G,16,4983866,0.963866628539748,0.115384615384615,52,-0.0374743106640381,0.995153521788503
CM007905.2_6185502_G_A,16,6185502,0.800742756706743,0.153846153846154,52,-0.170287477196183,0.995153521788503
CM007905.2_6186036_T_C,16,6186036,0.487047694343112,0.240384615384615,52,0.792642188750847,0.968716843219995
CM007905.2_7187544_C_T,16,7187544,0.615055927664965,0.461538461538462,52,-0.248996371592014,0.990799379751227
CM007905.2_7188630_T_C,16,7188630,0.762481719591644,0.442307692307692,52,0.161774075792991,0.995153521788503
CM007905.2_7528956_C_T,16,7528956,0.181758841214449,0.423076923076923,52,0.588164142123802,0.939716321923694
CM007905.2_7528970_A_T,16,7528970,0.895571182912192,0.115384615384615,52,-0.0906200746260311,0.995153521788503
CM007905.2_7536888_T_A,16,7536888,0.00440766269815266,0.461538461538462,52,-1.46893835487607,0.598022655412944
CM007905.2_7750200_G_A,16,7750200,0.86013001753074,0.346153846153846,52,0.098041754682356,0.995153521788503
CM007905.2_7828389_A_G,16,7828389,0.0286435867012228,0.288461538461538,52,1.06415320254006,0.886884403276324
CM007905.2_8089055_G_T,16,8089055,0.0332166890897418,0.173076923076923,52,2.00321162540496,0.911934331941936
CM007905.2_8246475_C_T,16,8246475,0.89852260022665,0.461538461538462,52,-0.0605822393067754,0.995153521788503
CM007905.2_8536817_A_G,16,8536817,0.356504306592078,0.173076923076923,52,0.524468358842057,0.967549787466022
CM007905.2_8539636_G_T,16,8539636,0.747830843028536,0.346153846153846,52,0.162405845005139,0.995153521788503
CM007905.2_8539637_T_C,16,8539637,0.741920427702917,0.269230769230769,52,-0.169504293724472,0.995153521788503
CM007905.2_8540077_T_A,16,8540077,0.714640888623132,0.240384615384615,52,0.330281008707061,0.995153521788503
CM007905.2_8556053_G_C,16,8556053,0.40620900257632,0.0673076923076923,52,1.12359853428211,0.968716843219995
CM007905.2_8565450_A_T,16,8565450,0.623538478181883,0.0961538461538461,52,-0.408711598916796,0.990799379751227
CM007905.2_9069979_T_C,16,9069979,0.726649227274969,0.0961538461538461,52,0.283213906916615,0.995153521788503
CM007905.2_9071534_T_C,16,9071534,0.987858581074567,0.25,52,0.0149294088134297,0.995153521788503
CM007905.2_9567609_A_T,16,9567609,0.200488385704579,0.307692307692308,52,0.671102225735737,0.939716321923694
CM007905.2_9677433_T_C,16,9677433,0.495447899823147,0.240384615384615,52,-0.874690469426582,0.968716843219995
CM007905.2_10006444_C_T,16,10006444,0.927524463200443,0.115384615384615,52,0.0702716288038232,0.995153521788503
CM007905.2_10484112_A_G,16,10484112,0.865110780360212,0.25,52,-0.159932110870727,0.995153521788503
CM007905.2_11358905_C_T,16,11358905,0.875926057996502,0.480769230769231,52,-0.0788868783360073,0.995153521788503
CM007905.2_11484576_G_T,16,11484576,0.68723026391056,0.346153846153846,52,0.225003546428496,0.990799379751227
CM007905.2_13183165_C_A,16,13183165,0.381066630155502,0.0769230769230769,52,-1.13947604710836,0.967549787466022
CM007905.2_13603674_G_A,16,13603674,0.453092416273532,0.0865384615384616,52,-0.939744572554218,0.968716843219995
CM007905.2_14381988_T_A,16,14381988,0.575975926097031,0.153846153846154,52,0.373379111502857,0.98955430215586
CM007905.2_15102493_T_G,16,15102493,0.237155400275617,0.480769230769231,52,0.537973736653825,0.939716321923694
CM007905.2_15616087_A_T,16,15616087,0.665103425162332,0.240384615384615,52,-0.422674998992875,0.990799379751227
CM007905.2_15951273_C_T,16,15951273,0.0824833947828339,0.25,52,-1.68045806225678,0.939716321923694
CM007905.2_16350353_G_A,16,16350353,0.111726603056855,0.221153846153846,52,-1.44800396286718,0.939716321923694
CM007905.2_17952134_G_A,16,17952134,0.828135838425127,0.221153846153846,52,0.208113857320427,0.995153521788503
CM007905.2_18498878_T_C,16,18498878,0.532700236468783,0.0961538461538461,52,0.515772276017799,0.977836539893903
CM007905.2_18807782_T_A,16,18807782,0.50419848034776,0.173076923076923,52,0.411522588636899,0.968716843219995
CM007905.2_18960503_A_G,16,18960503,0.785945815465404,0.0961538461538461,52,-0.232558876337407,0.995153521788503
CM007905.2_20232755_C_A,16,20232755,0.496253638480191,0.105769230769231,52,0.778004965997411,0.968716843219995
CM007905.2_20242298_A_G,16,20242298,0.808019477044885,0.461538461538462,52,0.120693194979239,0.995153521788503
CM007905.2_20718568_G_A,16,20718568,0.377896947782539,0.105769230769231,52,-1.11674417856773,0.967549787466022
CM007905.2_20748255_G_C,16,20748255,0.285989330466293,0.153846153846154,52,-0.666151167832936,0.963208857936694
CM007905.2_21443768_T_C,16,21443768,0.30183645328629,0.5,52,-0.486236708429303,0.965644933430993
CM007905.2_22797412_T_C,16,22797412,0.465662421556768,0.211538461538462,52,0.668335691020047,0.968716843219995
CM007905.2_22800954_T_C,16,22800954,0.0792639443060503,0.173076923076923,52,0.980860027180199,0.939716321923694
CM007905.2_23072222_G_C,16,23072222,0.376676410104114,0.480769230769231,52,0.450368074004984,0.967549787466022
CM007905.2_23092115_C_T,16,23092115,0.907091274561327,0.5,52,0.0671471682564828,0.995153521788503
CM007905.2_24943550_G_T,16,24943550,0.950807373110898,0.105769230769231,52,0.0701898571422817,0.995153521788503
CM007905.2_27005370_T_C,16,27005370,0.00425009897133396,0.0384615384615384,52,-4.38218123236243,0.598022655412944
CM007905.2_27450121_T_G,16,27450121,0.906327192981677,0.144230769230769,52,0.126824732448142,0.995153521788503
CM007905.2_27943007_T_A,16,27943007,0.50530666012107,0.192307692307692,52,-0.3931570795705,0.968716843219995
CM007905.2_32406459_G_A,16,32406459,0.76107541022366,0.173076923076923,52,0.195567433446683,0.995153521788503
CM007905.2_33374463_G_T,16,33374463,0.439904852095617,0.461538461538462,52,-0.390552953864116,0.968716843219995
CM007905.2_36365800_T_G,16,36365800,0.507323716419838,0.25,52,-0.649754766976343,0.968716843219995
CM007905.2_36682193_T_C,16,36682193,0.0572972440963416,0.25,52,1.80303259274825,0.939716321923694
CM007905.2_37468269_T_C,16,37468269,0.803553144293124,0.480769230769231,52,0.144833587238011,0.995153521788503
CM007905.2_37523662_C_T,16,37523662,0.142364963753425,0.0961538461538461,52,1.74094366659483,0.939716321923694
CM007905.2_40537924_C_T,16,40537924,0.129141838307795,0.0769230769230769,52,-1.98704641897848,0.939716321923694
CM007905.2_40537953_C_G,16,40537953,0.287647366673593,0.0865384615384616,52,1.58865301856372,0.963208857936694
CM007905.2_40583168_T_C,16,40583168,0.176641525718888,0.25,52,1.35305021918538,0.939716321923694
CM007905.2_42312000_T_C,16,42312000,0.518411715037673,0.0576923076923077,52,-0.922807445685066,0.977752707443502
CM007905.2_45971994_A_G,16,45971994,0.672136385457235,0.25,52,-0.516656268683732,0.990799379751227
CM007905.2_46402261_A_G,16,46402261,0.474684044614471,0.25,52,0.683479455577412,0.968716843219995
CM007905.2_46817468_A_G,16,46817468,0.606345496834186,0.153846153846154,52,0.335905504201008,0.990799379751227
CM007905.2_46989466_C_T,16,46989466,0.728214294220275,0.0769230769230769,52,-0.443466145152229,0.995153521788503
CM007905.2_51452856_C_T,16,51452856,0.687002468418839,0.153846153846154,52,-0.258209509411671,0.990799379751227
CM007905.2_52252170_A_T,16,52252170,0.664695279613696,0.307692307692308,52,-0.222020620539652,0.990799379751227
CM007905.2_53305049_T_G,16,53305049,0.251403874450145,0.0961538461538461,52,1.38218674847337,0.943508956904265
CM007905.2_55436549_T_A,16,55436549,0.790154203523129,0.25,52,-0.293163402476807,0.995153521788503
CM007905.2_57704505_A_G,16,57704505,0.063103609797706,0.0480769230769231,52,-2.67710922875744,0.939716321923694
CM007905.2_57705080_C_T,16,57705080,0.227824567284503,0.173076923076923,52,-1.27939885237907,0.939716321923694
CM007905.2_57705229_G_T,16,57705229,0.657018763666753,0.105769230769231,52,-0.486947369990389,0.990799379751227
CM007905.2_61363594_T_C,16,61363594,0.753637272555963,0.173076923076923,52,0.211405712099463,0.995153521788503
CM007905.2_61403082_C_T,16,61403082,0.279607634230066,0.211538461538462,52,-1.04083015205589,0.963208857936694
CM007905.2_61914665_G_A,16,61914665,0.460857635068234,0.0865384615384616,52,-0.874993629138316,0.968716843219995
CM007905.2_62505521_C_T,16,62505521,0.298757639187227,0.288461538461538,52,-0.530527326686141,0.965644933430993
CM007905.2_64052551_T_C,16,64052551,0.192628519285469,0.115384615384615,52,-0.936036656439683,0.939716321923694
CM007905.2_64053003_T_A,16,64053003,0.505402170846203,0.230769230769231,52,-0.611937054578505,0.968716843219995
CM007905.2_65857968_A_G,16,65857968,0.973971209197844,0.192307692307692,52,0.0210253015619912,0.995153521788503
CM007905.2_69022665_A_G,16,69022665,0.074818202847902,0.173076923076923,52,1.71989510809055,0.939716321923694
CM007905.2_69468175_C_G,16,69468175,0.71322769997226,0.442307692307692,52,0.160657540060399,0.995153521788503
CM007905.2_72535188_T_C,16,72535188,0.217591139516881,0.480769230769231,52,0.573480552103405,0.939716321923694
CM007905.2_73811216_C_T,16,73811216,0.917322056141389,0.182692307692308,52,-0.102500692900549,0.995153521788503
CM007905.2_73829702_A_G,16,73829702,0.626288603102678,0.230769230769231,52,-0.463896288732428,0.990799379751227
CM007905.2_98430272_T_C,16,98430272,0.483911422312718,0.211538461538462,52,0.391738613701705,0.968716843219995
CM007905.2_100477840_G_T,16,100477840,0.160034967650866,0.153846153846154,52,-0.855704837066526,0.939716321923694
CM007905.2_105636448_T_A,16,105636448,0.260103335725553,0.442307692307692,52,0.853600291600173,0.949084249637685
CM007905.2_107537816_G_T,16,107537816,0.790729999542412,0.269230769230769,52,0.131714063195176,0.995153521788503
CM007905.2_109766912_G_T,16,109766912,0.311280453237214,0.0769230769230769,52,1.48895091918826,0.966512290310654
CM007905.2_110342286_T_G,16,110342286,0.215075023657055,0.25,52,-1.3208607350532,0.939716321923694
CM007905.2_110705879_A_G,16,110705879,0.875106441023742,0.240384615384615,52,-0.15742849652554,0.995153521788503
CM007905.2_112800801_G_A,16,112800801,0.000859463171302942,0.0384615384615384,52,3.78658212652545,0.469320027412268
CM007905.2_114986240_G_A,16,114986240,0.839877352538127,0.115384615384615,52,-0.139453810140083,0.995153521788503
CM007905.2_115527010_T_A,16,115527010,0.202407296517534,0.0576923076923077,52,-2.17923142008044,0.939716321923694
CM007905.2_115903254_T_C,16,115903254,0.542150125994383,0.0769230769230769,52,0.491285347765142,0.977836539893903
CM007905.2_117235753_G_A,16,117235753,0.840929806395893,0.230769230769231,52,-0.181763952387485,0.995153521788503
CM007905.2_118398630_A_G,16,118398630,0.903680148677878,0.288461538461538,52,0.0594050058511328,0.995153521788503
CM007905.2_119149300_G_A,16,119149300,0.528755535982933,0.25,52,-0.608648937172291,0.977836539893903
CM007905.2_120062394_T_C,16,120062394,0.17333154674379,0.25,52,1.30209731623563,0.939716321923694
CM007905.2_122421906_A_T,16,122421906,0.479534240564284,0.0769230769230769,52,-0.990549488542342,0.968716843219995
CM007905.2_123070607_T_C,16,123070607,0.94697154533569,0.25,52,0.0642596003087306,0.995153521788503
CM007905.2_123155983_T_C,16,123155983,0.329347775807144,0.269230769230769,52,0.573946658280931,0.967549787466022
CM007905.2_123180309_A_T,16,123180309,0.282489741183985,0.5,52,0.590130897424018,0.963208857936694
CM007905.2_124385990_T_G,16,124385990,0.857957462359011,0.192307692307692,52,-0.100175786433965,0.995153521788503
CM007905.2_127396972_C_A,16,127396972,0.125419470215996,0.240384615384615,52,-1.41499423110355,0.939716321923694
CM007905.2_133354776_G_C,16,133354776,0.126256109633769,0.25,52,1.56770259503764,0.939716321923694
CM007905.2_133717950_C_G,16,133717950,0.720787473520668,0.0576923076923077,52,-0.554494830914109,0.995153521788503
CM007905.2_135089354_G_T,16,135089354,0.865378304696553,0.0865384615384616,52,0.221751224242553,0.995153521788503
CM007905.2_135315286_C_G,16,135315286,0.907817810708854,0.461538461538462,52,-0.0530377766709265,0.995153521788503
CM007905.2_135536929_C_T,16,135536929,0.926739708649097,0.134615384615385,52,0.10179949631322,0.995153521788503
CM007905.2_136841408_T_C,16,136841408,0.228883322555885,0.134615384615385,52,-0.790420649247608,0.939716321923694
CM007905.2_137840407_G_C,16,137840407,0.530654404250488,0.25,52,0.589989033728671,0.977836539893903
CM007905.2_139141716_A_G,16,139141716,0.947334789624735,0.461538461538462,52,-0.0368970853670021,0.995153521788503
CM007905.2_139354361_G_A,16,139354361,0.166185136084773,0.0480769230769231,52,-2.28924932646692,0.939716321923694
CM007905.2_139803042_A_C,16,139803042,0.55370284852808,0.240384615384615,52,0.542690208095735,0.977836539893903
CM007905.2_139803072_G_T,16,139803072,0.778289221669242,0.134615384615385,52,0.188933253817964,0.995153521788503
CM007905.2_140770065_A_T,16,140770065,0.533760257530106,0.480769230769231,52,-0.320331272806968,0.977836539893903
CM007905.2_142183236_C_A,16,142183236,0.384208948049056,0.0769230769230769,52,-1.13980889567358,0.967549787466022
CM007905.2_142694517_A_G,16,142694517,0.398718901765892,0.163461538461538,52,-0.861566665869873,0.968716843219995
CM007905.2_143050716_A_G,16,143050716,0.969121962595942,0.144230769230769,52,-0.0413847761735724,0.995153521788503
CM007905.2_143896530_G_A,16,143896530,0.924145149381537,0.153846153846154,52,-0.0673443627123333,0.995153521788503
CM007905.2_144083771_C_T,16,144083771,0.445436587753813,0.153846153846154,52,0.480003786410094,0.968716843219995
CM007905.2_144102104_A_T,16,144102104,0.720166702576207,0.461538461538462,52,0.169293123769911,0.995153521788503
CM007905.2_147636837_A_C,16,147636837,0.231635035239598,0.201923076923077,52,-1.14423382768882,0.939716321923694
CM007905.2_148143352_A_T,16,148143352,0.917290157555019,0.25,52,0.0980065487303818,0.995153521788503
CM007905.2_148770291_C_T,16,148770291,0.061796787575916,0.0576923076923077,52,2.49220745599928,0.939716321923694
CM007905.2_150323226_C_A,16,150323226,0.586841250363166,0.442307692307692,52,-0.250341322282701,0.990799379751227
CM007905.2_152329220_C_T,16,152329220,0.948464007671586,0.192307692307692,52,0.0400677009556887,0.995153521788503
CM007905.2_153774980_G_A,16,153774980,0.492008464940731,0.461538461538462,52,0.388274797872313,0.968716843219995
CM007905.2_154329201_C_T,16,154329201,0.121634636470121,0.173076923076923,52,0.858328436019718,0.939716321923694
CM007905.2_154895655_G_T,16,154895655,0.734581622918713,0.0384615384615384,52,0.604310487476823,0.995153521788503
CM007905.2_159506708_G_T,16,159506708,0.531571188438921,0.153846153846154,52,0.475393783691061,0.977836539893903
CM007905.2_162173387_A_G,16,162173387,0.152261139286015,0.461538461538462,52,0.768731590392932,0.939716321923694
CM007905.2_162178451_G_T,16,162178451,0.724356540797649,0.288461538461538,52,0.206666112791396,0.995153521788503
CM007905.2_162349777_T_C,16,162349777,0.501697079877832,0.240384615384615,52,-0.699797651433244,0.968716843219995
CM007905.2_162569141_A_T,16,162569141,0.302967394415099,0.461538461538462,52,0.534008100894951,0.965644933430993
CM007905.2_164198439_A_G,16,164198439,0.918581670573524,0.25,52,-0.0984213006303207,0.995153521788503
CM007905.2_166007011_T_C,16,166007011,0.447672750143673,0.480769230769231,52,0.361566886801896,0.968716843219995
CM007905.2_166370487_C_T,16,166370487,0.102831906267278,0.480769230769231,52,0.712947269621544,0.939716321923694
CM007905.2_167314476_T_C,16,167314476,0.305204448358411,0.25,52,-0.608280251118231,0.965682548443588
CM007905.2_167828395_T_C,16,167828395,0.401292261141238,0.25,52,-0.518346036466198,0.968716843219995
CM007905.2_168463487_A_G,16,168463487,0.642639315762802,0.173076923076923,52,-0.309848342288433,0.990799379751227
CM007905.2_171052576_C_T,16,171052576,0.811747329694032,0.480769230769231,52,-0.122820888172697,0.995153521788503
CM007905.2_171459862_T_C,16,171459862,0.609187394943182,0.211538461538462,52,-0.27098420672867,0.990799379751227
CM007905.2_172197623_C_A,16,172197623,0.973714752606845,0.230769230769231,52,-0.0185825634573291,0.995153521788503
CM007905.2_172254551_G_A,16,172254551,0.673400596307321,0.25,52,-0.447834776759123,0.990799379751227
CM007905.2_172510435_C_T,16,172510435,0.231119750784068,0.25,52,-1.16477728035721,0.939716321923694
CM007905.2_172513450_T_C,16,172513450,0.294163341838339,0.230769230769231,52,1.01055719810154,0.965644933430993
CM007905.2_174087839_C_A,16,174087839,0.690902957828848,0.182692307692308,52,-0.39507313233355,0.990799379751227
CM007905.2_176545448_G_A,16,176545448,0.557791638020648,0.173076923076923,52,-0.366391496788822,0.978682895589766
CM007905.2_178645125_A_G,16,178645125,0.746701824352337,0.153846153846154,52,-0.371852175937647,0.995153521788503
CM007905.2_178875374_A_G,16,178875374,0.894296227701876,0.144230769230769,52,-0.133523320935467,0.995153521788503
CM007905.2_179730506_T_C,16,179730506,0.819594406823024,0.125,52,0.262291332688619,0.995153521788503
CM007905.2_181034654_A_T,16,181034654,0.755050137098855,0.5,52,0.151065544359163,0.995153521788503
CM007905.2_181548745_T_A,16,181548745,0.394723029388585,0.240384615384615,52,-0.79486311272683,0.968716843219995
CM007905.2_181670441_G_A,16,181670441,0.213947754908801,0.201923076923077,52,1.14176027268309,0.939716321923694
CM007905.2_182748900_T_C,16,182748900,0.686013661992739,0.115384615384615,52,-0.441000571562199,0.990799379751227
CM007905.2_183296346_A_G,16,183296346,0.714836920196637,0.211538461538462,52,0.383744118901404,0.995153521788503
CM007905.2_183640540_T_C,16,183640540,0.295464508892314,0.221153846153846,52,1.0604098670558,0.965644933430993
CM007905.2_185359413_A_C,16,185359413,0.14356628618054,0.5,52,0.730124720952873,0.939716321923694
CM007905.2_185710626_G_T,16,185710626,0.879679557114711,0.480769230769231,52,0.0750257433848276,0.995153521788503
CM007905.2_185715792_A_G,16,185715792,0.923613730744562,0.480769230769231,52,-0.0499738005082406,0.995153521788503
CM007905.2_185826830_A_G,16,185826830,0.0116100632777798,0.0576923076923077,52,-3.30061345088814,0.737112735366624
CM007905.2_185826908_T_C,16,185826908,0.323710716086933,0.5,52,0.486681061303699,0.966512290310654
CM007905.2_186220488_T_C,16,186220488,0.87555092385429,0.134615384615385,52,-0.105849933425958,0.995153521788503
CM007905.2_186276836_C_A,16,186276836,0.0429853121342297,0.115384615384615,52,1.37040235675781,0.939716321923694
CM007905.2_188387751_G_C,16,188387751,0.839492978052226,0.0769230769230769,52,-0.172617394376971,0.995153521788503
CM007905.2_188768273_C_T,16,188768273,0.787818457752191,0.0769230769230769,52,-0.253317485328353,0.995153521788503
CM007905.2_189094360_A_G,16,189094360,0.331089410020767,0.480769230769231,52,0.508933143133731,0.967549787466022
CM007905.2_191531675_G_A,16,191531675,0.181613237509008,0.125,52,-1.33226669372681,0.939716321923694
CM007905.2_193471685_G_C,16,193471685,0.310222664908825,0.192307692307692,52,-0.600103498499635,0.966512290310654
CM007905.2_193563668_C_T,16,193563668,0.189528151033025,0.25,52,1.2260618032812,0.939716321923694
CM007905.2_194075751_T_A,16,194075751,0.80472715251703,0.461538461538462,52,0.131751077399457,0.995153521788503
CM007905.2_194504221_G_A,16,194504221,0.473234855515957,0.346153846153846,52,0.33778712192094,0.968716843219995
CM007905.2_194738158_T_C,16,194738158,0.943084540531523,0.25,52,-0.0811000373141724,0.995153521788503
CM007905.2_194871165_A_T,16,194871165,0.79478336383203,0.211538461538462,52,0.192335333408465,0.995153521788503
CM007905.2_195055590_C_A,16,195055590,0.72716042068742,0.25,52,-0.203331936939975,0.995153521788503
CM007905.2_196388592_G_A,16,196388592,0.828697073049563,0.259615384615385,52,-0.209383679432676,0.995153521788503
CM007905.2_197533919_T_C,16,197533919,0.0516721478581886,0.0961538461538461,52,-2.07027214712639,0.939716321923694
CM007905.2_198359227_T_C,16,198359227,0.292676492559964,0.403846153846154,52,0.47762278173029,0.96476528026302
CM007905.2_198359246_C_T,16,198359246,0.738350627411194,0.0769230769230769,52,-0.422752068085288,0.995153521788503
CM007905.2_198705718_A_C,16,198705718,0.713110455555503,0.442307692307692,52,-0.174778947804057,0.995153521788503
CM007905.2_199426373_T_C,16,199426373,0.648760964280268,0.461538461538462,52,0.217339013105253,0.990799379751227
CM007905.2_199512922_T_G,16,199512922,0.967975744267654,0.365384615384615,52,-0.0193937131859769,0.995153521788503
CM007905.2_199695547_A_G,16,199695547,0.490005744781098,0.153846153846154,52,-0.433315205593431,0.968716843219995
CM007905.2_200049682_C_T,16,200049682,0.43785561404057,0.0961538461538461,52,0.880739348549241,0.968716843219995
CM007905.2_200417032_T_C,16,200417032,0.866511905651934,0.201923076923077,52,-0.167049104696616,0.995153521788503
CM007905.2_201088063_T_C,16,201088063,0.980449717726335,0.384615384615385,52,-0.0146204393655154,0.995153521788503
CM007905.2_201133872_T_A,16,201133872,0.0187039109278396,0.480769230769231,52,1.09449181250879,0.763592847016356
CM007905.2_201137739_T_G,16,201137739,0.205822807041639,0.192307692307692,52,0.73154978202939,0.939716321923694
CM007905.2_201286676_T_C,16,201286676,0.325947336858598,0.365384615384615,52,0.482464524261133,0.966512290310654
CM007905.2_201287203_C_A,16,201287203,0.386932669739568,0.0576923076923077,52,1.32276277922392,0.967549787466022
CM007905.2_201301048_C_A,16,201301048,0.500977696585606,0.0961538461538461,52,0.846509069830404,0.968716843219995
CM007905.2_201425562_A_C,16,201425562,0.565864362562688,0.25,52,-0.553946418545934,0.984379601359085
CM007905.2_201540667_T_A,16,201540667,0.949960335555299,0.461538461538462,52,-0.0280887155280141,0.995153521788503
CM007905.2_202224693_A_C,16,202224693,0.307198543360197,0.192307692307692,52,-0.558104696551624,0.966512290310654
CM007905.2_202767994_C_T,16,202767994,0.983456431782693,0.442307692307692,52,0.00985104555685723,0.995153521788503
CM007905.2_203134566_C_A,16,203134566,0.645746660432737,0.480769230769231,52,-0.223787579834827,0.990799379751227
CM007905.2_203173635_A_T,16,203173635,0.976703536748877,0.153846153846154,52,0.0299769984593468,0.995153521788503
CM007905.2_203321181_T_C,16,203321181,0.0295894706232858,0.0673076923076923,52,-3.2542002079208,0.886884403276324
CM007905.2_203463188_A_T,16,203463188,0.663378712220454,0.173076923076923,52,-0.296423575656661,0.990799379751227
CM007905.2_205853955_G_C,16,205853955,0.612217527452938,0.115384615384615,52,-0.348313431143822,0.990799379751227
CM007905.2_206027066_T_C,16,206027066,0.437893855567074,0.461538461538462,52,-0.439214163952997,0.968716843219995
CM007906.2_507465_G_C,17,507465,0.967922173598357,0.25,52,0.0378699776184703,0.995153521788503
CM007906.2_564636_C_G,17,564636,0.339619490811142,0.480769230769231,52,-0.431585821317412,0.967549787466022
CM007906.2_1267465_G_A,17,1267465,0.998516296271089,0.105769230769231,52,-0.00213997674813982,0.999538115167928
CM007906.2_1458708_T_G,17,1458708,0.20908351190428,0.25,52,-1.16302952117309,0.939716321923694
CM007906.2_1540621_T_C,17,1540621,0.888008991213079,0.230769230769231,52,0.136691199804318,0.995153521788503
CM007906.2_1690046_T_G,17,1690046,0.201213516095846,0.115384615384615,52,-0.876120238316105,0.939716321923694
CM007906.2_1690131_A_T,17,1690131,0.878714089144909,0.240384615384615,52,-0.146464863602034,0.995153521788503
CM007906.2_1723397_C_T,17,1723397,0.0128800658809851,0.0769230769230769,52,-3.05810693811486,0.737112735366624
CM007906.2_1723437_A_T,17,1723437,0.117799299160988,0.25,52,-1.56870710756164,0.939716321923694
CM007906.2_1775287_G_A,17,1775287,0.652438872486203,0.25,52,-0.447851808765051,0.990799379751227
CM007906.2_2227739_C_G,17,2227739,0.779450874498091,0.125,52,-0.386541914072495,0.995153521788503
CM007906.2_2669841_G_A,17,2669841,0.410588935391455,0.259615384615385,52,-0.830518374265296,0.968716843219995
CM007906.2_3027842_C_T,17,3027842,0.619165501922881,0.25,52,0.523497516070336,0.990799379751227
CM007906.2_3202205_A_G,17,3202205,0.741764107086865,0.211538461538462,52,0.317568728640708,0.995153521788503
CM007906.2_3203904_A_C,17,3203904,0.359158347682887,0.240384615384615,52,-0.835236117312718,0.967549787466022
CM007906.2_4238801_A_G,17,4238801,0.849225092486664,0.288461538461538,52,0.108758367499149,0.995153521788503
CM007906.2_4480516_T_C,17,4480516,0.918052747039784,0.25,52,0.118868401098553,0.995153521788503
CM007906.2_4558753_T_C,17,4558753,0.908357750439183,0.0865384615384616,52,0.145545342926994,0.995153521788503
CM007906.2_5479986_T_C,17,5479986,0.422037829483567,0.125,52,0.969686977469451,0.968716843219995
CM007906.2_7424937_T_C,17,7424937,0.973607044676067,0.230769230769231,52,0.0193870777378891,0.995153521788503
CM007906.2_8460517_T_C,17,8460517,0.753041291825687,0.192307692307692,52,-0.184865346019933,0.995153521788503
CM007906.2_9061535_C_T,17,9061535,0.45574216956079,0.480769230769231,52,0.365295444968609,0.968716843219995
CM007906.2_9097364_T_C,17,9097364,0.655649557260992,0.192307692307692,52,-0.313904481536554,0.990799379751227
CM007906.2_10740141_C_T,17,10740141,0.691506016839671,0.192307692307692,52,0.366095957840628,0.990799379751227
CM007906.2_10812806_G_T,17,10812806,0.96508475182078,0.240384615384615,52,0.0478887065488038,0.995153521788503
CM007906.2_10881014_G_T,17,10881014,0.374390287680642,0.0961538461538461,52,-1.01183321740405,0.967549787466022
CM007906.2_11001751_C_T,17,11001751,0.210347158387225,0.480769230769231,52,0.668368555178759,0.939716321923694
CM007906.2_11462307_G_T,17,11462307,0.0365131546659967,0.461538461538462,52,-1.01279885467513,0.91686324804374
CM007906.2_12470414_T_G,17,12470414,0.12772040187802,0.442307692307692,52,-0.732233894220968,0.939716321923694
CM007906.2_12480084_G_T,17,12480084,0.857541252518651,0.25,52,-0.191841460027717,0.995153521788503
CM007906.2_13068668_T_C,17,13068668,0.379477723477674,0.115384615384615,52,0.632948732318994,0.967549787466022
CM007906.2_14234204_A_G,17,14234204,0.151043919550715,0.25,52,-1.27466927116615,0.939716321923694
CM007906.2_14601450_G_A,17,14601450,0.146853869719774,0.153846153846154,52,-1.4906785407689,0.939716321923694
CM007906.2_14836898_G_A,17,14836898,0.627781596219899,0.423076923076923,52,0.250090328314442,0.990799379751227
CM007906.2_14836964_C_A,17,14836964,0.211114125618278,0.153846153846154,52,0.763807425456122,0.939716321923694
CM007906.2_16530918_G_A,17,16530918,0.82692941964086,0.0961538461538461,52,0.187534291938164,0.995153521788503
CM007906.2_17774759_A_C,17,17774759,0.838663440284282,0.0769230769230769,52,-0.259082196329359,0.995153521788503
CM007906.2_17789394_C_T,17,17789394,0.0998481959008765,0.25,52,0.843619237510211,0.939716321923694
CM007906.2_17986501_C_T,17,17986501,0.598285063732605,0.480769230769231,52,0.275950430136348,0.990799379751227
CM007906.2_18002679_A_G,17,18002679,0.567244101868548,0.173076923076923,52,-0.354329213287201,0.984465898235085
CM007906.2_18118131_A_G,17,18118131,0.489998617112784,0.326923076923077,52,-0.366700615790734,0.968716843219995
CM007906.2_18571051_G_A,17,18571051,0.154946580582247,0.461538461538462,52,0.643585483917057,0.939716321923694
CM007906.2_18875538_A_T,17,18875538,0.0290020249687507,0.480769230769231,52,-1.11593602983785,0.886884403276324
CM007906.2_19694278_G_A,17,19694278,0.202047616265248,0.192307692307692,52,-0.704858811888784,0.939716321923694
CM007906.2_20065023_C_T,17,20065023,0.123061055279841,0.182692307692308,52,-1.48117622937383,0.939716321923694
CM007906.2_20844369_C_G,17,20844369,0.546003465302649,0.173076923076923,52,-0.349504460300125,0.977836539893903
CM007906.2_20848567_A_G,17,20848567,0.380040965152268,0.105769230769231,52,1.00860958158501,0.967549787466022
CM007906.2_22526904_A_G,17,22526904,0.0892934086084457,0.480769230769231,52,0.709449908861217,0.939716321923694
CM007906.2_23928367_G_T,17,23928367,0.67950199703895,0.0769230769230769,52,0.558133563163551,0.990799379751227
CM007906.2_25067296_A_T,17,25067296,0.0999639695532233,0.192307692307692,52,-1.53816013206318,0.939716321923694
CM007906.2_25310199_G_A,17,25310199,0.971406820910634,0.105769230769231,52,0.04484220691063,0.995153521788503
CM007906.2_25559097_A_G,17,25559097,0.386559854356212,0.125,52,1.03232901709816,0.967549787466022
CM007906.2_25559595_C_T,17,25559595,0.0685056623125002,0.5,52,0.830032849660697,0.939716321923694
CM007906.2_28699789_A_G,17,28699789,0.101176199611559,0.211538461538462,52,-1.48136695144206,0.939716321923694
CM007906.2_28890933_T_C,17,28890933,0.890495354369857,0.461538461538462,52,0.0729222740092155,0.995153521788503
CM007906.2_29783433_A_G,17,29783433,0.115079560043789,0.0769230769230769,52,-1.52098508101375,0.939716321923694
CM007906.2_31628284_C_A,17,31628284,0.214415163045206,0.211538461538462,52,-1.26075228787033,0.939716321923694
CM007906.2_31651404_T_G,17,31651404,0.832065046858749,0.0576923076923077,52,-0.223373944837022,0.995153521788503
CM007906.2_33222969_A_T,17,33222969,0.447391473675634,0.423076923076923,52,-0.375476908004444,0.968716843219995
CM007906.2_33282272_C_T,17,33282272,0.817090748506523,0.221153846153846,52,0.229182598580223,0.995153521788503
CM007906.2_34209713_A_G,17,34209713,0.4919752691416,0.480769230769231,52,-0.407226070780936,0.968716843219995
CM007906.2_34289717_C_T,17,34289717,0.642455927365955,0.442307692307692,52,-0.250518410339154,0.990799379751227
CM007906.2_34299754_C_A,17,34299754,0.837894248102206,0.192307692307692,52,0.119159809734214,0.995153521788503
CM007906.2_37557188_A_T,17,37557188,0.482139314348983,0.0961538461538461,52,0.549028375251964,0.968716843219995
CM007906.2_38132699_T_C,17,38132699,0.998915983806611,0.153846153846154,52,-0.00088524404836221,0.999538115167928
CM007906.2_38673740_T_G,17,38673740,0.138439722872594,0.134615384615385,52,0.992523375894478,0.939716321923694
CM007906.2_38988181_A_T,17,38988181,0.711399465369761,0.0769230769230769,52,-0.369422232457111,0.995153521788503
CM007906.2_40214084_A_T,17,40214084,0.724200611164661,0.240384615384615,52,-0.369816497393799,0.995153521788503
CM007906.2_40222243_T_G,17,40222243,0.254751454680071,0.144230769230769,52,1.21794166559198,0.946463528442876
CM007906.2_42046023_T_C,17,42046023,0.364109079783585,0.192307692307692,52,-0.541969752824571,0.967549787466022
CM007906.2_44508228_A_C,17,44508228,0.937922906160708,0.442307692307692,52,-0.037238360465139,0.995153521788503
CM007906.2_45391480_G_A,17,45391480,0.240105288281024,0.0480769230769231,52,1.70002660247792,0.939716321923694
CM007906.2_47713628_T_C,17,47713628,0.11473008734633,0.192307692307692,52,-1.60137894375862,0.939716321923694
CM007906.2_48592307_C_T,17,48592307,0.958692147561064,0.240384615384615,52,-0.0511923323418273,0.995153521788503
CM007906.2_49592738_C_T,17,49592738,0.980373045094579,0.480769230769231,52,-0.0154464580578093,0.995153521788503
CM007906.2_50319924_C_A,17,50319924,0.31619476660957,0.163461538461538,52,-1.01574344781437,0.966512290310654
CM007906.2_54634803_G_A,17,54634803,0.128036196524157,0.153846153846154,52,1.42832807773334,0.939716321923694
CM007906.2_54634929_C_G,17,54634929,0.40057705317769,0.153846153846154,52,-0.843293298262438,0.968716843219995
CM007906.2_54640739_A_T,17,54640739,0.82868439139954,0.201923076923077,52,0.230183788128556,0.995153521788503
CM007906.2_56045243_T_C,17,56045243,0.110505228975567,0.144230769230769,52,1.68573326150226,0.939716321923694
CM007906.2_58904828_A_T,17,58904828,0.736296788756367,0.0865384615384616,52,-0.405124757258704,0.995153521788503
CM007906.2_59151545_C_T,17,59151545,0.163094909400196,0.25,52,0.695812323881995,0.939716321923694
CM007906.2_59882966_A_G,17,59882966,0.250877140425785,0.192307692307692,52,0.676028742032855,0.943127961804053
CM007906.2_60067982_C_T,17,60067982,0.466801152133388,0.163461538461538,52,0.85696493489877,0.968716843219995
CM007906.2_60539755_T_C,17,60539755,0.194973965338172,0.442307692307692,52,-0.587933250856835,0.939716321923694
CM007906.2_60541546_A_G,17,60541546,0.323267718589788,0.25,52,-1.02550139909812,0.966512290310654
CM007906.2_64847073_T_A,17,64847073,0.193322044411409,0.125,52,-1.49406816988642,0.939716321923694
CM007906.2_65201557_G_A,17,65201557,0.869842343240038,0.25,52,0.188427931007027,0.995153521788503
CM007906.2_65400546_G_A,17,65400546,0.109872983097655,0.115384615384615,52,1.10121348620942,0.939716321923694
CM007906.2_67570361_C_T,17,67570361,0.240963903427192,0.134615384615385,52,0.805003426355796,0.939716321923694
CM007906.2_67574843_T_A,17,67574843,0.58693294572206,0.0865384615384616,52,0.758457505508545,0.990799379751227
CM007906.2_70028200_C_T,17,70028200,0.162390827830531,0.115384615384615,52,-1.18630827578403,0.939716321923694
CM007906.2_70664370_C_T,17,70664370,0.332900267607734,0.0769230769230769,52,0.800727023542493,0.967549787466022
CM007906.2_70664392_T_C,17,70664392,0.0486706490646431,0.0480769230769231,52,3.04156323555344,0.939716321923694
CM007906.2_77645734_G_A,17,77645734,0.449283448553342,0.0769230769230769,52,-0.976718472423954,0.968716843219995
CM007906.2_78072594_C_G,17,78072594,0.488941339855159,0.269230769230769,52,-0.360873939581595,0.968716843219995
CM007906.2_79027046_T_A,17,79027046,0.759846372756693,0.0769230769230769,52,-0.253851378167553,0.995153521788503
CM007906.2_79636234_G_A,17,79636234,0.0381385773451261,0.480769230769231,52,1.00339040159146,0.91686324804374
CM007906.2_83680308_C_A,17,83680308,0.758572455913248,0.240384615384615,52,0.36010429267219,0.995153521788503
CM007906.2_85122941_C_G,17,85122941,0.937494938326564,0.0961538461538461,52,-0.0940817680836972,0.995153521788503
CM007906.2_94933676_A_G,17,94933676,0.313217327993506,0.288461538461538,52,-0.54616490360111,0.966512290310654
CM007906.2_95220250_T_C,17,95220250,0.302535405332388,0.307692307692308,52,-0.550265477438813,0.965644933430993
CM007906.2_95423696_G_T,17,95423696,0.0891519362959198,0.0865384615384616,52,1.99380716012024,0.939716321923694
CM007906.2_96822396_G_T,17,96822396,0.99401055757617,0.0961538461538461,52,-0.00592951260483687,0.998060396878201
CM007906.2_98207362_C_A,17,98207362,0.0819967762698429,0.5,52,1.01621901283016,0.939716321923694
CM007906.2_106721601_G_T,17,106721601,0.470867266518933,0.115384615384615,52,0.579351302263831,0.968716843219995
CM007906.2_112622139_T_C,17,112622139,0.766136882334189,0.480769230769231,52,-0.15066991766308,0.995153521788503
CM007906.2_115141430_T_A,17,115141430,0.48763194378718,0.259615384615385,52,-0.703421963780841,0.968716843219995
CM007906.2_117574600_G_T,17,117574600,0.666051250409821,0.0576923076923077,52,0.685461569965355,0.990799379751227
CM007906.2_125526866_G_T,17,125526866,0.734017599765929,0.240384615384615,52,0.329963746544252,0.995153521788503
CM007906.2_125527011_C_A,17,125527011,0.779474754390975,0.153846153846154,52,-0.181378418260522,0.995153521788503
CM007906.2_126145460_C_T,17,126145460,0.0942479656340521,0.0769230769230769,52,-1.38989348288862,0.939716321923694
CM007906.2_131315616_G_A,17,131315616,0.439287944764835,0.423076923076923,52,-0.363164904122826,0.968716843219995
CM007906.2_131758761_G_A,17,131758761,0.988026089450581,0.0673076923076923,52,-0.0210369955833585,0.995153521788503
CM007906.2_134338545_A_G,17,134338545,0.140466792477389,0.5,52,0.833232430738093,0.939716321923694
CM007906.2_140427677_T_A,17,140427677,0.43342157526301,0.0961538461538461,52,-0.86631420468791,0.968716843219995
CM007906.2_142388882_A_G,17,142388882,0.245795072973636,0.480769230769231,52,-0.553674118258179,0.939716321923694
CM007906.2_143935831_A_G,17,143935831,0.195708929388436,0.192307692307692,52,0.744914026335465,0.939716321923694
CM007906.2_143940612_A_G,17,143940612,0.523834536113014,0.125,52,0.694534344542035,0.977836539893903
CM007906.2_145515393_T_C,17,145515393,0.0723532385436533,0.269230769230769,52,0.917906408079475,0.939716321923694
CM007906.2_147355232_G_A,17,147355232,0.458979568254345,0.230769230769231,52,-0.417687251195957,0.968716843219995
CM007906.2_150735443_C_T,17,150735443,0.944651775857196,0.480769230769231,52,0.040325516919836,0.995153521788503
CM007906.2_152095297_T_C,17,152095297,0.0413429277838874,0.230769230769231,52,1.9763995122737,0.939716321923694
CM007906.2_153466442_G_T,17,153466442,0.319285060582801,0.480769230769231,52,-0.521828039555899,0.966512290310654
CM007906.2_160763705_A_G,17,160763705,0.403891170306746,0.0961538461538461,52,1.14532360595547,0.968716843219995
CM007906.2_162038591_G_A,17,162038591,0.306111970531858,0.230769230769231,52,-0.986803598645338,0.966512290310654
CM007906.2_162316010_C_T,17,162316010,0.217068940764974,0.461538461538462,52,0.680089026211292,0.939716321923694
CM007906.2_170712328_A_G,17,170712328,0.690049660670675,0.115384615384615,52,-0.36146222713586,0.990799379751227
CM007906.2_171504621_A_T,17,171504621,0.480208241804589,0.230769230769231,52,-0.411559230869585,0.968716843219995
CM007906.2_172098674_A_G,17,172098674,0.147090023647181,0.211538461538462,52,-0.863508962776109,0.939716321923694
CM007906.2_176480970_G_C,17,176480970,0.115463248804318,0.346153846153846,52,-0.781551733959787,0.939716321923694
CM007906.2_178749958_C_T,17,178749958,0.459714475215526,0.461538461538462,52,0.339960543746678,0.968716843219995
CM007906.2_178912240_C_A,17,178912240,0.0685015872471357,0.192307692307692,52,1.21346037762169,0.939716321923694
CM007906.2_178944271_T_C,17,178944271,0.978125733490102,0.5,52,0.0151730514834156,0.995153521788503
CM007906.2_179149730_A_G,17,179149730,0.284470794048359,0.25,52,0.999108414430111,0.963208857936694
CM007906.2_181277376_C_T,17,181277376,0.0272844641955596,0.423076923076923,52,1.14310134607315,0.886884403276324
CM007906.2_183255912_G_T,17,183255912,0.487943118758536,0.25,52,0.743026435290574,0.968716843219995
CM007906.2_183499664_A_G,17,183499664,0.828874748239757,0.25,52,-0.207770460229654,0.995153521788503
CM007906.2_183707168_G_C,17,183707168,0.146516272630993,0.403846153846154,52,0.828946023112863,0.939716321923694
CM007906.2_183707766_T_C,17,183707766,0.0146256812716643,0.326923076923077,52,-1.29899130960503,0.737112735366624
CM007906.2_186020093_C_G,17,186020093,0.601772490154947,0.403846153846154,52,0.249019651652787,0.990799379751227
CM007906.2_186492594_T_A,17,186492594,0.945032115803939,0.240384615384615,52,-0.0702208573720782,0.995153521788503
CM007906.2_188576780_C_A,17,188576780,0.972637530183874,0.259615384615385,52,0.0351428692265472,0.995153521788503
CM007906.2_188644288_G_T,17,188644288,0.881600194631656,0.403846153846154,52,-0.0760408490897504,0.995153521788503
CM007906.2_190005447_C_A,17,190005447,0.357940924136414,0.25,52,-0.995775796894861,0.967549787466022
CM007906.2_190561063_C_T,17,190561063,0.964216636103447,0.240384615384615,52,0.0427892357873247,0.995153521788503
CM007906.2_191114002_A_T,17,191114002,0.684246787341397,0.442307692307692,52,-0.211735432359333,0.990799379751227
CM007906.2_191378908_T_G,17,191378908,0.30827588028769,0.403846153846154,52,-0.474335266869701,0.966512290310654
CM007906.2_191455293_T_C,17,191455293,0.911394894916638,0.0961538461538461,52,-0.0850076267263375,0.995153521788503
CM007906.2_191457416_G_C,17,191457416,0.437316538064833,0.230769230769231,52,0.771747420170243,0.968716843219995
CM007906.2_191457608_A_T,17,191457608,0.610702486266617,0.153846153846154,52,0.340351304995494,0.990799379751227
CM007906.2_191855735_C_G,17,191855735,0.938953467225981,0.134615384615385,52,0.0853658569146774,0.995153521788503
CM007906.2_193107965_A_G,17,193107965,0.787812500321317,0.134615384615385,52,-0.177769725794491,0.995153521788503
CM007906.2_193137625_T_C,17,193137625,0.924455442451222,0.25,52,-0.104110740705778,0.995153521788503
CM007906.2_193263156_A_C,17,193263156,0.44077845107737,0.0961538461538461,52,-0.609177637095286,0.968716843219995
CM007906.2_193705538_C_T,17,193705538,0.275221634887541,0.288461538461538,52,0.680886516208176,0.963208857936694
CM007906.2_194423517_C_T,17,194423517,0.0731673344054887,0.240384615384615,52,-1.7121292446995,0.939716321923694
