trait,year,mother,line,replicate,value
seed_yield,2022,M1,LI1,1,2.434224489795918
oil_content,2022,M1,LI1,1,45.7
seed_weight_1000,2022,M1,LI1,1,72.80000000000001
seed_yield,2022,M1,LI1,2,3.0015
oil_content,2022,M1,LI1,2,45.2
seed_weight_1000,2022,M1,LI1,2,74.19999999999999
seed_yield,2022,M1,LI1,3,3.238530612244898
oil_content,2022,M1,LI1,3,45.4
seed_weight_1000,2022,M1,LI1,3,72.3
seed_yield,2022,M1,LI2,1,2.399602040816327
oil_content,2022,M1,LI2,1,51.0
seed_weight_1000,2022,M1,LI2,1,58.6
seed_yield,2022,M1,LI2,2,3.081397959183673
oil_content,2022,M1,LI2,2,52.5
seed_weight_1000,2022,M1,LI2,2,57.9
seed_yield,2022,M1,LI2,3,2.812408163265306
oil_content,2022,M1,LI2,3,53.7
seed_weight_1000,2022,M1,LI2,3,55.2
seed_yield,2022,M1,LI3,1,3.350387755102041
oil_content,2022,M1,LI3,1,50.5
seed_weight_1000,2022,M1,LI3,1,56.8
seed_yield,2022,M1,LI3,2,2.695224489795919
oil_content,2022,M1,LI3,2,49.6
seed_weight_1000,2022,M1,LI3,2,56.4
seed_yield,2022,M1,LI3,3,2.849693877551021
oil_content,2022,M1,LI3,3,50.2
seed_weight_1000,2022,M1,LI3,3,59.0
seed_yield,2022,M1,LI4,1,3.651336734693878
oil_content,2022,M1,LI4,1,50.0
seed_weight_1000,2022,M1,LI4,1,57.4
seed_yield,2022,M1,LI4,2,3.227877551020408
oil_content,2022,M1,LI4,2,51.2
seed_weight_1000,2022,M1,LI4,2,52.90000000000001
seed_yield,2022,M1,LI4,3,3.0015
oil_content,2022,M1,LI4,3,50.2
seed_weight_1000,2022,M1,LI4,3,55.8
seed_yield,2022,M1,LI5,1,2.452867346938776
oil_content,2022,M1,LI5,1,51.5
seed_weight_1000,2022,M1,LI5,1,53.8
seed_yield,2022,M1,LI5,2,2.484826530612245
oil_content,2022,M1,LI5,2,53.7
seed_weight_1000,2022,M1,LI5,2,54.7
seed_yield,2022,M1,LI5,3,1.813683673469388
oil_content,2022,M1,LI5,3,52.7
seed_weight_1000,2022,M1,LI5,3,63.40000000000001
seed_yield,2022,M1,LI6,1,4.452979591836735
oil_content,2022,M1,LI6,1,52.8
seed_weight_1000,2022,M1,LI6,1,56.8
seed_yield,2022,M1,LI6,2,3.459581632653061
oil_content,2022,M1,LI6,2,49.7
seed_weight_1000,2022,M1,LI6,2,58.4
seed_yield,2022,M1,LI6,3,3.105367346938776
oil_content,2022,M1,LI6,3,49.6
seed_weight_1000,2022,M1,LI6,3,63.6
seed_yield,2022,M1,LI7,1,2.253122448979592
oil_content,2022,M1,LI7,1,50.5
seed_weight_1000,2022,M1,LI7,1,53.6
seed_yield,2022,M1,LI7,2,3.32641836734694
oil_content,2022,M1,LI7,2,54.1
seed_weight_1000,2022,M1,LI7,2,57.8
seed_yield,2022,M1,LI7,3,2.633969387755102
oil_content,2022,M1,LI7,3,52.3
seed_weight_1000,2022,M1,LI7,3,53.9
seed_yield,2022,M1,LI8,1,2.988183673469388
oil_content,2022,M1,LI8,1,52.0
seed_weight_1000,2022,M1,LI8,1,56.1
seed_yield,2022,M1,LI8,2,3.53415306122449
oil_content,2022,M1,LI8,2,52.1
seed_weight_1000,2022,M1,LI8,2,59.6
seed_yield,2022,M1,LI8,3,4.511571428571428
oil_content,2022,M1,LI8,3,50.8
seed_weight_1000,2022,M1,LI8,3,58.90000000000001
seed_yield,2022,M1,LI9,1,2.977530612244899
oil_content,2022,M1,LI9,1,51.4
seed_weight_1000,2022,M1,LI9,1,50.0
seed_yield,2022,M1,LI9,2,2.463520408163265
oil_content,2022,M1,LI9,2,48.5
seed_weight_1000,2022,M1,LI9,2,48.2
seed_yield,2022,M1,LI9,3,3.203908163265306
oil_content,2022,M1,LI9,3,47.8
seed_weight_1000,2022,M1,LI9,3,47.3
seed_yield,2022,M1,LI10,1,2.290408163265306
oil_content,2022,M1,LI10,1,50.5
seed_weight_1000,2022,M1,LI10,1,60.6
seed_yield,2022,M1,LI10,2,2.205183673469388
oil_content,2022,M1,LI10,2,51.3
seed_weight_1000,2022,M1,LI10,2,61.4
seed_yield,2022,M1,LI10,3,1.829663265306123
oil_content,2022,M1,LI10,3,50.6
seed_weight_1000,2022,M1,LI10,3,67.4
seed_yield,2022,M1,LI11,1,3.006826530612245
oil_content,2022,M1,LI11,1,51.8
seed_weight_1000,2022,M1,LI11,1,60.1
seed_yield,2022,M1,LI11,2,2.825724489795919
oil_content,2022,M1,LI11,2,51.8
seed_weight_1000,2022,M1,LI11,2,54.7
seed_yield,2022,M1,LI11,3,2.956224489795919
oil_content,2022,M1,LI11,3,51.7
seed_weight_1000,2022,M1,LI11,3,59.7
seed_yield,2022,M1,LI12,1,4.178663265306123
oil_content,2022,M1,LI12,1,49.7
seed_weight_1000,2022,M1,LI12,1,68.2
seed_yield,2022,M1,LI12,2,3.733897959183674
oil_content,2022,M1,LI12,2,47.9
seed_weight_1000,2022,M1,LI12,2,74.4
seed_yield,2022,M1,LI12,3,4.349112244897959
oil_content,2022,M1,LI12,3,46.0
seed_weight_1000,2022,M1,LI12,3,63.0
seed_yield,2022,M1,LI13,1,2.567387755102041
oil_content,2022,M1,LI13,1,49.9
seed_weight_1000,2022,M1,LI13,1,64.7
seed_yield,2022,M1,LI13,2,3.163959183673469
oil_content,2022,M1,LI13,2,48.8
seed_weight_1000,2022,M1,LI13,2,68.4
seed_yield,2022,M1,LI13,3,2.823061224489796
oil_content,2022,M1,LI13,3,50.8
seed_weight_1000,2022,M1,LI13,3,64.19999999999999
seed_yield,2022,M1,LI14,1,3.456918367346939
oil_content,2022,M1,LI14,1,51.2
seed_weight_1000,2022,M1,LI14,1,54.6
seed_yield,2022,M1,LI14,2,3.430285714285715
oil_content,2022,M1,LI14,2,50.9
seed_weight_1000,2022,M1,LI14,2,58.5
seed_yield,2022,M1,LI14,3,3.616714285714286
oil_content,2022,M1,LI14,3,50.6
seed_weight_1000,2022,M1,LI14,3,60.0
seed_yield,2022,M1,LI15,1,2.261112244897959
oil_content,2022,M1,LI15,1,49.9
seed_weight_1000,2022,M1,LI15,1,58.0
seed_yield,2022,M1,LI15,2,1.992122448979592
oil_content,2022,M1,LI15,2,46.7
seed_weight_1000,2022,M1,LI15,2,69.1
seed_yield,2022,M1,LI15,3,2.048051020408163
oil_content,2022,M1,LI15,3,46.5
seed_weight_1000,2022,M1,LI15,3,72.1
seed_yield,2022,M1,LI16,1,3.371693877551021
oil_content,2022,M1,LI16,1,53.8
seed_weight_1000,2022,M1,LI16,1,57.9
seed_yield,2022,M1,LI16,2,3.603397959183674
oil_content,2022,M1,LI16,2,51.1
seed_weight_1000,2022,M1,LI16,2,63.3
seed_yield,2022,M1,LI16,3,4.178663265306123
oil_content,2022,M1,LI16,3,50.4
seed_weight_1000,2022,M1,LI16,3,64.8
seed_yield,2022,M1,LI17,1,4.218612244897959
oil_content,2022,M1,LI17,1,53.6
seed_weight_1000,2022,M1,LI17,1,55.3
seed_yield,2022,M1,LI17,2,3.496867346938776
oil_content,2022,M1,LI17,2,52.8
seed_weight_1000,2022,M1,LI17,2,53.3
seed_yield,2022,M1,LI17,3,2.839040816326531
oil_content,2022,M1,LI17,3,51.3
seed_weight_1000,2022,M1,LI17,3,61.8
seed_yield,2022,M1,LI18,1,3.896357142857143
oil_content,2022,M1,LI18,1,54.2
seed_weight_1000,2022,M1,LI18,1,54.6
seed_yield,2022,M1,LI18,2,3.246520408163266
oil_content,2022,M1,LI18,2,53.0
seed_weight_1000,2022,M1,LI18,2,57.7
seed_yield,2022,M1,LI18,3,3.619377551020409
oil_content,2022,M1,LI18,3,51.5
seed_weight_1000,2022,M1,LI18,3,59.3
seed_yield,2022,M1,LI19,1,3.989571428571429
oil_content,2022,M1,LI19,1,52.8
seed_weight_1000,2022,M1,LI19,1,56.1
seed_yield,2022,M1,LI19,2,3.821785714285715
oil_content,2022,M1,LI19,2,51.7
seed_weight_1000,2022,M1,LI19,2,56.2
seed_yield,2022,M1,LI19,3,4.330469387755102
oil_content,2022,M1,LI19,3,53.0
seed_weight_1000,2022,M1,LI19,3,56.7
seed_yield,2022,M1,LI20,1,1.693836734693878
oil_content,2022,M1,LI20,1,52.3
seed_weight_1000,2022,M1,LI20,1,59.4
seed_yield,2022,M1,LI20,2,2.49015306122449
oil_content,2022,M1,LI20,2,48.4
seed_weight_1000,2022,M1,LI20,2,59.40000000000001
seed_yield,2022,M1,LI20,3,2.982857142857144
oil_content,2022,M1,LI20,3,49.1
seed_weight_1000,2022,M1,LI20,3,55.6
seed_yield,2022,M1,LI21,1,3.731234693877551
oil_content,2022,M1,LI21,1,47.3
seed_weight_1000,2022,M1,LI21,1,71.6
seed_yield,2022,M1,LI21,2,3.350387755102041
oil_content,2022,M1,LI21,2,49.1
seed_weight_1000,2022,M1,LI21,2,66.19999999999999
seed_yield,2022,M1,LI21,3,4.000224489795919
oil_content,2022,M1,LI21,3,49.4
seed_weight_1000,2022,M1,LI21,3,78.1
seed_yield,2022,M1,LI22,1,3.94695918367347
oil_content,2022,M1,LI22,1,48.7
seed_weight_1000,2022,M1,LI22,1,70.6
seed_yield,2022,M1,LI22,2,2.916275510204082
oil_content,2022,M1,LI22,2,49.4
seed_weight_1000,2022,M1,LI22,2,62.0
seed_yield,2022,M1,LI22,3,3.646010204081633
oil_content,2022,M1,LI22,3,49.4
seed_weight_1000,2022,M1,LI22,3,70.1
seed_yield,2022,M1,LI23,1,3.163959183673469
oil_content,2022,M1,LI23,1,48.4
seed_weight_1000,2022,M1,LI23,1,87.30000000000001
seed_yield,2022,M1,LI23,2,3.371693877551021
oil_content,2022,M1,LI23,2,51.7
seed_weight_1000,2022,M1,LI23,2,75.9
seed_yield,2022,M1,LI23,3,3.374357142857142
oil_content,2022,M1,LI23,3,47.1
seed_weight_1000,2022,M1,LI23,3,80.2
seed_yield,2022,M1,LI24,1,1.406204081632653
oil_content,2022,M1,LI24,1,47.1
seed_weight_1000,2022,M1,LI24,1,74.0
seed_yield,2022,M1,LI24,2,2.78311224489796
oil_content,2022,M1,LI24,2,50.0
seed_weight_1000,2022,M1,LI24,2,58.2
seed_yield,2022,M1,LI24,3,2.972204081632653
oil_content,2022,M1,LI24,3,50.1
seed_weight_1000,2022,M1,LI24,3,61.90000000000001
seed_yield,2022,M1,LI25,1,4.234591836734695
oil_content,2022,M1,LI25,1,48.7
seed_weight_1000,2022,M1,LI25,1,81.0
seed_yield,2022,M1,LI25,2,3.060091836734694
oil_content,2022,M1,LI25,2,50.7
seed_weight_1000,2022,M1,LI25,2,70.8
seed_yield,2022,M1,LI25,3,3.907010204081633
oil_content,2022,M1,LI25,3,49.7
seed_weight_1000,2022,M1,LI25,3,76.30000000000001
seed_yield,2022,M1,LI26,1,3.848418367346939
oil_content,2022,M1,LI26,1,49.5
seed_weight_1000,2022,M1,LI26,1,62.6
seed_yield,2022,M1,LI26,2,2.849693877551021
oil_content,2022,M1,LI26,2,48.3
seed_weight_1000,2022,M1,LI26,2,57.2
seed_yield,2022,M1,LI26,3,2.878989795918367
oil_content,2022,M1,LI26,3,49.7
seed_weight_1000,2022,M1,LI26,3,60.7
seed_yield,2022,M1,LI27,1,3.483551020408164
oil_content,2022,M1,LI27,1,50.7
seed_weight_1000,2022,M1,LI27,1,65.6
seed_yield,2022,M1,LI27,2,3.486214285714286
oil_content,2022,M1,LI27,2,49.0
seed_weight_1000,2022,M1,LI27,2,60.5
seed_yield,2022,M1,LI27,3,3.542142857142858
oil_content,2022,M1,LI27,3,48.0
seed_weight_1000,2022,M1,LI27,3,60.9
seed_yield,2022,M1,LI28,1,3.632693877551021
oil_content,2022,M1,LI28,1,48.6
seed_weight_1000,2022,M1,LI28,1,71.3
seed_yield,2022,M1,LI28,2,2.743163265306123
oil_content,2022,M1,LI28,2,49.2
seed_weight_1000,2022,M1,LI28,2,58.1
seed_yield,2022,M1,LI28,3,3.504857142857143
oil_content,2022,M1,LI28,3,50.8
seed_weight_1000,2022,M1,LI28,3,61.1
seed_yield,2022,M1,LI29,1,4.458306122448979
oil_content,2022,M1,LI29,1,50.0
seed_weight_1000,2022,M1,LI29,1,109.7
seed_yield,2022,M1,LI29,2,3.214561224489796
oil_content,2022,M1,LI29,2,39.3
seed_weight_1000,2022,M1,LI29,2,103.1
seed_yield,2022,M1,LI29,3,4.258561224489796
oil_content,2022,M1,LI29,3,39.2
seed_weight_1000,2022,M1,LI29,3,102.1
seed_yield,2022,M1,LI30,1,2.237142857142857
oil_content,2022,M1,LI30,1,38.3
seed_weight_1000,2022,M1,LI30,1,95.9
seed_yield,2022,M1,LI30,2,1.888255102040816
oil_content,2022,M1,LI30,2,39.5
seed_weight_1000,2022,M1,LI30,2,99.8
seed_yield,2022,M1,LI30,3,3.709928571428571
oil_content,2022,M1,LI30,3,40.5
seed_weight_1000,2022,M1,LI30,3,99.0
seed_yield,2022,M1,LI31,1,3.241193877551021
oil_content,2022,M1,LI31,1,40.7
seed_weight_1000,2022,M1,LI31,1,67.5
seed_yield,2022,M1,LI31,2,2.673918367346939
oil_content,2022,M1,LI31,2,49.1
seed_weight_1000,2022,M1,LI31,2,67.1
seed_yield,2022,M1,LI31,3,3.2625
oil_content,2022,M1,LI31,3,50.4
seed_weight_1000,2022,M1,LI31,3,61.8
seed_yield,2022,M1,LI32,1,2.684571428571429
oil_content,2022,M1,LI32,1,49.5
seed_weight_1000,2022,M1,LI32,1,59.4
seed_yield,2022,M1,LI32,2,2.271765306122449
oil_content,2022,M1,LI32,2,50.6
seed_weight_1000,2022,M1,LI32,2,68.0
seed_yield,2022,M1,LI32,3,2.434224489795918
oil_content,2022,M1,LI32,3,52.3
seed_weight_1000,2022,M1,LI32,3,50.2
seed_yield,2022,M1,LI33,1,2.996173469387756
oil_content,2022,M1,LI33,1,51.1
seed_weight_1000,2022,M1,LI33,1,72.4
seed_yield,2022,M1,LI33,2,2.934918367346939
oil_content,2022,M1,LI33,2,46.3
seed_weight_1000,2022,M1,LI33,2,78.0
seed_yield,2022,M1,LI33,3,3.717918367346938
oil_content,2022,M1,LI33,3,50.1
seed_weight_1000,2022,M1,LI33,3,65.69999999999999
seed_yield,2022,M1,LI34,1,1.664540816326531
oil_content,2022,M1,LI34,1,47.6
seed_weight_1000,2022,M1,LI34,1,68.19999999999999
seed_yield,2022,M1,LI34,2,2.271765306122449
oil_content,2022,M1,LI34,2,48.6
seed_weight_1000,2022,M1,LI34,2,64.1
seed_yield,2022,M1,LI34,3,1.944183673469388
oil_content,2022,M1,LI34,3,50.6
seed_weight_1000,2022,M1,LI34,3,57.6
seed_yield,2022,M1,LI35,1,4.375744897959184
oil_content,2022,M1,LI35,1,48.8
seed_weight_1000,2022,M1,LI35,1,64.6
seed_yield,2022,M1,LI35,2,3.954948979591837
oil_content,2022,M1,LI35,2,47.6
seed_weight_1000,2022,M1,LI35,2,71.6
seed_yield,2022,M1,LI35,3,4.03484693877551
oil_content,2022,M1,LI35,3,48.6
seed_weight_1000,2022,M1,LI35,3,64.0
seed_yield,2022,M1,LI36,1,2.072020408163266
oil_content,2022,M1,LI36,1,48.2
seed_weight_1000,2022,M1,LI36,1,59.6
seed_yield,2022,M1,LI36,2,1.898908163265306
oil_content,2022,M1,LI36,2,46.8
seed_weight_1000,2022,M1,LI36,2,70.3
seed_yield,2022,M1,LI36,3,1.392887755102041
oil_content,2022,M1,LI36,3,48.3
seed_weight_1000,2022,M1,LI36,3,62.3
seed_yield,2022,M1,LI38,1,3.994897959183674
oil_content,2022,M1,LI38,1,48.6
seed_weight_1000,2022,M1,LI38,1,55.1
seed_yield,2022,M1,LI38,2,4.010877551020409
oil_content,2022,M1,LI38,2,51.6
seed_weight_1000,2022,M1,LI38,2,52.7
seed_yield,2022,M1,LI38,3,4.301173469387755
oil_content,2022,M1,LI38,3,51.8
seed_weight_1000,2022,M1,LI38,3,55.3
seed_yield,2022,M1,LI39,1,4.045500000000001
oil_content,2022,M1,LI39,1,51.0
seed_weight_1000,2022,M1,LI39,1,58.4
seed_yield,2022,M1,LI39,2,3.129336734693878
oil_content,2022,M1,LI39,2,49.2
seed_weight_1000,2022,M1,LI39,2,58.3
seed_yield,2022,M1,LI39,3,4.016204081632654
oil_content,2022,M1,LI39,3,50.7
seed_weight_1000,2022,M1,LI39,3,59.2
seed_yield,2022,M1,LI40,1,2.777785714285714
oil_content,2022,M1,LI40,1,50.9
seed_weight_1000,2022,M1,LI40,1,55.3
seed_yield,2022,M1,LI40,2,2.450204081632653
oil_content,2022,M1,LI40,2,51.8
seed_weight_1000,2022,M1,LI40,2,52.8
seed_yield,2022,M1,LI40,3,2.721857142857143
oil_content,2022,M1,LI40,3,53.0
seed_weight_1000,2022,M1,LI40,3,51.90000000000001
seed_yield,2022,M1,LI41,1,3.757867346938776
oil_content,2022,M1,LI41,1,52.6
seed_weight_1000,2022,M1,LI41,1,63.2
seed_yield,2022,M1,LI41,2,4.234591836734695
oil_content,2022,M1,LI41,2,51.1
seed_weight_1000,2022,M1,LI41,2,59.1
seed_yield,2022,M1,LI41,3,3.739224489795918
oil_content,2022,M1,LI41,3,51.7
seed_weight_1000,2022,M1,LI41,3,59.1
seed_yield,2022,M1,LI42,1,2.580704081632653
oil_content,2022,M1,LI42,1,50.9
seed_weight_1000,2022,M1,LI42,1,50.0
seed_yield,2022,M1,LI42,2,3.254510204081633
oil_content,2022,M1,LI42,2,50.8
seed_weight_1000,2022,M1,LI42,2,51.6
seed_yield,2022,M1,LI42,3,2.596683673469388
oil_content,2022,M1,LI42,3,50.9
seed_weight_1000,2022,M1,LI42,3,51.40000000000001
seed_yield,2022,M1,LI43,1,2.857683673469388
oil_content,2022,M1,LI43,1,50.6
seed_weight_1000,2022,M1,LI43,1,56.0
seed_yield,2022,M1,LI43,2,2.447540816326531
oil_content,2022,M1,LI43,2,49.6
seed_weight_1000,2022,M1,LI43,2,47.8
seed_yield,2022,M1,LI43,3,2.524775510204082
oil_content,2022,M1,LI43,3,49.2
seed_weight_1000,2022,M1,LI43,3,50.5
seed_yield,2022,M1,LI44,1,2.591357142857143
oil_content,2022,M1,LI44,1,49.4
seed_weight_1000,2022,M1,LI44,1,51.40000000000001
seed_yield,2022,M1,LI44,2,2.855020408163266
oil_content,2022,M1,LI44,2,51.1
seed_weight_1000,2022,M1,LI44,2,51.2
seed_yield,2022,M1,LI44,3,2.335683673469388
oil_content,2022,M1,LI44,3,48.9
seed_weight_1000,2022,M1,LI44,3,46.2
seed_yield,2022,M1,LI45,1,3.110693877551021
oil_content,2022,M1,LI45,1,51.0
seed_weight_1000,2022,M1,LI45,1,56.5
seed_yield,2022,M1,LI45,2,3.174612244897959
oil_content,2022,M1,LI45,2,55.0
seed_weight_1000,2022,M1,LI45,2,54.3
seed_yield,2022,M1,LI45,3,2.157244897959184
oil_content,2022,M1,LI45,3,52.9
seed_weight_1000,2022,M1,LI45,3,51.8
seed_yield,2022,M1,LI46,1,4.154693877551021
oil_content,2022,M1,LI46,1,52.6
seed_weight_1000,2022,M1,LI46,1,66.2
seed_yield,2022,M1,LI46,2,4.120071428571428
oil_content,2022,M1,LI46,2,52.6
seed_weight_1000,2022,M1,LI46,2,57.3
seed_yield,2022,M1,LI46,3,3.571438775510205
oil_content,2022,M1,LI46,3,52.3
seed_weight_1000,2022,M1,LI46,3,57.1
seed_yield,2022,M1,LI47,1,2.524775510204082
oil_content,2022,M1,LI47,1,51.1
seed_weight_1000,2022,M1,LI47,1,58.2
seed_yield,2022,M1,LI47,2,2.657938775510204
oil_content,2022,M1,LI47,2,50.3
seed_weight_1000,2022,M1,LI47,2,56.2
seed_yield,2022,M1,LI47,3,3.526163265306123
oil_content,2022,M1,LI47,3,50.8
seed_weight_1000,2022,M1,LI47,3,54.3
seed_yield,2022,M1,LI48,1,3.377020408163265
oil_content,2022,M1,LI48,1,49.0
seed_weight_1000,2022,M1,LI48,1,55.7
seed_yield,2022,M1,LI48,2,2.623316326530612
oil_content,2022,M1,LI48,2,50.1
seed_weight_1000,2022,M1,LI48,2,52.6
seed_yield,2022,M1,LI48,3,3.411642857142857
oil_content,2022,M1,LI48,3,50.6
seed_weight_1000,2022,M1,LI48,3,51.7
seed_yield,2022,M1,LI49,1,3.110693877551021
oil_content,2022,M1,LI49,1,51.0
seed_weight_1000,2022,M1,LI49,1,53.90000000000001
seed_yield,2022,M1,LI49,2,2.849693877551021
oil_content,2022,M1,LI49,2,50.7
seed_weight_1000,2022,M1,LI49,2,57.1
seed_yield,2022,M1,LI49,3,3.057428571428571
oil_content,2022,M1,LI49,3,51.0
seed_weight_1000,2022,M1,LI49,3,59.9
seed_yield,2022,M1,LI50,1,2.934918367346939
oil_content,2022,M1,LI50,1,50.9
seed_weight_1000,2022,M1,LI50,1,68.2
seed_yield,2022,M1,LI50,2,3.102704081632653
oil_content,2022,M1,LI50,2,49.0
seed_weight_1000,2022,M1,LI50,2,65.7
seed_yield,2022,M1,LI50,3,2.122622448979592
oil_content,2022,M1,LI50,3,47.1
seed_weight_1000,2022,M1,LI50,3,68.5
seed_yield,2022,M1,LI51,1,3.161295918367347
oil_content,2022,M1,LI51,1,48.8
seed_weight_1000,2022,M1,LI51,1,51.0
seed_yield,2022,M1,LI51,2,2.926928571428572
oil_content,2022,M1,LI51,2,50.9
seed_weight_1000,2022,M1,LI51,2,51.7
seed_yield,2022,M1,LI51,3,3.169285714285714
oil_content,2022,M1,LI51,3,50.4
seed_weight_1000,2022,M1,LI51,3,60.2
seed_yield,2022,M1,LI52,1,4.397051020408164
oil_content,2022,M1,LI52,1,51.6
seed_weight_1000,2022,M1,LI52,1,66.4
seed_yield,2022,M1,LI52,2,4.048163265306123
oil_content,2022,M1,LI52,2,51.5
seed_weight_1000,2022,M1,LI52,2,64.69999999999999
seed_yield,2022,M1,LI52,3,3.155969387755103
oil_content,2022,M1,LI52,3,51.1
seed_weight_1000,2022,M1,LI52,3,61.7
seed_yield,2022,M1,LI53,1,3.80580612244898
oil_content,2022,M1,LI53,1,50.6
seed_weight_1000,2022,M1,LI53,1,54.90000000000001
seed_yield,2022,M1,LI53,2,4.827168367346939
oil_content,2022,M1,LI53,2,50.3
seed_weight_1000,2022,M1,LI53,2,63.8
seed_yield,2022,M1,LI53,3,3.520836734693878
oil_content,2022,M1,LI53,3,52.4
seed_weight_1000,2022,M1,LI53,3,54.3
seed_yield,2022,M1,LI54,1,3.15330612244898
oil_content,2022,M1,LI54,1,52.6
seed_weight_1000,2022,M1,LI54,1,56.6
seed_yield,2022,M1,LI54,2,3.033459183673469
oil_content,2022,M1,LI54,2,49.9
seed_weight_1000,2022,M1,LI54,2,61.2
seed_yield,2022,M1,LI54,3,3.132
oil_content,2022,M1,LI54,3,49.6
seed_weight_1000,2022,M1,LI54,3,65.80000000000001
seed_yield,2022,M2,LI1,1,3.757867346938776
oil_content,2022,M2,LI1,1,48.5
seed_weight_1000,2022,M2,LI1,1,67.8
seed_yield,2022,M2,LI1,2,3.0015
oil_content,2022,M2,LI1,2,48.0
seed_weight_1000,2022,M2,LI1,2,60.3
seed_yield,2022,M2,LI1,3,3.454255102040817
oil_content,2022,M2,LI1,3,46.0
seed_weight_1000,2022,M2,LI1,3,68.0
seed_yield,2022,M2,LI2,1,3.387673469387756
oil_content,2022,M2,LI2,1,46.7
seed_weight_1000,2022,M2,LI2,1,65.5
seed_yield,2022,M2,LI2,2,2.990846938775511
oil_content,2022,M2,LI2,2,51.8
seed_weight_1000,2022,M2,LI2,2,65.69999999999999
seed_yield,2022,M2,LI2,3,2.932255102040816
oil_content,2022,M2,LI2,3,51.8
seed_weight_1000,2022,M2,LI2,3,64.0
seed_yield,2022,M2,LI3,1,2.844367346938776
oil_content,2022,M2,LI3,1,51.3
seed_weight_1000,2022,M2,LI3,1,50.0
seed_yield,2022,M2,LI3,2,2.916275510204082
oil_content,2022,M2,LI3,2,50.0
seed_weight_1000,2022,M2,LI3,2,56.0
seed_yield,2022,M2,LI3,3,2.940244897959184
oil_content,2022,M2,LI3,3,49.9
seed_weight_1000,2022,M2,LI3,3,50.90000000000001
seed_yield,2022,M2,LI4,1,2.551408163265306
oil_content,2022,M2,LI4,1,48.6
seed_weight_1000,2022,M2,LI4,1,65.7
seed_yield,2022,M2,LI4,2,2.59934693877551
oil_content,2022,M2,LI4,2,52.0
seed_weight_1000,2022,M2,LI4,2,55.3
seed_yield,2022,M2,LI4,3,3.446265306122449
oil_content,2022,M2,LI4,3,48.4
seed_weight_1000,2022,M2,LI4,3,68.0
seed_yield,2022,M2,LI5,1,2.972204081632653
oil_content,2022,M2,LI5,1,52.1
seed_weight_1000,2022,M2,LI5,1,63.0
seed_yield,2022,M2,LI5,2,2.223826530612245
oil_content,2022,M2,LI5,2,52.9
seed_weight_1000,2022,M2,LI5,2,58.1
seed_yield,2022,M2,LI5,3,2.636632653061225
oil_content,2022,M2,LI5,3,51.2
seed_weight_1000,2022,M2,LI5,3,65.1
seed_yield,2022,M2,LI6,1,4.213285714285714
oil_content,2022,M2,LI6,1,46.7
seed_weight_1000,2022,M2,LI6,1,68.2
seed_yield,2022,M2,LI6,2,4.234591836734695
oil_content,2022,M2,LI6,2,48.1
seed_weight_1000,2022,M2,LI6,2,64.5
seed_yield,2022,M2,LI6,3,3.960275510204081
oil_content,2022,M2,LI6,3,44.3
seed_weight_1000,2022,M2,LI6,3,75.6
seed_yield,2022,M2,LI7,1,1.858959183673469
oil_content,2022,M2,LI7,1,49.6
seed_weight_1000,2022,M2,LI7,1,71.6
seed_yield,2022,M2,LI7,2,2.623316326530612
oil_content,2022,M2,LI7,2,52.2
seed_weight_1000,2022,M2,LI7,2,62.7
seed_yield,2022,M2,LI7,3,2.89230612244898
oil_content,2022,M2,LI7,3,49.7
seed_weight_1000,2022,M2,LI7,3,68.80000000000001
seed_yield,2022,M2,LI8,1,2.796428571428572
oil_content,2022,M2,LI8,1,48.4
seed_weight_1000,2022,M2,LI8,1,64.7
seed_yield,2022,M2,LI8,2,2.64195918367347
oil_content,2022,M2,LI8,2,49.6
seed_weight_1000,2022,M2,LI8,2,54.5
seed_yield,2022,M2,LI8,3,2.945571428571429
oil_content,2022,M2,LI8,3,48.6
seed_weight_1000,2022,M2,LI8,3,62.9
seed_yield,2022,M2,LI9,1,2.330357142857143
oil_content,2022,M2,LI9,1,48.9
seed_weight_1000,2022,M2,LI9,1,64.1
seed_yield,2022,M2,LI9,2,1.960163265306123
oil_content,2022,M2,LI9,2,47.1
seed_weight_1000,2022,M2,LI9,2,60.90000000000001
seed_yield,2022,M2,LI9,3,2.287744897959184
oil_content,2022,M2,LI9,3,44.3
seed_weight_1000,2022,M2,LI9,3,67.0
seed_yield,2022,M2,LI10,1,2.551408163265306
oil_content,2022,M2,LI10,1,49.7
seed_weight_1000,2022,M2,LI10,1,70.5
seed_yield,2022,M2,LI10,2,2.735173469387755
oil_content,2022,M2,LI10,2,44.8
seed_weight_1000,2022,M2,LI10,2,80.4
seed_yield,2022,M2,LI10,3,2.791102040816327
oil_content,2022,M2,LI10,3,46.8
seed_weight_1000,2022,M2,LI10,3,73.4
seed_yield,2022,M2,LI11,1,4.747270408163265
oil_content,2022,M2,LI11,1,43.3
seed_weight_1000,2022,M2,LI11,1,70.0
seed_yield,2022,M2,LI11,2,2.831051020408163
oil_content,2022,M2,LI11,2,46.7
seed_weight_1000,2022,M2,LI11,2,77.1
seed_yield,2022,M2,LI11,3,2.676581632653061
oil_content,2022,M2,LI11,3,49.6
seed_weight_1000,2022,M2,LI11,3,60.3
seed_yield,2022,M2,LI12,1,4.008214285714286
oil_content,2022,M2,LI12,1,47.3
seed_weight_1000,2022,M2,LI12,1,78.19999999999999
seed_yield,2022,M2,LI12,2,2.871
oil_content,2022,M2,LI12,2,45.0
seed_weight_1000,2022,M2,LI12,2,79.1
seed_yield,2022,M2,LI12,3,4.061479591836735
oil_content,2022,M2,LI12,3,46.6
seed_weight_1000,2022,M2,LI12,3,76.3
seed_yield,2022,M2,LI13,1,2.878989795918367
oil_content,2022,M2,LI13,1,44.7
seed_weight_1000,2022,M2,LI13,1,56.5
seed_yield,2022,M2,LI13,2,3.81645918367347
oil_content,2022,M2,LI13,2,48.6
seed_weight_1000,2022,M2,LI13,2,67.8
seed_yield,2022,M2,LI13,3,4.354438775510205
oil_content,2022,M2,LI13,3,55.0
seed_weight_1000,2022,M2,LI13,3,59.0
seed_yield,2022,M2,LI14,1,2.516785714285714
oil_content,2022,M2,LI14,1,48.9
seed_weight_1000,2022,M2,LI14,1,72.5
seed_yield,2022,M2,LI14,2,2.591357142857143
oil_content,2022,M2,LI14,2,48.2
seed_weight_1000,2022,M2,LI14,2,64.6
seed_yield,2022,M2,LI14,3,2.679244897959184
oil_content,2022,M2,LI14,3,48.2
seed_weight_1000,2022,M2,LI14,3,69.0
seed_yield,2022,M2,LI15,1,2.916275510204082
oil_content,2022,M2,LI15,1,46.6
seed_weight_1000,2022,M2,LI15,1,75.8
seed_yield,2022,M2,LI15,2,4.146704081632653
oil_content,2022,M2,LI15,2,47.5
seed_weight_1000,2022,M2,LI15,2,73.19999999999999
seed_yield,2022,M2,LI15,3,2.985520408163266
oil_content,2022,M2,LI15,3,48.1
seed_weight_1000,2022,M2,LI15,3,70.3
seed_yield,2022,M2,LI16,1,3.331744897959183
oil_content,2022,M2,LI16,1,48.8
seed_weight_1000,2022,M2,LI16,1,60.6
seed_yield,2022,M2,LI16,2,3.041448979591836
oil_content,2022,M2,LI16,2,48.3
seed_weight_1000,2022,M2,LI16,2,66.7
seed_yield,2022,M2,LI16,3,4.490265306122449
oil_content,2022,M2,LI16,3,49.8
seed_weight_1000,2022,M2,LI16,3,65.6
seed_yield,2022,M2,LI17,1,4.921714285714286
oil_content,2022,M2,LI17,1,50.8
seed_weight_1000,2022,M2,LI17,1,58.0
seed_yield,2022,M2,LI17,2,3.528826530612245
oil_content,2022,M2,LI17,2,50.8
seed_weight_1000,2022,M2,LI17,2,59.40000000000001
seed_yield,2022,M2,LI17,3,3.654000000000001
oil_content,2022,M2,LI17,3,51.7
seed_weight_1000,2022,M2,LI17,3,53.9
seed_yield,2022,M2,LI18,1,4.112081632653062
oil_content,2022,M2,LI18,1,49.4
seed_weight_1000,2022,M2,LI18,1,56.90000000000001
seed_yield,2022,M2,LI18,2,3.701938775510204
oil_content,2022,M2,LI18,2,49.5
seed_weight_1000,2022,M2,LI18,2,62.1
seed_yield,2022,M2,LI18,3,4.634081632653061
oil_content,2022,M2,LI18,3,51.1
seed_weight_1000,2022,M2,LI18,3,60.3
seed_yield,2022,M2,LI19,1,3.781836734693877
oil_content,2022,M2,LI19,1,50.3
seed_weight_1000,2022,M2,LI19,1,57.0
seed_yield,2022,M2,LI19,2,3.387673469387756
oil_content,2022,M2,LI19,2,51.6
seed_weight_1000,2022,M2,LI19,2,59.3
seed_yield,2022,M2,LI19,3,3.217224489795919
oil_content,2022,M2,LI19,3,51.7
seed_weight_1000,2022,M2,LI19,3,53.1
seed_yield,2022,M2,LI20,1,3.603397959183674
oil_content,2022,M2,LI20,1,50.0
seed_weight_1000,2022,M2,LI20,1,54.90000000000001
seed_yield,2022,M2,LI20,2,4.050826530612245
oil_content,2022,M2,LI20,2,49.6
seed_weight_1000,2022,M2,LI20,2,51.5
seed_yield,2022,M2,LI20,3,3.0015
oil_content,2022,M2,LI20,3,50.2
seed_weight_1000,2022,M2,LI20,3,53.9
seed_yield,2022,M2,LI21,1,2.969540816326531
oil_content,2022,M2,LI21,1,49.3
seed_weight_1000,2022,M2,LI21,1,64.3
seed_yield,2022,M2,LI21,2,3.499530612244898
oil_content,2022,M2,LI21,2,49.0
seed_weight_1000,2022,M2,LI21,2,74.1
seed_yield,2022,M2,LI21,3,3.768520408163266
oil_content,2022,M2,LI21,3,47.9
seed_weight_1000,2022,M2,LI21,3,75.1
seed_yield,2022,M2,LI22,1,3.307775510204082
oil_content,2022,M2,LI22,1,45.0
seed_weight_1000,2022,M2,LI22,1,75.1
seed_yield,2022,M2,LI22,2,3.155969387755103
oil_content,2022,M2,LI22,2,46.7
seed_weight_1000,2022,M2,LI22,2,69.6
seed_yield,2022,M2,LI22,3,3.616714285714286
oil_content,2022,M2,LI22,3,46.3
seed_weight_1000,2022,M2,LI22,3,71.5
seed_yield,2022,M2,LI23,1,4.437
oil_content,2022,M2,LI23,1,48.4
seed_weight_1000,2022,M2,LI23,1,71.9
seed_yield,2022,M2,LI23,2,2.841704081632653
oil_content,2022,M2,LI23,2,46.8
seed_weight_1000,2022,M2,LI23,2,73.6
seed_yield,2022,M2,LI23,3,4.346448979591838
oil_content,2022,M2,LI23,3,49.9
seed_weight_1000,2022,M2,LI23,3,67.9
seed_yield,2022,M2,LI24,1,3.116020408163265
oil_content,2022,M2,LI24,1,48.6
seed_weight_1000,2022,M2,LI24,1,54.3
seed_yield,2022,M2,LI24,2,2.894969387755102
oil_content,2022,M2,LI24,2,48.0
seed_weight_1000,2022,M2,LI24,2,64.5
seed_yield,2022,M2,LI24,3,3.046775510204081
oil_content,2022,M2,LI24,3,49.5
seed_weight_1000,2022,M2,LI24,3,58.0
seed_yield,2022,M2,LI25,1,5.373137755102041
oil_content,2022,M2,LI25,1,48.3
seed_weight_1000,2022,M2,LI25,1,76.9
seed_yield,2022,M2,LI25,2,3.989571428571429
oil_content,2022,M2,LI25,2,46.1
seed_weight_1000,2022,M2,LI25,2,71.8
seed_yield,2022,M2,LI25,3,2.956224489795919
oil_content,2022,M2,LI25,3,45.2
seed_weight_1000,2022,M2,LI25,3,78.30000000000001
seed_yield,2022,M2,LI27,1,5.140102040816327
oil_content,2022,M2,LI27,1,47.1
seed_weight_1000,2022,M2,LI27,1,62.9
seed_yield,2022,M2,LI27,2,3.451591836734694
oil_content,2022,M2,LI27,2,46.8
seed_weight_1000,2022,M2,LI27,2,62.2
seed_yield,2022,M2,LI27,3,3.598071428571429
oil_content,2022,M2,LI27,3,48.2
seed_weight_1000,2022,M2,LI27,3,65.9
seed_yield,2022,M2,LI28,1,3.313102040816327
oil_content,2022,M2,LI28,1,45.7
seed_weight_1000,2022,M2,LI28,1,73.5
seed_yield,2022,M2,LI28,2,3.725908163265307
oil_content,2022,M2,LI28,2,51.3
seed_weight_1000,2022,M2,LI28,2,76.1
seed_yield,2022,M2,LI28,3,4.085448979591837
oil_content,2022,M2,LI28,3,47.8
seed_weight_1000,2022,M2,LI28,3,74.80000000000001
seed_yield,2022,M2,LI29,1,1.83765306122449
oil_content,2022,M2,LI29,1,38.5
seed_weight_1000,2022,M2,LI29,1,88.30000000000001
seed_yield,2022,M2,LI29,2,3.582091836734694
oil_content,2022,M2,LI29,2,39.0
seed_weight_1000,2022,M2,LI29,2,92.3
seed_yield,2022,M2,LI29,3,2.586030612244898
oil_content,2022,M2,LI29,3,39.9
seed_weight_1000,2022,M2,LI29,3,89.3
seed_yield,2022,M2,LI30,1,4.237255102040817
oil_content,2022,M2,LI30,1,38.5
seed_weight_1000,2022,M2,LI30,1,93.0
seed_yield,2022,M2,LI30,2,3.2625
oil_content,2022,M2,LI30,2,37.5
seed_weight_1000,2022,M2,LI30,2,95.1
seed_yield,2022,M2,LI30,3,3.014816326530612
oil_content,2022,M2,LI30,3,37.8
seed_weight_1000,2022,M2,LI30,3,103.9
seed_yield,2022,M2,LI31,1,3.808469387755102
oil_content,2022,M2,LI31,1,49.5
seed_weight_1000,2022,M2,LI31,1,61.8
seed_yield,2022,M2,LI31,2,2.77245918367347
oil_content,2022,M2,LI31,2,46.4
seed_weight_1000,2022,M2,LI31,2,76.2
seed_yield,2022,M2,LI31,3,3.299785714285715
oil_content,2022,M2,LI31,3,48.7
seed_weight_1000,2022,M2,LI31,3,62.3
seed_yield,2022,M2,LI32,1,2.474173469387756
oil_content,2022,M2,LI32,1,50.9
seed_weight_1000,2022,M2,LI32,1,59.2
seed_yield,2022,M2,LI32,2,2.460857142857143
oil_content,2022,M2,LI32,2,45.2
seed_weight_1000,2022,M2,LI32,2,82.1
seed_yield,2022,M2,LI32,3,3.078734693877551
oil_content,2022,M2,LI32,3,51.3
seed_weight_1000,2022,M2,LI32,3,60.5
seed_yield,2022,M2,LI33,1,3.566112244897959
oil_content,2022,M2,LI33,1,48.0
seed_weight_1000,2022,M2,LI33,1,72.30000000000001
seed_yield,2022,M2,LI33,2,4.29584693877551
oil_content,2022,M2,LI33,2,46.1
seed_weight_1000,2022,M2,LI33,2,75.69999999999999
seed_yield,2022,M2,LI33,3,3.997561224489796
oil_content,2022,M2,LI33,3,48.7
seed_weight_1000,2022,M2,LI33,3,69.8
seed_yield,2022,M2,LI34,1,3.278479591836735
oil_content,2022,M2,LI34,1,47.2
seed_weight_1000,2022,M2,LI34,1,71.5
seed_yield,2022,M2,LI34,2,2.303724489795918
oil_content,2022,M2,LI34,2,45.1
seed_weight_1000,2022,M2,LI34,2,73.5
seed_yield,2022,M2,LI34,3,2.402265306122449
oil_content,2022,M2,LI34,3,49.5
seed_weight_1000,2022,M2,LI34,3,63.90000000000001
seed_yield,2022,M2,LI35,1,2.801755102040816
oil_content,2022,M2,LI35,1,47.8
seed_weight_1000,2022,M2,LI35,1,55.8
seed_yield,2022,M2,LI35,2,2.807081632653062
oil_content,2022,M2,LI35,2,44.7
seed_weight_1000,2022,M2,LI35,2,64.5
seed_yield,2022,M2,LI35,3,3.291795918367347
oil_content,2022,M2,LI35,3,49.5
seed_weight_1000,2022,M2,LI35,3,64.1
seed_yield,2022,M2,LI36,1,2.396938775510205
oil_content,2022,M2,LI36,1,44.8
seed_weight_1000,2022,M2,LI36,1,75.0
seed_yield,2022,M2,LI36,2,1.480775510204082
oil_content,2022,M2,LI36,2,44.8
seed_weight_1000,2022,M2,LI36,2,82.7
seed_yield,2022,M2,LI36,3,2.034734693877551
oil_content,2022,M2,LI36,3,47.1
seed_weight_1000,2022,M2,LI36,3,70.2
seed_yield,2022,M2,LI37,1,3.227877551020408
oil_content,2022,M2,LI37,1,48.5
seed_weight_1000,2022,M2,LI37,1,52.9
seed_yield,2022,M2,LI37,2,3.907010204081633
oil_content,2022,M2,LI37,2,44.4
seed_weight_1000,2022,M2,LI37,2,61.6
seed_yield,2022,M2,LI37,3,3.970928571428572
oil_content,2022,M2,LI37,3,47.2
seed_weight_1000,2022,M2,LI37,3,54.1
seed_yield,2022,M2,LI38,1,4.210622448979591
oil_content,2022,M2,LI38,1,50.0
seed_weight_1000,2022,M2,LI38,1,55.3
seed_yield,2022,M2,LI38,2,2.428897959183674
oil_content,2022,M2,LI38,2,49.3
seed_weight_1000,2022,M2,LI38,2,55.8
seed_yield,2022,M2,LI38,3,3.052102040816326
oil_content,2022,M2,LI38,3,47.2
seed_weight_1000,2022,M2,LI38,3,63.6
seed_yield,2022,M2,LI39,1,3.984244897959184
oil_content,2022,M2,LI39,1,48.6
seed_weight_1000,2022,M2,LI39,1,66.5
seed_yield,2022,M2,LI39,2,2.471510204081633
oil_content,2022,M2,LI39,2,46.4
seed_weight_1000,2022,M2,LI39,2,72.6
seed_yield,2022,M2,LI39,3,3.29445918367347
oil_content,2022,M2,LI39,3,47.9
seed_weight_1000,2022,M2,LI39,3,71.19999999999999
seed_yield,2022,M2,LI40,1,3.438275510204082
oil_content,2022,M2,LI40,1,51.5
seed_weight_1000,2022,M2,LI40,1,54.0
seed_yield,2022,M2,LI40,2,2.924265306122449
oil_content,2022,M2,LI40,2,48.0
seed_weight_1000,2022,M2,LI40,2,60.2
seed_yield,2022,M2,LI40,3,3.27315306122449
oil_content,2022,M2,LI40,3,48.1
seed_weight_1000,2022,M2,LI40,3,54.7
seed_yield,2022,M2,LI41,1,4.109418367346938
oil_content,2022,M2,LI41,1,50.7
seed_weight_1000,2022,M2,LI41,1,57.2
seed_yield,2022,M2,LI41,2,4.03484693877551
oil_content,2022,M2,LI41,2,48.7
seed_weight_1000,2022,M2,LI41,2,62.1
seed_yield,2022,M2,LI41,3,3.137326530612245
oil_content,2022,M2,LI41,3,50.8
seed_weight_1000,2022,M2,LI41,3,57.5
seed_yield,2022,M2,LI42,1,2.796428571428572
oil_content,2022,M2,LI42,1,49.3
seed_weight_1000,2022,M2,LI42,1,51.2
seed_yield,2022,M2,LI42,2,3.683295918367347
oil_content,2022,M2,LI42,2,48.9
seed_weight_1000,2022,M2,LI42,2,54.7
seed_yield,2022,M2,LI42,3,3.7845
oil_content,2022,M2,LI42,3,49.2
seed_weight_1000,2022,M2,LI42,3,50.3
seed_yield,2022,M2,LI43,1,3.198581632653062
oil_content,2022,M2,LI43,1,47.7
seed_weight_1000,2022,M2,LI43,1,56.2
seed_yield,2022,M2,LI43,2,3.507520408163265
oil_content,2022,M2,LI43,2,46.7
seed_weight_1000,2022,M2,LI43,2,60.0
seed_yield,2022,M2,LI43,3,3.664653061224489
oil_content,2022,M2,LI43,3,49.5
seed_weight_1000,2022,M2,LI43,3,50.7
seed_yield,2022,M2,LI44,1,3.717918367346938
oil_content,2022,M2,LI44,1,48.4
seed_weight_1000,2022,M2,LI44,1,51.1
seed_yield,2022,M2,LI44,2,2.436887755102041
oil_content,2022,M2,LI44,2,48.3
seed_weight_1000,2022,M2,LI44,2,50.0
seed_yield,2022,M2,LI44,3,2.39161224489796
oil_content,2022,M2,LI44,3,48.9
seed_weight_1000,2022,M2,LI44,3,52.8
seed_yield,2022,M2,LI45,1,3.638020408163265
oil_content,2022,M2,LI45,1,51.8
seed_weight_1000,2022,M2,LI45,1,60.7
seed_yield,2022,M2,LI45,2,3.257173469387756
oil_content,2022,M2,LI45,2,49.6
seed_weight_1000,2022,M2,LI45,2,72.5
seed_yield,2022,M2,LI45,3,3.723244897959183
oil_content,2022,M2,LI45,3,51.4
seed_weight_1000,2022,M2,LI45,3,69.0
seed_yield,2022,M2,LI46,1,2.72984693877551
oil_content,2022,M2,LI46,1,49.7
seed_weight_1000,2022,M2,LI46,1,65.1
seed_yield,2022,M2,LI46,2,3.062755102040816
oil_content,2022,M2,LI46,2,49.4
seed_weight_1000,2022,M2,LI46,2,68.6
seed_yield,2022,M2,LI46,3,3.265163265306122
oil_content,2022,M2,LI46,3,50.5
seed_weight_1000,2022,M2,LI46,3,64.7
seed_yield,2022,M2,LI47,1,3.089387755102041
oil_content,2022,M2,LI47,1,48.1
seed_weight_1000,2022,M2,LI47,1,56.5
seed_yield,2022,M2,LI47,2,3.254510204081633
oil_content,2022,M2,LI47,2,49.7
seed_weight_1000,2022,M2,LI47,2,60.3
seed_yield,2022,M2,LI47,3,4.325142857142858
oil_content,2022,M2,LI47,3,50.0
seed_weight_1000,2022,M2,LI47,3,58.1
seed_yield,2022,M2,LI48,1,3.813795918367347
oil_content,2022,M2,LI48,1,47.4
seed_weight_1000,2022,M2,LI48,1,58.9
seed_yield,2022,M2,LI48,2,3.5235
oil_content,2022,M2,LI48,2,47.5
seed_weight_1000,2022,M2,LI48,2,57.7
seed_yield,2022,M2,LI48,3,2.966877551020408
oil_content,2022,M2,LI48,3,48.3
seed_weight_1000,2022,M2,LI48,3,55.90000000000001
seed_yield,2022,M2,LI49,1,3.038785714285714
oil_content,2022,M2,LI49,1,49.2
seed_weight_1000,2022,M2,LI49,1,52.0
seed_yield,2022,M2,LI49,2,2.647285714285714
oil_content,2022,M2,LI49,2,50.1
seed_weight_1000,2022,M2,LI49,2,52.5
seed_yield,2022,M2,LI49,3,2.753816326530612
oil_content,2022,M2,LI49,3,49.2
seed_weight_1000,2022,M2,LI49,3,52.7
seed_yield,2022,M2,LI50,1,3.283806122448981
oil_content,2022,M2,LI50,1,46.2
seed_weight_1000,2022,M2,LI50,1,76.69999999999999
seed_yield,2022,M2,LI50,2,3.163959183673469
oil_content,2022,M2,LI50,2,46.7
seed_weight_1000,2022,M2,LI50,2,74.30000000000001
seed_yield,2022,M2,LI50,3,2.428897959183674
oil_content,2022,M2,LI50,3,45.2
seed_weight_1000,2022,M2,LI50,3,73.19999999999999
seed_yield,2022,M2,LI51,1,3.028132653061225
oil_content,2022,M2,LI51,1,47.6
seed_weight_1000,2022,M2,LI51,1,65.4
seed_yield,2022,M2,LI51,2,3.510183673469388
oil_content,2022,M2,LI51,2,49.4
seed_weight_1000,2022,M2,LI51,2,64.1
seed_yield,2022,M2,LI51,3,4.000224489795919
oil_content,2022,M2,LI51,3,49.3
seed_weight_1000,2022,M2,LI51,3,63.1
seed_yield,2022,M2,LI52,1,3.677969387755102
oil_content,2022,M2,LI52,1,49.6
seed_weight_1000,2022,M2,LI52,1,74.8
seed_yield,2022,M2,LI52,2,2.559397959183673
oil_content,2022,M2,LI52,2,49.2
seed_weight_1000,2022,M2,LI52,2,63.2
seed_yield,2022,M2,LI52,3,3.139989795918368
oil_content,2022,M2,LI52,3,48.4
seed_weight_1000,2022,M2,LI52,3,68.5
seed_yield,2022,M2,LI53,1,4.189316326530612
oil_content,2022,M2,LI53,1,50.7
seed_weight_1000,2022,M2,LI53,1,63.6
seed_yield,2022,M2,LI53,2,3.627367346938776
oil_content,2022,M2,LI53,2,50.3
seed_weight_1000,2022,M2,LI53,2,62.7
seed_yield,2022,M2,LI53,3,4.218612244897959
oil_content,2022,M2,LI53,3,48.3
seed_weight_1000,2022,M2,LI53,3,68.2
seed_yield,2022,M2,LI54,1,3.41430612244898
oil_content,2022,M2,LI54,1,46.6
seed_weight_1000,2022,M2,LI54,1,70.9
seed_yield,2022,M2,LI54,2,3.520836734693878
oil_content,2022,M2,LI54,2,47.4
seed_weight_1000,2022,M2,LI54,2,70.4
seed_yield,2022,M2,LI54,3,3.454255102040817
oil_content,2022,M2,LI54,3,43.7
seed_weight_1000,2022,M2,LI54,3,79.8
seed_yield,2022,M3,LI1,1,3.171948979591837
oil_content,2022,M3,LI1,1,48.7
seed_weight_1000,2022,M3,LI1,1,83.3
seed_yield,2022,M3,LI1,2,3.462244897959184
oil_content,2022,M3,LI1,2,46.0
seed_weight_1000,2022,M3,LI1,2,92.7
seed_yield,2022,M3,LI1,3,3.211897959183673
oil_content,2022,M3,LI1,3,46.0
seed_weight_1000,2022,M3,LI1,3,96.3
seed_yield,2022,M3,LI2,1,2.303724489795918
oil_content,2022,M3,LI2,1,51.2
seed_weight_1000,2022,M3,LI2,1,73.1
seed_yield,2022,M3,LI2,2,2.63130612244898
oil_content,2022,M3,LI2,2,49.7
seed_weight_1000,2022,M3,LI2,2,87.9
seed_yield,2022,M3,LI2,3,3.448928571428572
oil_content,2022,M3,LI2,3,50.2
seed_weight_1000,2022,M3,LI2,3,86.0
seed_yield,2022,M3,LI3,1,4.434336734693877
oil_content,2022,M3,LI3,1,49.1
seed_weight_1000,2022,M3,LI3,1,76.1
seed_yield,2022,M3,LI3,2,3.526163265306123
oil_content,2022,M3,LI3,2,47.8
seed_weight_1000,2022,M3,LI3,2,79.6
seed_yield,2022,M3,LI3,3,3.243857142857143
oil_content,2022,M3,LI3,3,50.2
seed_weight_1000,2022,M3,LI3,3,75.0
seed_yield,2022,M3,LI4,1,1.518061224489796
oil_content,2022,M3,LI4,1,50.3
seed_weight_1000,2022,M3,LI4,1,77.8
seed_yield,2022,M3,LI4,2,2.165234693877551
oil_content,2022,M3,LI4,2,49.4
seed_weight_1000,2022,M3,LI4,2,73.4
seed_yield,2022,M3,LI4,3,2.668591836734694
oil_content,2022,M3,LI4,3,49.5
seed_weight_1000,2022,M3,LI4,3,81.4
seed_yield,2022,M3,LI5,1,2.849693877551021
oil_content,2022,M3,LI5,1,51.2
seed_weight_1000,2022,M3,LI5,1,75.6
seed_yield,2022,M3,LI5,2,3.078734693877551
oil_content,2022,M3,LI5,2,52.7
seed_weight_1000,2022,M3,LI5,2,69.5
seed_yield,2022,M3,LI5,3,2.705877551020408
oil_content,2022,M3,LI5,3,50.0
seed_weight_1000,2022,M3,LI5,3,80.9
seed_yield,2022,M3,LI6,1,3.792489795918367
oil_content,2022,M3,LI6,1,50.6
seed_weight_1000,2022,M3,LI6,1,80.9
seed_yield,2022,M3,LI6,2,3.318428571428572
oil_content,2022,M3,LI6,2,51.1
seed_weight_1000,2022,M3,LI6,2,88.30000000000001
seed_yield,2022,M3,LI6,3,1.858959183673469
oil_content,2022,M3,LI6,3,43.2
seed_weight_1000,2022,M3,LI6,3,99.1
seed_yield,2022,M3,LI7,1,3.877714285714286
oil_content,2022,M3,LI7,1,53.3
seed_weight_1000,2022,M3,LI7,1,74.8
seed_yield,2022,M3,LI7,2,4.173336734693878
oil_content,2022,M3,LI7,2,54.2
seed_weight_1000,2022,M3,LI7,2,71.1
seed_yield,2022,M3,LI7,3,2.839040816326531
oil_content,2022,M3,LI7,3,47.6
seed_weight_1000,2022,M3,LI7,3,85.5
seed_yield,2022,M3,LI8,1,2.149255102040816
oil_content,2022,M3,LI8,1,50.3
seed_weight_1000,2022,M3,LI8,1,74.4
seed_yield,2022,M3,LI8,2,2.998836734693877
oil_content,2022,M3,LI8,2,50.4
seed_weight_1000,2022,M3,LI8,2,78.9
seed_yield,2022,M3,LI8,3,3.488877551020409
oil_content,2022,M3,LI8,3,48.8
seed_weight_1000,2022,M3,LI8,3,88.9
seed_yield,2022,M3,LI9,1,3.483551020408164
oil_content,2022,M3,LI9,1,49.0
seed_weight_1000,2022,M3,LI9,1,71.30000000000001
seed_yield,2022,M3,LI9,2,2.807081632653062
oil_content,2022,M3,LI9,2,51.4
seed_weight_1000,2022,M3,LI9,2,76.6
seed_yield,2022,M3,LI9,3,2.394275510204082
oil_content,2022,M3,LI9,3,46.0
seed_weight_1000,2022,M3,LI9,3,87.0
seed_yield,2022,M3,LI10,1,2.356989795918368
oil_content,2022,M3,LI10,1,48.7
seed_weight_1000,2022,M3,LI10,1,76.19999999999999
seed_yield,2022,M3,LI10,2,1.67519387755102
oil_content,2022,M3,LI10,2,45.6
seed_weight_1000,2022,M3,LI10,2,97.0
seed_yield,2022,M3,LI10,3,2.231816326530612
oil_content,2022,M3,LI10,3,47.5
seed_weight_1000,2022,M3,LI10,3,93.7
seed_yield,2022,M3,LI11,1,4.05615306122449
oil_content,2022,M3,LI11,1,50.6
seed_weight_1000,2022,M3,LI11,1,76.2
seed_yield,2022,M3,LI11,2,4.660714285714286
oil_content,2022,M3,LI11,2,49.9
seed_weight_1000,2022,M3,LI11,2,88.5
seed_yield,2022,M3,LI11,3,4.122734693877551
oil_content,2022,M3,LI11,3,48.3
seed_weight_1000,2022,M3,LI11,3,97.4
seed_yield,2022,M3,LI12,1,3.355714285714286
oil_content,2022,M3,LI12,1,48.1
seed_weight_1000,2022,M3,LI12,1,82.8
seed_yield,2022,M3,LI12,2,3.518173469387755
oil_content,2022,M3,LI12,2,45.3
seed_weight_1000,2022,M3,LI12,2,95.0
seed_yield,2022,M3,LI12,3,2.90295918367347
oil_content,2022,M3,LI12,3,43.8
seed_weight_1000,2022,M3,LI12,3,95.6
seed_yield,2022,M3,LI13,1,3.329081632653061
oil_content,2022,M3,LI13,1,51.5
seed_weight_1000,2022,M3,LI13,1,78.6
seed_yield,2022,M3,LI13,2,2.996173469387756
oil_content,2022,M3,LI13,2,51.9
seed_weight_1000,2022,M3,LI13,2,82.8
seed_yield,2022,M3,LI13,3,3.864397959183674
oil_content,2022,M3,LI13,3,51.2
seed_weight_1000,2022,M3,LI13,3,92.6
seed_yield,2022,M3,LI14,1,3.776510204081633
oil_content,2022,M3,LI14,1,50.7
seed_weight_1000,2022,M3,LI14,1,74.1
seed_yield,2022,M3,LI14,2,2.977530612244899
oil_content,2022,M3,LI14,2,51.1
seed_weight_1000,2022,M3,LI14,2,66.9
seed_yield,2022,M3,LI14,3,2.796428571428572
oil_content,2022,M3,LI14,3,47.2
seed_weight_1000,2022,M3,LI14,3,93.1
seed_yield,2022,M3,LI15,1,3.27315306122449
oil_content,2022,M3,LI15,1,51.0
seed_weight_1000,2022,M3,LI15,1,74.0
seed_yield,2022,M3,LI15,2,2.271765306122449
oil_content,2022,M3,LI15,2,49.2
seed_weight_1000,2022,M3,LI15,2,80.30000000000001
seed_yield,2022,M3,LI15,3,2.743163265306123
oil_content,2022,M3,LI15,3,48.2
seed_weight_1000,2022,M3,LI15,3,86.80000000000001
seed_yield,2022,M3,LI16,1,3.049438775510204
oil_content,2022,M3,LI16,1,51.2
seed_weight_1000,2022,M3,LI16,1,68.80000000000001
seed_yield,2022,M3,LI16,2,3.02280612244898
oil_content,2022,M3,LI16,2,48.9
seed_weight_1000,2022,M3,LI16,2,72.6
seed_yield,2022,M3,LI16,3,3.949622448979592
oil_content,2022,M3,LI16,3,49.7
seed_weight_1000,2022,M3,LI16,3,88.0
seed_yield,2022,M3,LI17,1,2.49015306122449
oil_content,2022,M3,LI17,1,49.6
seed_weight_1000,2022,M3,LI17,1,71.4
seed_yield,2022,M3,LI17,2,3.616714285714286
oil_content,2022,M3,LI17,2,50.6
seed_weight_1000,2022,M3,LI17,2,78.6
seed_yield,2022,M3,LI17,3,3.739224489795918
oil_content,2022,M3,LI17,3,49.4
seed_weight_1000,2022,M3,LI17,3,85.5
seed_yield,2022,M3,LI18,1,3.981581632653062
oil_content,2022,M3,LI18,1,49.0
seed_weight_1000,2022,M3,LI18,1,89.69999999999999
seed_yield,2022,M3,LI18,2,3.419632653061225
oil_content,2022,M3,LI18,2,50.2
seed_weight_1000,2022,M3,LI18,2,83.8
seed_yield,2022,M3,LI18,3,2.831051020408163
oil_content,2022,M3,LI18,3,47.4
seed_weight_1000,2022,M3,LI18,3,98.8
seed_yield,2022,M3,LI19,1,4.136051020408163
oil_content,2022,M3,LI19,1,52.5
seed_weight_1000,2022,M3,LI19,1,72.69999999999999
seed_yield,2022,M3,LI19,2,3.424959183673469
oil_content,2022,M3,LI19,2,49.5
seed_weight_1000,2022,M3,LI19,2,73.5
seed_yield,2022,M3,LI19,3,3.139989795918368
oil_content,2022,M3,LI19,3,49.5
seed_weight_1000,2022,M3,LI19,3,86.5
seed_yield,2022,M3,LI20,1,4.423683673469388
oil_content,2022,M3,LI20,1,51.0
seed_weight_1000,2022,M3,LI20,1,69.4
seed_yield,2022,M3,LI20,2,3.350387755102041
oil_content,2022,M3,LI20,2,49.0
seed_weight_1000,2022,M3,LI20,2,72.19999999999999
seed_yield,2022,M3,LI20,3,3.949622448979592
oil_content,2022,M3,LI20,3,47.5
seed_weight_1000,2022,M3,LI20,3,76.9
seed_yield,2022,M3,LI21,1,3.214561224489796
oil_content,2022,M3,LI21,1,47.4
seed_weight_1000,2022,M3,LI21,1,88.5
seed_yield,2022,M3,LI21,2,2.647285714285714
oil_content,2022,M3,LI21,2,43.7
seed_weight_1000,2022,M3,LI21,2,100.7
seed_yield,2022,M3,LI21,3,3.400989795918368
oil_content,2022,M3,LI21,3,45.4
seed_weight_1000,2022,M3,LI21,3,87.3
seed_yield,2022,M3,LI22,1,3.712591836734694
oil_content,2022,M3,LI22,1,48.2
seed_weight_1000,2022,M3,LI22,1,88.5
seed_yield,2022,M3,LI22,2,3.800479591836735
oil_content,2022,M3,LI22,2,45.3
seed_weight_1000,2022,M3,LI22,2,102.7
seed_yield,2022,M3,LI22,3,3.701938775510204
oil_content,2022,M3,LI22,3,46.2
seed_weight_1000,2022,M3,LI22,3,96.3
seed_yield,2022,M3,LI23,1,3.227877551020408
oil_content,2022,M3,LI23,1,47.5
seed_weight_1000,2022,M3,LI23,1,89.7
seed_yield,2022,M3,LI23,2,1.704489795918367
oil_content,2022,M3,LI23,2,47.9
seed_weight_1000,2022,M3,LI23,2,92.1
seed_yield,2022,M3,LI23,3,2.948234693877551
oil_content,2022,M3,LI23,3,46.5
seed_weight_1000,2022,M3,LI23,3,97.7
seed_yield,2022,M3,LI24,1,2.687234693877551
oil_content,2022,M3,LI24,1,50.2
seed_weight_1000,2022,M3,LI24,1,69.5
seed_yield,2022,M3,LI24,2,3.566112244897959
oil_content,2022,M3,LI24,2,49.7
seed_weight_1000,2022,M3,LI24,2,82.0
seed_yield,2022,M3,LI24,3,3.595408163265306
oil_content,2022,M3,LI24,3,50.2
seed_weight_1000,2022,M3,LI24,3,78.30000000000001
seed_yield,2022,M3,LI25,1,3.720581632653062
oil_content,2022,M3,LI25,1,48.8
seed_weight_1000,2022,M3,LI25,1,83.8
seed_yield,2022,M3,LI25,2,2.918938775510204
oil_content,2022,M3,LI25,2,48.4
seed_weight_1000,2022,M3,LI25,2,105.4
seed_yield,2022,M3,LI25,3,3.760530612244898
oil_content,2022,M3,LI25,3,49.2
seed_weight_1000,2022,M3,LI25,3,89.7
seed_yield,2022,M3,LI26,1,2.88165306122449
oil_content,2022,M3,LI26,1,45.4
seed_weight_1000,2022,M3,LI26,1,75.30000000000001
seed_yield,2022,M3,LI26,2,2.575377551020408
oil_content,2022,M3,LI26,2,44.3
seed_weight_1000,2022,M3,LI26,2,96.4
seed_yield,2022,M3,LI26,3,1.563336734693878
oil_content,2022,M3,LI26,3,48.9
seed_weight_1000,2022,M3,LI26,3,88.1
seed_yield,2022,M3,LI27,1,3.699275510204082
oil_content,2022,M3,LI27,1,46.4
seed_weight_1000,2022,M3,LI27,1,83.4
seed_yield,2022,M3,LI27,2,2.159908163265306
oil_content,2022,M3,LI27,2,43.7
seed_weight_1000,2022,M3,LI27,2,92.6
seed_yield,2022,M3,LI27,3,3.006826530612245
oil_content,2022,M3,LI27,3,44.4
seed_weight_1000,2022,M3,LI27,3,95.7
seed_yield,2022,M3,LI28,1,3.041448979591836
oil_content,2022,M3,LI28,1,47.8
seed_weight_1000,2022,M3,LI28,1,85.3
seed_yield,2022,M3,LI28,2,1.749765306122449
oil_content,2022,M3,LI28,2,48.6
seed_weight_1000,2022,M3,LI28,2,72.3
seed_yield,2022,M3,LI28,3,2.63130612244898
oil_content,2022,M3,LI28,3,47.1
seed_weight_1000,2022,M3,LI28,3,91.6
seed_yield,2022,M3,LI29,1,5.000280612244898
oil_content,2022,M3,LI29,1,38.3
seed_weight_1000,2022,M3,LI29,1,120.2
seed_yield,2022,M3,LI29,2,3.7845
oil_content,2022,M3,LI29,2,39.9
seed_weight_1000,2022,M3,LI29,2,123.5
seed_yield,2022,M3,LI29,3,2.692561224489796
oil_content,2022,M3,LI29,3,40.2
seed_weight_1000,2022,M3,LI29,3,117.1
seed_yield,2022,M3,LI30,1,2.538091836734694
oil_content,2022,M3,LI30,1,40.3
seed_weight_1000,2022,M3,LI30,1,120.4
seed_yield,2022,M3,LI30,2,2.594020408163265
oil_content,2022,M3,LI30,2,42.4
seed_weight_1000,2022,M3,LI30,2,99.5
seed_yield,2022,M3,LI30,3,1.57665306122449
oil_content,2022,M3,LI30,3,41.8
seed_weight_1000,2022,M3,LI30,3,107.3
seed_yield,2022,M3,LI31,1,3.118683673469388
oil_content,2022,M3,LI31,1,45.5
seed_weight_1000,2022,M3,LI31,1,88.8
seed_yield,2022,M3,LI31,2,2.937581632653061
oil_content,2022,M3,LI31,2,47.3
seed_weight_1000,2022,M3,LI31,2,78.4
seed_yield,2022,M3,LI31,3,2.72984693877551
oil_content,2022,M3,LI31,3,47.2
seed_weight_1000,2022,M3,LI31,3,90.5
seed_yield,2022,M3,LI32,1,1.914887755102041
oil_content,2022,M3,LI32,1,50.5
seed_weight_1000,2022,M3,LI32,1,72.1
seed_yield,2022,M3,LI32,2,1.986795918367347
oil_content,2022,M3,LI32,2,51.3
seed_weight_1000,2022,M3,LI32,2,74.0
seed_yield,2022,M3,LI32,3,2.828387755102041
oil_content,2022,M3,LI32,3,51.0
seed_weight_1000,2022,M3,LI32,3,69.4
seed_yield,2022,M3,LI33,1,4.162683673469387
oil_content,2022,M3,LI33,1,47.7
seed_weight_1000,2022,M3,LI33,1,86.4
seed_yield,2022,M3,LI33,2,3.390336734693877
oil_content,2022,M3,LI33,2,49.8
seed_weight_1000,2022,M3,LI33,2,82.0
seed_yield,2022,M3,LI33,3,3.845755102040816
oil_content,2022,M3,LI33,3,50.6
seed_weight_1000,2022,M3,LI33,3,80.5
seed_yield,2022,M3,LI34,1,2.37030612244898
oil_content,2022,M3,LI34,1,48.1
seed_weight_1000,2022,M3,LI34,1,85.1
seed_yield,2022,M3,LI34,2,2.532765306122449
oil_content,2022,M3,LI34,2,46.9
seed_weight_1000,2022,M3,LI34,2,88.4
seed_yield,2022,M3,LI34,3,2.732510204081633
oil_content,2022,M3,LI34,3,50.6
seed_weight_1000,2022,M3,LI34,3,82.3
seed_yield,2022,M3,LI35,1,4.120071428571428
oil_content,2022,M3,LI35,1,47.1
seed_weight_1000,2022,M3,LI35,1,80.1
seed_yield,2022,M3,LI35,2,2.522112244897959
oil_content,2022,M3,LI35,2,48.3
seed_weight_1000,2022,M3,LI35,2,78.8
seed_yield,2022,M3,LI35,3,2.985520408163266
oil_content,2022,M3,LI35,3,48.8
seed_weight_1000,2022,M3,LI35,3,71.4
seed_yield,2022,M3,LI36,1,3.185265306122449
oil_content,2022,M3,LI36,1,45.9
seed_weight_1000,2022,M3,LI36,1,88.0
seed_yield,2022,M3,LI36,2,2.183877551020408
oil_content,2022,M3,LI36,2,46.5
seed_weight_1000,2022,M3,LI36,2,91.0
seed_yield,2022,M3,LI36,3,2.367642857142858
oil_content,2022,M3,LI36,3,47.4
seed_weight_1000,2022,M3,LI36,3,87.0
seed_yield,2022,M3,LI37,1,3.504857142857143
oil_content,2022,M3,LI37,1,51.2
seed_weight_1000,2022,M3,LI37,1,69.6
seed_yield,2022,M3,LI37,2,3.009489795918367
oil_content,2022,M3,LI37,2,51.0
seed_weight_1000,2022,M3,LI37,2,79.6
seed_yield,2022,M3,LI37,3,3.496867346938776
oil_content,2022,M3,LI37,3,49.5
seed_weight_1000,2022,M3,LI37,3,77.8
seed_yield,2022,M3,LI38,1,2.839040816326531
oil_content,2022,M3,LI38,1,52.6
seed_weight_1000,2022,M3,LI38,1,67.3
seed_yield,2022,M3,LI38,2,3.592744897959184
oil_content,2022,M3,LI38,2,50.9
seed_weight_1000,2022,M3,LI38,2,71.19999999999999
seed_yield,2022,M3,LI38,3,2.926928571428572
oil_content,2022,M3,LI38,3,52.8
seed_weight_1000,2022,M3,LI38,3,66.5
seed_yield,2022,M3,LI39,1,4.229265306122449
oil_content,2022,M3,LI39,1,48.8
seed_weight_1000,2022,M3,LI39,1,83.4
seed_yield,2022,M3,LI39,2,2.916275510204082
oil_content,2022,M3,LI39,2,51.4
seed_weight_1000,2022,M3,LI39,2,76.7
seed_yield,2022,M3,LI39,3,4.354438775510205
oil_content,2022,M3,LI39,3,48.9
seed_weight_1000,2022,M3,LI39,3,77.19999999999999
seed_yield,2022,M3,LI40,1,2.63130612244898
oil_content,2022,M3,LI40,1,51.3
seed_weight_1000,2022,M3,LI40,1,79.3
seed_yield,2022,M3,LI40,2,2.354326530612245
oil_content,2022,M3,LI40,2,48.7
seed_weight_1000,2022,M3,LI40,2,82.5
seed_yield,2022,M3,LI40,3,2.86034693877551
oil_content,2022,M3,LI40,3,49.5
seed_weight_1000,2022,M3,LI40,3,88.3
seed_yield,2022,M3,LI41,1,3.43561224489796
oil_content,2022,M3,LI41,1,51.1
seed_weight_1000,2022,M3,LI41,1,80.19999999999999
seed_yield,2022,M3,LI41,2,3.097377551020409
oil_content,2022,M3,LI41,2,49.2
seed_weight_1000,2022,M3,LI41,2,86.1
seed_yield,2022,M3,LI41,3,2.657938775510204
oil_content,2022,M3,LI41,3,39.2
seed_weight_1000,2022,M3,LI41,3,83.9
seed_yield,2022,M3,LI42,1,3.765857142857143
oil_content,2022,M3,LI42,1,50.6
seed_weight_1000,2022,M3,LI42,1,75.80000000000001
seed_yield,2022,M3,LI42,2,2.942908163265307
oil_content,2022,M3,LI42,2,49.8
seed_weight_1000,2022,M3,LI42,2,70.0
seed_yield,2022,M3,LI42,3,3.848418367346939
oil_content,2022,M3,LI42,3,48.5
seed_weight_1000,2022,M3,LI42,3,76.4
seed_yield,2022,M3,LI43,1,3.55545918367347
oil_content,2022,M3,LI43,1,49.2
seed_weight_1000,2022,M3,LI43,1,70.6
seed_yield,2022,M3,LI43,2,3.467571428571429
oil_content,2022,M3,LI43,2,48.2
seed_weight_1000,2022,M3,LI43,2,77.4
seed_yield,2022,M3,LI43,3,2.442214285714286
oil_content,2022,M3,LI43,3,45.0
seed_weight_1000,2022,M3,LI43,3,85.1
seed_yield,2022,M3,LI44,1,4.189316326530612
oil_content,2022,M3,LI44,1,47.9
seed_weight_1000,2022,M3,LI44,1,74.30000000000001
seed_yield,2022,M3,LI44,2,2.064030612244898
oil_content,2022,M3,LI44,2,50.1
seed_weight_1000,2022,M3,LI44,2,59.0
seed_yield,2022,M3,LI44,3,2.602010204081633
oil_content,2022,M3,LI44,3,48.4
seed_weight_1000,2022,M3,LI44,3,70.9
seed_yield,2022,M3,LI45,1,2.111969387755102
oil_content,2022,M3,LI45,1,43.6
seed_weight_1000,2022,M3,LI45,1,101.9
seed_yield,2022,M3,LI45,2,2.817734693877551
oil_content,2022,M3,LI45,2,49.9
seed_weight_1000,2022,M3,LI45,2,82.7
seed_yield,2022,M3,LI45,3,3.329081632653061
oil_content,2022,M3,LI45,3,51.2
seed_weight_1000,2022,M3,LI45,3,73.3
seed_yield,2022,M3,LI46,1,3.390336734693877
oil_content,2022,M3,LI46,1,47.5
seed_weight_1000,2022,M3,LI46,1,92.8
seed_yield,2022,M3,LI46,2,4.370418367346939
oil_content,2022,M3,LI46,2,49.1
seed_weight_1000,2022,M3,LI46,2,87.7
seed_yield,2022,M3,LI46,3,3.731234693877551
oil_content,2022,M3,LI46,3,49.0
seed_weight_1000,2022,M3,LI46,3,85.80000000000001
seed_yield,2022,M3,LI47,1,2.71919387755102
oil_content,2022,M3,LI47,1,45.6
seed_weight_1000,2022,M3,LI47,1,80.8
seed_yield,2022,M3,LI47,2,1.512734693877551
oil_content,2022,M3,LI47,2,46.4
seed_weight_1000,2022,M3,LI47,2,75.6
seed_yield,2022,M3,LI47,3,1.96815306122449
oil_content,2022,M3,LI47,3,47.5
seed_weight_1000,2022,M3,LI47,3,78.69999999999999
seed_yield,2022,M3,LI48,1,2.961551020408164
oil_content,2022,M3,LI48,1,49.4
seed_weight_1000,2022,M3,LI48,1,66.80000000000001
seed_yield,2022,M3,LI48,2,4.045500000000001
oil_content,2022,M3,LI48,2,49.6
seed_weight_1000,2022,M3,LI48,2,75.9
seed_yield,2022,M3,LI48,3,3.38234693877551
oil_content,2022,M3,LI48,3,49.7
seed_weight_1000,2022,M3,LI48,3,74.5
seed_yield,2022,M3,LI49,1,2.70854081632653
oil_content,2022,M3,LI49,1,51.5
seed_weight_1000,2022,M3,LI49,1,66.2
seed_yield,2022,M3,LI49,2,2.801755102040816
oil_content,2022,M3,LI49,2,52.0
seed_weight_1000,2022,M3,LI49,2,57.8
seed_yield,2022,M3,LI49,3,3.5235
oil_content,2022,M3,LI49,3,48.5
seed_weight_1000,2022,M3,LI49,3,71.80000000000001
seed_yield,2022,M3,LI50,1,2.63130612244898
oil_content,2022,M3,LI50,1,46.8
seed_weight_1000,2022,M3,LI50,1,78.9
seed_yield,2022,M3,LI50,2,3.680632653061224
oil_content,2022,M3,LI50,2,45.8
seed_weight_1000,2022,M3,LI50,2,103.2
seed_yield,2022,M3,LI50,3,2.404928571428572
oil_content,2022,M3,LI50,3,47.6
seed_weight_1000,2022,M3,LI50,3,89.1
seed_yield,2022,M3,LI51,1,3.310438775510204
oil_content,2022,M3,LI51,1,49.9
seed_weight_1000,2022,M3,LI51,1,75.2
seed_yield,2022,M3,LI51,2,2.570051020408163
oil_content,2022,M3,LI51,2,50.0
seed_weight_1000,2022,M3,LI51,2,78.6
seed_yield,2022,M3,LI51,3,3.337071428571428
oil_content,2022,M3,LI51,3,50.1
seed_weight_1000,2022,M3,LI51,3,79.2
seed_yield,2022,M3,LI52,1,3.475561224489796
oil_content,2022,M3,LI52,1,51.7
seed_weight_1000,2022,M3,LI52,1,79.5
seed_yield,2022,M3,LI52,2,2.91361224489796
oil_content,2022,M3,LI52,2,47.4
seed_weight_1000,2022,M3,LI52,2,86.3
seed_yield,2022,M3,LI52,3,3.51284693877551
oil_content,2022,M3,LI52,3,50.3
seed_weight_1000,2022,M3,LI52,3,85.69999999999999
seed_yield,2022,M3,LI53,1,3.464908163265306
oil_content,2022,M3,LI53,1,50.5
seed_weight_1000,2022,M3,LI53,1,76.2
seed_yield,2022,M3,LI53,2,3.781836734693877
oil_content,2022,M3,LI53,2,48.8
seed_weight_1000,2022,M3,LI53,2,91.3
seed_yield,2022,M3,LI53,3,3.40365306122449
oil_content,2022,M3,LI53,3,50.7
seed_weight_1000,2022,M3,LI53,3,87.19999999999999
seed_yield,2022,M3,LI54,1,4.154693877551021
oil_content,2022,M3,LI54,1,46.2
seed_weight_1000,2022,M3,LI54,1,86.5
seed_yield,2022,M3,LI54,2,3.984244897959184
oil_content,2022,M3,LI54,2,43.9
seed_weight_1000,2022,M3,LI54,2,86.9
seed_yield,2022,M3,LI54,3,3.536816326530613
oil_content,2022,M3,LI54,3,45.5
seed_weight_1000,2022,M3,LI54,3,82.8
seed_yield,2023,M1,LI1,1,2.812408163265306
oil_content,2023,M1,LI1,1,46.8
seed_weight_1000,2023,M1,LI1,1,77.80000000000001
seed_yield,2023,M1,LI1,2,2.165234693877551
oil_content,2023,M1,LI1,2,50.5
seed_weight_1000,2023,M1,LI1,2,68.5
seed_yield,2023,M1,LI1,3,2.080010204081633
oil_content,2023,M1,LI1,3,51.2
seed_weight_1000,2023,M1,LI1,3,64.1
seed_yield,2023,M1,LI2,1,3.640683673469388
oil_content,2023,M1,LI2,1,53.9
seed_weight_1000,2023,M1,LI2,1,56.3
seed_yield,2023,M1,LI2,2,3.643346938775511
oil_content,2023,M1,LI2,2,54.5
seed_weight_1000,2023,M1,LI2,2,61.6
seed_yield,2023,M1,LI2,3,4.112081632653062
oil_content,2023,M1,LI2,3,52.3
seed_weight_1000,2023,M1,LI2,3,66.30000000000001
seed_yield,2023,M1,LI3,1,3.27315306122449
oil_content,2023,M1,LI3,1,52.8
seed_weight_1000,2023,M1,LI3,1,54.7
seed_yield,2023,M1,LI3,2,3.55545918367347
oil_content,2023,M1,LI3,2,51.9
seed_weight_1000,2023,M1,LI3,2,55.1
seed_yield,2023,M1,LI3,3,2.604673469387755
oil_content,2023,M1,LI3,3,49.8
seed_weight_1000,2023,M1,LI3,3,56.7
seed_yield,2023,M1,LI4,1,4.263887755102041
oil_content,2023,M1,LI4,1,52.3
seed_weight_1000,2023,M1,LI4,1,58.0
seed_yield,2023,M1,LI4,2,3.7845
oil_content,2023,M1,LI4,2,51.9
seed_weight_1000,2023,M1,LI4,2,56.1
seed_yield,2023,M1,LI4,3,3.789826530612245
oil_content,2023,M1,LI4,3,50.4
seed_weight_1000,2023,M1,LI4,3,61.0
seed_yield,2023,M1,LI5,1,2.878989795918367
oil_content,2023,M1,LI5,1,53.9
seed_weight_1000,2023,M1,LI5,1,57.0
seed_yield,2023,M1,LI5,2,2.57804081632653
oil_content,2023,M1,LI5,2,54.9
seed_weight_1000,2023,M1,LI5,2,54.6
seed_yield,2023,M1,LI5,3,2.908285714285715
oil_content,2023,M1,LI5,3,52.0
seed_weight_1000,2023,M1,LI5,3,57.6
seed_yield,2023,M1,LI6,1,3.070744897959184
oil_content,2023,M1,LI6,1,53.5
seed_weight_1000,2023,M1,LI6,1,54.8
seed_yield,2023,M1,LI6,2,3.225214285714286
oil_content,2023,M1,LI6,2,52.3
seed_weight_1000,2023,M1,LI6,2,59.40000000000001
seed_yield,2023,M1,LI6,3,3.539479591836734
oil_content,2023,M1,LI6,3,51.9
seed_weight_1000,2023,M1,LI6,3,63.8
seed_yield,2023,M1,LI7,1,3.813795918367347
oil_content,2023,M1,LI7,1,50.5
seed_weight_1000,2023,M1,LI7,1,64.1
seed_yield,2023,M1,LI7,2,3.891030612244899
oil_content,2023,M1,LI7,2,50.3
seed_weight_1000,2023,M1,LI7,2,67.19999999999999
seed_yield,2023,M1,LI7,3,4.322479591836735
oil_content,2023,M1,LI7,3,49.5
seed_weight_1000,2023,M1,LI7,3,74.5
seed_yield,2023,M1,LI8,1,4.59945918367347
oil_content,2023,M1,LI8,1,50.7
seed_weight_1000,2023,M1,LI8,1,61.3
seed_yield,2023,M1,LI8,2,3.587418367346938
oil_content,2023,M1,LI8,2,50.5
seed_weight_1000,2023,M1,LI8,2,57.5
seed_yield,2023,M1,LI8,3,4.042836734693878
oil_content,2023,M1,LI8,3,51.7
seed_weight_1000,2023,M1,LI8,3,60.3
seed_yield,2023,M1,LI9,1,3.79515306122449
oil_content,2023,M1,LI9,1,48.7
seed_weight_1000,2023,M1,LI9,1,60.90000000000001
seed_yield,2023,M1,LI9,2,3.030795918367347
oil_content,2023,M1,LI9,2,49.5
seed_weight_1000,2023,M1,LI9,2,53.1
seed_yield,2023,M1,LI9,3,2.676581632653061
oil_content,2023,M1,LI9,3,50.1
seed_weight_1000,2023,M1,LI9,3,53.1
seed_yield,2023,M1,LI10,1,2.197193877551021
oil_content,2023,M1,LI10,1,50.0
seed_weight_1000,2023,M1,LI10,1,74.2
seed_yield,2023,M1,LI10,2,2.990846938775511
oil_content,2023,M1,LI10,2,51.3
seed_weight_1000,2023,M1,LI10,2,69.6
seed_yield,2023,M1,LI10,3,2.889642857142857
oil_content,2023,M1,LI10,3,51.5
seed_weight_1000,2023,M1,LI10,3,69.7
seed_yield,2023,M1,LI11,1,3.270489795918368
oil_content,2023,M1,LI11,1,50.9
seed_weight_1000,2023,M1,LI11,1,65.4
seed_yield,2023,M1,LI11,2,3.54480612244898
oil_content,2023,M1,LI11,2,51.3
seed_weight_1000,2023,M1,LI11,2,67.7
seed_yield,2023,M1,LI11,3,2.88165306122449
oil_content,2023,M1,LI11,3,53.2
seed_weight_1000,2023,M1,LI11,3,64.4
seed_yield,2023,M1,LI12,1,3.749877551020408
oil_content,2023,M1,LI12,1,50.6
seed_weight_1000,2023,M1,LI12,1,63.2
seed_yield,2023,M1,LI12,2,1.94684693877551
oil_content,2023,M1,LI12,2,48.0
seed_weight_1000,2023,M1,LI12,2,60.6
seed_yield,2023,M1,LI12,3,4.237255102040817
oil_content,2023,M1,LI12,3,48.8
seed_weight_1000,2023,M1,LI12,3,70.5
seed_yield,2023,M1,LI13,1,2.181214285714286
oil_content,2023,M1,LI13,1,51.6
seed_weight_1000,2023,M1,LI13,1,66.80000000000001
seed_yield,2023,M1,LI13,2,2.290408163265306
oil_content,2023,M1,LI13,2,49.4
seed_weight_1000,2023,M1,LI13,2,70.7
seed_yield,2023,M1,LI13,3,3.238530612244898
oil_content,2023,M1,LI13,3,52.0
seed_weight_1000,2023,M1,LI13,3,66.30000000000001
seed_yield,2023,M1,LI14,1,4.074795918367347
oil_content,2023,M1,LI14,1,49.8
seed_weight_1000,2023,M1,LI14,1,66.1
seed_yield,2023,M1,LI14,2,3.915
oil_content,2023,M1,LI14,2,50.3
seed_weight_1000,2023,M1,LI14,2,70.3
seed_yield,2023,M1,LI14,3,3.917663265306123
oil_content,2023,M1,LI14,3,49.6
seed_weight_1000,2023,M1,LI14,3,69.7
seed_yield,2023,M1,LI15,1,3.358377551020408
oil_content,2023,M1,LI15,1,52.1
seed_weight_1000,2023,M1,LI15,1,57.9
seed_yield,2023,M1,LI15,2,3.169285714285714
oil_content,2023,M1,LI15,2,52.9
seed_weight_1000,2023,M1,LI15,2,69.4
seed_yield,2023,M1,LI15,3,3.446265306122449
oil_content,2023,M1,LI15,3,51.3
seed_weight_1000,2023,M1,LI15,3,63.40000000000001
seed_yield,2023,M1,LI16,1,4.253234693877551
oil_content,2023,M1,LI16,1,51.1
seed_weight_1000,2023,M1,LI16,1,61.8
seed_yield,2023,M1,LI16,2,3.385010204081633
oil_content,2023,M1,LI16,2,50.9
seed_weight_1000,2023,M1,LI16,2,74.2
seed_yield,2023,M1,LI16,3,3.744551020408163
oil_content,2023,M1,LI16,3,51.9
seed_weight_1000,2023,M1,LI16,3,62.0
seed_yield,2023,M1,LI17,1,2.737836734693878
oil_content,2023,M1,LI17,1,53.2
seed_weight_1000,2023,M1,LI17,1,53.7
seed_yield,2023,M1,LI17,2,3.821785714285715
oil_content,2023,M1,LI17,2,51.7
seed_weight_1000,2023,M1,LI17,2,59.6
seed_yield,2023,M1,LI17,3,3.50219387755102
oil_content,2023,M1,LI17,3,52.2
seed_weight_1000,2023,M1,LI17,3,51.1
seed_yield,2023,M1,LI18,1,4.827168367346939
oil_content,2023,M1,LI18,1,52.5
seed_weight_1000,2023,M1,LI18,1,54.9
seed_yield,2023,M1,LI18,2,3.108030612244898
oil_content,2023,M1,LI18,2,51.8
seed_weight_1000,2023,M1,LI18,2,63.5
seed_yield,2023,M1,LI18,3,3.331744897959183
oil_content,2023,M1,LI18,3,53.3
seed_weight_1000,2023,M1,LI18,3,56.5
seed_yield,2023,M1,LI19,1,2.929591836734694
oil_content,2023,M1,LI19,1,52.8
seed_weight_1000,2023,M1,LI19,1,54.1
seed_yield,2023,M1,LI19,2,3.781836734693877
oil_content,2023,M1,LI19,2,52.8
seed_weight_1000,2023,M1,LI19,2,60.6
seed_yield,2023,M1,LI19,3,3.989571428571429
oil_content,2023,M1,LI19,3,53.1
seed_weight_1000,2023,M1,LI19,3,54.2
seed_yield,2023,M1,LI20,1,3.198581632653062
oil_content,2023,M1,LI20,1,51.6
seed_weight_1000,2023,M1,LI20,1,55.3
seed_yield,2023,M1,LI20,2,2.295734693877552
oil_content,2023,M1,LI20,2,51.9
seed_weight_1000,2023,M1,LI20,2,51.6
seed_yield,2023,M1,LI20,3,3.302448979591837
oil_content,2023,M1,LI20,3,51.3
seed_weight_1000,2023,M1,LI20,3,49.4
seed_yield,2023,M1,LI21,1,3.733897959183674
oil_content,2023,M1,LI21,1,51.2
seed_weight_1000,2023,M1,LI21,1,70.5
seed_yield,2023,M1,LI21,2,3.7845
oil_content,2023,M1,LI21,2,52.7
seed_weight_1000,2023,M1,LI21,2,73.5
seed_yield,2023,M1,LI21,3,3.656663265306123
oil_content,2023,M1,LI21,3,50.8
seed_weight_1000,2023,M1,LI21,3,65.7
seed_yield,2023,M1,LI22,1,2.676581632653061
oil_content,2023,M1,LI22,1,50.9
seed_weight_1000,2023,M1,LI22,1,68.9
seed_yield,2023,M1,LI22,2,2.026744897959184
oil_content,2023,M1,LI22,2,50.8
seed_weight_1000,2023,M1,LI22,2,60.0
seed_yield,2023,M1,LI22,3,3.371693877551021
oil_content,2023,M1,LI22,3,51.1
seed_weight_1000,2023,M1,LI22,3,64.80000000000001
seed_yield,2023,M1,LI23,1,4.072132653061225
oil_content,2023,M1,LI23,1,49.3
seed_weight_1000,2023,M1,LI23,1,83.19999999999999
seed_yield,2023,M1,LI23,2,3.909673469387755
oil_content,2023,M1,LI23,2,52.7
seed_weight_1000,2023,M1,LI23,2,83.1
seed_yield,2023,M1,LI23,3,3.715255102040817
oil_content,2023,M1,LI23,3,50.5
seed_weight_1000,2023,M1,LI23,3,80.7
seed_yield,2023,M1,LI24,1,3.145316326530613
oil_content,2023,M1,LI24,1,51.8
seed_weight_1000,2023,M1,LI24,1,56.1
seed_yield,2023,M1,LI24,2,3.464908163265306
oil_content,2023,M1,LI24,2,50.4
seed_weight_1000,2023,M1,LI24,2,53.0
seed_yield,2023,M1,LI24,3,2.567387755102041
oil_content,2023,M1,LI24,3,49.8
seed_weight_1000,2023,M1,LI24,3,55.2
seed_yield,2023,M1,LI25,1,3.880377551020408
oil_content,2023,M1,LI25,1,50.5
seed_weight_1000,2023,M1,LI25,1,75.8
seed_yield,2023,M1,LI25,2,4.03484693877551
oil_content,2023,M1,LI25,2,51.7
seed_weight_1000,2023,M1,LI25,2,73.0
seed_yield,2023,M1,LI25,3,4.399714285714286
oil_content,2023,M1,LI25,3,48.3
seed_weight_1000,2023,M1,LI25,3,77.6
seed_yield,2023,M1,LI26,1,3.456918367346939
oil_content,2023,M1,LI26,1,50.5
seed_weight_1000,2023,M1,LI26,1,67.1
seed_yield,2023,M1,LI26,2,3.052102040816326
oil_content,2023,M1,LI26,2,51.0
seed_weight_1000,2023,M1,LI26,2,65.6
seed_yield,2023,M1,LI26,3,3.057428571428571
oil_content,2023,M1,LI26,3,50.0
seed_weight_1000,2023,M1,LI26,3,64.3
seed_yield,2023,M1,LI27,1,3.760530612244898
oil_content,2023,M1,LI27,1,51.3
seed_weight_1000,2023,M1,LI27,1,58.8
seed_yield,2023,M1,LI27,2,3.158632653061225
oil_content,2023,M1,LI27,2,51.5
seed_weight_1000,2023,M1,LI27,2,58.1
seed_yield,2023,M1,LI27,3,3.643346938775511
oil_content,2023,M1,LI27,3,49.0
seed_weight_1000,2023,M1,LI27,3,59.0
seed_yield,2023,M1,LI28,1,3.875051020408164
oil_content,2023,M1,LI28,1,51.1
seed_weight_1000,2023,M1,LI28,1,64.6
seed_yield,2023,M1,LI28,2,4.008214285714286
oil_content,2023,M1,LI28,2,50.3
seed_weight_1000,2023,M1,LI28,2,62.1
seed_yield,2023,M1,LI28,3,3.315765306122449
oil_content,2023,M1,LI28,3,50.8
seed_weight_1000,2023,M1,LI28,3,61.8
seed_yield,2023,M1,LI29,1,3.137326530612245
oil_content,2023,M1,LI29,1,38.6
seed_weight_1000,2023,M1,LI29,1,113.0
seed_yield,2023,M1,LI29,2,3.2625
oil_content,2023,M1,LI29,2,51.3
seed_weight_1000,2023,M1,LI29,2,120.0
seed_yield,2023,M1,LI29,3,2.362316326530613
oil_content,2023,M1,LI29,3,39.3
seed_weight_1000,2023,M1,LI29,3,107.1
seed_yield,2023,M1,LI30,1,3.25184693877551
oil_content,2023,M1,LI30,1,42.0
seed_weight_1000,2023,M1,LI30,1,105.6
seed_yield,2023,M1,LI30,2,3.464908163265306
oil_content,2023,M1,LI30,2,37.3
seed_weight_1000,2023,M1,LI30,2,102.1
seed_yield,2023,M1,LI30,3,3.416969387755102
oil_content,2023,M1,LI30,3,41.3
seed_weight_1000,2023,M1,LI30,3,88.6
seed_yield,2023,M1,LI31,1,2.759142857142857
oil_content,2023,M1,LI31,1,50.5
seed_weight_1000,2023,M1,LI31,1,67.9
seed_yield,2023,M1,LI31,2,3.265163265306122
oil_content,2023,M1,LI31,2,40.8
seed_weight_1000,2023,M1,LI31,2,59.3
seed_yield,2023,M1,LI31,3,2.484826530612245
oil_content,2023,M1,LI31,3,50.8
seed_weight_1000,2023,M1,LI31,3,65.80000000000001
seed_yield,2023,M1,LI32,1,3.238530612244898
oil_content,2023,M1,LI32,1,52.9
seed_weight_1000,2023,M1,LI32,1,55.8
seed_yield,2023,M1,LI32,2,3.709928571428571
oil_content,2023,M1,LI32,2,51.6
seed_weight_1000,2023,M1,LI32,2,56.5
seed_yield,2023,M1,LI32,3,3.837765306122449
oil_content,2023,M1,LI32,3,51.7
seed_weight_1000,2023,M1,LI32,3,57.3
seed_yield,2023,M1,LI33,1,3.004163265306123
oil_content,2023,M1,LI33,1,49.5
seed_weight_1000,2023,M1,LI33,1,69.8
seed_yield,2023,M1,LI33,2,2.556734693877551
oil_content,2023,M1,LI33,2,53.1
seed_weight_1000,2023,M1,LI33,2,68.7
seed_yield,2023,M1,LI33,3,3.701938775510204
oil_content,2023,M1,LI33,3,50.8
seed_weight_1000,2023,M1,LI33,3,74.1
seed_yield,2023,M1,LI34,1,3.941632653061225
oil_content,2023,M1,LI34,1,48.4
seed_weight_1000,2023,M1,LI34,1,66.9
seed_yield,2023,M1,LI34,2,3.472897959183674
oil_content,2023,M1,LI34,2,50.7
seed_weight_1000,2023,M1,LI34,2,78.0
seed_yield,2023,M1,LI34,3,3.29445918367347
oil_content,2023,M1,LI34,3,49.7
seed_weight_1000,2023,M1,LI34,3,69.1
seed_yield,2023,M1,LI35,1,3.550132653061225
oil_content,2023,M1,LI35,1,47.1
seed_weight_1000,2023,M1,LI35,1,76.4
seed_yield,2023,M1,LI35,2,2.444877551020408
oil_content,2023,M1,LI35,2,47.9
seed_weight_1000,2023,M1,LI35,2,76.6
seed_yield,2023,M1,LI35,3,4.069469387755103
oil_content,2023,M1,LI35,3,49.4
seed_weight_1000,2023,M1,LI35,3,70.9
seed_yield,2023,M1,LI36,1,2.961551020408164
oil_content,2023,M1,LI36,1,50.9
seed_weight_1000,2023,M1,LI36,1,61.2
seed_yield,2023,M1,LI36,2,2.420908163265306
oil_content,2023,M1,LI36,2,47.1
seed_weight_1000,2023,M1,LI36,2,72.0
seed_yield,2023,M1,LI36,3,2.048051020408163
oil_content,2023,M1,LI36,3,51.3
seed_weight_1000,2023,M1,LI36,3,76.6
seed_yield,2023,M1,LI37,1,3.249183673469388
oil_content,2023,M1,LI37,1,51.6
seed_weight_1000,2023,M1,LI37,1,48.4
seed_yield,2023,M1,LI37,2,4.191979591836735
oil_content,2023,M1,LI37,2,49.7
seed_weight_1000,2023,M1,LI37,2,57.0
seed_yield,2023,M1,LI37,3,2.990846938775511
oil_content,2023,M1,LI37,3,51.6
seed_weight_1000,2023,M1,LI37,3,50.5
seed_yield,2023,M1,LI38,1,2.847030612244898
oil_content,2023,M1,LI38,1,53.0
seed_weight_1000,2023,M1,LI38,1,52.2
seed_yield,2023,M1,LI38,2,2.791102040816327
oil_content,2023,M1,LI38,2,50.5
seed_weight_1000,2023,M1,LI38,2,56.90000000000001
seed_yield,2023,M1,LI38,3,3.25184693877551
oil_content,2023,M1,LI38,3,52.5
seed_weight_1000,2023,M1,LI38,3,54.6
seed_yield,2023,M1,LI39,1,3.297122448979592
oil_content,2023,M1,LI39,1,52.3
seed_weight_1000,2023,M1,LI39,1,60.7
seed_yield,2023,M1,LI39,2,3.515510204081633
oil_content,2023,M1,LI39,2,51.8
seed_weight_1000,2023,M1,LI39,2,68.1
seed_yield,2023,M1,LI39,3,2.535428571428571
oil_content,2023,M1,LI39,3,49.9
seed_weight_1000,2023,M1,LI39,3,66.9
seed_yield,2023,M1,LI40,1,2.937581632653061
oil_content,2023,M1,LI40,1,52.9
seed_weight_1000,2023,M1,LI40,1,58.8
seed_yield,2023,M1,LI40,2,3.318428571428572
oil_content,2023,M1,LI40,2,51.3
seed_weight_1000,2023,M1,LI40,2,61.4
seed_yield,2023,M1,LI40,3,3.531489795918368
oil_content,2023,M1,LI40,3,52.5
seed_weight_1000,2023,M1,LI40,3,61.40000000000001
seed_yield,2023,M1,LI41,1,3.630030612244898
oil_content,2023,M1,LI41,1,49.2
seed_weight_1000,2023,M1,LI41,1,63.6
seed_yield,2023,M1,LI41,2,3.049438775510204
oil_content,2023,M1,LI41,2,52.7
seed_weight_1000,2023,M1,LI41,2,60.7
seed_yield,2023,M1,LI41,3,4.429010204081632
oil_content,2023,M1,LI41,3,51.2
seed_weight_1000,2023,M1,LI41,3,62.3
seed_yield,2023,M1,LI42,1,2.311714285714286
oil_content,2023,M1,LI42,1,50.5
seed_weight_1000,2023,M1,LI42,1,53.7
seed_yield,2023,M1,LI42,2,2.343673469387756
oil_content,2023,M1,LI42,2,50.4
seed_weight_1000,2023,M1,LI42,2,51.3
seed_yield,2023,M1,LI42,3,3.113357142857144
oil_content,2023,M1,LI42,3,50.9
seed_weight_1000,2023,M1,LI42,3,53.2
seed_yield,2023,M1,LI43,1,3.883040816326531
oil_content,2023,M1,LI43,1,50.4
seed_weight_1000,2023,M1,LI43,1,51.1
seed_yield,2023,M1,LI43,2,3.456918367346939
oil_content,2023,M1,LI43,2,51.4
seed_weight_1000,2023,M1,LI43,2,51.9
seed_yield,2023,M1,LI43,3,3.267826530612246
oil_content,2023,M1,LI43,3,49.9
seed_weight_1000,2023,M1,LI43,3,51.2
seed_yield,2023,M1,LI44,1,3.257173469387756
oil_content,2023,M1,LI44,1,50.5
seed_weight_1000,2023,M1,LI44,1,50.2
seed_yield,2023,M1,LI44,2,2.865673469387755
oil_content,2023,M1,LI44,2,51.5
seed_weight_1000,2023,M1,LI44,2,50.7
seed_yield,2023,M1,LI44,3,2.258448979591837
oil_content,2023,M1,LI44,3,50.3
seed_weight_1000,2023,M1,LI44,3,52.3
seed_yield,2023,M1,LI45,1,2.945571428571429
oil_content,2023,M1,LI45,1,52.7
seed_weight_1000,2023,M1,LI45,1,56.9
seed_yield,2023,M1,LI45,2,3.800479591836735
oil_content,2023,M1,LI45,2,51.0
seed_weight_1000,2023,M1,LI45,2,59.8
seed_yield,2023,M1,LI45,3,3.432948979591837
oil_content,2023,M1,LI45,3,53.6
seed_weight_1000,2023,M1,LI45,3,59.6
seed_yield,2023,M1,LI46,1,2.341010204081633
oil_content,2023,M1,LI46,1,51.1
seed_weight_1000,2023,M1,LI46,1,51.5
seed_yield,2023,M1,LI46,2,3.638020408163265
oil_content,2023,M1,LI46,2,53.4
seed_weight_1000,2023,M1,LI46,2,58.6
seed_yield,2023,M1,LI46,3,3.302448979591837
oil_content,2023,M1,LI46,3,52.8
seed_weight_1000,2023,M1,LI46,3,58.5
seed_yield,2023,M1,LI47,1,2.724520408163265
oil_content,2023,M1,LI47,1,49.7
seed_weight_1000,2023,M1,LI47,1,58.6
seed_yield,2023,M1,LI47,2,3.230540816326531
oil_content,2023,M1,LI47,2,52.2
seed_weight_1000,2023,M1,LI47,2,62.8
seed_yield,2023,M1,LI47,3,3.14265306122449
oil_content,2023,M1,LI47,3,49.8
seed_weight_1000,2023,M1,LI47,3,68.7
seed_yield,2023,M1,LI48,1,3.073408163265306
oil_content,2023,M1,LI48,1,50.6
seed_weight_1000,2023,M1,LI48,1,54.0
seed_yield,2023,M1,LI48,2,3.113357142857144
oil_content,2023,M1,LI48,2,49.6
seed_weight_1000,2023,M1,LI48,2,59.1
seed_yield,2023,M1,LI48,3,2.825724489795919
oil_content,2023,M1,LI48,3,50.2
seed_weight_1000,2023,M1,LI48,3,58.8
seed_yield,2023,M1,LI49,1,2.285081632653061
oil_content,2023,M1,LI49,1,49.3
seed_weight_1000,2023,M1,LI49,1,56.5
seed_yield,2023,M1,LI49,2,2.748489795918367
oil_content,2023,M1,LI49,2,50.3
seed_weight_1000,2023,M1,LI49,2,52.40000000000001
seed_yield,2023,M1,LI49,3,2.823061224489796
oil_content,2023,M1,LI49,3,49.2
seed_weight_1000,2023,M1,LI49,3,60.7
seed_yield,2023,M1,LI50,1,3.654000000000001
oil_content,2023,M1,LI50,1,47.0
seed_weight_1000,2023,M1,LI50,1,77.4
seed_yield,2023,M1,LI50,2,3.323755102040816
oil_content,2023,M1,LI50,2,51.7
seed_weight_1000,2023,M1,LI50,2,70.5
seed_yield,2023,M1,LI50,3,3.350387755102041
oil_content,2023,M1,LI50,3,47.9
seed_weight_1000,2023,M1,LI50,3,74.9
seed_yield,2023,M1,LI51,1,3.385010204081633
oil_content,2023,M1,LI51,1,51.2
seed_weight_1000,2023,M1,LI51,1,53.0
seed_yield,2023,M1,LI51,2,3.118683673469388
oil_content,2023,M1,LI51,2,49.4
seed_weight_1000,2023,M1,LI51,2,54.2
seed_yield,2023,M1,LI51,3,3.100040816326531
oil_content,2023,M1,LI51,3,53.0
seed_weight_1000,2023,M1,LI51,3,56.6
seed_yield,2023,M1,LI52,1,1.954836734693877
oil_content,2023,M1,LI52,1,48.2
seed_weight_1000,2023,M1,LI52,1,61.7
seed_yield,2023,M1,LI52,2,4.253234693877551
oil_content,2023,M1,LI52,2,53.6
seed_weight_1000,2023,M1,LI52,2,69.7
seed_yield,2023,M1,LI52,3,3.41430612244898
oil_content,2023,M1,LI52,3,52.0
seed_weight_1000,2023,M1,LI52,3,68.3
seed_yield,2023,M1,LI53,1,2.412918367346939
oil_content,2023,M1,LI53,1,48.5
seed_weight_1000,2023,M1,LI53,1,55.1
seed_yield,2023,M1,LI53,2,3.53415306122449
oil_content,2023,M1,LI53,2,51.6
seed_weight_1000,2023,M1,LI53,2,52.9
seed_yield,2023,M1,LI53,3,3.930979591836735
oil_content,2023,M1,LI53,3,53.6
seed_weight_1000,2023,M1,LI53,3,53.5
seed_yield,2023,M1,LI54,1,4.780561224489796
oil_content,2023,M1,LI54,1,46.9
seed_weight_1000,2023,M1,LI54,1,61.6
seed_yield,2023,M1,LI54,2,3.606061224489797
oil_content,2023,M1,LI54,2,53.3
seed_weight_1000,2023,M1,LI54,2,60.4
seed_yield,2023,M1,LI54,3,3.707265306122449
oil_content,2023,M1,LI54,3,49.7
seed_weight_1000,2023,M1,LI54,3,65.4
seed_yield,2023,M2,LI1,1,0.6258673469387754
oil_content,2023,M2,LI1,1,43.5
seed_weight_1000,2023,M2,LI1,1,77.4
seed_yield,2023,M2,LI1,2,2.527438775510205
oil_content,2023,M2,LI1,2,50.6
seed_weight_1000,2023,M2,LI1,2,73.1
seed_yield,2023,M2,LI1,3,2.580704081632653
oil_content,2023,M2,LI1,3,44.5
seed_weight_1000,2023,M2,LI1,3,79.3
seed_yield,2023,M2,LI2,1,3.480887755102041
oil_content,2023,M2,LI2,1,50.8
seed_weight_1000,2023,M2,LI2,1,61.6
seed_yield,2023,M2,LI2,2,3.611387755102041
oil_content,2023,M2,LI2,2,45.8
seed_weight_1000,2023,M2,LI2,2,66.80000000000001
seed_yield,2023,M2,LI2,3,3.603397959183674
oil_content,2023,M2,LI2,3,49.5
seed_weight_1000,2023,M2,LI2,3,71.4
seed_yield,2023,M2,LI3,1,3.017479591836735
oil_content,2023,M2,LI3,1,49.0
seed_weight_1000,2023,M2,LI3,1,43.8
seed_yield,2023,M2,LI3,2,1.917551020408163
oil_content,2023,M2,LI3,2,52.7
seed_weight_1000,2023,M2,LI3,2,39.8
seed_yield,2023,M2,LI3,3,2.660602040816327
oil_content,2023,M2,LI3,3,47.7
seed_weight_1000,2023,M2,LI3,3,50.1
seed_yield,2023,M2,LI4,1,3.456918367346939
oil_content,2023,M2,LI4,1,50.0
seed_weight_1000,2023,M2,LI4,1,57.3
seed_yield,2023,M2,LI4,2,2.900295918367348
oil_content,2023,M2,LI4,2,50.5
seed_weight_1000,2023,M2,LI4,2,56.2
seed_yield,2023,M2,LI4,3,4.700663265306122
oil_content,2023,M2,LI4,3,50.3
seed_weight_1000,2023,M2,LI4,3,63.3
seed_yield,2023,M2,LI5,1,2.700551020408164
oil_content,2023,M2,LI5,1,50.7
seed_weight_1000,2023,M2,LI5,1,54.7
seed_yield,2023,M2,LI5,2,2.825724489795919
oil_content,2023,M2,LI5,2,49.8
seed_weight_1000,2023,M2,LI5,2,48.1
seed_yield,2023,M2,LI5,3,3.603397959183674
oil_content,2023,M2,LI5,3,52.4
seed_weight_1000,2023,M2,LI5,3,56.0
seed_yield,2023,M2,LI6,1,4.572826530612246
oil_content,2023,M2,LI6,1,50.0
seed_weight_1000,2023,M2,LI6,1,55.9
seed_yield,2023,M2,LI6,2,4.47961224489796
oil_content,2023,M2,LI6,2,51.6
seed_weight_1000,2023,M2,LI6,2,59.6
seed_yield,2023,M2,LI6,3,3.669979591836735
oil_content,2023,M2,LI6,3,50.8
seed_weight_1000,2023,M2,LI6,3,62.0
seed_yield,2023,M2,LI7,1,2.420908163265306
oil_content,2023,M2,LI7,1,45.5
seed_weight_1000,2023,M2,LI7,1,47.6
seed_yield,2023,M2,LI7,2,2.610000000000001
oil_content,2023,M2,LI7,2,49.6
seed_weight_1000,2023,M2,LI7,2,54.0
seed_yield,2023,M2,LI7,3,2.799091836734694
oil_content,2023,M2,LI7,3,47.7
seed_weight_1000,2023,M2,LI7,3,61.8
seed_yield,2023,M2,LI8,1,3.635357142857143
oil_content,2023,M2,LI8,1,48.0
seed_weight_1000,2023,M2,LI8,1,49.2
seed_yield,2023,M2,LI8,2,2.58869387755102
oil_content,2023,M2,LI8,2,47.2
seed_weight_1000,2023,M2,LI8,2,42.4
seed_yield,2023,M2,LI8,3,3.528826530612245
oil_content,2023,M2,LI8,3,50.4
seed_weight_1000,2023,M2,LI8,3,46.3
seed_yield,2023,M2,LI9,1,3.062755102040816
oil_content,2023,M2,LI9,1,45.9
seed_weight_1000,2023,M2,LI9,1,59.5
seed_yield,2023,M2,LI9,2,2.918938775510204
oil_content,2023,M2,LI9,2,48.3
seed_weight_1000,2023,M2,LI9,2,67.0
seed_yield,2023,M2,LI9,3,3.033459183673469
oil_content,2023,M2,LI9,3,45.9
seed_weight_1000,2023,M2,LI9,3,65.9
seed_yield,2023,M2,LI10,1,2.159908163265306
oil_content,2023,M2,LI10,1,46.0
seed_weight_1000,2023,M2,LI10,1,72.2
seed_yield,2023,M2,LI10,2,2.546081632653061
oil_content,2023,M2,LI10,2,45.6
seed_weight_1000,2023,M2,LI10,2,62.7
seed_yield,2023,M2,LI10,3,2.974867346938776
oil_content,2023,M2,LI10,3,47.8
seed_weight_1000,2023,M2,LI10,3,74.3
seed_yield,2023,M2,LI11,1,3.989571428571429
oil_content,2023,M2,LI11,1,46.9
seed_weight_1000,2023,M2,LI11,1,61.90000000000001
seed_yield,2023,M2,LI11,2,3.379683673469388
oil_content,2023,M2,LI11,2,48.6
seed_weight_1000,2023,M2,LI11,2,54.9
seed_yield,2023,M2,LI11,3,4.747270408163265
oil_content,2023,M2,LI11,3,46.2
seed_weight_1000,2023,M2,LI11,3,75.6
seed_yield,2023,M2,LI12,1,3.166622448979592
oil_content,2023,M2,LI12,1,46.2
seed_weight_1000,2023,M2,LI12,1,68.0
seed_yield,2023,M2,LI12,2,2.306387755102041
oil_content,2023,M2,LI12,2,49.4
seed_weight_1000,2023,M2,LI12,2,56.0
seed_yield,2023,M2,LI12,3,4.234591836734695
oil_content,2023,M2,LI12,3,45.8
seed_weight_1000,2023,M2,LI12,3,73.30000000000001
seed_yield,2023,M2,LI13,1,2.546081632653061
oil_content,2023,M2,LI13,1,48.6
seed_weight_1000,2023,M2,LI13,1,64.4
seed_yield,2023,M2,LI13,2,4.008214285714286
oil_content,2023,M2,LI13,2,49.3
seed_weight_1000,2023,M2,LI13,2,64.5
seed_yield,2023,M2,LI13,3,2.982857142857144
oil_content,2023,M2,LI13,3,49.2
seed_weight_1000,2023,M2,LI13,3,68.5
seed_yield,2023,M2,LI14,1,2.767132653061224
oil_content,2023,M2,LI14,1,46.9
seed_weight_1000,2023,M2,LI14,1,61.5
seed_yield,2023,M2,LI14,2,3.2625
oil_content,2023,M2,LI14,2,49.8
seed_weight_1000,2023,M2,LI14,2,57.2
seed_yield,2023,M2,LI14,3,3.715255102040817
oil_content,2023,M2,LI14,3,49.7
seed_weight_1000,2023,M2,LI14,3,60.8
seed_yield,2023,M2,LI15,1,3.174612244897959
oil_content,2023,M2,LI15,1,47.7
seed_weight_1000,2023,M2,LI15,1,60.5
seed_yield,2023,M2,LI15,2,2.89230612244898
oil_content,2023,M2,LI15,2,49.9
seed_weight_1000,2023,M2,LI15,2,58.7
seed_yield,2023,M2,LI15,3,4.421020408163265
oil_content,2023,M2,LI15,3,50.1
seed_weight_1000,2023,M2,LI15,3,63.7
seed_yield,2023,M2,LI16,1,3.515510204081633
oil_content,2023,M2,LI16,1,45.6
seed_weight_1000,2023,M2,LI16,1,57.2
seed_yield,2023,M2,LI16,2,3.51284693877551
oil_content,2023,M2,LI16,2,50.1
seed_weight_1000,2023,M2,LI16,2,58.7
seed_yield,2023,M2,LI16,3,3.574102040816327
oil_content,2023,M2,LI16,3,48.1
seed_weight_1000,2023,M2,LI16,3,58.5
seed_yield,2023,M2,LI17,1,3.036122448979591
oil_content,2023,M2,LI17,1,48.1
seed_weight_1000,2023,M2,LI17,1,50.5
seed_yield,2023,M2,LI17,2,3.171948979591837
oil_content,2023,M2,LI17,2,46.3
seed_weight_1000,2023,M2,LI17,2,58.40000000000001
seed_yield,2023,M2,LI17,3,3.438275510204082
oil_content,2023,M2,LI17,3,49.8
seed_weight_1000,2023,M2,LI17,3,60.40000000000001
seed_yield,2023,M2,LI18,1,4.32780612244898
oil_content,2023,M2,LI18,1,48.3
seed_weight_1000,2023,M2,LI18,1,56.8
seed_yield,2023,M2,LI18,2,4.319816326530613
oil_content,2023,M2,LI18,2,49.0
seed_weight_1000,2023,M2,LI18,2,63.6
seed_yield,2023,M2,LI18,3,4.346448979591838
oil_content,2023,M2,LI18,3,47.6
seed_weight_1000,2023,M2,LI18,3,68.6
seed_yield,2023,M2,LI19,1,2.032071428571429
oil_content,2023,M2,LI19,1,49.2
seed_weight_1000,2023,M2,LI19,1,49.7
seed_yield,2023,M2,LI19,2,3.422295918367347
oil_content,2023,M2,LI19,2,49.4
seed_weight_1000,2023,M2,LI19,2,54.4
seed_yield,2023,M2,LI19,3,3.315765306122449
oil_content,2023,M2,LI19,3,49.8
seed_weight_1000,2023,M2,LI19,3,59.6
seed_yield,2023,M2,LI20,1,4.218612244897959
oil_content,2023,M2,LI20,1,45.6
seed_weight_1000,2023,M2,LI20,1,60.2
seed_yield,2023,M2,LI20,2,3.105367346938776
oil_content,2023,M2,LI20,2,49.9
seed_weight_1000,2023,M2,LI20,2,52.6
seed_yield,2023,M2,LI20,3,3.853744897959184
oil_content,2023,M2,LI20,3,49.5
seed_weight_1000,2023,M2,LI20,3,54.2
seed_yield,2023,M2,LI21,1,3.656663265306123
oil_content,2023,M2,LI21,1,49.8
seed_weight_1000,2023,M2,LI21,1,68.4
seed_yield,2023,M2,LI21,2,2.777785714285714
oil_content,2023,M2,LI21,2,48.9
seed_weight_1000,2023,M2,LI21,2,66.5
seed_yield,2023,M2,LI21,3,3.917663265306123
oil_content,2023,M2,LI21,3,49.3
seed_weight_1000,2023,M2,LI21,3,73.2
seed_yield,2023,M2,LI22,1,2.167897959183673
oil_content,2023,M2,LI22,1,46.0
seed_weight_1000,2023,M2,LI22,1,64.9
seed_yield,2023,M2,LI22,2,3.211897959183673
oil_content,2023,M2,LI22,2,49.9
seed_weight_1000,2023,M2,LI22,2,75.1
seed_yield,2023,M2,LI22,3,3.270489795918368
oil_content,2023,M2,LI22,3,46.8
seed_weight_1000,2023,M2,LI22,3,69.4
seed_yield,2023,M2,LI23,1,3.960275510204081
oil_content,2023,M2,LI23,1,48.2
seed_weight_1000,2023,M2,LI23,1,68.5
seed_yield,2023,M2,LI23,2,2.788438775510204
oil_content,2023,M2,LI23,2,47.7
seed_weight_1000,2023,M2,LI23,2,55.0
seed_yield,2023,M2,LI23,3,3.707265306122449
oil_content,2023,M2,LI23,3,49.1
seed_weight_1000,2023,M2,LI23,3,69.6
seed_yield,2023,M2,LI24,1,3.361040816326531
oil_content,2023,M2,LI24,1,47.6
seed_weight_1000,2023,M2,LI24,1,50.40000000000001
seed_yield,2023,M2,LI24,2,3.667316326530612
oil_content,2023,M2,LI24,2,50.4
seed_weight_1000,2023,M2,LI24,2,58.40000000000001
seed_yield,2023,M2,LI24,3,3.385010204081633
oil_content,2023,M2,LI24,3,49.1
seed_weight_1000,2023,M2,LI24,3,54.7
seed_yield,2023,M2,LI25,1,2.942908163265307
oil_content,2023,M2,LI25,1,46.8
seed_weight_1000,2023,M2,LI25,1,63.1
seed_yield,2023,M2,LI25,2,3.283806122448981
oil_content,2023,M2,LI25,2,46.4
seed_weight_1000,2023,M2,LI25,2,71.5
seed_yield,2023,M2,LI25,3,3.515510204081633
oil_content,2023,M2,LI25,3,45.6
seed_weight_1000,2023,M2,LI25,3,68.9
seed_yield,2023,M2,LI26,1,4.570163265306123
oil_content,2023,M2,LI26,1,47.6
seed_weight_1000,2023,M2,LI26,1,61.90000000000001
seed_yield,2023,M2,LI26,2,2.777785714285714
oil_content,2023,M2,LI26,2,45.3
seed_weight_1000,2023,M2,LI26,2,62.3
seed_yield,2023,M2,LI26,3,3.302448979591837
oil_content,2023,M2,LI26,3,48.9
seed_weight_1000,2023,M2,LI26,3,61.1
seed_yield,2023,M2,LI27,1,3.390336734693877
oil_content,2023,M2,LI27,1,48.2
seed_weight_1000,2023,M2,LI27,1,63.4
seed_yield,2023,M2,LI27,2,4.41569387755102
oil_content,2023,M2,LI27,2,48.3
seed_weight_1000,2023,M2,LI27,2,67.1
seed_yield,2023,M2,LI27,3,4.450316326530613
oil_content,2023,M2,LI27,3,47.2
seed_weight_1000,2023,M2,LI27,3,67.5
seed_yield,2023,M2,LI28,1,1.805693877551021
oil_content,2023,M2,LI28,1,47.9
seed_weight_1000,2023,M2,LI28,1,72.0
seed_yield,2023,M2,LI28,2,2.388948979591837
oil_content,2023,M2,LI28,2,46.4
seed_weight_1000,2023,M2,LI28,2,72.4
seed_yield,2023,M2,LI28,3,3.659326530612246
oil_content,2023,M2,LI28,3,48.5
seed_weight_1000,2023,M2,LI28,3,69.3
seed_yield,2023,M2,LI29,1,3.219887755102041
oil_content,2023,M2,LI29,1,41.6
seed_weight_1000,2023,M2,LI29,1,96.0
seed_yield,2023,M2,LI29,2,3.214561224489796
oil_content,2023,M2,LI29,2,46.7
seed_weight_1000,2023,M2,LI29,2,91.3
seed_yield,2023,M2,LI29,3,3.699275510204082
oil_content,2023,M2,LI29,3,39.6
seed_weight_1000,2023,M2,LI29,3,99.3
seed_yield,2023,M2,LI30,1,3.933642857142858
oil_content,2023,M2,LI30,1,39.3
seed_weight_1000,2023,M2,LI30,1,92.5
seed_yield,2023,M2,LI30,2,2.135938775510204
oil_content,2023,M2,LI30,2,40.6
seed_weight_1000,2023,M2,LI30,2,83.9
seed_yield,2023,M2,LI30,3,3.438275510204082
oil_content,2023,M2,LI30,3,39.2
seed_weight_1000,2023,M2,LI30,3,101.3
seed_yield,2023,M2,LI31,1,3.278479591836735
oil_content,2023,M2,LI31,1,49.7
seed_weight_1000,2023,M2,LI31,1,52.8
seed_yield,2023,M2,LI31,2,2.889642857142857
oil_content,2023,M2,LI31,2,40.3
seed_weight_1000,2023,M2,LI31,2,50.1
seed_yield,2023,M2,LI31,3,2.266438775510204
oil_content,2023,M2,LI31,3,49.4
seed_weight_1000,2023,M2,LI31,3,48.0
seed_yield,2023,M2,LI32,1,3.385010204081633
oil_content,2023,M2,LI32,1,50.3
seed_weight_1000,2023,M2,LI32,1,58.1
seed_yield,2023,M2,LI32,2,3.962938775510204
oil_content,2023,M2,LI32,2,49.2
seed_weight_1000,2023,M2,LI32,2,58.8
seed_yield,2023,M2,LI32,3,4.154693877551021
oil_content,2023,M2,LI32,3,51.0
seed_weight_1000,2023,M2,LI32,3,62.1
seed_yield,2023,M2,LI33,1,3.161295918367347
oil_content,2023,M2,LI33,1,49.2
seed_weight_1000,2023,M2,LI33,1,65.5
seed_yield,2023,M2,LI33,2,3.108030612244898
oil_content,2023,M2,LI33,2,50.6
seed_weight_1000,2023,M2,LI33,2,59.5
seed_yield,2023,M2,LI33,3,4.088112244897959
oil_content,2023,M2,LI33,3,49.0
seed_weight_1000,2023,M2,LI33,3,66.0
seed_yield,2023,M2,LI34,1,3.651336734693878
oil_content,2023,M2,LI34,1,48.4
seed_weight_1000,2023,M2,LI34,1,70.8
seed_yield,2023,M2,LI34,2,3.781836734693877
oil_content,2023,M2,LI34,2,48.7
seed_weight_1000,2023,M2,LI34,2,63.9
seed_yield,2023,M2,LI34,3,3.478224489795918
oil_content,2023,M2,LI34,3,46.6
seed_weight_1000,2023,M2,LI34,3,71.5
seed_yield,2023,M2,LI35,1,3.297122448979592
oil_content,2023,M2,LI35,1,47.2
seed_weight_1000,2023,M2,LI35,1,52.2
seed_yield,2023,M2,LI35,2,2.705877551020408
oil_content,2023,M2,LI35,2,49.5
seed_weight_1000,2023,M2,LI35,2,52.4
seed_yield,2023,M2,LI35,3,3.691285714285713
oil_content,2023,M2,LI35,3,46.9
seed_weight_1000,2023,M2,LI35,3,60.7
seed_yield,2023,M2,LI36,1,2.873663265306122
oil_content,2023,M2,LI36,1,48.5
seed_weight_1000,2023,M2,LI36,1,53.5
seed_yield,2023,M2,LI36,2,3.345061224489796
oil_content,2023,M2,LI36,2,47.1
seed_weight_1000,2023,M2,LI36,2,62.40000000000001
seed_yield,2023,M2,LI36,3,3.345061224489796
oil_content,2023,M2,LI36,3,47.4
seed_weight_1000,2023,M2,LI36,3,62.6
seed_yield,2023,M2,LI37,1,3.883040816326531
oil_content,2023,M2,LI37,1,48.1
seed_weight_1000,2023,M2,LI37,1,51.6
seed_yield,2023,M2,LI37,2,3.558122448979593
oil_content,2023,M2,LI37,2,47.8
seed_weight_1000,2023,M2,LI37,2,51.90000000000001
seed_yield,2023,M2,LI37,3,3.616714285714286
oil_content,2023,M2,LI37,3,48.8
seed_weight_1000,2023,M2,LI37,3,49.90000000000001
seed_yield,2023,M2,LI38,1,1.781724489795919
oil_content,2023,M2,LI38,1,48.9
seed_weight_1000,2023,M2,LI38,1,53.8
seed_yield,2023,M2,LI38,2,2.785775510204082
oil_content,2023,M2,LI38,2,48.5
seed_weight_1000,2023,M2,LI38,2,43.6
seed_yield,2023,M2,LI38,3,2.735173469387755
oil_content,2023,M2,LI38,3,49.6
seed_weight_1000,2023,M2,LI38,3,46.8
seed_yield,2023,M2,LI39,1,3.643346938775511
oil_content,2023,M2,LI39,1,48.0
seed_weight_1000,2023,M2,LI39,1,64.3
seed_yield,2023,M2,LI39,2,3.475561224489796
oil_content,2023,M2,LI39,2,50.5
seed_weight_1000,2023,M2,LI39,2,62.90000000000001
seed_yield,2023,M2,LI39,3,3.632693877551021
oil_content,2023,M2,LI39,3,50.0
seed_weight_1000,2023,M2,LI39,3,57.9
seed_yield,2023,M2,LI40,1,3.219887755102041
oil_content,2023,M2,LI40,1,49.4
seed_weight_1000,2023,M2,LI40,1,50.40000000000001
seed_yield,2023,M2,LI40,2,2.487489795918368
oil_content,2023,M2,LI40,2,50.2
seed_weight_1000,2023,M2,LI40,2,50.5
seed_yield,2023,M2,LI40,3,3.390336734693877
oil_content,2023,M2,LI40,3,50.5
seed_weight_1000,2023,M2,LI40,3,54.1
seed_yield,2023,M2,LI41,1,3.30511224489796
oil_content,2023,M2,LI41,1,50.7
seed_weight_1000,2023,M2,LI41,1,54.2
seed_yield,2023,M2,LI41,2,3.334408163265306
oil_content,2023,M2,LI41,2,50.5
seed_weight_1000,2023,M2,LI41,2,53.7
seed_yield,2023,M2,LI41,3,4.450316326530613
oil_content,2023,M2,LI41,3,51.1
seed_weight_1000,2023,M2,LI41,3,54.3
seed_yield,2023,M2,LI42,1,2.279755102040816
oil_content,2023,M2,LI42,1,49.5
seed_weight_1000,2023,M2,LI42,1,47.7
seed_yield,2023,M2,LI42,2,3.033459183673469
oil_content,2023,M2,LI42,2,51.1
seed_weight_1000,2023,M2,LI42,2,43.9
seed_yield,2023,M2,LI42,3,3.480887755102041
oil_content,2023,M2,LI42,3,49.3
seed_weight_1000,2023,M2,LI42,3,48.7
seed_yield,2023,M2,LI43,1,2.277091836734694
oil_content,2023,M2,LI43,1,49.3
seed_weight_1000,2023,M2,LI43,1,51.1
seed_yield,2023,M2,LI43,2,3.872387755102041
oil_content,2023,M2,LI43,2,50.4
seed_weight_1000,2023,M2,LI43,2,52.6
seed_yield,2023,M2,LI43,3,3.310438775510204
oil_content,2023,M2,LI43,3,49.3
seed_weight_1000,2023,M2,LI43,3,52.0
seed_yield,2023,M2,LI44,1,3.347724489795918
oil_content,2023,M2,LI44,1,48.5
seed_weight_1000,2023,M2,LI44,1,55.90000000000001
seed_yield,2023,M2,LI44,2,3.976255102040817
oil_content,2023,M2,LI44,2,48.9
seed_weight_1000,2023,M2,LI44,2,50.3
seed_yield,2023,M2,LI44,3,3.904346938775511
oil_content,2023,M2,LI44,3,48.3
seed_weight_1000,2023,M2,LI44,3,56.9
seed_yield,2023,M2,LI45,1,3.568775510204082
oil_content,2023,M2,LI45,1,49.6
seed_weight_1000,2023,M2,LI45,1,70.2
seed_yield,2023,M2,LI45,2,3.82711224489796
oil_content,2023,M2,LI45,2,49.6
seed_weight_1000,2023,M2,LI45,2,67.8
seed_yield,2023,M2,LI45,3,4.423683673469388
oil_content,2023,M2,LI45,3,49.8
seed_weight_1000,2023,M2,LI45,3,72.4
seed_yield,2023,M2,LI46,1,2.657938775510204
oil_content,2023,M2,LI46,1,48.6
seed_weight_1000,2023,M2,LI46,1,68.80000000000001
seed_yield,2023,M2,LI46,2,2.841704081632653
oil_content,2023,M2,LI46,2,50.7
seed_weight_1000,2023,M2,LI46,2,63.4
seed_yield,2023,M2,LI46,3,2.428897959183674
oil_content,2023,M2,LI46,3,50.0
seed_weight_1000,2023,M2,LI46,3,60.5
seed_yield,2023,M2,LI47,1,3.054765306122449
oil_content,2023,M2,LI47,1,47.6
seed_weight_1000,2023,M2,LI47,1,56.6
seed_yield,2023,M2,LI47,2,4.506244897959184
oil_content,2023,M2,LI47,2,50.0
seed_weight_1000,2023,M2,LI47,2,60.3
seed_yield,2023,M2,LI47,3,4.045500000000001
oil_content,2023,M2,LI47,3,47.9
seed_weight_1000,2023,M2,LI47,3,63.9
seed_yield,2023,M2,LI48,1,4.16534693877551
oil_content,2023,M2,LI48,1,47.9
seed_weight_1000,2023,M2,LI48,1,59.9
seed_yield,2023,M2,LI48,2,2.492816326530613
oil_content,2023,M2,LI48,2,48.2
seed_weight_1000,2023,M2,LI48,2,50.7
seed_yield,2023,M2,LI48,3,3.976255102040817
oil_content,2023,M2,LI48,3,48.0
seed_weight_1000,2023,M2,LI48,3,59.5
seed_yield,2023,M2,LI49,1,2.093326530612245
oil_content,2023,M2,LI49,1,50.9
seed_weight_1000,2023,M2,LI49,1,46.2
seed_yield,2023,M2,LI49,2,2.823061224489796
oil_content,2023,M2,LI49,2,49.2
seed_weight_1000,2023,M2,LI49,2,45.0
seed_yield,2023,M2,LI49,3,3.390336734693877
oil_content,2023,M2,LI49,3,50.2
seed_weight_1000,2023,M2,LI49,3,53.9
seed_yield,2023,M2,LI50,1,3.249183673469388
oil_content,2023,M2,LI50,1,46.7
seed_weight_1000,2023,M2,LI50,1,66.9
seed_yield,2023,M2,LI50,2,4.191979591836735
oil_content,2023,M2,LI50,2,50.6
seed_weight_1000,2023,M2,LI50,2,76.1
seed_yield,2023,M2,LI50,3,3.630030612244898
oil_content,2023,M2,LI50,3,45.8
seed_weight_1000,2023,M2,LI50,3,79.5
seed_yield,2023,M2,LI51,1,3.635357142857143
oil_content,2023,M2,LI51,1,48.2
seed_weight_1000,2023,M2,LI51,1,64.0
seed_yield,2023,M2,LI51,2,2.575377551020408
oil_content,2023,M2,LI51,2,46.6
seed_weight_1000,2023,M2,LI51,2,64.0
seed_yield,2023,M2,LI51,3,3.289132653061225
oil_content,2023,M2,LI51,3,48.4
seed_weight_1000,2023,M2,LI51,3,63.8
seed_yield,2023,M2,LI52,1,2.767132653061224
oil_content,2023,M2,LI52,1,47.4
seed_weight_1000,2023,M2,LI52,1,60.6
seed_yield,2023,M2,LI52,2,3.124010204081633
oil_content,2023,M2,LI52,2,47.8
seed_weight_1000,2023,M2,LI52,2,72.7
seed_yield,2023,M2,LI52,3,3.270489795918368
oil_content,2023,M2,LI52,3,45.8
seed_weight_1000,2023,M2,LI52,3,78.5
seed_yield,2023,M2,LI53,1,3.49154081632653
oil_content,2023,M2,LI53,1,47.6
seed_weight_1000,2023,M2,LI53,1,57.4
seed_yield,2023,M2,LI53,2,2.988183673469388
oil_content,2023,M2,LI53,2,46.5
seed_weight_1000,2023,M2,LI53,2,59.2
seed_yield,2023,M2,LI53,3,4.213285714285714
oil_content,2023,M2,LI53,3,47.4
seed_weight_1000,2023,M2,LI53,3,66.1
seed_yield,2023,M2,LI54,1,2.676581632653061
oil_content,2023,M2,LI54,1,48.0
seed_weight_1000,2023,M2,LI54,1,63.5
seed_yield,2023,M2,LI54,2,3.177275510204081
oil_content,2023,M2,LI54,2,46.4
seed_weight_1000,2023,M2,LI54,2,68.9
seed_yield,2023,M2,LI54,3,2.51145918367347
oil_content,2023,M2,LI54,3,47.9
seed_weight_1000,2023,M2,LI54,3,63.0
seed_yield,2023,M3,LI1,1,2.018755102040816
oil_content,2023,M3,LI1,1,44.3
seed_weight_1000,2023,M3,LI1,1,98.7
seed_yield,2023,M3,LI1,2,2.476836734693878
oil_content,2023,M3,LI1,2,47.6
seed_weight_1000,2023,M3,LI1,2,86.2
seed_yield,2023,M3,LI1,3,1.994785714285714
oil_content,2023,M3,LI1,3,43.8
seed_weight_1000,2023,M3,LI1,3,101.3
seed_yield,2023,M3,LI2,1,3.560785714285714
oil_content,2023,M3,LI2,1,49.6
seed_weight_1000,2023,M3,LI2,1,74.4
seed_yield,2023,M3,LI2,2,3.169285714285714
oil_content,2023,M3,LI2,2,45.5
seed_weight_1000,2023,M3,LI2,2,68.5
seed_yield,2023,M3,LI2,3,3.709928571428571
oil_content,2023,M3,LI2,3,50.4
seed_weight_1000,2023,M3,LI2,3,69.5
seed_yield,2023,M3,LI3,1,3.187928571428572
oil_content,2023,M3,LI3,1,50.3
seed_weight_1000,2023,M3,LI3,1,65.3
seed_yield,2023,M3,LI3,2,3.246520408163266
oil_content,2023,M3,LI3,2,49.8
seed_weight_1000,2023,M3,LI3,2,65.7
seed_yield,2023,M3,LI3,3,4.045500000000001
oil_content,2023,M3,LI3,3,49.1
seed_weight_1000,2023,M3,LI3,3,70.3
seed_yield,2023,M3,LI4,1,3.749877551020408
oil_content,2023,M3,LI4,1,47.2
seed_weight_1000,2023,M3,LI4,1,90.4
seed_yield,2023,M3,LI4,2,2.945571428571429
oil_content,2023,M3,LI4,2,50.1
seed_weight_1000,2023,M3,LI4,2,64.4
seed_yield,2023,M3,LI4,3,3.707265306122449
oil_content,2023,M3,LI4,3,50.7
seed_weight_1000,2023,M3,LI4,3,78.30000000000001
seed_yield,2023,M3,LI5,1,2.295734693877552
oil_content,2023,M3,LI5,1,49.8
seed_weight_1000,2023,M3,LI5,1,81.3
seed_yield,2023,M3,LI5,2,2.91361224489796
oil_content,2023,M3,LI5,2,51.5
seed_weight_1000,2023,M3,LI5,2,78.0
seed_yield,2023,M3,LI5,3,2.799091836734694
oil_content,2023,M3,LI5,3,49.2
seed_weight_1000,2023,M3,LI5,3,78.9
seed_yield,2023,M3,LI6,1,4.048163265306123
oil_content,2023,M3,LI6,1,49.1
seed_weight_1000,2023,M3,LI6,1,80.4
seed_yield,2023,M3,LI6,2,3.803142857142857
oil_content,2023,M3,LI6,2,49.8
seed_weight_1000,2023,M3,LI6,2,78.8
seed_yield,2023,M3,LI6,3,3.901683673469388
oil_content,2023,M3,LI6,3,46.0
seed_weight_1000,2023,M3,LI6,3,94.1
seed_yield,2023,M3,LI7,1,2.764469387755102
oil_content,2023,M3,LI7,1,51.9
seed_weight_1000,2023,M3,LI7,1,66.6
seed_yield,2023,M3,LI7,2,3.472897959183674
oil_content,2023,M3,LI7,2,49.3
seed_weight_1000,2023,M3,LI7,2,64.7
seed_yield,2023,M3,LI7,3,3.526163265306123
oil_content,2023,M3,LI7,3,49.7
seed_weight_1000,2023,M3,LI7,3,61.6
seed_yield,2023,M3,LI8,1,3.158632653061225
oil_content,2023,M3,LI8,1,49.9
seed_weight_1000,2023,M3,LI8,1,67.2
seed_yield,2023,M3,LI8,2,3.5235
oil_content,2023,M3,LI8,2,50.8
seed_weight_1000,2023,M3,LI8,2,71.6
seed_yield,2023,M3,LI8,3,3.345061224489796
oil_content,2023,M3,LI8,3,50.6
seed_weight_1000,2023,M3,LI8,3,66.6
seed_yield,2023,M3,LI9,1,3.635357142857143
oil_content,2023,M3,LI9,1,46.4
seed_weight_1000,2023,M3,LI9,1,78.3
seed_yield,2023,M3,LI9,2,3.310438775510204
oil_content,2023,M3,LI9,2,47.3
seed_weight_1000,2023,M3,LI9,2,80.0
seed_yield,2023,M3,LI9,3,4.205295918367347
oil_content,2023,M3,LI9,3,43.9
seed_weight_1000,2023,M3,LI9,3,88.6
seed_yield,2023,M3,LI10,1,1.736448979591837
oil_content,2023,M3,LI10,1,49.5
seed_weight_1000,2023,M3,LI10,1,82.69999999999999
seed_yield,2023,M3,LI10,2,1.709816326530612
oil_content,2023,M3,LI10,2,47.4
seed_weight_1000,2023,M3,LI10,2,90.5
seed_yield,2023,M3,LI10,3,1.491428571428572
oil_content,2023,M3,LI10,3,46.3
seed_weight_1000,2023,M3,LI10,3,101.5
seed_yield,2023,M3,LI11,1,3.158632653061225
oil_content,2023,M3,LI11,1,50.3
seed_weight_1000,2023,M3,LI11,1,75.6
seed_yield,2023,M3,LI11,2,3.054765306122449
oil_content,2023,M3,LI11,2,51.2
seed_weight_1000,2023,M3,LI11,2,75.1
seed_yield,2023,M3,LI11,3,3.571438775510205
oil_content,2023,M3,LI11,3,48.3
seed_weight_1000,2023,M3,LI11,3,94.6
seed_yield,2023,M3,LI12,1,3.563448979591837
oil_content,2023,M3,LI12,1,46.4
seed_weight_1000,2023,M3,LI12,1,81.4
seed_yield,2023,M3,LI12,2,2.956224489795919
oil_content,2023,M3,LI12,2,47.9
seed_weight_1000,2023,M3,LI12,2,79.1
seed_yield,2023,M3,LI12,3,2.628642857142857
oil_content,2023,M3,LI12,3,47.6
seed_weight_1000,2023,M3,LI12,3,81.9
seed_yield,2023,M3,LI13,1,3.233204081632653
oil_content,2023,M3,LI13,1,49.7
seed_weight_1000,2023,M3,LI13,1,79.5
seed_yield,2023,M3,LI13,2,3.14265306122449
oil_content,2023,M3,LI13,2,50.8
seed_weight_1000,2023,M3,LI13,2,81.9
seed_yield,2023,M3,LI13,3,2.775122448979592
oil_content,2023,M3,LI13,3,49.6
seed_weight_1000,2023,M3,LI13,3,82.0
seed_yield,2023,M3,LI14,1,3.110693877551021
oil_content,2023,M3,LI14,1,51.5
seed_weight_1000,2023,M3,LI14,1,70.6
seed_yield,2023,M3,LI14,2,3.475561224489796
oil_content,2023,M3,LI14,2,50.8
seed_weight_1000,2023,M3,LI14,2,65.3
seed_yield,2023,M3,LI14,3,3.654000000000001
oil_content,2023,M3,LI14,3,48.9
seed_weight_1000,2023,M3,LI14,3,71.6
seed_yield,2023,M3,LI15,1,2.855020408163266
oil_content,2023,M3,LI15,1,51.2
seed_weight_1000,2023,M3,LI15,1,63.7
seed_yield,2023,M3,LI15,2,3.765857142857143
oil_content,2023,M3,LI15,2,49.7
seed_weight_1000,2023,M3,LI15,2,75.6
seed_yield,2023,M3,LI15,3,3.408979591836735
oil_content,2023,M3,LI15,3,47.8
seed_weight_1000,2023,M3,LI15,3,73.0
seed_yield,2023,M3,LI16,1,3.235867346938776
oil_content,2023,M3,LI16,1,49.6
seed_weight_1000,2023,M3,LI16,1,77.3
seed_yield,2023,M3,LI16,2,3.672642857142857
oil_content,2023,M3,LI16,2,50.1
seed_weight_1000,2023,M3,LI16,2,0.0
seed_yield,2023,M3,LI16,3,3.960275510204081
oil_content,2023,M3,LI16,3,49.3
seed_weight_1000,2023,M3,LI16,3,78.6
seed_yield,2023,M3,LI17,1,3.40365306122449
oil_content,2023,M3,LI17,1,51.1
seed_weight_1000,2023,M3,LI17,1,82.6
seed_yield,2023,M3,LI17,2,3.584755102040817
oil_content,2023,M3,LI17,2,49.8
seed_weight_1000,2023,M3,LI17,2,73.4
seed_yield,2023,M3,LI17,3,2.91361224489796
oil_content,2023,M3,LI17,3,47.4
seed_weight_1000,2023,M3,LI17,3,72.0
seed_yield,2023,M3,LI18,1,2.727183673469388
oil_content,2023,M3,LI18,1,50.6
seed_weight_1000,2023,M3,LI18,1,68.8
seed_yield,2023,M3,LI18,2,3.614051020408164
oil_content,2023,M3,LI18,2,49.8
seed_weight_1000,2023,M3,LI18,2,84.8
seed_yield,2023,M3,LI18,3,4.303836734693878
oil_content,2023,M3,LI18,3,48.6
seed_weight_1000,2023,M3,LI18,3,79.9
seed_yield,2023,M3,LI19,1,4.229265306122449
oil_content,2023,M3,LI19,1,48.9
seed_weight_1000,2023,M3,LI19,1,77.9
seed_yield,2023,M3,LI19,2,3.832438775510204
oil_content,2023,M3,LI19,2,49.8
seed_weight_1000,2023,M3,LI19,2,77.2
seed_yield,2023,M3,LI19,3,4.173336734693878
oil_content,2023,M3,LI19,3,49.3
seed_weight_1000,2023,M3,LI19,3,76.7
seed_yield,2023,M3,LI21,1,4.024193877551021
oil_content,2023,M3,LI21,1,47.1
seed_weight_1000,2023,M3,LI21,1,92.9
seed_yield,2023,M3,LI21,2,3.891030612244899
oil_content,2023,M3,LI21,2,48.1
seed_weight_1000,2023,M3,LI21,2,76.9
seed_yield,2023,M3,LI21,3,3.915
oil_content,2023,M3,LI21,3,47.7
seed_weight_1000,2023,M3,LI21,3,81.80000000000001
seed_yield,2023,M3,LI22,1,1.811020408163265
oil_content,2023,M3,LI22,1,47.8
seed_weight_1000,2023,M3,LI22,1,84.9
seed_yield,2023,M3,LI22,2,2.415581632653061
oil_content,2023,M3,LI22,2,49.2
seed_weight_1000,2023,M3,LI22,2,66.0
seed_yield,2023,M3,LI22,3,2.724520408163265
oil_content,2023,M3,LI22,3,48.5
seed_weight_1000,2023,M3,LI22,3,68.8
seed_yield,2023,M3,LI23,1,3.528826530612245
oil_content,2023,M3,LI23,1,49.3
seed_weight_1000,2023,M3,LI23,1,78.0
seed_yield,2023,M3,LI23,2,3.430285714285715
oil_content,2023,M3,LI23,2,48.0
seed_weight_1000,2023,M3,LI23,2,85.69999999999999
seed_yield,2023,M3,LI23,3,3.715255102040817
oil_content,2023,M3,LI23,3,47.2
seed_weight_1000,2023,M3,LI23,3,89.1
seed_yield,2023,M3,LI24,1,2.86034693877551
oil_content,2023,M3,LI24,1,49.4
seed_weight_1000,2023,M3,LI24,1,66.7
seed_yield,2023,M3,LI24,2,3.709928571428571
oil_content,2023,M3,LI24,2,49.5
seed_weight_1000,2023,M3,LI24,2,68.1
seed_yield,2023,M3,LI24,3,3.528826530612245
oil_content,2023,M3,LI24,3,48.8
seed_weight_1000,2023,M3,LI24,3,70.4
seed_yield,2023,M3,LI25,1,2.016091836734694
oil_content,2023,M3,LI25,1,50.8
seed_weight_1000,2023,M3,LI25,1,66.4
seed_yield,2023,M3,LI25,2,2.793765306122449
oil_content,2023,M3,LI25,2,50.2
seed_weight_1000,2023,M3,LI25,2,80.9
seed_yield,2023,M3,LI25,3,3.254510204081633
oil_content,2023,M3,LI25,3,48.6
seed_weight_1000,2023,M3,LI25,3,77.3
seed_yield,2023,M3,LI26,1,4.005551020408163
oil_content,2023,M3,LI26,1,50.9
seed_weight_1000,2023,M3,LI26,1,76.0
seed_yield,2023,M3,LI26,2,3.771183673469388
oil_content,2023,M3,LI26,2,50.1
seed_weight_1000,2023,M3,LI26,2,77.6
seed_yield,2023,M3,LI26,3,4.112081632653062
oil_content,2023,M3,LI26,3,48.3
seed_weight_1000,2023,M3,LI26,3,78.80000000000001
seed_yield,2023,M3,LI27,1,3.01215306122449
oil_content,2023,M3,LI27,1,49.7
seed_weight_1000,2023,M3,LI27,1,68.7
seed_yield,2023,M3,LI27,2,3.166622448979592
oil_content,2023,M3,LI27,2,50.3
seed_weight_1000,2023,M3,LI27,2,65.19999999999999
seed_yield,2023,M3,LI27,3,3.486214285714286
oil_content,2023,M3,LI27,3,48.9
seed_weight_1000,2023,M3,LI27,3,79.5
seed_yield,2023,M3,LI28,1,3.776510204081633
oil_content,2023,M3,LI28,1,49.8
seed_weight_1000,2023,M3,LI28,1,71.6
seed_yield,2023,M3,LI28,2,2.724520408163265
oil_content,2023,M3,LI28,2,50.5
seed_weight_1000,2023,M3,LI28,2,73.1
seed_yield,2023,M3,LI28,3,3.419632653061225
oil_content,2023,M3,LI28,3,49.6
seed_weight_1000,2023,M3,LI28,3,68.3
seed_yield,2023,M3,LI29,1,3.068081632653061
oil_content,2023,M3,LI29,1,39.9
seed_weight_1000,2023,M3,LI29,1,98.7
seed_yield,2023,M3,LI29,2,2.737836734693878
oil_content,2023,M3,LI29,2,41.0
seed_weight_1000,2023,M3,LI29,2,103.3
seed_yield,2023,M3,LI29,3,3.270489795918368
oil_content,2023,M3,LI29,3,41.2
seed_weight_1000,2023,M3,LI29,3,106.8
seed_yield,2023,M3,LI30,1,2.024081632653061
oil_content,2023,M3,LI30,1,43.7
seed_weight_1000,2023,M3,LI30,1,101.2
seed_yield,2023,M3,LI30,2,2.10930612244898
oil_content,2023,M3,LI30,2,40.5
seed_weight_1000,2023,M3,LI30,2,110.8
seed_yield,2023,M3,LI30,3,3.139989795918368
oil_content,2023,M3,LI30,3,42.3
seed_weight_1000,2023,M3,LI30,3,97.7
seed_yield,2023,M3,LI31,1,2.780448979591837
oil_content,2023,M3,LI31,1,48.1
seed_weight_1000,2023,M3,LI31,1,74.0
seed_yield,2023,M3,LI31,2,3.475561224489796
oil_content,2023,M3,LI31,2,47.2
seed_weight_1000,2023,M3,LI31,2,78.2
seed_yield,2023,M3,LI31,3,2.127948979591837
oil_content,2023,M3,LI31,3,48.3
seed_weight_1000,2023,M3,LI31,3,75.3
seed_yield,2023,M3,LI32,1,2.91361224489796
oil_content,2023,M3,LI32,1,51.9
seed_weight_1000,2023,M3,LI32,1,64.5
seed_yield,2023,M3,LI32,2,2.724520408163265
oil_content,2023,M3,LI32,2,50.3
seed_weight_1000,2023,M3,LI32,2,66.0
seed_yield,2023,M3,LI32,3,2.807081632653062
oil_content,2023,M3,LI32,3,49.5
seed_weight_1000,2023,M3,LI32,3,75.6
seed_yield,2023,M3,LI33,1,3.190591836734694
oil_content,2023,M3,LI33,1,50.7
seed_weight_1000,2023,M3,LI33,1,67.9
seed_yield,2023,M3,LI33,2,3.257173469387756
oil_content,2023,M3,LI33,2,50.1
seed_weight_1000,2023,M3,LI33,2,80.5
seed_yield,2023,M3,LI33,3,3.757867346938776
oil_content,2023,M3,LI33,3,48.2
seed_weight_1000,2023,M3,LI33,3,85.30000000000001
seed_yield,2023,M3,LI34,1,3.014816326530612
oil_content,2023,M3,LI34,1,51.2
seed_weight_1000,2023,M3,LI34,1,79.1
seed_yield,2023,M3,LI34,2,3.909673469387755
oil_content,2023,M3,LI34,2,49.5
seed_weight_1000,2023,M3,LI34,2,76.80000000000001
seed_yield,2023,M3,LI34,3,3.432948979591837
oil_content,2023,M3,LI34,3,49.3
seed_weight_1000,2023,M3,LI34,3,86.30000000000001
seed_yield,2023,M3,LI35,1,3.265163265306122
oil_content,2023,M3,LI35,1,50.0
seed_weight_1000,2023,M3,LI35,1,66.0
seed_yield,2023,M3,LI35,2,2.375632653061225
oil_content,2023,M3,LI35,2,48.9
seed_weight_1000,2023,M3,LI35,2,61.0
seed_yield,2023,M3,LI35,3,3.243857142857143
oil_content,2023,M3,LI35,3,48.0
seed_weight_1000,2023,M3,LI35,3,72.0
seed_yield,2023,M3,LI36,1,3.29445918367347
oil_content,2023,M3,LI36,1,49.5
seed_weight_1000,2023,M3,LI36,1,70.4
seed_yield,2023,M3,LI36,2,3.40365306122449
oil_content,2023,M3,LI36,2,49.5
seed_weight_1000,2023,M3,LI36,2,76.1
seed_yield,2023,M3,LI36,3,3.020142857142857
oil_content,2023,M3,LI36,3,47.9
seed_weight_1000,2023,M3,LI36,3,86.4
seed_yield,2023,M3,LI37,1,4.391724489795919
oil_content,2023,M3,LI37,1,49.5
seed_weight_1000,2023,M3,LI37,1,67.0
seed_yield,2023,M3,LI37,2,2.849693877551021
oil_content,2023,M3,LI37,2,50.1
seed_weight_1000,2023,M3,LI37,2,64.7
seed_yield,2023,M3,LI37,3,3.960275510204081
oil_content,2023,M3,LI37,3,48.0
seed_weight_1000,2023,M3,LI37,3,71.2
seed_yield,2023,M3,LI38,1,2.162571428571429
oil_content,2023,M3,LI38,1,52.0
seed_weight_1000,2023,M3,LI38,1,60.6
seed_yield,2023,M3,LI38,2,3.126673469387755
oil_content,2023,M3,LI38,2,51.2
seed_weight_1000,2023,M3,LI38,2,63.1
seed_yield,2023,M3,LI38,3,2.349
oil_content,2023,M3,LI38,3,51.9
seed_weight_1000,2023,M3,LI38,3,64.4
seed_yield,2023,M3,LI39,1,4.261224489795919
oil_content,2023,M3,LI39,1,49.6
seed_weight_1000,2023,M3,LI39,1,72.3
seed_yield,2023,M3,LI39,2,3.302448979591837
oil_content,2023,M3,LI39,2,50.7
seed_weight_1000,2023,M3,LI39,2,79.3
seed_yield,2023,M3,LI39,3,2.996173469387756
oil_content,2023,M3,LI39,3,51.2
seed_weight_1000,2023,M3,LI39,3,68.0
seed_yield,2023,M3,LI40,1,2.596683673469388
oil_content,2023,M3,LI40,1,53.1
seed_weight_1000,2023,M3,LI40,1,54.4
seed_yield,2023,M3,LI40,2,3.331744897959183
oil_content,2023,M3,LI40,2,52.3
seed_weight_1000,2023,M3,LI40,2,56.7
seed_yield,2023,M3,LI40,3,2.269102040816326
oil_content,2023,M3,LI40,3,52.7
seed_weight_1000,2023,M3,LI40,3,59.5
seed_yield,2023,M3,LI41,1,4.146704081632653
oil_content,2023,M3,LI41,1,51.3
seed_weight_1000,2023,M3,LI41,1,78.7
seed_yield,2023,M3,LI41,2,3.361040816326531
oil_content,2023,M3,LI41,2,50.9
seed_weight_1000,2023,M3,LI41,2,70.9
seed_yield,2023,M3,LI41,3,3.480887755102041
oil_content,2023,M3,LI41,3,51.7
seed_weight_1000,2023,M3,LI41,3,74.80000000000001
seed_yield,2023,M3,LI42,1,3.590081632653062
oil_content,2023,M3,LI42,1,50.3
seed_weight_1000,2023,M3,LI42,1,70.9
seed_yield,2023,M3,LI42,2,2.91361224489796
oil_content,2023,M3,LI42,2,50.5
seed_weight_1000,2023,M3,LI42,2,71.5
seed_yield,2023,M3,LI42,3,3.669979591836735
oil_content,2023,M3,LI42,3,51.2
seed_weight_1000,2023,M3,LI42,3,61.4
seed_yield,2023,M3,LI43,1,2.596683673469388
oil_content,2023,M3,LI43,1,49.6
seed_weight_1000,2023,M3,LI43,1,63.1
seed_yield,2023,M3,LI43,2,3.909673469387755
oil_content,2023,M3,LI43,2,47.0
seed_weight_1000,2023,M3,LI43,2,76.4
seed_yield,2023,M3,LI43,3,3.736561224489796
oil_content,2023,M3,LI43,3,42.3
seed_weight_1000,2023,M3,LI43,3,66.1
seed_yield,2023,M3,LI44,1,2.22915306122449
oil_content,2023,M3,LI44,1,51.6
seed_weight_1000,2023,M3,LI44,1,58.6
seed_yield,2023,M3,LI44,2,2.535428571428571
oil_content,2023,M3,LI44,2,48.7
seed_weight_1000,2023,M3,LI44,2,62.9
seed_yield,2023,M3,LI44,3,3.275816326530613
oil_content,2023,M3,LI44,3,49.3
seed_weight_1000,2023,M3,LI44,3,61.6
seed_yield,2023,M3,LI45,1,4.367755102040817
oil_content,2023,M3,LI45,1,50.8
seed_weight_1000,2023,M3,LI45,1,76.9
seed_yield,2023,M3,LI45,2,3.065418367346939
oil_content,2023,M3,LI45,2,49.5
seed_weight_1000,2023,M3,LI45,2,68.1
seed_yield,2023,M3,LI45,3,2.982857142857144
oil_content,2023,M3,LI45,3,50.0
seed_weight_1000,2023,M3,LI45,3,66.6
seed_yield,2023,M3,LI46,1,3.488877551020409
oil_content,2023,M3,LI46,1,50.8
seed_weight_1000,2023,M3,LI46,1,78.5
seed_yield,2023,M3,LI46,2,4.024193877551021
oil_content,2023,M3,LI46,2,51.0
seed_weight_1000,2023,M3,LI46,2,72.0
seed_yield,2023,M3,LI46,3,3.811132653061224
oil_content,2023,M3,LI46,3,50.3
seed_weight_1000,2023,M3,LI46,3,75.1
seed_yield,2023,M3,LI47,1,3.126673469387755
oil_content,2023,M3,LI47,1,48.0
seed_weight_1000,2023,M3,LI47,1,70.6
seed_yield,2023,M3,LI47,2,2.934918367346939
oil_content,2023,M3,LI47,2,49.5
seed_weight_1000,2023,M3,LI47,2,70.19999999999999
seed_yield,2023,M3,LI47,3,3.006826530612245
oil_content,2023,M3,LI47,3,48.8
seed_weight_1000,2023,M3,LI47,3,74.6
seed_yield,2023,M3,LI48,1,2.51145918367347
oil_content,2023,M3,LI48,1,49.3
seed_weight_1000,2023,M3,LI48,1,74.8
seed_yield,2023,M3,LI48,2,3.55545918367347
oil_content,2023,M3,LI48,2,48.5
seed_weight_1000,2023,M3,LI48,2,74.9
seed_yield,2023,M3,LI48,3,3.201244897959184
oil_content,2023,M3,LI48,3,49.2
seed_weight_1000,2023,M3,LI48,3,70.6
seed_yield,2023,M3,LI49,1,2.737836734693878
oil_content,2023,M3,LI49,1,52.6
seed_weight_1000,2023,M3,LI49,1,67.5
seed_yield,2023,M3,LI49,2,3.345061224489796
oil_content,2023,M3,LI49,2,52.5
seed_weight_1000,2023,M3,LI49,2,62.90000000000001
seed_yield,2023,M3,LI49,3,2.298397959183673
oil_content,2023,M3,LI49,3,52.6
seed_weight_1000,2023,M3,LI49,3,54.6
seed_yield,2023,M3,LI50,1,2.737836734693878
oil_content,2023,M3,LI50,1,49.2
seed_weight_1000,2023,M3,LI50,1,84.7
seed_yield,2023,M3,LI50,2,4.149367346938775
oil_content,2023,M3,LI50,2,47.0
seed_weight_1000,2023,M3,LI50,2,82.0
seed_yield,2023,M3,LI50,3,4.096102040816327
oil_content,2023,M3,LI50,3,47.6
seed_weight_1000,2023,M3,LI50,3,81.4
seed_yield,2023,M3,LI51,1,3.126673469387755
oil_content,2023,M3,LI51,1,52.3
seed_weight_1000,2023,M3,LI51,1,65.9
seed_yield,2023,M3,LI51,2,2.684571428571429
oil_content,2023,M3,LI51,2,50.7
seed_weight_1000,2023,M3,LI51,2,69.6
seed_yield,2023,M3,LI51,3,3.542142857142858
oil_content,2023,M3,LI51,3,48.8
seed_weight_1000,2023,M3,LI51,3,74.30000000000001
seed_yield,2023,M3,LI52,1,2.825724489795919
oil_content,2023,M3,LI52,1,51.0
seed_weight_1000,2023,M3,LI52,1,70.0
seed_yield,2023,M3,LI52,2,3.95761224489796
oil_content,2023,M3,LI52,2,49.6
seed_weight_1000,2023,M3,LI52,2,81.0
seed_yield,2023,M3,LI52,3,2.559397959183673
oil_content,2023,M3,LI52,3,48.6
seed_weight_1000,2023,M3,LI52,3,89.30000000000001
seed_yield,2023,M3,LI53,1,4.064142857142858
oil_content,2023,M3,LI53,1,50.7
seed_weight_1000,2023,M3,LI53,1,75.9
seed_yield,2023,M3,LI53,2,3.438275510204082
oil_content,2023,M3,LI53,2,51.3
seed_weight_1000,2023,M3,LI53,2,72.1
seed_yield,2023,M3,LI53,3,3.243857142857143
oil_content,2023,M3,LI53,3,50.2
seed_weight_1000,2023,M3,LI53,3,77.1
seed_yield,2023,M3,LI54,1,3.909673469387755
oil_content,2023,M3,LI54,1,44.6
seed_weight_1000,2023,M3,LI54,1,90.1
seed_yield,2023,M3,LI54,2,3.550132653061225
oil_content,2023,M3,LI54,2,48.0
seed_weight_1000,2023,M3,LI54,2,82.0
seed_yield,2023,M3,LI54,3,3.233204081632653
oil_content,2023,M3,LI54,3,46.3
seed_weight_1000,2023,M3,LI54,3,78.80000000000001
plant_height,2022,M1,LI1,1,152.0
head_diameter,2022,M1,LI1,1,21.0
plant_height,2022,M1,LI1,1,159.0
head_diameter,2022,M1,LI1,1,20.0
plant_height,2022,M1,LI1,1,159.0
head_diameter,2022,M1,LI1,1,19.0
plant_height,2022,M1,LI1,1,161.0
head_diameter,2022,M1,LI1,1,18.0
plant_height,2022,M1,LI1,1,158.0
head_diameter,2022,M1,LI1,1,21.0
plant_height,2022,M1,LI1,1,148.0
head_diameter,2022,M1,LI1,1,21.0
plant_height,2022,M1,LI1,1,167.0
head_diameter,2022,M1,LI1,1,20.0
plant_height,2022,M1,LI1,1,166.0
head_diameter,2022,M1,LI1,1,20.0
plant_height,2022,M1,LI1,1,171.0
head_diameter,2022,M1,LI1,1,22.0
plant_height,2022,M1,LI1,1,175.0
head_diameter,2022,M1,LI1,1,20.0
plant_height,2022,M1,LI1,2,148.0
head_diameter,2022,M1,LI1,2,23.0
plant_height,2022,M1,LI1,2,149.0
head_diameter,2022,M1,LI1,2,18.0
plant_height,2022,M1,LI1,2,158.0
head_diameter,2022,M1,LI1,2,20.0
plant_height,2022,M1,LI1,2,145.0
head_diameter,2022,M1,LI1,2,19.0
plant_height,2022,M1,LI1,2,148.0
head_diameter,2022,M1,LI1,2,19.0
plant_height,2022,M1,LI1,2,151.0
head_diameter,2022,M1,LI1,2,20.0
plant_height,2022,M1,LI1,2,155.0
head_diameter,2022,M1,LI1,2,17.0
plant_height,2022,M1,LI1,2,150.0
head_diameter,2022,M1,LI1,2,18.0
plant_height,2022,M1,LI1,2,145.0
head_diameter,2022,M1,LI1,2,17.0
plant_height,2022,M1,LI1,2,150.0
head_diameter,2022,M1,LI1,2,20.0
plant_height,2022,M1,LI2,1,166.0
head_diameter,2022,M1,LI2,1,16.0
plant_height,2022,M1,LI2,1,162.0
head_diameter,2022,M1,LI2,1,21.0
plant_height,2022,M1,LI2,1,156.0
head_diameter,2022,M1,LI2,1,14.0
plant_height,2022,M1,LI2,1,158.0
head_diameter,2022,M1,LI2,1,19.0
plant_height,2022,M1,LI2,1,167.0
head_diameter,2022,M1,LI2,1,15.0
plant_height,2022,M1,LI2,1,166.0
head_diameter,2022,M1,LI2,1,18.0
plant_height,2022,M1,LI2,1,157.0
head_diameter,2022,M1,LI2,1,15.0
plant_height,2022,M1,LI2,1,157.0
head_diameter,2022,M1,LI2,1,16.0
plant_height,2022,M1,LI2,1,154.0
head_diameter,2022,M1,LI2,1,14.0
plant_height,2022,M1,LI2,1,150.0
head_diameter,2022,M1,LI2,1,16.0
plant_height,2022,M1,LI2,2,144.0
head_diameter,2022,M1,LI2,2,20.0
plant_height,2022,M1,LI2,2,143.0
head_diameter,2022,M1,LI2,2,19.0
plant_height,2022,M1,LI2,2,137.0
head_diameter,2022,M1,LI2,2,16.0
plant_height,2022,M1,LI2,2,145.0
head_diameter,2022,M1,LI2,2,19.0
plant_height,2022,M1,LI2,2,155.0
head_diameter,2022,M1,LI2,2,21.0
plant_height,2022,M1,LI2,2,160.0
head_diameter,2022,M1,LI2,2,17.0
plant_height,2022,M1,LI2,2,153.0
head_diameter,2022,M1,LI2,2,18.0
plant_height,2022,M1,LI2,2,149.0
head_diameter,2022,M1,LI2,2,21.0
plant_height,2022,M1,LI2,2,145.0
head_diameter,2022,M1,LI2,2,20.0
plant_height,2022,M1,LI2,2,159.0
head_diameter,2022,M1,LI2,2,22.0
plant_height,2022,M1,LI3,1,148.0
head_diameter,2022,M1,LI3,1,19.0
plant_height,2022,M1,LI3,1,152.0
head_diameter,2022,M1,LI3,1,17.0
plant_height,2022,M1,LI3,1,148.0
head_diameter,2022,M1,LI3,1,19.0
plant_height,2022,M1,LI3,1,143.0
head_diameter,2022,M1,LI3,1,18.0
plant_height,2022,M1,LI3,1,142.0
head_diameter,2022,M1,LI3,1,20.0
plant_height,2022,M1,LI3,1,138.0
head_diameter,2022,M1,LI3,1,19.0
plant_height,2022,M1,LI3,1,155.0
head_diameter,2022,M1,LI3,1,16.0
plant_height,2022,M1,LI3,1,150.0
head_diameter,2022,M1,LI3,1,18.0
plant_height,2022,M1,LI3,1,160.0
head_diameter,2022,M1,LI3,1,19.0
plant_height,2022,M1,LI3,1,151.0
head_diameter,2022,M1,LI3,1,19.0
plant_height,2022,M1,LI3,2,143.0
head_diameter,2022,M1,LI3,2,19.0
plant_height,2022,M1,LI3,2,149.0
head_diameter,2022,M1,LI3,2,17.0
plant_height,2022,M1,LI3,2,134.0
head_diameter,2022,M1,LI3,2,18.0
plant_height,2022,M1,LI3,2,137.0
head_diameter,2022,M1,LI3,2,20.0
plant_height,2022,M1,LI3,2,138.0
head_diameter,2022,M1,LI3,2,19.0
plant_height,2022,M1,LI3,2,144.0
head_diameter,2022,M1,LI3,2,17.0
plant_height,2022,M1,LI3,2,149.0
head_diameter,2022,M1,LI3,2,15.0
plant_height,2022,M1,LI3,2,129.0
head_diameter,2022,M1,LI3,2,21.0
plant_height,2022,M1,LI3,2,141.0
head_diameter,2022,M1,LI3,2,20.0
plant_height,2022,M1,LI3,2,146.0
head_diameter,2022,M1,LI3,2,16.0
plant_height,2022,M1,LI4,1,148.0
head_diameter,2022,M1,LI4,1,17.0
plant_height,2022,M1,LI4,1,149.0
head_diameter,2022,M1,LI4,1,19.0
plant_height,2022,M1,LI4,1,140.0
head_diameter,2022,M1,LI4,1,16.0
plant_height,2022,M1,LI4,1,155.0
head_diameter,2022,M1,LI4,1,16.0
plant_height,2022,M1,LI4,1,149.0
head_diameter,2022,M1,LI4,1,18.0
plant_height,2022,M1,LI4,1,150.0
head_diameter,2022,M1,LI4,1,17.0
plant_height,2022,M1,LI4,1,154.0
head_diameter,2022,M1,LI4,1,19.0
plant_height,2022,M1,LI4,1,153.0
head_diameter,2022,M1,LI4,1,19.0
plant_height,2022,M1,LI4,1,154.0
head_diameter,2022,M1,LI4,1,19.0
plant_height,2022,M1,LI4,1,159.0
head_diameter,2022,M1,LI4,1,17.0
plant_height,2022,M1,LI4,2,154.0
head_diameter,2022,M1,LI4,2,20.0
plant_height,2022,M1,LI4,2,151.0
head_diameter,2022,M1,LI4,2,19.0
plant_height,2022,M1,LI4,2,150.0
head_diameter,2022,M1,LI4,2,20.0
plant_height,2022,M1,LI4,2,166.0
head_diameter,2022,M1,LI4,2,13.0
plant_height,2022,M1,LI4,2,156.0
head_diameter,2022,M1,LI4,2,18.0
plant_height,2022,M1,LI4,2,155.0
head_diameter,2022,M1,LI4,2,16.0
plant_height,2022,M1,LI4,2,148.0
head_diameter,2022,M1,LI4,2,19.0
plant_height,2022,M1,LI4,2,145.0
head_diameter,2022,M1,LI4,2,17.0
plant_height,2022,M1,LI4,2,135.0
head_diameter,2022,M1,LI4,2,19.0
plant_height,2022,M1,LI4,2,150.0
head_diameter,2022,M1,LI4,2,18.0
plant_height,2022,M1,LI5,1,140.0
head_diameter,2022,M1,LI5,1,20.0
plant_height,2022,M1,LI5,1,131.0
head_diameter,2022,M1,LI5,1,19.0
plant_height,2022,M1,LI5,1,137.0
head_diameter,2022,M1,LI5,1,20.0
plant_height,2022,M1,LI5,1,138.0
head_diameter,2022,M1,LI5,1,17.0
plant_height,2022,M1,LI5,1,134.0
head_diameter,2022,M1,LI5,1,17.0
plant_height,2022,M1,LI5,1,138.0
head_diameter,2022,M1,LI5,1,19.0
plant_height,2022,M1,LI5,1,149.0
head_diameter,2022,M1,LI5,1,16.0
plant_height,2022,M1,LI5,1,138.0
head_diameter,2022,M1,LI5,1,18.0
plant_height,2022,M1,LI5,1,143.0
head_diameter,2022,M1,LI5,1,16.0
plant_height,2022,M1,LI5,1,151.0
head_diameter,2022,M1,LI5,1,16.0
plant_height,2022,M1,LI5,2,140.0
head_diameter,2022,M1,LI5,2,18.0
plant_height,2022,M1,LI5,2,153.0
head_diameter,2022,M1,LI5,2,14.0
plant_height,2022,M1,LI5,2,152.0
head_diameter,2022,M1,LI5,2,15.0
plant_height,2022,M1,LI5,2,155.0
head_diameter,2022,M1,LI5,2,14.0
plant_height,2022,M1,LI5,2,151.0
head_diameter,2022,M1,LI5,2,16.0
plant_height,2022,M1,LI5,2,154.0
head_diameter,2022,M1,LI5,2,16.0
plant_height,2022,M1,LI5,2,142.0
head_diameter,2022,M1,LI5,2,21.0
plant_height,2022,M1,LI5,2,143.0
head_diameter,2022,M1,LI5,2,19.0
plant_height,2022,M1,LI5,2,150.0
head_diameter,2022,M1,LI5,2,16.0
plant_height,2022,M1,LI5,2,146.0
head_diameter,2022,M1,LI5,2,14.0
plant_height,2022,M1,LI6,1,171.0
head_diameter,2022,M1,LI6,1,18.0
plant_height,2022,M1,LI6,1,174.0
head_diameter,2022,M1,LI6,1,21.0
plant_height,2022,M1,LI6,1,173.0
head_diameter,2022,M1,LI6,1,17.0
plant_height,2022,M1,LI6,1,166.0
head_diameter,2022,M1,LI6,1,19.0
plant_height,2022,M1,LI6,1,168.0
head_diameter,2022,M1,LI6,1,23.0
plant_height,2022,M1,LI6,1,171.0
head_diameter,2022,M1,LI6,1,19.0
plant_height,2022,M1,LI6,1,161.0
head_diameter,2022,M1,LI6,1,22.0
plant_height,2022,M1,LI6,1,166.0
head_diameter,2022,M1,LI6,1,18.0
plant_height,2022,M1,LI6,1,164.0
head_diameter,2022,M1,LI6,1,19.0
plant_height,2022,M1,LI6,1,170.0
head_diameter,2022,M1,LI6,1,21.0
plant_height,2022,M1,LI6,2,163.0
head_diameter,2022,M1,LI6,2,18.0
plant_height,2022,M1,LI6,2,161.0
head_diameter,2022,M1,LI6,2,15.0
plant_height,2022,M1,LI6,2,158.0
head_diameter,2022,M1,LI6,2,15.0
plant_height,2022,M1,LI6,2,155.0
head_diameter,2022,M1,LI6,2,19.0
plant_height,2022,M1,LI6,2,158.0
head_diameter,2022,M1,LI6,2,16.0
plant_height,2022,M1,LI6,2,156.0
head_diameter,2022,M1,LI6,2,16.0
plant_height,2022,M1,LI6,2,156.0
head_diameter,2022,M1,LI6,2,17.0
plant_height,2022,M1,LI6,2,163.0
head_diameter,2022,M1,LI6,2,14.0
plant_height,2022,M1,LI6,2,155.0
head_diameter,2022,M1,LI6,2,13.0
plant_height,2022,M1,LI6,2,151.0
head_diameter,2022,M1,LI6,2,18.0
plant_height,2022,M1,LI7,1,152.0
head_diameter,2022,M1,LI7,1,19.0
plant_height,2022,M1,LI7,1,154.0
head_diameter,2022,M1,LI7,1,19.0
plant_height,2022,M1,LI7,1,151.0
head_diameter,2022,M1,LI7,1,21.0
plant_height,2022,M1,LI7,1,150.0
head_diameter,2022,M1,LI7,1,21.0
plant_height,2022,M1,LI7,1,144.0
head_diameter,2022,M1,LI7,1,18.0
plant_height,2022,M1,LI7,1,148.0
head_diameter,2022,M1,LI7,1,21.0
plant_height,2022,M1,LI7,1,148.0
head_diameter,2022,M1,LI7,1,17.0
plant_height,2022,M1,LI7,1,152.0
head_diameter,2022,M1,LI7,1,16.0
plant_height,2022,M1,LI7,1,136.0
head_diameter,2022,M1,LI7,1,18.0
plant_height,2022,M1,LI7,1,129.0
head_diameter,2022,M1,LI7,1,23.0
plant_height,2022,M1,LI7,2,160.0
head_diameter,2022,M1,LI7,2,12.0
plant_height,2022,M1,LI7,2,144.0
head_diameter,2022,M1,LI7,2,14.0
plant_height,2022,M1,LI7,2,150.0
head_diameter,2022,M1,LI7,2,16.0
plant_height,2022,M1,LI7,2,150.0
head_diameter,2022,M1,LI7,2,17.0
plant_height,2022,M1,LI7,2,140.0
head_diameter,2022,M1,LI7,2,20.0
plant_height,2022,M1,LI7,2,143.0
head_diameter,2022,M1,LI7,2,17.0
plant_height,2022,M1,LI7,2,142.0
head_diameter,2022,M1,LI7,2,16.0
plant_height,2022,M1,LI7,2,151.0
head_diameter,2022,M1,LI7,2,16.0
plant_height,2022,M1,LI7,2,150.0
head_diameter,2022,M1,LI7,2,16.0
plant_height,2022,M1,LI7,2,136.0
head_diameter,2022,M1,LI7,2,19.0
plant_height,2022,M1,LI8,1,148.0
head_diameter,2022,M1,LI8,1,22.0
plant_height,2022,M1,LI8,1,155.0
head_diameter,2022,M1,LI8,1,22.0
plant_height,2022,M1,LI8,1,156.0
head_diameter,2022,M1,LI8,1,18.0
plant_height,2022,M1,LI8,1,157.0
head_diameter,2022,M1,LI8,1,23.0
plant_height,2022,M1,LI8,1,159.0
head_diameter,2022,M1,LI8,1,24.0
plant_height,2022,M1,LI8,1,158.0
head_diameter,2022,M1,LI8,1,20.0
plant_height,2022,M1,LI8,1,152.0
head_diameter,2022,M1,LI8,1,22.0
plant_height,2022,M1,LI8,1,158.0
head_diameter,2022,M1,LI8,1,20.0
plant_height,2022,M1,LI8,1,152.0
head_diameter,2022,M1,LI8,1,24.0
plant_height,2022,M1,LI8,1,157.0
head_diameter,2022,M1,LI8,1,26.0
plant_height,2022,M1,LI8,2,157.0
head_diameter,2022,M1,LI8,2,18.0
plant_height,2022,M1,LI8,2,150.0
head_diameter,2022,M1,LI8,2,18.0
plant_height,2022,M1,LI8,2,152.0
head_diameter,2022,M1,LI8,2,17.0
plant_height,2022,M1,LI8,2,159.0
head_diameter,2022,M1,LI8,2,17.0
plant_height,2022,M1,LI8,2,154.0
head_diameter,2022,M1,LI8,2,18.0
plant_height,2022,M1,LI8,2,152.0
head_diameter,2022,M1,LI8,2,16.0
plant_height,2022,M1,LI8,2,157.0
head_diameter,2022,M1,LI8,2,16.0
plant_height,2022,M1,LI8,2,151.0
head_diameter,2022,M1,LI8,2,19.0
plant_height,2022,M1,LI8,2,154.0
head_diameter,2022,M1,LI8,2,26.0
plant_height,2022,M1,LI8,2,162.0
head_diameter,2022,M1,LI8,2,22.0
plant_height,2022,M1,LI9,1,130.0
head_diameter,2022,M1,LI9,1,20.0
plant_height,2022,M1,LI9,1,136.0
head_diameter,2022,M1,LI9,1,20.0
plant_height,2022,M1,LI9,1,144.0
head_diameter,2022,M1,LI9,1,18.0
plant_height,2022,M1,LI9,1,152.0
head_diameter,2022,M1,LI9,1,18.0
plant_height,2022,M1,LI9,1,157.0
head_diameter,2022,M1,LI9,1,18.0
plant_height,2022,M1,LI9,1,160.0
head_diameter,2022,M1,LI9,1,16.0
plant_height,2022,M1,LI9,1,137.0
head_diameter,2022,M1,LI9,1,18.0
plant_height,2022,M1,LI9,1,157.0
head_diameter,2022,M1,LI9,1,19.0
plant_height,2022,M1,LI9,1,159.0
head_diameter,2022,M1,LI9,1,16.0
plant_height,2022,M1,LI9,1,142.0
head_diameter,2022,M1,LI9,1,20.0
plant_height,2022,M1,LI9,2,145.0
head_diameter,2022,M1,LI9,2,18.0
plant_height,2022,M1,LI9,2,143.0
head_diameter,2022,M1,LI9,2,19.0
plant_height,2022,M1,LI9,2,130.0
head_diameter,2022,M1,LI9,2,20.0
plant_height,2022,M1,LI9,2,129.0
head_diameter,2022,M1,LI9,2,18.0
plant_height,2022,M1,LI9,2,156.0
head_diameter,2022,M1,LI9,2,16.0
plant_height,2022,M1,LI9,2,147.0
head_diameter,2022,M1,LI9,2,15.0
plant_height,2022,M1,LI9,2,156.0
head_diameter,2022,M1,LI9,2,14.0
plant_height,2022,M1,LI9,2,154.0
head_diameter,2022,M1,LI9,2,15.0
plant_height,2022,M1,LI9,2,150.0
head_diameter,2022,M1,LI9,2,15.0
plant_height,2022,M1,LI9,2,145.0
head_diameter,2022,M1,LI9,2,15.0
plant_height,2022,M1,LI10,1,143.0
head_diameter,2022,M1,LI10,1,15.0
plant_height,2022,M1,LI10,1,159.0
head_diameter,2022,M1,LI10,1,12.0
plant_height,2022,M1,LI10,1,135.0
head_diameter,2022,M1,LI10,1,15.0
plant_height,2022,M1,LI10,1,142.0
head_diameter,2022,M1,LI10,1,16.0
plant_height,2022,M1,LI10,1,138.0
head_diameter,2022,M1,LI10,1,13.0
plant_height,2022,M1,LI10,1,141.0
head_diameter,2022,M1,LI10,1,14.0
plant_height,2022,M1,LI10,1,145.0
head_diameter,2022,M1,LI10,1,14.0
plant_height,2022,M1,LI10,1,141.0
head_diameter,2022,M1,LI10,1,13.0
plant_height,2022,M1,LI10,1,144.0
head_diameter,2022,M1,LI10,1,15.0
plant_height,2022,M1,LI10,1,134.0
head_diameter,2022,M1,LI10,1,14.0
plant_height,2022,M1,LI10,2,126.0
head_diameter,2022,M1,LI10,2,13.0
plant_height,2022,M1,LI10,2,135.0
head_diameter,2022,M1,LI10,2,13.0
plant_height,2022,M1,LI10,2,140.0
head_diameter,2022,M1,LI10,2,13.0
plant_height,2022,M1,LI10,2,137.0
head_diameter,2022,M1,LI10,2,11.0
plant_height,2022,M1,LI10,2,136.0
head_diameter,2022,M1,LI10,2,13.0
plant_height,2022,M1,LI10,2,133.0
head_diameter,2022,M1,LI10,2,12.0
plant_height,2022,M1,LI10,2,130.0
head_diameter,2022,M1,LI10,2,13.0
plant_height,2022,M1,LI10,2,137.0
head_diameter,2022,M1,LI10,2,12.0
plant_height,2022,M1,LI10,2,140.0
head_diameter,2022,M1,LI10,2,16.0
plant_height,2022,M1,LI10,2,133.0
head_diameter,2022,M1,LI10,2,15.0
plant_height,2022,M1,LI11,1,171.0
head_diameter,2022,M1,LI11,1,16.0
plant_height,2022,M1,LI11,1,167.0
head_diameter,2022,M1,LI11,1,19.0
plant_height,2022,M1,LI11,1,170.0
head_diameter,2022,M1,LI11,1,16.0
plant_height,2022,M1,LI11,1,170.0
head_diameter,2022,M1,LI11,1,16.0
plant_height,2022,M1,LI11,1,145.0
head_diameter,2022,M1,LI11,1,12.0
plant_height,2022,M1,LI11,1,160.0
head_diameter,2022,M1,LI11,1,17.0
plant_height,2022,M1,LI11,1,162.0
head_diameter,2022,M1,LI11,1,21.0
plant_height,2022,M1,LI11,1,152.0
head_diameter,2022,M1,LI11,1,18.0
plant_height,2022,M1,LI11,1,155.0
head_diameter,2022,M1,LI11,1,20.0
plant_height,2022,M1,LI11,1,164.0
head_diameter,2022,M1,LI11,1,20.0
plant_height,2022,M1,LI11,2,157.0
head_diameter,2022,M1,LI11,2,13.0
plant_height,2022,M1,LI11,2,148.0
head_diameter,2022,M1,LI11,2,16.0
plant_height,2022,M1,LI11,2,168.0
head_diameter,2022,M1,LI11,2,15.0
plant_height,2022,M1,LI11,2,156.0
head_diameter,2022,M1,LI11,2,16.0
plant_height,2022,M1,LI11,2,158.0
head_diameter,2022,M1,LI11,2,17.0
plant_height,2022,M1,LI11,2,149.0
head_diameter,2022,M1,LI11,2,11.0
plant_height,2022,M1,LI11,2,164.0
head_diameter,2022,M1,LI11,2,16.0
plant_height,2022,M1,LI11,2,162.0
head_diameter,2022,M1,LI11,2,16.0
plant_height,2022,M1,LI11,2,156.0
head_diameter,2022,M1,LI11,2,11.0
plant_height,2022,M1,LI11,2,161.0
head_diameter,2022,M1,LI11,2,15.0
plant_height,2022,M1,LI12,1,194.0
head_diameter,2022,M1,LI12,1,21.0
plant_height,2022,M1,LI12,1,193.0
head_diameter,2022,M1,LI12,1,18.0
plant_height,2022,M1,LI12,1,198.0
head_diameter,2022,M1,LI12,1,21.0
plant_height,2022,M1,LI12,1,197.0
head_diameter,2022,M1,LI12,1,22.0
plant_height,2022,M1,LI12,1,197.0
head_diameter,2022,M1,LI12,1,23.0
plant_height,2022,M1,LI12,1,198.0
head_diameter,2022,M1,LI12,1,22.0
plant_height,2022,M1,LI12,1,195.0
head_diameter,2022,M1,LI12,1,21.0
plant_height,2022,M1,LI12,1,182.0
head_diameter,2022,M1,LI12,1,20.0
plant_height,2022,M1,LI12,1,188.0
head_diameter,2022,M1,LI12,1,22.0
plant_height,2022,M1,LI12,1,187.0
head_diameter,2022,M1,LI12,1,21.0
plant_height,2022,M1,LI12,2,173.0
head_diameter,2022,M1,LI12,2,16.0
plant_height,2022,M1,LI12,2,177.0
head_diameter,2022,M1,LI12,2,15.0
plant_height,2022,M1,LI12,2,175.0
head_diameter,2022,M1,LI12,2,15.0
plant_height,2022,M1,LI12,2,181.0
head_diameter,2022,M1,LI12,2,21.0
plant_height,2022,M1,LI12,2,181.0
head_diameter,2022,M1,LI12,2,18.0
plant_height,2022,M1,LI12,2,178.0
head_diameter,2022,M1,LI12,2,17.0
plant_height,2022,M1,LI12,2,176.0
head_diameter,2022,M1,LI12,2,16.0
plant_height,2022,M1,LI12,2,179.0
head_diameter,2022,M1,LI12,2,16.0
plant_height,2022,M1,LI12,2,175.0
head_diameter,2022,M1,LI12,2,18.0
plant_height,2022,M1,LI12,2,163.0
head_diameter,2022,M1,LI12,2,20.0
plant_height,2022,M1,LI13,1,163.0
head_diameter,2022,M1,LI13,1,17.0
plant_height,2022,M1,LI13,1,161.0
head_diameter,2022,M1,LI13,1,21.0
plant_height,2022,M1,LI13,1,171.0
head_diameter,2022,M1,LI13,1,16.0
plant_height,2022,M1,LI13,1,177.0
head_diameter,2022,M1,LI13,1,20.0
plant_height,2022,M1,LI13,1,175.0
head_diameter,2022,M1,LI13,1,20.0
plant_height,2022,M1,LI13,1,180.0
head_diameter,2022,M1,LI13,1,21.0
plant_height,2022,M1,LI13,1,173.0
head_diameter,2022,M1,LI13,1,21.0
plant_height,2022,M1,LI13,1,168.0
head_diameter,2022,M1,LI13,1,22.0
plant_height,2022,M1,LI13,1,170.0
head_diameter,2022,M1,LI13,1,20.0
plant_height,2022,M1,LI13,1,178.0
head_diameter,2022,M1,LI13,1,16.0
plant_height,2022,M1,LI13,2,156.0
head_diameter,2022,M1,LI13,2,19.0
plant_height,2022,M1,LI13,2,159.0
head_diameter,2022,M1,LI13,2,19.0
plant_height,2022,M1,LI13,2,153.0
head_diameter,2022,M1,LI13,2,18.0
plant_height,2022,M1,LI13,2,158.0
head_diameter,2022,M1,LI13,2,18.0
plant_height,2022,M1,LI13,2,175.0
head_diameter,2022,M1,LI13,2,12.0
plant_height,2022,M1,LI13,2,163.0
head_diameter,2022,M1,LI13,2,16.0
plant_height,2022,M1,LI13,2,176.0
head_diameter,2022,M1,LI13,2,17.0
plant_height,2022,M1,LI13,2,175.0
head_diameter,2022,M1,LI13,2,19.0
plant_height,2022,M1,LI13,2,163.0
head_diameter,2022,M1,LI13,2,19.0
plant_height,2022,M1,LI13,2,154.0
head_diameter,2022,M1,LI13,2,17.0
plant_height,2022,M1,LI14,1,179.0
head_diameter,2022,M1,LI14,1,23.0
plant_height,2022,M1,LI14,1,178.0
head_diameter,2022,M1,LI14,1,22.0
plant_height,2022,M1,LI14,1,182.0
head_diameter,2022,M1,LI14,1,19.0
plant_height,2022,M1,LI14,1,168.0
head_diameter,2022,M1,LI14,1,17.0
plant_height,2022,M1,LI14,1,190.0
head_diameter,2022,M1,LI14,1,20.0
plant_height,2022,M1,LI14,1,189.0
head_diameter,2022,M1,LI14,1,21.0
plant_height,2022,M1,LI14,1,191.0
head_diameter,2022,M1,LI14,1,17.0
plant_height,2022,M1,LI14,1,175.0
head_diameter,2022,M1,LI14,1,21.0
plant_height,2022,M1,LI14,1,178.0
head_diameter,2022,M1,LI14,1,20.0
plant_height,2022,M1,LI14,1,186.0
head_diameter,2022,M1,LI14,1,22.0
plant_height,2022,M1,LI14,2,178.0
head_diameter,2022,M1,LI14,2,17.0
plant_height,2022,M1,LI14,2,177.0
head_diameter,2022,M1,LI14,2,18.0
plant_height,2022,M1,LI14,2,171.0
head_diameter,2022,M1,LI14,2,19.0
plant_height,2022,M1,LI14,2,185.0
head_diameter,2022,M1,LI14,2,20.0
plant_height,2022,M1,LI14,2,169.0
head_diameter,2022,M1,LI14,2,20.0
plant_height,2022,M1,LI14,2,166.0
head_diameter,2022,M1,LI14,2,18.0
plant_height,2022,M1,LI14,2,162.0
head_diameter,2022,M1,LI14,2,18.0
plant_height,2022,M1,LI14,2,173.0
head_diameter,2022,M1,LI14,2,19.0
plant_height,2022,M1,LI14,2,177.0
head_diameter,2022,M1,LI14,2,15.0
plant_height,2022,M1,LI14,2,169.0
head_diameter,2022,M1,LI14,2,19.0
plant_height,2022,M1,LI15,1,180.0
head_diameter,2022,M1,LI15,1,20.0
plant_height,2022,M1,LI15,1,179.0
head_diameter,2022,M1,LI15,1,20.0
plant_height,2022,M1,LI15,1,174.0
head_diameter,2022,M1,LI15,1,19.0
plant_height,2022,M1,LI15,1,156.0
head_diameter,2022,M1,LI15,1,22.0
plant_height,2022,M1,LI15,1,161.0
head_diameter,2022,M1,LI15,1,19.0
plant_height,2022,M1,LI15,1,161.0
head_diameter,2022,M1,LI15,1,22.0
plant_height,2022,M1,LI15,1,173.0
head_diameter,2022,M1,LI15,1,15.0
plant_height,2022,M1,LI15,1,164.0
head_diameter,2022,M1,LI15,1,21.0
plant_height,2022,M1,LI15,1,151.0
head_diameter,2022,M1,LI15,1,22.0
plant_height,2022,M1,LI15,1,164.0
head_diameter,2022,M1,LI15,1,17.0
plant_height,2022,M1,LI15,2,163.0
head_diameter,2022,M1,LI15,2,13.0
plant_height,2022,M1,LI15,2,152.0
head_diameter,2022,M1,LI15,2,19.0
plant_height,2022,M1,LI15,2,157.0
head_diameter,2022,M1,LI15,2,19.0
plant_height,2022,M1,LI15,2,151.0
head_diameter,2022,M1,LI15,2,15.0
plant_height,2022,M1,LI15,2,150.0
head_diameter,2022,M1,LI15,2,14.0
plant_height,2022,M1,LI15,2,153.0
head_diameter,2022,M1,LI15,2,19.0
plant_height,2022,M1,LI15,2,148.0
head_diameter,2022,M1,LI15,2,19.0
plant_height,2022,M1,LI15,2,158.0
head_diameter,2022,M1,LI15,2,16.0
plant_height,2022,M1,LI15,2,142.0
head_diameter,2022,M1,LI15,2,20.0
plant_height,2022,M1,LI15,2,143.0
head_diameter,2022,M1,LI15,2,22.0
plant_height,2022,M1,LI16,1,175.0
head_diameter,2022,M1,LI16,1,19.0
plant_height,2022,M1,LI16,1,158.0
head_diameter,2022,M1,LI16,1,18.0
plant_height,2022,M1,LI16,1,155.0
head_diameter,2022,M1,LI16,1,21.0
plant_height,2022,M1,LI16,1,162.0
head_diameter,2022,M1,LI16,1,20.0
plant_height,2022,M1,LI16,1,177.0
head_diameter,2022,M1,LI16,1,20.0
plant_height,2022,M1,LI16,1,177.0
head_diameter,2022,M1,LI16,1,19.0
plant_height,2022,M1,LI16,1,177.0
head_diameter,2022,M1,LI16,1,21.0
plant_height,2022,M1,LI16,1,174.0
head_diameter,2022,M1,LI16,1,19.0
plant_height,2022,M1,LI16,1,173.0
head_diameter,2022,M1,LI16,1,19.0
plant_height,2022,M1,LI16,1,172.0
head_diameter,2022,M1,LI16,1,15.0
plant_height,2022,M1,LI16,2,177.0
head_diameter,2022,M1,LI16,2,14.0
plant_height,2022,M1,LI16,2,182.0
head_diameter,2022,M1,LI16,2,21.0
plant_height,2022,M1,LI16,2,180.0
head_diameter,2022,M1,LI16,2,16.0
plant_height,2022,M1,LI16,2,165.0
head_diameter,2022,M1,LI16,2,17.0
plant_height,2022,M1,LI16,2,159.0
head_diameter,2022,M1,LI16,2,24.0
plant_height,2022,M1,LI16,2,173.0
head_diameter,2022,M1,LI16,2,15.0
plant_height,2022,M1,LI16,2,160.0
head_diameter,2022,M1,LI16,2,15.0
plant_height,2022,M1,LI16,2,167.0
head_diameter,2022,M1,LI16,2,16.0
plant_height,2022,M1,LI16,2,170.0
head_diameter,2022,M1,LI16,2,12.0
plant_height,2022,M1,LI16,2,167.0
head_diameter,2022,M1,LI16,2,14.0
plant_height,2022,M1,LI17,1,182.0
head_diameter,2022,M1,LI17,1,23.0
plant_height,2022,M1,LI17,1,174.0
head_diameter,2022,M1,LI17,1,20.0
plant_height,2022,M1,LI17,1,177.0
head_diameter,2022,M1,LI17,1,21.0
plant_height,2022,M1,LI17,1,173.0
head_diameter,2022,M1,LI17,1,21.0
plant_height,2022,M1,LI17,1,180.0
head_diameter,2022,M1,LI17,1,20.0
plant_height,2022,M1,LI17,1,176.0
head_diameter,2022,M1,LI17,1,23.0
plant_height,2022,M1,LI17,1,181.0
head_diameter,2022,M1,LI17,1,24.0
plant_height,2022,M1,LI17,1,172.0
head_diameter,2022,M1,LI17,1,20.0
plant_height,2022,M1,LI17,1,178.0
head_diameter,2022,M1,LI17,1,21.0
plant_height,2022,M1,LI17,1,176.0
head_diameter,2022,M1,LI17,1,22.0
plant_height,2022,M1,LI17,2,171.0
head_diameter,2022,M1,LI17,2,20.0
plant_height,2022,M1,LI17,2,173.0
head_diameter,2022,M1,LI17,2,17.0
plant_height,2022,M1,LI17,2,176.0
head_diameter,2022,M1,LI17,2,19.0
plant_height,2022,M1,LI17,2,166.0
head_diameter,2022,M1,LI17,2,20.0
plant_height,2022,M1,LI17,2,164.0
head_diameter,2022,M1,LI17,2,21.0
plant_height,2022,M1,LI17,2,165.0
head_diameter,2022,M1,LI17,2,19.0
plant_height,2022,M1,LI17,2,178.0
head_diameter,2022,M1,LI17,2,18.0
plant_height,2022,M1,LI17,2,180.0
head_diameter,2022,M1,LI17,2,19.0
plant_height,2022,M1,LI17,2,178.0
head_diameter,2022,M1,LI17,2,18.0
plant_height,2022,M1,LI17,2,172.0
head_diameter,2022,M1,LI17,2,19.0
plant_height,2022,M1,LI18,1,181.0
head_diameter,2022,M1,LI18,1,20.0
plant_height,2022,M1,LI18,1,177.0
head_diameter,2022,M1,LI18,1,22.0
plant_height,2022,M1,LI18,1,171.0
head_diameter,2022,M1,LI18,1,18.0
plant_height,2022,M1,LI18,1,176.0
head_diameter,2022,M1,LI18,1,18.0
plant_height,2022,M1,LI18,1,176.0
head_diameter,2022,M1,LI18,1,21.0
plant_height,2022,M1,LI18,1,169.0
head_diameter,2022,M1,LI18,1,23.0
plant_height,2022,M1,LI18,1,173.0
head_diameter,2022,M1,LI18,1,21.0
plant_height,2022,M1,LI18,1,168.0
head_diameter,2022,M1,LI18,1,23.0
plant_height,2022,M1,LI18,1,179.0
head_diameter,2022,M1,LI18,1,19.0
plant_height,2022,M1,LI18,1,172.0
head_diameter,2022,M1,LI18,1,20.0
plant_height,2022,M1,LI18,2,191.0
head_diameter,2022,M1,LI18,2,16.0
plant_height,2022,M1,LI18,2,182.0
head_diameter,2022,M1,LI18,2,20.0
plant_height,2022,M1,LI18,2,183.0
head_diameter,2022,M1,LI18,2,19.0
plant_height,2022,M1,LI18,2,174.0
head_diameter,2022,M1,LI18,2,18.0
plant_height,2022,M1,LI18,2,179.0
head_diameter,2022,M1,LI18,2,17.0
plant_height,2022,M1,LI18,2,175.0
head_diameter,2022,M1,LI18,2,20.0
plant_height,2022,M1,LI18,2,175.0
head_diameter,2022,M1,LI18,2,20.0
plant_height,2022,M1,LI18,2,173.0
head_diameter,2022,M1,LI18,2,19.0
plant_height,2022,M1,LI18,2,176.0
head_diameter,2022,M1,LI18,2,15.0
plant_height,2022,M1,LI18,2,173.0
head_diameter,2022,M1,LI18,2,17.0
plant_height,2022,M1,LI19,1,185.0
head_diameter,2022,M1,LI19,1,25.0
plant_height,2022,M1,LI19,1,177.0
head_diameter,2022,M1,LI19,1,23.0
plant_height,2022,M1,LI19,1,182.0
head_diameter,2022,M1,LI19,1,18.0
plant_height,2022,M1,LI19,1,176.0
head_diameter,2022,M1,LI19,1,20.0
plant_height,2022,M1,LI19,1,177.0
head_diameter,2022,M1,LI19,1,18.0
plant_height,2022,M1,LI19,1,172.0
head_diameter,2022,M1,LI19,1,19.0
plant_height,2022,M1,LI19,1,171.0
head_diameter,2022,M1,LI19,1,18.0
plant_height,2022,M1,LI19,1,179.0
head_diameter,2022,M1,LI19,1,19.0
plant_height,2022,M1,LI19,1,175.0
head_diameter,2022,M1,LI19,1,21.0
plant_height,2022,M1,LI19,1,177.0
head_diameter,2022,M1,LI19,1,21.0
plant_height,2022,M1,LI19,2,178.0
head_diameter,2022,M1,LI19,2,21.0
plant_height,2022,M1,LI19,2,174.0
head_diameter,2022,M1,LI19,2,20.0
plant_height,2022,M1,LI19,2,180.0
head_diameter,2022,M1,LI19,2,20.0
plant_height,2022,M1,LI19,2,176.0
head_diameter,2022,M1,LI19,2,20.0
plant_height,2022,M1,LI19,2,180.0
head_diameter,2022,M1,LI19,2,17.0
plant_height,2022,M1,LI19,2,173.0
head_diameter,2022,M1,LI19,2,16.0
plant_height,2022,M1,LI19,2,175.0
head_diameter,2022,M1,LI19,2,18.0
plant_height,2022,M1,LI19,2,176.0
head_diameter,2022,M1,LI19,2,17.0
plant_height,2022,M1,LI19,2,183.0
head_diameter,2022,M1,LI19,2,18.0
plant_height,2022,M1,LI19,2,175.0
head_diameter,2022,M1,LI19,2,15.0
plant_height,2022,M1,LI20,1,204.0
head_diameter,2022,M1,LI20,1,18.0
plant_height,2022,M1,LI20,1,209.0
head_diameter,2022,M1,LI20,1,19.0
plant_height,2022,M1,LI20,1,201.0
head_diameter,2022,M1,LI20,1,21.0
plant_height,2022,M1,LI20,1,201.0
head_diameter,2022,M1,LI20,1,22.0
plant_height,2022,M1,LI20,1,193.0
head_diameter,2022,M1,LI20,1,23.0
plant_height,2022,M1,LI20,1,200.0
head_diameter,2022,M1,LI20,1,19.0
plant_height,2022,M1,LI20,1,189.0
head_diameter,2022,M1,LI20,1,19.0
plant_height,2022,M1,LI20,1,185.0
head_diameter,2022,M1,LI20,1,16.0
plant_height,2022,M1,LI20,1,195.0
head_diameter,2022,M1,LI20,1,22.0
plant_height,2022,M1,LI20,1,187.0
head_diameter,2022,M1,LI20,1,18.0
plant_height,2022,M1,LI20,2,168.0
head_diameter,2022,M1,LI20,2,19.0
plant_height,2022,M1,LI20,2,178.0
head_diameter,2022,M1,LI20,2,18.0
plant_height,2022,M1,LI20,2,178.0
head_diameter,2022,M1,LI20,2,22.0
plant_height,2022,M1,LI20,2,182.0
head_diameter,2022,M1,LI20,2,24.0
plant_height,2022,M1,LI20,2,188.0
head_diameter,2022,M1,LI20,2,17.0
plant_height,2022,M1,LI20,2,185.0
head_diameter,2022,M1,LI20,2,20.0
plant_height,2022,M1,LI20,2,175.0
head_diameter,2022,M1,LI20,2,16.0
plant_height,2022,M1,LI20,2,182.0
head_diameter,2022,M1,LI20,2,15.0
plant_height,2022,M1,LI20,2,187.0
head_diameter,2022,M1,LI20,2,23.0
plant_height,2022,M1,LI20,2,185.0
head_diameter,2022,M1,LI20,2,16.0
plant_height,2022,M1,LI21,1,167.0
head_diameter,2022,M1,LI21,1,19.0
plant_height,2022,M1,LI21,1,170.0
head_diameter,2022,M1,LI21,1,22.0
plant_height,2022,M1,LI21,1,175.0
head_diameter,2022,M1,LI21,1,17.0
plant_height,2022,M1,LI21,1,171.0
head_diameter,2022,M1,LI21,1,20.0
plant_height,2022,M1,LI21,1,174.0
head_diameter,2022,M1,LI21,1,20.0
plant_height,2022,M1,LI21,1,175.0
head_diameter,2022,M1,LI21,1,18.0
plant_height,2022,M1,LI21,1,166.0
head_diameter,2022,M1,LI21,1,20.0
plant_height,2022,M1,LI21,1,168.0
head_diameter,2022,M1,LI21,1,14.0
plant_height,2022,M1,LI21,1,172.0
head_diameter,2022,M1,LI21,1,21.0
plant_height,2022,M1,LI21,1,167.0
head_diameter,2022,M1,LI21,1,18.0
plant_height,2022,M1,LI21,2,169.0
head_diameter,2022,M1,LI21,2,14.0
plant_height,2022,M1,LI21,2,173.0
head_diameter,2022,M1,LI21,2,16.0
plant_height,2022,M1,LI21,2,174.0
head_diameter,2022,M1,LI21,2,22.0
plant_height,2022,M1,LI21,2,163.0
head_diameter,2022,M1,LI21,2,15.0
plant_height,2022,M1,LI21,2,167.0
head_diameter,2022,M1,LI21,2,20.0
plant_height,2022,M1,LI21,2,175.0
head_diameter,2022,M1,LI21,2,17.0
plant_height,2022,M1,LI21,2,166.0
head_diameter,2022,M1,LI21,2,17.0
plant_height,2022,M1,LI21,2,168.0
head_diameter,2022,M1,LI21,2,16.0
plant_height,2022,M1,LI21,2,180.0
head_diameter,2022,M1,LI21,2,16.0
plant_height,2022,M1,LI21,2,171.0
head_diameter,2022,M1,LI21,2,18.0
plant_height,2022,M1,LI22,1,164.0
head_diameter,2022,M1,LI22,1,18.0
plant_height,2022,M1,LI22,1,179.0
head_diameter,2022,M1,LI22,1,21.0
plant_height,2022,M1,LI22,1,166.0
head_diameter,2022,M1,LI22,1,19.0
plant_height,2022,M1,LI22,1,164.0
head_diameter,2022,M1,LI22,1,16.0
plant_height,2022,M1,LI22,1,162.0
head_diameter,2022,M1,LI22,1,17.0
plant_height,2022,M1,LI22,1,167.0
head_diameter,2022,M1,LI22,1,17.0
plant_height,2022,M1,LI22,1,172.0
head_diameter,2022,M1,LI22,1,18.0
plant_height,2022,M1,LI22,1,170.0
head_diameter,2022,M1,LI22,1,18.0
plant_height,2022,M1,LI22,1,168.0
head_diameter,2022,M1,LI22,1,18.0
plant_height,2022,M1,LI22,1,154.0
head_diameter,2022,M1,LI22,1,18.0
plant_height,2022,M1,LI22,2,168.0
head_diameter,2022,M1,LI22,2,20.0
plant_height,2022,M1,LI22,2,164.0
head_diameter,2022,M1,LI22,2,19.0
plant_height,2022,M1,LI22,2,172.0
head_diameter,2022,M1,LI22,2,19.0
plant_height,2022,M1,LI22,2,153.0
head_diameter,2022,M1,LI22,2,16.0
plant_height,2022,M1,LI22,2,160.0
head_diameter,2022,M1,LI22,2,15.0
plant_height,2022,M1,LI22,2,166.0
head_diameter,2022,M1,LI22,2,15.0
plant_height,2022,M1,LI22,2,152.0
head_diameter,2022,M1,LI22,2,16.0
plant_height,2022,M1,LI22,2,161.0
head_diameter,2022,M1,LI22,2,18.0
plant_height,2022,M1,LI22,2,156.0
head_diameter,2022,M1,LI22,2,13.0
plant_height,2022,M1,LI22,2,165.0
head_diameter,2022,M1,LI22,2,13.0
plant_height,2022,M1,LI23,1,162.0
head_diameter,2022,M1,LI23,1,21.0
plant_height,2022,M1,LI23,1,161.0
head_diameter,2022,M1,LI23,1,21.0
plant_height,2022,M1,LI23,1,167.0
head_diameter,2022,M1,LI23,1,14.0
plant_height,2022,M1,LI23,1,166.0
head_diameter,2022,M1,LI23,1,19.0
plant_height,2022,M1,LI23,1,160.0
head_diameter,2022,M1,LI23,1,21.0
plant_height,2022,M1,LI23,1,156.0
head_diameter,2022,M1,LI23,1,21.0
plant_height,2022,M1,LI23,1,152.0
head_diameter,2022,M1,LI23,1,20.0
plant_height,2022,M1,LI23,1,145.0
head_diameter,2022,M1,LI23,1,19.0
plant_height,2022,M1,LI23,1,164.0
head_diameter,2022,M1,LI23,1,19.0
plant_height,2022,M1,LI23,1,158.0
head_diameter,2022,M1,LI23,1,20.0
plant_height,2022,M1,LI23,2,155.0
head_diameter,2022,M1,LI23,2,20.0
plant_height,2022,M1,LI23,2,162.0
head_diameter,2022,M1,LI23,2,17.0
plant_height,2022,M1,LI23,2,151.0
head_diameter,2022,M1,LI23,2,20.0
plant_height,2022,M1,LI23,2,167.0
head_diameter,2022,M1,LI23,2,15.0
plant_height,2022,M1,LI23,2,166.0
head_diameter,2022,M1,LI23,2,19.0
plant_height,2022,M1,LI23,2,171.0
head_diameter,2022,M1,LI23,2,16.0
plant_height,2022,M1,LI23,2,153.0
head_diameter,2022,M1,LI23,2,20.0
plant_height,2022,M1,LI23,2,153.0
head_diameter,2022,M1,LI23,2,16.0
plant_height,2022,M1,LI23,2,165.0
head_diameter,2022,M1,LI23,2,15.0
plant_height,2022,M1,LI23,2,154.0
head_diameter,2022,M1,LI23,2,20.0
plant_height,2022,M1,LI24,1,163.0
head_diameter,2022,M1,LI24,1,17.0
plant_height,2022,M1,LI24,1,157.0
head_diameter,2022,M1,LI24,1,17.0
plant_height,2022,M1,LI24,1,170.0
head_diameter,2022,M1,LI24,1,19.0
plant_height,2022,M1,LI24,1,161.0
head_diameter,2022,M1,LI24,1,23.0
plant_height,2022,M1,LI24,1,156.0
head_diameter,2022,M1,LI24,1,19.0
plant_height,2022,M1,LI24,1,171.0
head_diameter,2022,M1,LI24,1,18.0
plant_height,2022,M1,LI24,1,159.0
head_diameter,2022,M1,LI24,1,19.0
plant_height,2022,M1,LI24,1,167.0
head_diameter,2022,M1,LI24,1,17.0
plant_height,2022,M1,LI24,1,149.0
head_diameter,2022,M1,LI24,1,21.0
plant_height,2022,M1,LI24,1,163.0
head_diameter,2022,M1,LI24,1,20.0
plant_height,2022,M1,LI24,2,155.0
head_diameter,2022,M1,LI24,2,17.0
plant_height,2022,M1,LI24,2,142.0
head_diameter,2022,M1,LI24,2,21.0
plant_height,2022,M1,LI24,2,142.0
head_diameter,2022,M1,LI24,2,22.0
plant_height,2022,M1,LI24,2,141.0
head_diameter,2022,M1,LI24,2,26.0
plant_height,2022,M1,LI24,2,140.0
head_diameter,2022,M1,LI24,2,24.0
plant_height,2022,M1,LI24,2,142.0
head_diameter,2022,M1,LI24,2,22.0
plant_height,2022,M1,LI24,2,158.0
head_diameter,2022,M1,LI24,2,21.0
plant_height,2022,M1,LI24,2,154.0
head_diameter,2022,M1,LI24,2,19.0
plant_height,2022,M1,LI24,2,154.0
head_diameter,2022,M1,LI24,2,19.0
plant_height,2022,M1,LI24,2,140.0
head_diameter,2022,M1,LI24,2,21.0
plant_height,2022,M1,LI25,1,172.0
head_diameter,2022,M1,LI25,1,17.0
plant_height,2022,M1,LI25,1,177.0
head_diameter,2022,M1,LI25,1,19.0
plant_height,2022,M1,LI25,1,181.0
head_diameter,2022,M1,LI25,1,17.0
plant_height,2022,M1,LI25,1,181.0
head_diameter,2022,M1,LI25,1,21.0
plant_height,2022,M1,LI25,1,171.0
head_diameter,2022,M1,LI25,1,18.0
plant_height,2022,M1,LI25,1,174.0
head_diameter,2022,M1,LI25,1,18.0
plant_height,2022,M1,LI25,1,162.0
head_diameter,2022,M1,LI25,1,20.0
plant_height,2022,M1,LI25,1,170.0
head_diameter,2022,M1,LI25,1,20.0
plant_height,2022,M1,LI25,1,171.0
head_diameter,2022,M1,LI25,1,18.0
plant_height,2022,M1,LI25,1,171.0
head_diameter,2022,M1,LI25,1,21.0
plant_height,2022,M1,LI25,2,157.0
head_diameter,2022,M1,LI25,2,15.0
plant_height,2022,M1,LI25,2,160.0
head_diameter,2022,M1,LI25,2,15.0
plant_height,2022,M1,LI25,2,157.0
head_diameter,2022,M1,LI25,2,14.0
plant_height,2022,M1,LI25,2,160.0
head_diameter,2022,M1,LI25,2,17.0
plant_height,2022,M1,LI25,2,160.0
head_diameter,2022,M1,LI25,2,18.0
plant_height,2022,M1,LI25,2,165.0
head_diameter,2022,M1,LI25,2,12.0
plant_height,2022,M1,LI25,2,165.0
head_diameter,2022,M1,LI25,2,15.0
plant_height,2022,M1,LI25,2,158.0
head_diameter,2022,M1,LI25,2,17.0
plant_height,2022,M1,LI25,2,160.0
head_diameter,2022,M1,LI25,2,16.0
plant_height,2022,M1,LI25,2,159.0
head_diameter,2022,M1,LI25,2,13.0
plant_height,2022,M1,LI26,1,157.0
head_diameter,2022,M1,LI26,1,18.0
plant_height,2022,M1,LI26,1,147.0
head_diameter,2022,M1,LI26,1,19.0
plant_height,2022,M1,LI26,1,162.0
head_diameter,2022,M1,LI26,1,19.0
plant_height,2022,M1,LI26,1,160.0
head_diameter,2022,M1,LI26,1,17.0
plant_height,2022,M1,LI26,1,156.0
head_diameter,2022,M1,LI26,1,17.0
plant_height,2022,M1,LI26,1,143.0
head_diameter,2022,M1,LI26,1,20.0
plant_height,2022,M1,LI26,1,166.0
head_diameter,2022,M1,LI26,1,20.0
plant_height,2022,M1,LI26,1,151.0
head_diameter,2022,M1,LI26,1,21.0
plant_height,2022,M1,LI26,1,150.0
head_diameter,2022,M1,LI26,1,18.0
plant_height,2022,M1,LI26,1,158.0
head_diameter,2022,M1,LI26,1,17.0
plant_height,2022,M1,LI26,2,145.0
head_diameter,2022,M1,LI26,2,17.0
plant_height,2022,M1,LI26,2,161.0
head_diameter,2022,M1,LI26,2,15.0
plant_height,2022,M1,LI26,2,138.0
head_diameter,2022,M1,LI26,2,16.0
plant_height,2022,M1,LI26,2,152.0
head_diameter,2022,M1,LI26,2,16.0
plant_height,2022,M1,LI26,2,142.0
head_diameter,2022,M1,LI26,2,17.0
plant_height,2022,M1,LI26,2,136.0
head_diameter,2022,M1,LI26,2,18.0
plant_height,2022,M1,LI26,2,158.0
head_diameter,2022,M1,LI26,2,17.0
plant_height,2022,M1,LI26,2,152.0
head_diameter,2022,M1,LI26,2,16.0
plant_height,2022,M1,LI26,2,153.0
head_diameter,2022,M1,LI26,2,17.0
plant_height,2022,M1,LI26,2,157.0
head_diameter,2022,M1,LI26,2,14.0
plant_height,2022,M1,LI27,1,156.0
head_diameter,2022,M1,LI27,1,21.0
plant_height,2022,M1,LI27,1,157.0
head_diameter,2022,M1,LI27,1,19.0
plant_height,2022,M1,LI27,1,162.0
head_diameter,2022,M1,LI27,1,15.0
plant_height,2022,M1,LI27,1,158.0
head_diameter,2022,M1,LI27,1,16.0
plant_height,2022,M1,LI27,1,160.0
head_diameter,2022,M1,LI27,1,19.0
plant_height,2022,M1,LI27,1,162.0
head_diameter,2022,M1,LI27,1,18.0
plant_height,2022,M1,LI27,1,166.0
head_diameter,2022,M1,LI27,1,19.0
plant_height,2022,M1,LI27,1,162.0
head_diameter,2022,M1,LI27,1,19.0
plant_height,2022,M1,LI27,1,157.0
head_diameter,2022,M1,LI27,1,16.0
plant_height,2022,M1,LI27,1,162.0
head_diameter,2022,M1,LI27,1,17.0
plant_height,2022,M1,LI27,1,161.0
head_diameter,2022,M1,LI27,1,20.0
plant_height,2022,M1,LI27,2,149.0
head_diameter,2022,M1,LI27,2,23.0
plant_height,2022,M1,LI27,2,159.0
head_diameter,2022,M1,LI27,2,20.0
plant_height,2022,M1,LI27,2,152.0
head_diameter,2022,M1,LI27,2,18.0
plant_height,2022,M1,LI27,2,151.0
head_diameter,2022,M1,LI27,2,14.0
plant_height,2022,M1,LI27,2,158.0
head_diameter,2022,M1,LI27,2,17.0
plant_height,2022,M1,LI27,2,162.0
head_diameter,2022,M1,LI27,2,15.0
plant_height,2022,M1,LI27,2,153.0
head_diameter,2022,M1,LI27,2,18.0
plant_height,2022,M1,LI27,2,155.0
head_diameter,2022,M1,LI27,2,18.0
plant_height,2022,M1,LI27,2,150.0
head_diameter,2022,M1,LI27,2,17.0
plant_height,2022,M1,LI27,2,148.0
head_diameter,2022,M1,LI27,2,22.0
plant_height,2022,M1,LI28,1,153.0
head_diameter,2022,M1,LI28,1,24.0
plant_height,2022,M1,LI28,1,162.0
head_diameter,2022,M1,LI28,1,22.0
plant_height,2022,M1,LI28,1,162.0
head_diameter,2022,M1,LI28,1,25.0
plant_height,2022,M1,LI28,1,169.0
head_diameter,2022,M1,LI28,1,16.0
plant_height,2022,M1,LI28,1,149.0
head_diameter,2022,M1,LI28,1,21.0
plant_height,2022,M1,LI28,1,173.0
head_diameter,2022,M1,LI28,1,19.0
plant_height,2022,M1,LI28,1,173.0
head_diameter,2022,M1,LI28,1,17.0
plant_height,2022,M1,LI28,1,171.0
head_diameter,2022,M1,LI28,1,21.0
plant_height,2022,M1,LI28,1,167.0
head_diameter,2022,M1,LI28,1,18.0
plant_height,2022,M1,LI28,1,173.0
head_diameter,2022,M1,LI28,1,20.0
plant_height,2022,M1,LI28,2,149.0
head_diameter,2022,M1,LI28,2,13.0
plant_height,2022,M1,LI28,2,148.0
head_diameter,2022,M1,LI28,2,18.0
plant_height,2022,M1,LI28,2,151.0
head_diameter,2022,M1,LI28,2,21.0
plant_height,2022,M1,LI28,2,153.0
head_diameter,2022,M1,LI28,2,15.0
plant_height,2022,M1,LI28,2,160.0
head_diameter,2022,M1,LI28,2,15.0
plant_height,2022,M1,LI28,2,152.0
head_diameter,2022,M1,LI28,2,17.0
plant_height,2022,M1,LI28,2,152.0
head_diameter,2022,M1,LI28,2,15.0
plant_height,2022,M1,LI28,2,156.0
head_diameter,2022,M1,LI28,2,16.0
plant_height,2022,M1,LI28,2,155.0
head_diameter,2022,M1,LI28,2,14.0
plant_height,2022,M1,LI28,2,149.0
head_diameter,2022,M1,LI28,2,17.0
plant_height,2022,M1,LI29,1,195.0
head_diameter,2022,M1,LI29,1,16.0
plant_height,2022,M1,LI29,1,188.0
head_diameter,2022,M1,LI29,1,18.0
plant_height,2022,M1,LI29,1,195.0
head_diameter,2022,M1,LI29,1,17.0
plant_height,2022,M1,LI29,1,183.0
head_diameter,2022,M1,LI29,1,18.0
plant_height,2022,M1,LI29,1,190.0
head_diameter,2022,M1,LI29,1,17.0
plant_height,2022,M1,LI29,1,185.0
head_diameter,2022,M1,LI29,1,19.0
plant_height,2022,M1,LI29,1,184.0
head_diameter,2022,M1,LI29,1,22.0
plant_height,2022,M1,LI29,1,179.0
head_diameter,2022,M1,LI29,1,18.0
plant_height,2022,M1,LI29,1,187.0
head_diameter,2022,M1,LI29,1,21.0
plant_height,2022,M1,LI29,1,190.0
head_diameter,2022,M1,LI29,1,16.0
plant_height,2022,M1,LI29,2,182.0
head_diameter,2022,M1,LI29,2,14.0
plant_height,2022,M1,LI29,2,180.0
head_diameter,2022,M1,LI29,2,15.0
plant_height,2022,M1,LI29,2,182.0
head_diameter,2022,M1,LI29,2,15.0
plant_height,2022,M1,LI29,2,180.0
head_diameter,2022,M1,LI29,2,16.0
plant_height,2022,M1,LI29,2,176.0
head_diameter,2022,M1,LI29,2,13.0
plant_height,2022,M1,LI29,2,178.0
head_diameter,2022,M1,LI29,2,13.0
plant_height,2022,M1,LI29,2,178.0
head_diameter,2022,M1,LI29,2,15.0
plant_height,2022,M1,LI29,2,179.0
head_diameter,2022,M1,LI29,2,14.0
plant_height,2022,M1,LI29,2,178.0
head_diameter,2022,M1,LI29,2,14.0
plant_height,2022,M1,LI29,2,172.0
head_diameter,2022,M1,LI29,2,12.0
plant_height,2022,M1,LI30,1,192.0
head_diameter,2022,M1,LI30,1,18.0
plant_height,2022,M1,LI30,1,190.0
head_diameter,2022,M1,LI30,1,17.0
plant_height,2022,M1,LI30,1,189.0
head_diameter,2022,M1,LI30,1,16.0
plant_height,2022,M1,LI30,1,169.0
head_diameter,2022,M1,LI30,1,19.0
plant_height,2022,M1,LI30,1,173.0
head_diameter,2022,M1,LI30,1,20.0
plant_height,2022,M1,LI30,1,186.0
head_diameter,2022,M1,LI30,1,16.0
plant_height,2022,M1,LI30,1,176.0
head_diameter,2022,M1,LI30,1,14.0
plant_height,2022,M1,LI30,1,210.0
head_diameter,2022,M1,LI30,1,18.0
plant_height,2022,M1,LI30,1,198.0
head_diameter,2022,M1,LI30,1,16.0
plant_height,2022,M1,LI30,1,205.0
head_diameter,2022,M1,LI30,1,16.0
plant_height,2022,M1,LI30,2,181.0
head_diameter,2022,M1,LI30,2,18.0
plant_height,2022,M1,LI30,2,168.0
head_diameter,2022,M1,LI30,2,16.0
plant_height,2022,M1,LI30,2,181.0
head_diameter,2022,M1,LI30,2,15.0
plant_height,2022,M1,LI30,2,171.0
head_diameter,2022,M1,LI30,2,16.0
plant_height,2022,M1,LI30,2,166.0
head_diameter,2022,M1,LI30,2,18.0
plant_height,2022,M1,LI30,2,170.0
head_diameter,2022,M1,LI30,2,17.0
plant_height,2022,M1,LI30,2,160.0
head_diameter,2022,M1,LI30,2,13.0
plant_height,2022,M1,LI30,2,166.0
head_diameter,2022,M1,LI30,2,13.0
plant_height,2022,M1,LI30,2,181.0
head_diameter,2022,M1,LI30,2,16.0
plant_height,2022,M1,LI30,2,180.0
head_diameter,2022,M1,LI30,2,19.0
plant_height,2022,M1,LI31,1,174.0
head_diameter,2022,M1,LI31,1,23.0
plant_height,2022,M1,LI31,1,194.0
head_diameter,2022,M1,LI31,1,20.0
plant_height,2022,M1,LI31,1,182.0
head_diameter,2022,M1,LI31,1,18.0
plant_height,2022,M1,LI31,1,188.0
head_diameter,2022,M1,LI31,1,16.0
plant_height,2022,M1,LI31,1,182.0
head_diameter,2022,M1,LI31,1,21.0
plant_height,2022,M1,LI31,1,184.0
head_diameter,2022,M1,LI31,1,21.0
plant_height,2022,M1,LI31,1,190.0
head_diameter,2022,M1,LI31,1,18.0
plant_height,2022,M1,LI31,1,177.0
head_diameter,2022,M1,LI31,1,23.0
plant_height,2022,M1,LI31,1,177.0
head_diameter,2022,M1,LI31,1,23.0
plant_height,2022,M1,LI31,1,193.0
head_diameter,2022,M1,LI31,1,22.0
plant_height,2022,M1,LI31,2,169.0
head_diameter,2022,M1,LI31,2,19.0
plant_height,2022,M1,LI31,2,166.0
head_diameter,2022,M1,LI31,2,11.0
plant_height,2022,M1,LI31,2,170.0
head_diameter,2022,M1,LI31,2,11.0
plant_height,2022,M1,LI31,2,160.0
head_diameter,2022,M1,LI31,2,17.0
plant_height,2022,M1,LI31,2,153.0
head_diameter,2022,M1,LI31,2,15.0
plant_height,2022,M1,LI31,2,165.0
head_diameter,2022,M1,LI31,2,14.0
plant_height,2022,M1,LI31,2,170.0
head_diameter,2022,M1,LI31,2,22.0
plant_height,2022,M1,LI31,2,166.0
head_diameter,2022,M1,LI31,2,16.0
plant_height,2022,M1,LI31,2,158.0
head_diameter,2022,M1,LI31,2,20.0
plant_height,2022,M1,LI31,2,153.0
head_diameter,2022,M1,LI31,2,19.0
plant_height,2022,M1,LI32,1,166.0
head_diameter,2022,M1,LI32,1,16.0
plant_height,2022,M1,LI32,1,167.0
head_diameter,2022,M1,LI32,1,19.0
plant_height,2022,M1,LI32,1,172.0
head_diameter,2022,M1,LI32,1,18.0
plant_height,2022,M1,LI32,1,170.0
head_diameter,2022,M1,LI32,1,21.0
plant_height,2022,M1,LI32,1,172.0
head_diameter,2022,M1,LI32,1,22.0
plant_height,2022,M1,LI32,1,165.0
head_diameter,2022,M1,LI32,1,23.0
plant_height,2022,M1,LI32,1,177.0
head_diameter,2022,M1,LI32,1,19.0
plant_height,2022,M1,LI32,1,168.0
head_diameter,2022,M1,LI32,1,26.0
plant_height,2022,M1,LI32,1,165.0
head_diameter,2022,M1,LI32,1,25.0
plant_height,2022,M1,LI32,1,166.0
head_diameter,2022,M1,LI32,1,21.0
plant_height,2022,M1,LI32,2,154.0
head_diameter,2022,M1,LI32,2,15.0
plant_height,2022,M1,LI32,2,148.0
head_diameter,2022,M1,LI32,2,16.0
plant_height,2022,M1,LI32,2,151.0
head_diameter,2022,M1,LI32,2,13.0
plant_height,2022,M1,LI32,2,151.0
head_diameter,2022,M1,LI32,2,17.0
plant_height,2022,M1,LI32,2,166.0
head_diameter,2022,M1,LI32,2,20.0
plant_height,2022,M1,LI32,2,173.0
head_diameter,2022,M1,LI32,2,23.0
plant_height,2022,M1,LI32,2,170.0
head_diameter,2022,M1,LI32,2,20.0
plant_height,2022,M1,LI32,2,170.0
head_diameter,2022,M1,LI32,2,20.0
plant_height,2022,M1,LI32,2,169.0
head_diameter,2022,M1,LI32,2,17.0
plant_height,2022,M1,LI32,2,161.0
head_diameter,2022,M1,LI32,2,17.0
plant_height,2022,M1,LI33,1,169.0
head_diameter,2022,M1,LI33,1,20.0
plant_height,2022,M1,LI33,1,186.0
head_diameter,2022,M1,LI33,1,15.0
plant_height,2022,M1,LI33,1,177.0
head_diameter,2022,M1,LI33,1,16.0
plant_height,2022,M1,LI33,1,169.0
head_diameter,2022,M1,LI33,1,18.0
plant_height,2022,M1,LI33,1,173.0
head_diameter,2022,M1,LI33,1,19.0
plant_height,2022,M1,LI33,1,158.0
head_diameter,2022,M1,LI33,1,18.0
plant_height,2022,M1,LI33,1,154.0
head_diameter,2022,M1,LI33,1,22.0
plant_height,2022,M1,LI33,1,171.0
head_diameter,2022,M1,LI33,1,18.0
plant_height,2022,M1,LI33,1,171.0
head_diameter,2022,M1,LI33,1,22.0
plant_height,2022,M1,LI33,1,158.0
head_diameter,2022,M1,LI33,1,20.0
plant_height,2022,M1,LI33,2,171.0
head_diameter,2022,M1,LI33,2,23.0
plant_height,2022,M1,LI33,2,174.0
head_diameter,2022,M1,LI33,2,17.0
plant_height,2022,M1,LI33,2,173.0
head_diameter,2022,M1,LI33,2,19.0
plant_height,2022,M1,LI33,2,175.0
head_diameter,2022,M1,LI33,2,22.0
plant_height,2022,M1,LI33,2,178.0
head_diameter,2022,M1,LI33,2,17.0
plant_height,2022,M1,LI33,2,175.0
head_diameter,2022,M1,LI33,2,21.0
plant_height,2022,M1,LI33,2,171.0
head_diameter,2022,M1,LI33,2,23.0
plant_height,2022,M1,LI33,2,184.0
head_diameter,2022,M1,LI33,2,16.0
plant_height,2022,M1,LI33,2,191.0
head_diameter,2022,M1,LI33,2,20.0
plant_height,2022,M1,LI33,2,191.0
head_diameter,2022,M1,LI33,2,18.0
plant_height,2022,M1,LI34,1,169.0
head_diameter,2022,M1,LI34,1,17.0
plant_height,2022,M1,LI34,1,156.0
head_diameter,2022,M1,LI34,1,26.0
plant_height,2022,M1,LI34,1,152.0
head_diameter,2022,M1,LI34,1,22.0
plant_height,2022,M1,LI34,1,168.0
head_diameter,2022,M1,LI34,1,16.0
plant_height,2022,M1,LI34,1,158.0
head_diameter,2022,M1,LI34,1,20.0
plant_height,2022,M1,LI34,1,156.0
head_diameter,2022,M1,LI34,1,19.0
plant_height,2022,M1,LI34,1,165.0
head_diameter,2022,M1,LI34,1,23.0
plant_height,2022,M1,LI34,1,157.0
head_diameter,2022,M1,LI34,1,16.0
plant_height,2022,M1,LI34,1,165.0
head_diameter,2022,M1,LI34,1,17.0
plant_height,2022,M1,LI34,1,167.0
head_diameter,2022,M1,LI34,1,22.0
plant_height,2022,M1,LI34,2,170.0
head_diameter,2022,M1,LI34,2,16.0
plant_height,2022,M1,LI34,2,168.0
head_diameter,2022,M1,LI34,2,13.0
plant_height,2022,M1,LI34,2,163.0
head_diameter,2022,M1,LI34,2,14.0
plant_height,2022,M1,LI34,2,162.0
head_diameter,2022,M1,LI34,2,15.0
plant_height,2022,M1,LI34,2,165.0
head_diameter,2022,M1,LI34,2,17.0
plant_height,2022,M1,LI34,2,163.0
head_diameter,2022,M1,LI34,2,14.0
plant_height,2022,M1,LI34,2,158.0
head_diameter,2022,M1,LI34,2,15.0
plant_height,2022,M1,LI34,2,153.0
head_diameter,2022,M1,LI34,2,14.0
plant_height,2022,M1,LI34,2,166.0
head_diameter,2022,M1,LI34,2,14.0
plant_height,2022,M1,LI34,2,151.0
head_diameter,2022,M1,LI34,2,14.0
plant_height,2022,M1,LI35,1,202.0
head_diameter,2022,M1,LI35,1,20.0
plant_height,2022,M1,LI35,1,187.0
head_diameter,2022,M1,LI35,1,22.0
plant_height,2022,M1,LI35,1,209.0
head_diameter,2022,M1,LI35,1,25.0
plant_height,2022,M1,LI35,1,207.0
head_diameter,2022,M1,LI35,1,19.0
plant_height,2022,M1,LI35,1,195.0
head_diameter,2022,M1,LI35,1,27.0
plant_height,2022,M1,LI35,1,198.0
head_diameter,2022,M1,LI35,1,25.0
plant_height,2022,M1,LI35,1,193.0
head_diameter,2022,M1,LI35,1,26.0
plant_height,2022,M1,LI35,1,172.0
head_diameter,2022,M1,LI35,1,26.0
plant_height,2022,M1,LI35,1,197.0
head_diameter,2022,M1,LI35,1,29.0
plant_height,2022,M1,LI35,1,190.0
head_diameter,2022,M1,LI35,1,23.0
plant_height,2022,M1,LI35,2,183.0
head_diameter,2022,M1,LI35,2,16.0
plant_height,2022,M1,LI35,2,191.0
head_diameter,2022,M1,LI35,2,26.0
plant_height,2022,M1,LI35,2,180.0
head_diameter,2022,M1,LI35,2,26.0
plant_height,2022,M1,LI35,2,187.0
head_diameter,2022,M1,LI35,2,17.0
plant_height,2022,M1,LI35,2,180.0
head_diameter,2022,M1,LI35,2,23.0
plant_height,2022,M1,LI35,2,190.0
head_diameter,2022,M1,LI35,2,21.0
plant_height,2022,M1,LI35,2,202.0
head_diameter,2022,M1,LI35,2,23.0
plant_height,2022,M1,LI35,2,194.0
head_diameter,2022,M1,LI35,2,16.0
plant_height,2022,M1,LI35,2,176.0
head_diameter,2022,M1,LI35,2,18.0
plant_height,2022,M1,LI35,2,178.0
head_diameter,2022,M1,LI35,2,16.0
plant_height,2022,M1,LI36,1,144.0
head_diameter,2022,M1,LI36,1,16.0
plant_height,2022,M1,LI36,1,145.0
head_diameter,2022,M1,LI36,1,20.0
plant_height,2022,M1,LI36,1,147.0
head_diameter,2022,M1,LI36,1,17.0
plant_height,2022,M1,LI36,1,146.0
head_diameter,2022,M1,LI36,1,17.0
plant_height,2022,M1,LI36,1,146.0
head_diameter,2022,M1,LI36,1,16.0
plant_height,2022,M1,LI36,1,137.0
head_diameter,2022,M1,LI36,1,20.0
plant_height,2022,M1,LI36,1,140.0
head_diameter,2022,M1,LI36,1,19.0
plant_height,2022,M1,LI36,1,135.0
head_diameter,2022,M1,LI36,1,19.0
plant_height,2022,M1,LI36,1,137.0
head_diameter,2022,M1,LI36,1,19.0
plant_height,2022,M1,LI36,1,134.0
head_diameter,2022,M1,LI36,1,17.0
plant_height,2022,M1,LI36,2,135.0
head_diameter,2022,M1,LI36,2,21.0
plant_height,2022,M1,LI36,2,141.0
head_diameter,2022,M1,LI36,2,17.0
plant_height,2022,M1,LI36,2,143.0
head_diameter,2022,M1,LI36,2,12.0
plant_height,2022,M1,LI36,2,142.0
head_diameter,2022,M1,LI36,2,19.0
plant_height,2022,M1,LI36,2,138.0
head_diameter,2022,M1,LI36,2,21.0
plant_height,2022,M1,LI36,2,144.0
head_diameter,2022,M1,LI36,2,16.0
plant_height,2022,M1,LI36,2,134.0
head_diameter,2022,M1,LI36,2,17.0
plant_height,2022,M1,LI36,2,133.0
head_diameter,2022,M1,LI36,2,20.0
plant_height,2022,M1,LI36,2,140.0
head_diameter,2022,M1,LI36,2,22.0
plant_height,2022,M1,LI36,2,148.0
head_diameter,2022,M1,LI36,2,15.0
plant_height,2022,M1,LI36,2,144.0
head_diameter,2022,M1,LI36,2,22.0
plant_height,2022,M1,LI38,1,172.0
head_diameter,2022,M1,LI38,1,17.0
plant_height,2022,M1,LI38,1,173.0
head_diameter,2022,M1,LI38,1,20.0
plant_height,2022,M1,LI38,1,180.0
head_diameter,2022,M1,LI38,1,19.0
plant_height,2022,M1,LI38,1,181.0
head_diameter,2022,M1,LI38,1,17.0
plant_height,2022,M1,LI38,1,171.0
head_diameter,2022,M1,LI38,1,20.0
plant_height,2022,M1,LI38,1,161.0
head_diameter,2022,M1,LI38,1,20.0
plant_height,2022,M1,LI38,1,162.0
head_diameter,2022,M1,LI38,1,20.0
plant_height,2022,M1,LI38,1,165.0
head_diameter,2022,M1,LI38,1,20.0
plant_height,2022,M1,LI38,1,171.0
head_diameter,2022,M1,LI38,1,20.0
plant_height,2022,M1,LI38,1,169.0
head_diameter,2022,M1,LI38,1,22.0
plant_height,2022,M1,LI38,2,152.0
head_diameter,2022,M1,LI38,2,23.0
plant_height,2022,M1,LI38,2,178.0
head_diameter,2022,M1,LI38,2,18.0
plant_height,2022,M1,LI38,2,185.0
head_diameter,2022,M1,LI38,2,18.0
plant_height,2022,M1,LI38,2,186.0
head_diameter,2022,M1,LI38,2,19.0
plant_height,2022,M1,LI38,2,196.0
head_diameter,2022,M1,LI38,2,20.0
plant_height,2022,M1,LI38,2,188.0
head_diameter,2022,M1,LI38,2,21.0
plant_height,2022,M1,LI38,2,184.0
head_diameter,2022,M1,LI38,2,18.0
plant_height,2022,M1,LI38,2,190.0
head_diameter,2022,M1,LI38,2,20.0
plant_height,2022,M1,LI38,2,178.0
head_diameter,2022,M1,LI38,2,21.0
plant_height,2022,M1,LI38,2,190.0
head_diameter,2022,M1,LI38,2,18.0
plant_height,2022,M1,LI39,1,161.0
head_diameter,2022,M1,LI39,1,19.0
plant_height,2022,M1,LI39,1,158.0
head_diameter,2022,M1,LI39,1,20.0
plant_height,2022,M1,LI39,1,163.0
head_diameter,2022,M1,LI39,1,22.0
plant_height,2022,M1,LI39,1,166.0
head_diameter,2022,M1,LI39,1,21.0
plant_height,2022,M1,LI39,1,168.0
head_diameter,2022,M1,LI39,1,22.0
plant_height,2022,M1,LI39,1,169.0
head_diameter,2022,M1,LI39,1,17.0
plant_height,2022,M1,LI39,1,168.0
head_diameter,2022,M1,LI39,1,19.0
plant_height,2022,M1,LI39,1,168.0
head_diameter,2022,M1,LI39,1,19.0
plant_height,2022,M1,LI39,1,157.0
head_diameter,2022,M1,LI39,1,22.0
plant_height,2022,M1,LI39,1,166.0
head_diameter,2022,M1,LI39,1,20.0
plant_height,2022,M1,LI39,2,163.0
head_diameter,2022,M1,LI39,2,20.0
plant_height,2022,M1,LI39,2,157.0
head_diameter,2022,M1,LI39,2,20.0
plant_height,2022,M1,LI39,2,160.0
head_diameter,2022,M1,LI39,2,19.0
plant_height,2022,M1,LI39,2,161.0
head_diameter,2022,M1,LI39,2,22.0
plant_height,2022,M1,LI39,2,157.0
head_diameter,2022,M1,LI39,2,23.0
plant_height,2022,M1,LI39,2,170.0
head_diameter,2022,M1,LI39,2,19.0
plant_height,2022,M1,LI39,2,171.0
head_diameter,2022,M1,LI39,2,16.0
plant_height,2022,M1,LI39,2,170.0
head_diameter,2022,M1,LI39,2,18.0
plant_height,2022,M1,LI39,2,171.0
head_diameter,2022,M1,LI39,2,17.0
plant_height,2022,M1,LI39,2,167.0
head_diameter,2022,M1,LI39,2,18.0
plant_height,2022,M1,LI40,1,147.0
head_diameter,2022,M1,LI40,1,22.0
plant_height,2022,M1,LI40,1,164.0
head_diameter,2022,M1,LI40,1,16.0
plant_height,2022,M1,LI40,1,145.0
head_diameter,2022,M1,LI40,1,17.0
plant_height,2022,M1,LI40,1,161.0
head_diameter,2022,M1,LI40,1,19.0
plant_height,2022,M1,LI40,1,145.0
head_diameter,2022,M1,LI40,1,23.0
plant_height,2022,M1,LI40,1,162.0
head_diameter,2022,M1,LI40,1,19.0
plant_height,2022,M1,LI40,1,157.0
head_diameter,2022,M1,LI40,1,22.0
plant_height,2022,M1,LI40,1,166.0
head_diameter,2022,M1,LI40,1,20.0
plant_height,2022,M1,LI40,1,143.0
head_diameter,2022,M1,LI40,1,24.0
plant_height,2022,M1,LI40,1,163.0
head_diameter,2022,M1,LI40,1,18.0
plant_height,2022,M1,LI40,2,161.0
head_diameter,2022,M1,LI40,2,14.0
plant_height,2022,M1,LI40,2,150.0
head_diameter,2022,M1,LI40,2,14.0
plant_height,2022,M1,LI40,2,161.0
head_diameter,2022,M1,LI40,2,12.0
plant_height,2022,M1,LI40,2,156.0
head_diameter,2022,M1,LI40,2,13.0
plant_height,2022,M1,LI40,2,156.0
head_diameter,2022,M1,LI40,2,13.0
plant_height,2022,M1,LI40,2,161.0
head_diameter,2022,M1,LI40,2,14.0
plant_height,2022,M1,LI40,2,169.0
head_diameter,2022,M1,LI40,2,14.0
plant_height,2022,M1,LI40,2,168.0
head_diameter,2022,M1,LI40,2,14.0
plant_height,2022,M1,LI40,2,177.0
head_diameter,2022,M1,LI40,2,14.0
plant_height,2022,M1,LI40,2,174.0
head_diameter,2022,M1,LI40,2,13.0
plant_height,2022,M1,LI41,1,167.0
head_diameter,2022,M1,LI41,1,24.0
plant_height,2022,M1,LI41,1,171.0
head_diameter,2022,M1,LI41,1,25.0
plant_height,2022,M1,LI41,1,165.0
head_diameter,2022,M1,LI41,1,27.0
plant_height,2022,M1,LI41,1,159.0
head_diameter,2022,M1,LI41,1,25.0
plant_height,2022,M1,LI41,1,168.0
head_diameter,2022,M1,LI41,1,23.0
plant_height,2022,M1,LI41,1,158.0
head_diameter,2022,M1,LI41,1,24.0
plant_height,2022,M1,LI41,1,159.0
head_diameter,2022,M1,LI41,1,21.0
plant_height,2022,M1,LI41,1,158.0
head_diameter,2022,M1,LI41,1,25.0
plant_height,2022,M1,LI41,1,156.0
head_diameter,2022,M1,LI41,1,23.0
plant_height,2022,M1,LI41,1,150.0
head_diameter,2022,M1,LI41,1,26.0
plant_height,2022,M1,LI41,2,163.0
head_diameter,2022,M1,LI41,2,23.0
plant_height,2022,M1,LI41,2,170.0
head_diameter,2022,M1,LI41,2,18.0
plant_height,2022,M1,LI41,2,164.0
head_diameter,2022,M1,LI41,2,22.0
plant_height,2022,M1,LI41,2,178.0
head_diameter,2022,M1,LI41,2,20.0
plant_height,2022,M1,LI41,2,184.0
head_diameter,2022,M1,LI41,2,16.0
plant_height,2022,M1,LI41,2,167.0
head_diameter,2022,M1,LI41,2,19.0
plant_height,2022,M1,LI41,2,182.0
head_diameter,2022,M1,LI41,2,16.0
plant_height,2022,M1,LI41,2,178.0
head_diameter,2022,M1,LI41,2,18.0
plant_height,2022,M1,LI41,2,183.0
head_diameter,2022,M1,LI41,2,18.0
plant_height,2022,M1,LI41,2,180.0
head_diameter,2022,M1,LI41,2,19.0
plant_height,2022,M1,LI42,1,159.0
head_diameter,2022,M1,LI42,1,21.0
plant_height,2022,M1,LI42,1,161.0
head_diameter,2022,M1,LI42,1,17.0
plant_height,2022,M1,LI42,1,163.0
head_diameter,2022,M1,LI42,1,20.0
plant_height,2022,M1,LI42,1,167.0
head_diameter,2022,M1,LI42,1,18.0
plant_height,2022,M1,LI42,1,165.0
head_diameter,2022,M1,LI42,1,20.0
plant_height,2022,M1,LI42,1,168.0
head_diameter,2022,M1,LI42,1,18.0
plant_height,2022,M1,LI42,1,164.0
head_diameter,2022,M1,LI42,1,15.0
plant_height,2022,M1,LI42,1,168.0
head_diameter,2022,M1,LI42,1,17.0
plant_height,2022,M1,LI42,1,167.0
head_diameter,2022,M1,LI42,1,16.0
plant_height,2022,M1,LI42,1,165.0
head_diameter,2022,M1,LI42,1,16.0
plant_height,2022,M1,LI42,2,195.0
head_diameter,2022,M1,LI42,2,18.0
plant_height,2022,M1,LI42,2,190.0
head_diameter,2022,M1,LI42,2,16.0
plant_height,2022,M1,LI42,2,186.0
head_diameter,2022,M1,LI42,2,16.0
plant_height,2022,M1,LI42,2,172.0
head_diameter,2022,M1,LI42,2,16.0
plant_height,2022,M1,LI42,2,182.0
head_diameter,2022,M1,LI42,2,19.0
plant_height,2022,M1,LI42,2,175.0
head_diameter,2022,M1,LI42,2,21.0
plant_height,2022,M1,LI42,2,179.0
head_diameter,2022,M1,LI42,2,22.0
plant_height,2022,M1,LI42,2,196.0
head_diameter,2022,M1,LI42,2,17.0
plant_height,2022,M1,LI42,2,185.0
head_diameter,2022,M1,LI42,2,22.0
plant_height,2022,M1,LI42,2,178.0
head_diameter,2022,M1,LI42,2,21.0
plant_height,2022,M1,LI43,1,165.0
head_diameter,2022,M1,LI43,1,24.0
plant_height,2022,M1,LI43,1,171.0
head_diameter,2022,M1,LI43,1,21.0
plant_height,2022,M1,LI43,1,160.0
head_diameter,2022,M1,LI43,1,23.0
plant_height,2022,M1,LI43,1,161.0
head_diameter,2022,M1,LI43,1,20.0
plant_height,2022,M1,LI43,1,178.0
head_diameter,2022,M1,LI43,1,24.0
plant_height,2022,M1,LI43,1,167.0
head_diameter,2022,M1,LI43,1,22.0
plant_height,2022,M1,LI43,1,168.0
head_diameter,2022,M1,LI43,1,19.0
plant_height,2022,M1,LI43,1,167.0
head_diameter,2022,M1,LI43,1,16.0
plant_height,2022,M1,LI43,1,164.0
head_diameter,2022,M1,LI43,1,16.0
plant_height,2022,M1,LI43,1,160.0
head_diameter,2022,M1,LI43,1,17.0
plant_height,2022,M1,LI43,2,158.0
head_diameter,2022,M1,LI43,2,15.0
plant_height,2022,M1,LI43,2,162.0
head_diameter,2022,M1,LI43,2,16.0
plant_height,2022,M1,LI43,2,156.0
head_diameter,2022,M1,LI43,2,20.0
plant_height,2022,M1,LI43,2,148.0
head_diameter,2022,M1,LI43,2,17.0
plant_height,2022,M1,LI43,2,154.0
head_diameter,2022,M1,LI43,2,17.0
plant_height,2022,M1,LI43,2,162.0
head_diameter,2022,M1,LI43,2,16.0
plant_height,2022,M1,LI43,2,158.0
head_diameter,2022,M1,LI43,2,16.0
plant_height,2022,M1,LI43,2,159.0
head_diameter,2022,M1,LI43,2,18.0
plant_height,2022,M1,LI43,2,157.0
head_diameter,2022,M1,LI43,2,19.0
plant_height,2022,M1,LI43,2,149.0
head_diameter,2022,M1,LI43,2,20.0
plant_height,2022,M1,LI44,1,180.0
head_diameter,2022,M1,LI44,1,20.0
plant_height,2022,M1,LI44,1,185.0
head_diameter,2022,M1,LI44,1,21.0
plant_height,2022,M1,LI44,1,180.0
head_diameter,2022,M1,LI44,1,24.0
plant_height,2022,M1,LI44,1,169.0
head_diameter,2022,M1,LI44,1,21.0
plant_height,2022,M1,LI44,1,194.0
head_diameter,2022,M1,LI44,1,23.0
plant_height,2022,M1,LI44,1,202.0
head_diameter,2022,M1,LI44,1,21.0
plant_height,2022,M1,LI44,1,197.0
head_diameter,2022,M1,LI44,1,18.0
plant_height,2022,M1,LI44,1,189.0
head_diameter,2022,M1,LI44,1,21.0
plant_height,2022,M1,LI44,1,195.0
head_diameter,2022,M1,LI44,1,24.0
plant_height,2022,M1,LI44,1,200.0
head_diameter,2022,M1,LI44,1,16.0
plant_height,2022,M1,LI44,2,193.0
head_diameter,2022,M1,LI44,2,18.0
plant_height,2022,M1,LI44,2,189.0
head_diameter,2022,M1,LI44,2,19.0
plant_height,2022,M1,LI44,2,195.0
head_diameter,2022,M1,LI44,2,20.0
plant_height,2022,M1,LI44,2,204.0
head_diameter,2022,M1,LI44,2,15.0
plant_height,2022,M1,LI44,2,190.0
head_diameter,2022,M1,LI44,2,20.0
plant_height,2022,M1,LI44,2,193.0
head_diameter,2022,M1,LI44,2,20.0
plant_height,2022,M1,LI44,2,196.0
head_diameter,2022,M1,LI44,2,15.0
plant_height,2022,M1,LI44,2,195.0
head_diameter,2022,M1,LI44,2,13.0
plant_height,2022,M1,LI44,2,183.0
head_diameter,2022,M1,LI44,2,16.0
plant_height,2022,M1,LI44,2,190.0
head_diameter,2022,M1,LI44,2,16.0
plant_height,2022,M1,LI45,1,185.0
head_diameter,2022,M1,LI45,1,22.0
plant_height,2022,M1,LI45,1,189.0
head_diameter,2022,M1,LI45,1,16.0
plant_height,2022,M1,LI45,1,180.0
head_diameter,2022,M1,LI45,1,19.0
plant_height,2022,M1,LI45,1,173.0
head_diameter,2022,M1,LI45,1,21.0
plant_height,2022,M1,LI45,1,175.0
head_diameter,2022,M1,LI45,1,25.0
plant_height,2022,M1,LI45,1,160.0
head_diameter,2022,M1,LI45,1,25.0
plant_height,2022,M1,LI45,1,159.0
head_diameter,2022,M1,LI45,1,24.0
plant_height,2022,M1,LI45,1,165.0
head_diameter,2022,M1,LI45,1,18.0
plant_height,2022,M1,LI45,1,173.0
head_diameter,2022,M1,LI45,1,18.0
plant_height,2022,M1,LI45,1,169.0
head_diameter,2022,M1,LI45,1,21.0
plant_height,2022,M1,LI45,2,171.0
head_diameter,2022,M1,LI45,2,17.0
plant_height,2022,M1,LI45,2,174.0
head_diameter,2022,M1,LI45,2,16.0
plant_height,2022,M1,LI45,2,168.0
head_diameter,2022,M1,LI45,2,20.0
plant_height,2022,M1,LI45,2,161.0
head_diameter,2022,M1,LI45,2,19.0
plant_height,2022,M1,LI45,2,177.0
head_diameter,2022,M1,LI45,2,20.0
plant_height,2022,M1,LI45,2,162.0
head_diameter,2022,M1,LI45,2,18.0
plant_height,2022,M1,LI45,2,158.0
head_diameter,2022,M1,LI45,2,17.0
plant_height,2022,M1,LI45,2,165.0
head_diameter,2022,M1,LI45,2,20.0
plant_height,2022,M1,LI45,2,170.0
head_diameter,2022,M1,LI45,2,21.0
plant_height,2022,M1,LI45,2,172.0
head_diameter,2022,M1,LI45,2,16.0
plant_height,2022,M1,LI46,1,207.0
head_diameter,2022,M1,LI46,1,25.0
plant_height,2022,M1,LI46,1,188.0
head_diameter,2022,M1,LI46,1,26.0
plant_height,2022,M1,LI46,1,201.0
head_diameter,2022,M1,LI46,1,17.0
plant_height,2022,M1,LI46,1,202.0
head_diameter,2022,M1,LI46,1,20.0
plant_height,2022,M1,LI46,1,191.0
head_diameter,2022,M1,LI46,1,21.0
plant_height,2022,M1,LI46,1,187.0
head_diameter,2022,M1,LI46,1,18.0
plant_height,2022,M1,LI46,1,184.0
head_diameter,2022,M1,LI46,1,25.0
plant_height,2022,M1,LI46,1,188.0
head_diameter,2022,M1,LI46,1,28.0
plant_height,2022,M1,LI46,1,204.0
head_diameter,2022,M1,LI46,1,24.0
plant_height,2022,M1,LI46,1,198.0
head_diameter,2022,M1,LI46,1,20.0
plant_height,2022,M1,LI46,2,185.0
head_diameter,2022,M1,LI46,2,20.0
plant_height,2022,M1,LI46,2,188.0
head_diameter,2022,M1,LI46,2,22.0
plant_height,2022,M1,LI46,2,185.0
head_diameter,2022,M1,LI46,2,17.0
plant_height,2022,M1,LI46,2,183.0
head_diameter,2022,M1,LI46,2,16.0
plant_height,2022,M1,LI46,2,178.0
head_diameter,2022,M1,LI46,2,20.0
plant_height,2022,M1,LI46,2,187.0
head_diameter,2022,M1,LI46,2,15.0
plant_height,2022,M1,LI46,2,183.0
head_diameter,2022,M1,LI46,2,13.0
plant_height,2022,M1,LI46,2,179.0
head_diameter,2022,M1,LI46,2,16.0
plant_height,2022,M1,LI46,2,185.0
head_diameter,2022,M1,LI46,2,17.0
plant_height,2022,M1,LI46,2,191.0
head_diameter,2022,M1,LI46,2,23.0
plant_height,2022,M1,LI47,1,181.0
head_diameter,2022,M1,LI47,1,22.0
plant_height,2022,M1,LI47,1,188.0
head_diameter,2022,M1,LI47,1,22.0
plant_height,2022,M1,LI47,1,180.0
head_diameter,2022,M1,LI47,1,25.0
plant_height,2022,M1,LI47,1,181.0
head_diameter,2022,M1,LI47,1,23.0
plant_height,2022,M1,LI47,1,180.0
head_diameter,2022,M1,LI47,1,21.0
plant_height,2022,M1,LI47,1,188.0
head_diameter,2022,M1,LI47,1,20.0
plant_height,2022,M1,LI47,1,180.0
head_diameter,2022,M1,LI47,1,22.0
plant_height,2022,M1,LI47,1,184.0
head_diameter,2022,M1,LI47,1,23.0
plant_height,2022,M1,LI47,1,179.0
head_diameter,2022,M1,LI47,1,22.0
plant_height,2022,M1,LI47,1,184.0
head_diameter,2022,M1,LI47,1,23.0
plant_height,2022,M1,LI47,2,182.0
head_diameter,2022,M1,LI47,2,16.0
plant_height,2022,M1,LI47,2,178.0
head_diameter,2022,M1,LI47,2,18.0
plant_height,2022,M1,LI47,2,185.0
head_diameter,2022,M1,LI47,2,14.0
plant_height,2022,M1,LI47,2,171.0
head_diameter,2022,M1,LI47,2,21.0
plant_height,2022,M1,LI47,2,167.0
head_diameter,2022,M1,LI47,2,23.0
plant_height,2022,M1,LI47,2,163.0
head_diameter,2022,M1,LI47,2,20.0
plant_height,2022,M1,LI47,2,176.0
head_diameter,2022,M1,LI47,2,16.0
plant_height,2022,M1,LI47,2,168.0
head_diameter,2022,M1,LI47,2,21.0
plant_height,2022,M1,LI47,2,182.0
head_diameter,2022,M1,LI47,2,21.0
plant_height,2022,M1,LI47,2,186.0
head_diameter,2022,M1,LI47,2,20.0
plant_height,2022,M1,LI48,1,167.0
head_diameter,2022,M1,LI48,1,20.0
plant_height,2022,M1,LI48,1,166.0
head_diameter,2022,M1,LI48,1,21.0
plant_height,2022,M1,LI48,1,174.0
head_diameter,2022,M1,LI48,1,20.0
plant_height,2022,M1,LI48,1,173.0
head_diameter,2022,M1,LI48,1,20.0
plant_height,2022,M1,LI48,1,183.0
head_diameter,2022,M1,LI48,1,20.0
plant_height,2022,M1,LI48,1,176.0
head_diameter,2022,M1,LI48,1,18.0
plant_height,2022,M1,LI48,1,178.0
head_diameter,2022,M1,LI48,1,17.0
plant_height,2022,M1,LI48,1,179.0
head_diameter,2022,M1,LI48,1,20.0
plant_height,2022,M1,LI48,1,176.0
head_diameter,2022,M1,LI48,1,19.0
plant_height,2022,M1,LI48,1,180.0
head_diameter,2022,M1,LI48,1,19.0
plant_height,2022,M1,LI48,2,180.0
head_diameter,2022,M1,LI48,2,16.0
plant_height,2022,M1,LI48,2,181.0
head_diameter,2022,M1,LI48,2,13.0
plant_height,2022,M1,LI48,2,166.0
head_diameter,2022,M1,LI48,2,17.0
plant_height,2022,M1,LI48,2,169.0
head_diameter,2022,M1,LI48,2,18.0
plant_height,2022,M1,LI48,2,178.0
head_diameter,2022,M1,LI48,2,15.0
plant_height,2022,M1,LI48,2,161.0
head_diameter,2022,M1,LI48,2,19.0
plant_height,2022,M1,LI48,2,179.0
head_diameter,2022,M1,LI48,2,12.0
plant_height,2022,M1,LI48,2,165.0
head_diameter,2022,M1,LI48,2,20.0
plant_height,2022,M1,LI48,2,180.0
head_diameter,2022,M1,LI48,2,17.0
plant_height,2022,M1,LI48,2,170.0
head_diameter,2022,M1,LI48,2,15.0
plant_height,2022,M1,LI49,1,155.0
head_diameter,2022,M1,LI49,1,22.0
plant_height,2022,M1,LI49,1,162.0
head_diameter,2022,M1,LI49,1,17.0
plant_height,2022,M1,LI49,1,157.0
head_diameter,2022,M1,LI49,1,19.0
plant_height,2022,M1,LI49,1,173.0
head_diameter,2022,M1,LI49,1,16.0
plant_height,2022,M1,LI49,1,160.0
head_diameter,2022,M1,LI49,1,17.0
plant_height,2022,M1,LI49,1,159.0
head_diameter,2022,M1,LI49,1,18.0
plant_height,2022,M1,LI49,1,170.0
head_diameter,2022,M1,LI49,1,18.0
plant_height,2022,M1,LI49,1,179.0
head_diameter,2022,M1,LI49,1,18.0
plant_height,2022,M1,LI49,1,160.0
head_diameter,2022,M1,LI49,1,19.0
plant_height,2022,M1,LI49,1,157.0
head_diameter,2022,M1,LI49,1,17.0
plant_height,2022,M1,LI49,2,151.0
head_diameter,2022,M1,LI49,2,17.0
plant_height,2022,M1,LI49,2,159.0
head_diameter,2022,M1,LI49,2,18.0
plant_height,2022,M1,LI49,2,155.0
head_diameter,2022,M1,LI49,2,17.0
plant_height,2022,M1,LI49,2,155.0
head_diameter,2022,M1,LI49,2,15.0
plant_height,2022,M1,LI49,2,162.0
head_diameter,2022,M1,LI49,2,14.0
plant_height,2022,M1,LI49,2,158.0
head_diameter,2022,M1,LI49,2,17.0
plant_height,2022,M1,LI49,2,165.0
head_diameter,2022,M1,LI49,2,14.0
plant_height,2022,M1,LI49,2,154.0
head_diameter,2022,M1,LI49,2,16.0
plant_height,2022,M1,LI49,2,161.0
head_diameter,2022,M1,LI49,2,15.0
plant_height,2022,M1,LI49,2,164.0
head_diameter,2022,M1,LI49,2,18.0
plant_height,2022,M1,LI50,1,179.0
head_diameter,2022,M1,LI50,1,19.0
plant_height,2022,M1,LI50,1,190.0
head_diameter,2022,M1,LI50,1,17.0
plant_height,2022,M1,LI50,1,191.0
head_diameter,2022,M1,LI50,1,22.0
plant_height,2022,M1,LI50,1,194.0
head_diameter,2022,M1,LI50,1,20.0
plant_height,2022,M1,LI50,1,198.0
head_diameter,2022,M1,LI50,1,19.0
plant_height,2022,M1,LI50,1,187.0
head_diameter,2022,M1,LI50,1,20.0
plant_height,2022,M1,LI50,1,188.0
head_diameter,2022,M1,LI50,1,18.0
plant_height,2022,M1,LI50,1,199.0
head_diameter,2022,M1,LI50,1,19.0
plant_height,2022,M1,LI50,1,205.0
head_diameter,2022,M1,LI50,1,19.0
plant_height,2022,M1,LI50,1,189.0
head_diameter,2022,M1,LI50,1,19.0
plant_height,2022,M1,LI50,2,200.0
head_diameter,2022,M1,LI50,2,19.0
plant_height,2022,M1,LI50,2,196.0
head_diameter,2022,M1,LI50,2,18.0
plant_height,2022,M1,LI50,2,192.0
head_diameter,2022,M1,LI50,2,21.0
plant_height,2022,M1,LI50,2,176.0
head_diameter,2022,M1,LI50,2,19.0
plant_height,2022,M1,LI50,2,185.0
head_diameter,2022,M1,LI50,2,16.0
plant_height,2022,M1,LI50,2,187.0
head_diameter,2022,M1,LI50,2,20.0
plant_height,2022,M1,LI50,2,193.0
head_diameter,2022,M1,LI50,2,19.0
plant_height,2022,M1,LI50,2,187.0
head_diameter,2022,M1,LI50,2,15.0
plant_height,2022,M1,LI50,2,190.0
head_diameter,2022,M1,LI50,2,19.0
plant_height,2022,M1,LI50,2,189.0
head_diameter,2022,M1,LI50,2,21.0
plant_height,2022,M1,LI51,1,178.0
head_diameter,2022,M1,LI51,1,17.0
plant_height,2022,M1,LI51,1,183.0
head_diameter,2022,M1,LI51,1,21.0
plant_height,2022,M1,LI51,1,170.0
head_diameter,2022,M1,LI51,1,20.0
plant_height,2022,M1,LI51,1,176.0
head_diameter,2022,M1,LI51,1,15.0
plant_height,2022,M1,LI51,1,177.0
head_diameter,2022,M1,LI51,1,22.0
plant_height,2022,M1,LI51,1,173.0
head_diameter,2022,M1,LI51,1,20.0
plant_height,2022,M1,LI51,1,173.0
head_diameter,2022,M1,LI51,1,22.0
plant_height,2022,M1,LI51,1,180.0
head_diameter,2022,M1,LI51,1,21.0
plant_height,2022,M1,LI51,1,183.0
head_diameter,2022,M1,LI51,1,18.0
plant_height,2022,M1,LI51,1,191.0
head_diameter,2022,M1,LI51,1,19.0
plant_height,2022,M1,LI51,2,177.0
head_diameter,2022,M1,LI51,2,21.0
plant_height,2022,M1,LI51,2,163.0
head_diameter,2022,M1,LI51,2,19.0
plant_height,2022,M1,LI51,2,174.0
head_diameter,2022,M1,LI51,2,21.0
plant_height,2022,M1,LI51,2,170.0
head_diameter,2022,M1,LI51,2,20.0
plant_height,2022,M1,LI51,2,172.0
head_diameter,2022,M1,LI51,2,18.0
plant_height,2022,M1,LI51,2,165.0
head_diameter,2022,M1,LI51,2,17.0
plant_height,2022,M1,LI51,2,174.0
head_diameter,2022,M1,LI51,2,18.0
plant_height,2022,M1,LI51,2,175.0
head_diameter,2022,M1,LI51,2,17.0
plant_height,2022,M1,LI51,2,176.0
head_diameter,2022,M1,LI51,2,18.0
plant_height,2022,M1,LI51,2,175.0
head_diameter,2022,M1,LI51,2,19.0
plant_height,2022,M1,LI52,1,168.0
head_diameter,2022,M1,LI52,1,23.0
plant_height,2022,M1,LI52,1,173.0
head_diameter,2022,M1,LI52,1,20.0
plant_height,2022,M1,LI52,1,169.0
head_diameter,2022,M1,LI52,1,18.0
plant_height,2022,M1,LI52,1,180.0
head_diameter,2022,M1,LI52,1,18.0
plant_height,2022,M1,LI52,1,177.0
head_diameter,2022,M1,LI52,1,19.0
plant_height,2022,M1,LI52,1,173.0
head_diameter,2022,M1,LI52,1,16.0
plant_height,2022,M1,LI52,1,179.0
head_diameter,2022,M1,LI52,1,19.0
plant_height,2022,M1,LI52,1,177.0
head_diameter,2022,M1,LI52,1,20.0
plant_height,2022,M1,LI52,1,177.0
head_diameter,2022,M1,LI52,1,20.0
plant_height,2022,M1,LI52,1,179.0
head_diameter,2022,M1,LI52,1,17.0
plant_height,2022,M1,LI52,2,172.0
head_diameter,2022,M1,LI52,2,18.0
plant_height,2022,M1,LI52,2,165.0
head_diameter,2022,M1,LI52,2,22.0
plant_height,2022,M1,LI52,2,168.0
head_diameter,2022,M1,LI52,2,20.0
plant_height,2022,M1,LI52,2,168.0
head_diameter,2022,M1,LI52,2,25.0
plant_height,2022,M1,LI52,2,167.0
head_diameter,2022,M1,LI52,2,24.0
plant_height,2022,M1,LI52,2,173.0
head_diameter,2022,M1,LI52,2,21.0
plant_height,2022,M1,LI52,2,168.0
head_diameter,2022,M1,LI52,2,21.0
plant_height,2022,M1,LI52,2,183.0
head_diameter,2022,M1,LI52,2,18.0
plant_height,2022,M1,LI52,2,162.0
head_diameter,2022,M1,LI52,2,21.0
plant_height,2022,M1,LI52,2,179.0
head_diameter,2022,M1,LI52,2,16.0
plant_height,2022,M1,LI53,1,170.0
head_diameter,2022,M1,LI53,1,18.0
plant_height,2022,M1,LI53,1,183.0
head_diameter,2022,M1,LI53,1,22.0
plant_height,2022,M1,LI53,1,175.0
head_diameter,2022,M1,LI53,1,17.0
plant_height,2022,M1,LI53,1,177.0
head_diameter,2022,M1,LI53,1,22.0
plant_height,2022,M1,LI53,1,171.0
head_diameter,2022,M1,LI53,1,18.0
plant_height,2022,M1,LI53,1,178.0
head_diameter,2022,M1,LI53,1,21.0
plant_height,2022,M1,LI53,1,183.0
head_diameter,2022,M1,LI53,1,18.0
plant_height,2022,M1,LI53,1,183.0
head_diameter,2022,M1,LI53,1,19.0
plant_height,2022,M1,LI53,1,180.0
head_diameter,2022,M1,LI53,1,22.0
plant_height,2022,M1,LI53,1,170.0
head_diameter,2022,M1,LI53,1,21.0
plant_height,2022,M1,LI53,2,180.0
head_diameter,2022,M1,LI53,2,15.0
plant_height,2022,M1,LI53,2,184.0
head_diameter,2022,M1,LI53,2,16.0
plant_height,2022,M1,LI53,2,168.0
head_diameter,2022,M1,LI53,2,24.0
plant_height,2022,M1,LI53,2,169.0
head_diameter,2022,M1,LI53,2,16.0
plant_height,2022,M1,LI53,2,165.0
head_diameter,2022,M1,LI53,2,25.0
plant_height,2022,M1,LI53,2,171.0
head_diameter,2022,M1,LI53,2,16.0
plant_height,2022,M1,LI53,2,183.0
head_diameter,2022,M1,LI53,2,17.0
plant_height,2022,M1,LI53,2,187.0
head_diameter,2022,M1,LI53,2,19.0
plant_height,2022,M1,LI53,2,170.0
head_diameter,2022,M1,LI53,2,24.0
plant_height,2022,M1,LI53,2,176.0
head_diameter,2022,M1,LI53,2,21.0
plant_height,2022,M1,LI54,1,164.0
head_diameter,2022,M1,LI54,1,19.0
plant_height,2022,M1,LI54,1,167.0
head_diameter,2022,M1,LI54,1,21.0
plant_height,2022,M1,LI54,1,144.0
head_diameter,2022,M1,LI54,1,17.0
plant_height,2022,M1,LI54,1,154.0
head_diameter,2022,M1,LI54,1,17.0
plant_height,2022,M1,LI54,1,165.0
head_diameter,2022,M1,LI54,1,16.0
plant_height,2022,M1,LI54,1,154.0
head_diameter,2022,M1,LI54,1,19.0
plant_height,2022,M1,LI54,1,133.0
head_diameter,2022,M1,LI54,1,21.0
plant_height,2022,M1,LI54,1,140.0
head_diameter,2022,M1,LI54,1,22.0
plant_height,2022,M1,LI54,1,160.0
head_diameter,2022,M1,LI54,1,18.0
plant_height,2022,M1,LI54,1,145.0
head_diameter,2022,M1,LI54,1,20.0
plant_height,2022,M1,LI54,2,159.0
head_diameter,2022,M1,LI54,2,16.0
plant_height,2022,M1,LI54,2,152.0
head_diameter,2022,M1,LI54,2,14.0
plant_height,2022,M1,LI54,2,160.0
head_diameter,2022,M1,LI54,2,14.0
plant_height,2022,M1,LI54,2,154.0
head_diameter,2022,M1,LI54,2,18.0
plant_height,2022,M1,LI54,2,153.0
head_diameter,2022,M1,LI54,2,22.0
plant_height,2022,M1,LI54,2,163.0
head_diameter,2022,M1,LI54,2,24.0
plant_height,2022,M1,LI54,2,151.0
head_diameter,2022,M1,LI54,2,18.0
plant_height,2022,M1,LI54,2,150.0
head_diameter,2022,M1,LI54,2,19.0
plant_height,2022,M1,LI54,2,160.0
head_diameter,2022,M1,LI54,2,21.0
plant_height,2022,M1,LI54,2,157.0
head_diameter,2022,M1,LI54,2,23.0
plant_height,2022,M2,LI1,1,160.0
head_diameter,2022,M2,LI1,1,18.0
plant_height,2022,M2,LI1,1,165.0
head_diameter,2022,M2,LI1,1,23.0
plant_height,2022,M2,LI1,1,169.0
head_diameter,2022,M2,LI1,1,21.0
plant_height,2022,M2,LI1,1,152.0
head_diameter,2022,M2,LI1,1,17.0
plant_height,2022,M2,LI1,1,173.0
head_diameter,2022,M2,LI1,1,20.0
plant_height,2022,M2,LI1,1,173.0
head_diameter,2022,M2,LI1,1,21.0
plant_height,2022,M2,LI1,1,171.0
head_diameter,2022,M2,LI1,1,19.0
plant_height,2022,M2,LI1,1,164.0
head_diameter,2022,M2,LI1,1,23.0
plant_height,2022,M2,LI1,1,165.0
head_diameter,2022,M2,LI1,1,20.0
plant_height,2022,M2,LI1,1,160.0
head_diameter,2022,M2,LI1,1,19.0
plant_height,2022,M2,LI1,2,152.0
head_diameter,2022,M2,LI1,2,19.0
plant_height,2022,M2,LI1,2,157.0
head_diameter,2022,M2,LI1,2,14.0
plant_height,2022,M2,LI1,2,159.0
head_diameter,2022,M2,LI1,2,18.0
plant_height,2022,M2,LI1,2,155.0
head_diameter,2022,M2,LI1,2,19.0
plant_height,2022,M2,LI1,2,163.0
head_diameter,2022,M2,LI1,2,18.0
plant_height,2022,M2,LI1,2,159.0
head_diameter,2022,M2,LI1,2,17.0
plant_height,2022,M2,LI1,2,156.0
head_diameter,2022,M2,LI1,2,17.0
plant_height,2022,M2,LI1,2,160.0
head_diameter,2022,M2,LI1,2,13.0
plant_height,2022,M2,LI1,2,166.0
head_diameter,2022,M2,LI1,2,19.0
plant_height,2022,M2,LI1,2,166.0
head_diameter,2022,M2,LI1,2,17.0
plant_height,2022,M2,LI2,1,180.0
head_diameter,2022,M2,LI2,1,19.0
plant_height,2022,M2,LI2,1,177.0
head_diameter,2022,M2,LI2,1,20.0
plant_height,2022,M2,LI2,1,176.0
head_diameter,2022,M2,LI2,1,20.0
plant_height,2022,M2,LI2,1,172.0
head_diameter,2022,M2,LI2,1,22.0
plant_height,2022,M2,LI2,1,170.0
head_diameter,2022,M2,LI2,1,20.0
plant_height,2022,M2,LI2,1,179.0
head_diameter,2022,M2,LI2,1,24.0
plant_height,2022,M2,LI2,1,166.0
head_diameter,2022,M2,LI2,1,19.0
plant_height,2022,M2,LI2,1,168.0
head_diameter,2022,M2,LI2,1,20.0
plant_height,2022,M2,LI2,1,170.0
head_diameter,2022,M2,LI2,1,22.0
plant_height,2022,M2,LI2,1,175.0
head_diameter,2022,M2,LI2,1,19.0
plant_height,2022,M2,LI2,2,158.0
head_diameter,2022,M2,LI2,2,21.0
plant_height,2022,M2,LI2,2,155.0
head_diameter,2022,M2,LI2,2,16.0
plant_height,2022,M2,LI2,2,151.0
head_diameter,2022,M2,LI2,2,24.0
plant_height,2022,M2,LI2,2,152.0
head_diameter,2022,M2,LI2,2,21.0
plant_height,2022,M2,LI2,2,162.0
head_diameter,2022,M2,LI2,2,17.0
plant_height,2022,M2,LI2,2,165.0
head_diameter,2022,M2,LI2,2,18.0
plant_height,2022,M2,LI2,2,152.0
head_diameter,2022,M2,LI2,2,14.0
plant_height,2022,M2,LI2,2,165.0
head_diameter,2022,M2,LI2,2,16.0
plant_height,2022,M2,LI2,2,168.0
head_diameter,2022,M2,LI2,2,17.0
plant_height,2022,M2,LI2,2,169.0
head_diameter,2022,M2,LI2,2,14.0
plant_height,2022,M2,LI2,2,158.0
head_diameter,2022,M2,LI2,2,15.0
plant_height,2022,M2,LI3,1,143.0
head_diameter,2022,M2,LI3,1,16.0
plant_height,2022,M2,LI3,1,146.0
head_diameter,2022,M2,LI3,1,21.0
plant_height,2022,M2,LI3,1,144.0
head_diameter,2022,M2,LI3,1,19.0
plant_height,2022,M2,LI3,1,148.0
head_diameter,2022,M2,LI3,1,20.0
plant_height,2022,M2,LI3,1,148.0
head_diameter,2022,M2,LI3,1,20.0
plant_height,2022,M2,LI3,1,145.0
head_diameter,2022,M2,LI3,1,19.0
plant_height,2022,M2,LI3,1,152.0
head_diameter,2022,M2,LI3,1,22.0
plant_height,2022,M2,LI3,1,145.0
head_diameter,2022,M2,LI3,1,19.0
plant_height,2022,M2,LI3,1,147.0
head_diameter,2022,M2,LI3,1,21.0
plant_height,2022,M2,LI3,1,151.0
head_diameter,2022,M2,LI3,1,18.0
plant_height,2022,M2,LI3,2,146.0
head_diameter,2022,M2,LI3,2,18.0
plant_height,2022,M2,LI3,2,148.0
head_diameter,2022,M2,LI3,2,17.0
plant_height,2022,M2,LI3,2,138.0
head_diameter,2022,M2,LI3,2,17.0
plant_height,2022,M2,LI3,2,140.0
head_diameter,2022,M2,LI3,2,17.0
plant_height,2022,M2,LI3,2,136.0
head_diameter,2022,M2,LI3,2,18.0
plant_height,2022,M2,LI3,2,141.0
head_diameter,2022,M2,LI3,2,13.0
plant_height,2022,M2,LI3,2,132.0
head_diameter,2022,M2,LI3,2,19.0
plant_height,2022,M2,LI3,2,138.0
head_diameter,2022,M2,LI3,2,16.0
plant_height,2022,M2,LI3,2,145.0
head_diameter,2022,M2,LI3,2,16.0
plant_height,2022,M2,LI3,2,148.0
head_diameter,2022,M2,LI3,2,19.0
plant_height,2022,M2,LI4,1,138.0
head_diameter,2022,M2,LI4,1,21.0
plant_height,2022,M2,LI4,1,139.0
head_diameter,2022,M2,LI4,1,17.0
plant_height,2022,M2,LI4,1,146.0
head_diameter,2022,M2,LI4,1,19.0
plant_height,2022,M2,LI4,1,136.0
head_diameter,2022,M2,LI4,1,19.0
plant_height,2022,M2,LI4,1,126.0
head_diameter,2022,M2,LI4,1,19.0
plant_height,2022,M2,LI4,1,125.0
head_diameter,2022,M2,LI4,1,19.0
plant_height,2022,M2,LI4,1,129.0
head_diameter,2022,M2,LI4,1,16.0
plant_height,2022,M2,LI4,1,129.0
head_diameter,2022,M2,LI4,1,17.0
plant_height,2022,M2,LI4,1,143.0
head_diameter,2022,M2,LI4,1,17.0
plant_height,2022,M2,LI4,1,131.0
head_diameter,2022,M2,LI4,1,21.0
plant_height,2022,M2,LI4,2,130.0
head_diameter,2022,M2,LI4,2,13.0
plant_height,2022,M2,LI4,2,128.0
head_diameter,2022,M2,LI4,2,12.0
plant_height,2022,M2,LI4,2,127.0
head_diameter,2022,M2,LI4,2,14.0
plant_height,2022,M2,LI4,2,120.0
head_diameter,2022,M2,LI4,2,18.0
plant_height,2022,M2,LI4,2,127.0
head_diameter,2022,M2,LI4,2,16.0
plant_height,2022,M2,LI4,2,132.0
head_diameter,2022,M2,LI4,2,15.0
plant_height,2022,M2,LI4,2,138.0
head_diameter,2022,M2,LI4,2,15.0
plant_height,2022,M2,LI4,2,141.0
head_diameter,2022,M2,LI4,2,14.0
plant_height,2022,M2,LI4,2,140.0
head_diameter,2022,M2,LI4,2,18.0
plant_height,2022,M2,LI4,2,130.0
head_diameter,2022,M2,LI4,2,20.0
plant_height,2022,M2,LI5,1,151.0
head_diameter,2022,M2,LI5,1,20.0
plant_height,2022,M2,LI5,1,142.0
head_diameter,2022,M2,LI5,1,18.0
plant_height,2022,M2,LI5,1,132.0
head_diameter,2022,M2,LI5,1,19.0
plant_height,2022,M2,LI5,1,131.0
head_diameter,2022,M2,LI5,1,18.0
plant_height,2022,M2,LI5,1,145.0
head_diameter,2022,M2,LI5,1,16.0
plant_height,2022,M2,LI5,1,117.0
head_diameter,2022,M2,LI5,1,18.0
plant_height,2022,M2,LI5,1,144.0
head_diameter,2022,M2,LI5,1,17.0
plant_height,2022,M2,LI5,1,140.0
head_diameter,2022,M2,LI5,1,19.0
plant_height,2022,M2,LI5,1,146.0
head_diameter,2022,M2,LI5,1,19.0
plant_height,2022,M2,LI5,1,147.0
head_diameter,2022,M2,LI5,1,18.0
plant_height,2022,M2,LI5,2,120.0
head_diameter,2022,M2,LI5,2,21.0
plant_height,2022,M2,LI5,2,142.0
head_diameter,2022,M2,LI5,2,18.0
plant_height,2022,M2,LI5,2,146.0
head_diameter,2022,M2,LI5,2,12.0
plant_height,2022,M2,LI5,2,120.0
head_diameter,2022,M2,LI5,2,24.0
plant_height,2022,M2,LI5,2,142.0
head_diameter,2022,M2,LI5,2,18.0
plant_height,2022,M2,LI5,2,136.0
head_diameter,2022,M2,LI5,2,19.0
plant_height,2022,M2,LI5,2,137.0
head_diameter,2022,M2,LI5,2,18.0
plant_height,2022,M2,LI5,2,120.0
head_diameter,2022,M2,LI5,2,14.0
plant_height,2022,M2,LI5,2,141.0
head_diameter,2022,M2,LI5,2,14.0
plant_height,2022,M2,LI5,2,140.0
head_diameter,2022,M2,LI5,2,18.0
plant_height,2022,M2,LI6,1,153.0
head_diameter,2022,M2,LI6,1,22.0
plant_height,2022,M2,LI6,1,155.0
head_diameter,2022,M2,LI6,1,19.0
plant_height,2022,M2,LI6,1,149.0
head_diameter,2022,M2,LI6,1,21.0
plant_height,2022,M2,LI6,1,139.0
head_diameter,2022,M2,LI6,1,22.0
plant_height,2022,M2,LI6,1,151.0
head_diameter,2022,M2,LI6,1,25.0
plant_height,2022,M2,LI6,1,162.0
head_diameter,2022,M2,LI6,1,19.0
plant_height,2022,M2,LI6,1,158.0
head_diameter,2022,M2,LI6,1,16.0
plant_height,2022,M2,LI6,1,148.0
head_diameter,2022,M2,LI6,1,20.0
plant_height,2022,M2,LI6,1,148.0
head_diameter,2022,M2,LI6,1,20.0
plant_height,2022,M2,LI6,1,140.0
head_diameter,2022,M2,LI6,1,15.0
plant_height,2022,M2,LI6,2,151.0
head_diameter,2022,M2,LI6,2,17.0
plant_height,2022,M2,LI6,2,159.0
head_diameter,2022,M2,LI6,2,19.0
plant_height,2022,M2,LI6,2,158.0
head_diameter,2022,M2,LI6,2,23.0
plant_height,2022,M2,LI6,2,165.0
head_diameter,2022,M2,LI6,2,18.0
plant_height,2022,M2,LI6,2,163.0
head_diameter,2022,M2,LI6,2,20.0
plant_height,2022,M2,LI6,2,166.0
head_diameter,2022,M2,LI6,2,21.0
plant_height,2022,M2,LI6,2,161.0
head_diameter,2022,M2,LI6,2,20.0
plant_height,2022,M2,LI6,2,164.0
head_diameter,2022,M2,LI6,2,20.0
plant_height,2022,M2,LI6,2,157.0
head_diameter,2022,M2,LI6,2,20.0
plant_height,2022,M2,LI6,2,155.0
head_diameter,2022,M2,LI6,2,18.0
plant_height,2022,M2,LI7,1,140.0
head_diameter,2022,M2,LI7,1,21.0
plant_height,2022,M2,LI7,1,151.0
head_diameter,2022,M2,LI7,1,19.0
plant_height,2022,M2,LI7,1,149.0
head_diameter,2022,M2,LI7,1,15.0
plant_height,2022,M2,LI7,1,154.0
head_diameter,2022,M2,LI7,1,16.0
plant_height,2022,M2,LI7,1,153.0
head_diameter,2022,M2,LI7,1,15.0
plant_height,2022,M2,LI7,1,17.0
head_diameter,2022,M2,LI7,1,151.0
plant_height,2022,M2,LI7,1,135.0
head_diameter,2022,M2,LI7,1,20.0
plant_height,2022,M2,LI7,1,149.0
head_diameter,2022,M2,LI7,1,14.0
plant_height,2022,M2,LI7,1,138.0
head_diameter,2022,M2,LI7,1,21.0
plant_height,2022,M2,LI7,1,152.0
head_diameter,2022,M2,LI7,1,18.0
plant_height,2022,M2,LI7,2,154.0
head_diameter,2022,M2,LI7,2,18.0
plant_height,2022,M2,LI7,2,138.0
head_diameter,2022,M2,LI7,2,20.0
plant_height,2022,M2,LI7,2,151.0
head_diameter,2022,M2,LI7,2,14.0
plant_height,2022,M2,LI7,2,135.0
head_diameter,2022,M2,LI7,2,20.0
plant_height,2022,M2,LI7,2,150.0
head_diameter,2022,M2,LI7,2,21.0
plant_height,2022,M2,LI7,2,153.0
head_diameter,2022,M2,LI7,2,16.0
plant_height,2022,M2,LI7,2,155.0
head_diameter,2022,M2,LI7,2,17.0
plant_height,2022,M2,LI7,2,151.0
head_diameter,2022,M2,LI7,2,17.0
plant_height,2022,M2,LI7,2,150.0
head_diameter,2022,M2,LI7,2,16.0
plant_height,2022,M2,LI7,2,141.0
head_diameter,2022,M2,LI7,2,20.0
plant_height,2022,M2,LI8,1,157.0
head_diameter,2022,M2,LI8,1,20.0
plant_height,2022,M2,LI8,1,155.0
head_diameter,2022,M2,LI8,1,17.0
plant_height,2022,M2,LI8,1,162.0
head_diameter,2022,M2,LI8,1,20.0
plant_height,2022,M2,LI8,1,144.0
head_diameter,2022,M2,LI8,1,18.0
plant_height,2022,M2,LI8,1,157.0
head_diameter,2022,M2,LI8,1,17.0
plant_height,2022,M2,LI8,1,148.0
head_diameter,2022,M2,LI8,1,19.0
plant_height,2022,M2,LI8,1,138.0
head_diameter,2022,M2,LI8,1,29.0
plant_height,2022,M2,LI8,1,134.0
head_diameter,2022,M2,LI8,1,21.0
plant_height,2022,M2,LI8,1,145.0
head_diameter,2022,M2,LI8,1,16.0
plant_height,2022,M2,LI8,1,163.0
head_diameter,2022,M2,LI8,1,20.0
plant_height,2022,M2,LI8,2,123.0
head_diameter,2022,M2,LI8,2,15.0
plant_height,2022,M2,LI8,2,155.0
head_diameter,2022,M2,LI8,2,16.0
plant_height,2022,M2,LI8,2,143.0
head_diameter,2022,M2,LI8,2,23.0
plant_height,2022,M2,LI8,2,150.0
head_diameter,2022,M2,LI8,2,23.0
plant_height,2022,M2,LI8,2,159.0
head_diameter,2022,M2,LI8,2,20.0
plant_height,2022,M2,LI8,2,148.0
head_diameter,2022,M2,LI8,2,20.0
plant_height,2022,M2,LI8,2,159.0
head_diameter,2022,M2,LI8,2,19.0
plant_height,2022,M2,LI8,2,148.0
head_diameter,2022,M2,LI8,2,21.0
plant_height,2022,M2,LI8,2,148.0
head_diameter,2022,M2,LI8,2,17.0
plant_height,2022,M2,LI8,2,154.0
head_diameter,2022,M2,LI8,2,14.0
plant_height,2022,M2,LI9,1,136.0
head_diameter,2022,M2,LI9,1,22.0
plant_height,2022,M2,LI9,1,139.0
head_diameter,2022,M2,LI9,1,19.0
plant_height,2022,M2,LI9,1,148.0
head_diameter,2022,M2,LI9,1,17.0
plant_height,2022,M2,LI9,1,135.0
head_diameter,2022,M2,LI9,1,16.0
plant_height,2022,M2,LI9,1,152.0
head_diameter,2022,M2,LI9,1,15.0
plant_height,2022,M2,LI9,1,145.0
head_diameter,2022,M2,LI9,1,19.0
plant_height,2022,M2,LI9,1,146.0
head_diameter,2022,M2,LI9,1,14.0
plant_height,2022,M2,LI9,1,139.0
head_diameter,2022,M2,LI9,1,14.0
plant_height,2022,M2,LI9,1,128.0
head_diameter,2022,M2,LI9,1,19.0
plant_height,2022,M2,LI9,1,139.0
head_diameter,2022,M2,LI9,1,18.0
plant_height,2022,M2,LI9,2,140.0
head_diameter,2022,M2,LI9,2,16.0
plant_height,2022,M2,LI9,2,128.0
head_diameter,2022,M2,LI9,2,15.0
plant_height,2022,M2,LI9,2,138.0
head_diameter,2022,M2,LI9,2,15.0
plant_height,2022,M2,LI9,2,129.0
head_diameter,2022,M2,LI9,2,16.0
plant_height,2022,M2,LI9,2,135.0
head_diameter,2022,M2,LI9,2,14.0
plant_height,2022,M2,LI9,2,133.0
head_diameter,2022,M2,LI9,2,19.0
plant_height,2022,M2,LI9,2,129.0
head_diameter,2022,M2,LI9,2,15.0
plant_height,2022,M2,LI9,2,129.0
head_diameter,2022,M2,LI9,2,19.0
plant_height,2022,M2,LI9,2,146.0
head_diameter,2022,M2,LI9,2,16.0
plant_height,2022,M2,LI9,2,128.0
head_diameter,2022,M2,LI9,2,17.0
plant_height,2022,M2,LI10,1,145.0
head_diameter,2022,M2,LI10,1,18.0
plant_height,2022,M2,LI10,1,141.0
head_diameter,2022,M2,LI10,1,17.0
plant_height,2022,M2,LI10,1,124.0
head_diameter,2022,M2,LI10,1,17.0
plant_height,2022,M2,LI10,1,140.0
head_diameter,2022,M2,LI10,1,19.0
plant_height,2022,M2,LI10,1,144.0
head_diameter,2022,M2,LI10,1,17.0
plant_height,2022,M2,LI10,1,130.0
head_diameter,2022,M2,LI10,1,19.0
plant_height,2022,M2,LI10,1,118.0
head_diameter,2022,M2,LI10,1,19.0
plant_height,2022,M2,LI10,1,112.0
head_diameter,2022,M2,LI10,1,19.0
plant_height,2022,M2,LI10,1,115.0
head_diameter,2022,M2,LI10,1,19.0
plant_height,2022,M2,LI10,1,115.0
head_diameter,2022,M2,LI10,1,18.0
plant_height,2022,M2,LI10,2,139.0
head_diameter,2022,M2,LI10,2,17.0
plant_height,2022,M2,LI10,2,140.0
head_diameter,2022,M2,LI10,2,16.0
plant_height,2022,M2,LI10,2,122.0
head_diameter,2022,M2,LI10,2,16.0
plant_height,2022,M2,LI10,2,136.0
head_diameter,2022,M2,LI10,2,15.0
plant_height,2022,M2,LI10,2,137.0
head_diameter,2022,M2,LI10,2,20.0
plant_height,2022,M2,LI10,2,120.0
head_diameter,2022,M2,LI10,2,18.0
plant_height,2022,M2,LI10,2,123.0
head_diameter,2022,M2,LI10,2,16.0
plant_height,2022,M2,LI10,2,120.0
head_diameter,2022,M2,LI10,2,14.0
plant_height,2022,M2,LI10,2,122.0
head_diameter,2022,M2,LI10,2,15.0
plant_height,2022,M2,LI10,2,123.0
head_diameter,2022,M2,LI10,2,17.0
plant_height,2022,M2,LI11,1,181.0
head_diameter,2022,M2,LI11,1,19.0
plant_height,2022,M2,LI11,1,182.0
head_diameter,2022,M2,LI11,1,22.0
plant_height,2022,M2,LI11,1,185.0
head_diameter,2022,M2,LI11,1,21.0
plant_height,2022,M2,LI11,1,180.0
head_diameter,2022,M2,LI11,1,22.0
plant_height,2022,M2,LI11,1,179.0
head_diameter,2022,M2,LI11,1,20.0
plant_height,2022,M2,LI11,1,171.0
head_diameter,2022,M2,LI11,1,18.0
plant_height,2022,M2,LI11,1,171.0
head_diameter,2022,M2,LI11,1,20.0
plant_height,2022,M2,LI11,1,170.0
head_diameter,2022,M2,LI11,1,15.0
plant_height,2022,M2,LI11,1,173.0
head_diameter,2022,M2,LI11,1,17.0
plant_height,2022,M2,LI11,1,176.0
head_diameter,2022,M2,LI11,1,22.0
plant_height,2022,M2,LI11,2,166.0
head_diameter,2022,M2,LI11,2,21.0
plant_height,2022,M2,LI11,2,163.0
head_diameter,2022,M2,LI11,2,18.0
plant_height,2022,M2,LI11,2,170.0
head_diameter,2022,M2,LI11,2,21.0
plant_height,2022,M2,LI11,2,162.0
head_diameter,2022,M2,LI11,2,16.0
plant_height,2022,M2,LI11,2,167.0
head_diameter,2022,M2,LI11,2,21.0
plant_height,2022,M2,LI11,2,165.0
head_diameter,2022,M2,LI11,2,20.0
plant_height,2022,M2,LI11,2,156.0
head_diameter,2022,M2,LI11,2,24.0
plant_height,2022,M2,LI11,2,163.0
head_diameter,2022,M2,LI11,2,17.0
plant_height,2022,M2,LI11,2,162.0
head_diameter,2022,M2,LI11,2,20.0
plant_height,2022,M2,LI11,2,169.0
head_diameter,2022,M2,LI11,2,15.0
plant_height,2022,M2,LI12,1,179.0
head_diameter,2022,M2,LI12,1,22.0
plant_height,2022,M2,LI12,1,180.0
head_diameter,2022,M2,LI12,1,14.0
plant_height,2022,M2,LI12,1,182.0
head_diameter,2022,M2,LI12,1,22.0
plant_height,2022,M2,LI12,1,188.0
head_diameter,2022,M2,LI12,1,18.0
plant_height,2022,M2,LI12,1,180.0
head_diameter,2022,M2,LI12,1,22.0
plant_height,2022,M2,LI12,1,188.0
head_diameter,2022,M2,LI12,1,17.0
plant_height,2022,M2,LI12,1,198.0
head_diameter,2022,M2,LI12,1,20.0
plant_height,2022,M2,LI12,1,196.0
head_diameter,2022,M2,LI12,1,20.0
plant_height,2022,M2,LI12,1,187.0
head_diameter,2022,M2,LI12,1,18.0
plant_height,2022,M2,LI12,1,190.0
head_diameter,2022,M2,LI12,1,20.0
plant_height,2022,M2,LI12,2,169.0
head_diameter,2022,M2,LI12,2,16.0
plant_height,2022,M2,LI12,2,180.0
head_diameter,2022,M2,LI12,2,17.0
plant_height,2022,M2,LI12,2,167.0
head_diameter,2022,M2,LI12,2,14.0
plant_height,2022,M2,LI12,2,169.0
head_diameter,2022,M2,LI12,2,21.0
plant_height,2022,M2,LI12,2,168.0
head_diameter,2022,M2,LI12,2,21.0
plant_height,2022,M2,LI12,2,176.0
head_diameter,2022,M2,LI12,2,17.0
plant_height,2022,M2,LI12,2,182.0
head_diameter,2022,M2,LI12,2,18.0
plant_height,2022,M2,LI12,2,163.0
head_diameter,2022,M2,LI12,2,18.0
plant_height,2022,M2,LI12,2,164.0
head_diameter,2022,M2,LI12,2,21.0
plant_height,2022,M2,LI12,2,172.0
head_diameter,2022,M2,LI12,2,20.0
plant_height,2022,M2,LI13,1,155.0
head_diameter,2022,M2,LI13,1,19.0
plant_height,2022,M2,LI13,1,157.0
head_diameter,2022,M2,LI13,1,17.0
plant_height,2022,M2,LI13,1,146.0
head_diameter,2022,M2,LI13,1,19.0
plant_height,2022,M2,LI13,1,157.0
head_diameter,2022,M2,LI13,1,15.0
plant_height,2022,M2,LI13,1,145.0
head_diameter,2022,M2,LI13,1,19.0
plant_height,2022,M2,LI13,1,156.0
head_diameter,2022,M2,LI13,1,15.0
plant_height,2022,M2,LI13,1,145.0
head_diameter,2022,M2,LI13,1,20.0
plant_height,2022,M2,LI13,1,146.0
head_diameter,2022,M2,LI13,1,16.0
plant_height,2022,M2,LI13,1,151.0
head_diameter,2022,M2,LI13,1,20.0
plant_height,2022,M2,LI13,1,154.0
head_diameter,2022,M2,LI13,1,17.0
plant_height,2022,M2,LI13,2,150.0
head_diameter,2022,M2,LI13,2,18.0
plant_height,2022,M2,LI13,2,157.0
head_diameter,2022,M2,LI13,2,15.0
plant_height,2022,M2,LI13,2,153.0
head_diameter,2022,M2,LI13,2,18.0
plant_height,2022,M2,LI13,2,150.0
head_diameter,2022,M2,LI13,2,18.0
plant_height,2022,M2,LI13,2,160.0
head_diameter,2022,M2,LI13,2,16.0
plant_height,2022,M2,LI13,2,145.0
head_diameter,2022,M2,LI13,2,17.0
plant_height,2022,M2,LI13,2,150.0
head_diameter,2022,M2,LI13,2,17.0
plant_height,2022,M2,LI13,2,149.0
head_diameter,2022,M2,LI13,2,19.0
plant_height,2022,M2,LI13,2,154.0
head_diameter,2022,M2,LI13,2,22.0
plant_height,2022,M2,LI13,2,155.0
head_diameter,2022,M2,LI13,2,15.0
plant_height,2022,M2,LI14,1,162.0
head_diameter,2022,M2,LI14,1,20.0
plant_height,2022,M2,LI14,1,146.0
head_diameter,2022,M2,LI14,1,17.0
plant_height,2022,M2,LI14,1,167.0
head_diameter,2022,M2,LI14,1,21.0
plant_height,2022,M2,LI14,1,163.0
head_diameter,2022,M2,LI14,1,25.0
plant_height,2022,M2,LI14,1,181.0
head_diameter,2022,M2,LI14,1,21.0
plant_height,2022,M2,LI14,1,170.0
head_diameter,2022,M2,LI14,1,24.0
plant_height,2022,M2,LI14,1,171.0
head_diameter,2022,M2,LI14,1,16.0
plant_height,2022,M2,LI14,1,161.0
head_diameter,2022,M2,LI14,1,22.0
plant_height,2022,M2,LI14,1,156.0
head_diameter,2022,M2,LI14,1,19.0
plant_height,2022,M2,LI14,1,157.0
head_diameter,2022,M2,LI14,1,25.0
plant_height,2022,M2,LI14,2,153.0
head_diameter,2022,M2,LI14,2,18.0
plant_height,2022,M2,LI14,2,159.0
head_diameter,2022,M2,LI14,2,16.0
plant_height,2022,M2,LI14,2,150.0
head_diameter,2022,M2,LI14,2,16.0
plant_height,2022,M2,LI14,2,160.0
head_diameter,2022,M2,LI14,2,13.0
plant_height,2022,M2,LI14,2,146.0
head_diameter,2022,M2,LI14,2,14.0
plant_height,2022,M2,LI14,2,165.0
head_diameter,2022,M2,LI14,2,18.0
plant_height,2022,M2,LI14,2,160.0
head_diameter,2022,M2,LI14,2,18.0
plant_height,2022,M2,LI14,2,148.0
head_diameter,2022,M2,LI14,2,17.0
plant_height,2022,M2,LI14,2,155.0
head_diameter,2022,M2,LI14,2,19.0
plant_height,2022,M2,LI14,2,160.0
head_diameter,2022,M2,LI14,2,18.0
plant_height,2022,M2,LI15,1,156.0
head_diameter,2022,M2,LI15,1,21.0
plant_height,2022,M2,LI15,1,155.0
head_diameter,2022,M2,LI15,1,18.0
plant_height,2022,M2,LI15,1,164.0
head_diameter,2022,M2,LI15,1,22.0
plant_height,2022,M2,LI15,1,142.0
head_diameter,2022,M2,LI15,1,19.0
plant_height,2022,M2,LI15,1,145.0
head_diameter,2022,M2,LI15,1,21.0
plant_height,2022,M2,LI15,1,150.0
head_diameter,2022,M2,LI15,1,22.0
plant_height,2022,M2,LI15,1,161.0
head_diameter,2022,M2,LI15,1,20.0
plant_height,2022,M2,LI15,1,171.0
head_diameter,2022,M2,LI15,1,14.0
plant_height,2022,M2,LI15,1,155.0
head_diameter,2022,M2,LI15,1,17.0
plant_height,2022,M2,LI15,1,163.0
head_diameter,2022,M2,LI15,1,22.0
plant_height,2022,M2,LI15,2,160.0
head_diameter,2022,M2,LI15,2,21.0
plant_height,2022,M2,LI15,2,144.0
head_diameter,2022,M2,LI15,2,27.0
plant_height,2022,M2,LI15,2,149.0
head_diameter,2022,M2,LI15,2,26.0
plant_height,2022,M2,LI15,2,161.0
head_diameter,2022,M2,LI15,2,22.0
plant_height,2022,M2,LI15,2,157.0
head_diameter,2022,M2,LI15,2,18.0
plant_height,2022,M2,LI15,2,158.0
head_diameter,2022,M2,LI15,2,17.0
plant_height,2022,M2,LI15,2,159.0
head_diameter,2022,M2,LI15,2,20.0
plant_height,2022,M2,LI15,2,142.0
head_diameter,2022,M2,LI15,2,22.0
plant_height,2022,M2,LI15,2,152.0
head_diameter,2022,M2,LI15,2,22.0
plant_height,2022,M2,LI15,2,151.0
head_diameter,2022,M2,LI15,2,18.0
plant_height,2022,M2,LI16,1,167.0
head_diameter,2022,M2,LI16,1,16.0
plant_height,2022,M2,LI16,1,163.0
head_diameter,2022,M2,LI16,1,21.0
plant_height,2022,M2,LI16,1,168.0
head_diameter,2022,M2,LI16,1,21.0
plant_height,2022,M2,LI16,1,160.0
head_diameter,2022,M2,LI16,1,18.0
plant_height,2022,M2,LI16,1,165.0
head_diameter,2022,M2,LI16,1,18.0
plant_height,2022,M2,LI16,1,170.0
head_diameter,2022,M2,LI16,1,16.0
plant_height,2022,M2,LI16,1,168.0
head_diameter,2022,M2,LI16,1,19.0
plant_height,2022,M2,LI16,1,159.0
head_diameter,2022,M2,LI16,1,17.0
plant_height,2022,M2,LI16,1,179.0
head_diameter,2022,M2,LI16,1,19.0
plant_height,2022,M2,LI16,1,177.0
head_diameter,2022,M2,LI16,1,16.0
plant_height,2022,M2,LI16,2,151.0
head_diameter,2022,M2,LI16,2,15.0
plant_height,2022,M2,LI16,2,166.0
head_diameter,2022,M2,LI16,2,20.0
plant_height,2022,M2,LI16,2,149.0
head_diameter,2022,M2,LI16,2,22.0
plant_height,2022,M2,LI16,2,163.0
head_diameter,2022,M2,LI16,2,17.0
plant_height,2022,M2,LI16,2,171.0
head_diameter,2022,M2,LI16,2,23.0
plant_height,2022,M2,LI16,2,177.0
head_diameter,2022,M2,LI16,2,22.0
plant_height,2022,M2,LI16,2,157.0
head_diameter,2022,M2,LI16,2,23.0
plant_height,2022,M2,LI16,2,158.0
head_diameter,2022,M2,LI16,2,17.0
plant_height,2022,M2,LI16,2,159.0
head_diameter,2022,M2,LI16,2,16.0
plant_height,2022,M2,LI16,2,173.0
head_diameter,2022,M2,LI16,2,17.0
plant_height,2022,M2,LI17,1,177.0
head_diameter,2022,M2,LI17,1,23.0
plant_height,2022,M2,LI17,1,181.0
head_diameter,2022,M2,LI17,1,22.0
plant_height,2022,M2,LI17,1,177.0
head_diameter,2022,M2,LI17,1,21.0
plant_height,2022,M2,LI17,1,177.0
head_diameter,2022,M2,LI17,1,23.0
plant_height,2022,M2,LI17,1,179.0
head_diameter,2022,M2,LI17,1,23.0
plant_height,2022,M2,LI17,1,184.0
head_diameter,2022,M2,LI17,1,22.0
plant_height,2022,M2,LI17,1,185.0
head_diameter,2022,M2,LI17,1,24.0
plant_height,2022,M2,LI17,1,175.0
head_diameter,2022,M2,LI17,1,24.0
plant_height,2022,M2,LI17,1,171.0
head_diameter,2022,M2,LI17,1,24.0
plant_height,2022,M2,LI17,1,180.0
head_diameter,2022,M2,LI17,1,23.0
plant_height,2022,M2,LI17,2,168.0
head_diameter,2022,M2,LI17,2,23.0
plant_height,2022,M2,LI17,2,178.0
head_diameter,2022,M2,LI17,2,20.0
plant_height,2022,M2,LI17,2,173.0
head_diameter,2022,M2,LI17,2,17.0
plant_height,2022,M2,LI17,2,178.0
head_diameter,2022,M2,LI17,2,21.0
plant_height,2022,M2,LI17,2,182.0
head_diameter,2022,M2,LI17,2,18.0
plant_height,2022,M2,LI17,2,171.0
head_diameter,2022,M2,LI17,2,23.0
plant_height,2022,M2,LI17,2,169.0
head_diameter,2022,M2,LI17,2,18.0
plant_height,2022,M2,LI17,2,170.0
head_diameter,2022,M2,LI17,2,20.0
plant_height,2022,M2,LI17,2,171.0
head_diameter,2022,M2,LI17,2,19.0
plant_height,2022,M2,LI17,2,172.0
head_diameter,2022,M2,LI17,2,19.0
plant_height,2022,M2,LI18,1,180.0
head_diameter,2022,M2,LI18,1,17.0
plant_height,2022,M2,LI18,1,181.0
head_diameter,2022,M2,LI18,1,22.0
plant_height,2022,M2,LI18,1,191.0
head_diameter,2022,M2,LI18,1,19.0
plant_height,2022,M2,LI18,1,175.0
head_diameter,2022,M2,LI18,1,20.0
plant_height,2022,M2,LI18,1,173.0
head_diameter,2022,M2,LI18,1,21.0
plant_height,2022,M2,LI18,1,175.0
head_diameter,2022,M2,LI18,1,21.0
plant_height,2022,M2,LI18,1,176.0
head_diameter,2022,M2,LI18,1,22.0
plant_height,2022,M2,LI18,1,171.0
head_diameter,2022,M2,LI18,1,20.0
plant_height,2022,M2,LI18,1,177.0
head_diameter,2022,M2,LI18,1,22.0
plant_height,2022,M2,LI18,1,174.0
head_diameter,2022,M2,LI18,1,23.0
plant_height,2022,M2,LI18,2,165.0
head_diameter,2022,M2,LI18,2,24.0
plant_height,2022,M2,LI18,2,175.0
head_diameter,2022,M2,LI18,2,28.0
plant_height,2022,M2,LI18,2,173.0
head_diameter,2022,M2,LI18,2,23.0
plant_height,2022,M2,LI18,2,176.0
head_diameter,2022,M2,LI18,2,22.0
plant_height,2022,M2,LI18,2,176.0
head_diameter,2022,M2,LI18,2,21.0
plant_height,2022,M2,LI18,2,180.0
head_diameter,2022,M2,LI18,2,17.0
plant_height,2022,M2,LI18,2,180.0
head_diameter,2022,M2,LI18,2,18.0
plant_height,2022,M2,LI18,2,176.0
head_diameter,2022,M2,LI18,2,22.0
plant_height,2022,M2,LI18,2,177.0
head_diameter,2022,M2,LI18,2,15.0
plant_height,2022,M2,LI18,2,174.0
head_diameter,2022,M2,LI18,2,22.0
plant_height,2022,M2,LI19,1,185.0
head_diameter,2022,M2,LI19,1,18.0
plant_height,2022,M2,LI19,1,179.0
head_diameter,2022,M2,LI19,1,17.0
plant_height,2022,M2,LI19,1,175.0
head_diameter,2022,M2,LI19,1,23.0
plant_height,2022,M2,LI19,1,183.0
head_diameter,2022,M2,LI19,1,21.0
plant_height,2022,M2,LI19,1,186.0
head_diameter,2022,M2,LI19,1,21.0
plant_height,2022,M2,LI19,1,183.0
head_diameter,2022,M2,LI19,1,21.0
plant_height,2022,M2,LI19,1,178.0
head_diameter,2022,M2,LI19,1,18.0
plant_height,2022,M2,LI19,1,175.0
head_diameter,2022,M2,LI19,1,22.0
plant_height,2022,M2,LI19,1,180.0
head_diameter,2022,M2,LI19,1,22.0
plant_height,2022,M2,LI19,1,176.0
head_diameter,2022,M2,LI19,1,20.0
plant_height,2022,M2,LI19,2,185.0
head_diameter,2022,M2,LI19,2,19.0
plant_height,2022,M2,LI19,2,165.0
head_diameter,2022,M2,LI19,2,17.0
plant_height,2022,M2,LI19,2,166.0
head_diameter,2022,M2,LI19,2,19.0
plant_height,2022,M2,LI19,2,182.0
head_diameter,2022,M2,LI19,2,18.0
plant_height,2022,M2,LI19,2,175.0
head_diameter,2022,M2,LI19,2,21.0
plant_height,2022,M2,LI19,2,183.0
head_diameter,2022,M2,LI19,2,17.0
plant_height,2022,M2,LI19,2,178.0
head_diameter,2022,M2,LI19,2,16.0
plant_height,2022,M2,LI19,2,181.0
head_diameter,2022,M2,LI19,2,17.0
plant_height,2022,M2,LI19,2,179.0
head_diameter,2022,M2,LI19,2,21.0
plant_height,2022,M2,LI19,2,178.0
head_diameter,2022,M2,LI19,2,18.0
plant_height,2022,M2,LI20,1,169.0
head_diameter,2022,M2,LI20,1,21.0
plant_height,2022,M2,LI20,1,169.0
head_diameter,2022,M2,LI20,1,20.0
plant_height,2022,M2,LI20,1,165.0
head_diameter,2022,M2,LI20,1,17.0
plant_height,2022,M2,LI20,1,172.0
head_diameter,2022,M2,LI20,1,22.0
plant_height,2022,M2,LI20,1,164.0
head_diameter,2022,M2,LI20,1,21.0
plant_height,2022,M2,LI20,1,171.0
head_diameter,2022,M2,LI20,1,20.0
plant_height,2022,M2,LI20,1,170.0
head_diameter,2022,M2,LI20,1,21.0
plant_height,2022,M2,LI20,1,161.0
head_diameter,2022,M2,LI20,1,23.0
plant_height,2022,M2,LI20,1,162.0
head_diameter,2022,M2,LI20,1,22.0
plant_height,2022,M2,LI20,1,168.0
head_diameter,2022,M2,LI20,1,19.0
plant_height,2022,M2,LI20,2,166.0
head_diameter,2022,M2,LI20,2,19.0
plant_height,2022,M2,LI20,2,165.0
head_diameter,2022,M2,LI20,2,20.0
plant_height,2022,M2,LI20,2,169.0
head_diameter,2022,M2,LI20,2,19.0
plant_height,2022,M2,LI20,2,164.0
head_diameter,2022,M2,LI20,2,20.0
plant_height,2022,M2,LI20,2,164.0
head_diameter,2022,M2,LI20,2,22.0
plant_height,2022,M2,LI20,2,158.0
head_diameter,2022,M2,LI20,2,23.0
plant_height,2022,M2,LI20,2,166.0
head_diameter,2022,M2,LI20,2,19.0
plant_height,2022,M2,LI20,2,175.0
head_diameter,2022,M2,LI20,2,18.0
plant_height,2022,M2,LI20,2,176.0
head_diameter,2022,M2,LI20,2,16.0
plant_height,2022,M2,LI20,2,179.0
head_diameter,2022,M2,LI20,2,19.0
plant_height,2022,M2,LI21,1,172.0
head_diameter,2022,M2,LI21,1,20.0
plant_height,2022,M2,LI21,1,164.0
head_diameter,2022,M2,LI21,1,19.0
plant_height,2022,M2,LI21,1,166.0
head_diameter,2022,M2,LI21,1,17.0
plant_height,2022,M2,LI21,1,166.0
head_diameter,2022,M2,LI21,1,14.0
plant_height,2022,M2,LI21,1,167.0
head_diameter,2022,M2,LI21,1,18.0
plant_height,2022,M2,LI21,1,171.0
head_diameter,2022,M2,LI21,1,21.0
plant_height,2022,M2,LI21,1,160.0
head_diameter,2022,M2,LI21,1,20.0
plant_height,2022,M2,LI21,1,160.0
head_diameter,2022,M2,LI21,1,18.0
plant_height,2022,M2,LI21,1,169.0
head_diameter,2022,M2,LI21,1,16.0
plant_height,2022,M2,LI21,1,158.0
head_diameter,2022,M2,LI21,1,18.0
plant_height,2022,M2,LI21,2,166.0
head_diameter,2022,M2,LI21,2,17.0
plant_height,2022,M2,LI21,2,168.0
head_diameter,2022,M2,LI21,2,12.0
plant_height,2022,M2,LI21,2,170.0
head_diameter,2022,M2,LI21,2,11.0
plant_height,2022,M2,LI21,2,163.0
head_diameter,2022,M2,LI21,2,21.0
plant_height,2022,M2,LI21,2,160.0
head_diameter,2022,M2,LI21,2,21.0
plant_height,2022,M2,LI21,2,165.0
head_diameter,2022,M2,LI21,2,16.0
plant_height,2022,M2,LI21,2,151.0
head_diameter,2022,M2,LI21,2,19.0
plant_height,2022,M2,LI21,2,162.0
head_diameter,2022,M2,LI21,2,23.0
plant_height,2022,M2,LI21,2,167.0
head_diameter,2022,M2,LI21,2,18.0
plant_height,2022,M2,LI21,2,155.0
head_diameter,2022,M2,LI21,2,20.0
plant_height,2022,M2,LI22,1,162.0
head_diameter,2022,M2,LI22,1,20.0
plant_height,2022,M2,LI22,1,159.0
head_diameter,2022,M2,LI22,1,17.0
plant_height,2022,M2,LI22,1,158.0
head_diameter,2022,M2,LI22,1,19.0
plant_height,2022,M2,LI22,1,177.0
head_diameter,2022,M2,LI22,1,16.0
plant_height,2022,M2,LI22,1,154.0
head_diameter,2022,M2,LI22,1,21.0
plant_height,2022,M2,LI22,1,168.0
head_diameter,2022,M2,LI22,1,18.0
plant_height,2022,M2,LI22,1,168.0
head_diameter,2022,M2,LI22,1,18.0
plant_height,2022,M2,LI22,1,173.0
head_diameter,2022,M2,LI22,1,19.0
plant_height,2022,M2,LI22,1,159.0
head_diameter,2022,M2,LI22,1,15.0
plant_height,2022,M2,LI22,1,158.0
head_diameter,2022,M2,LI22,1,19.0
plant_height,2022,M2,LI22,2,153.0
head_diameter,2022,M2,LI22,2,18.0
plant_height,2022,M2,LI22,2,157.0
head_diameter,2022,M2,LI22,2,17.0
plant_height,2022,M2,LI22,2,149.0
head_diameter,2022,M2,LI22,2,18.0
plant_height,2022,M2,LI22,2,144.0
head_diameter,2022,M2,LI22,2,21.0
plant_height,2022,M2,LI22,2,152.0
head_diameter,2022,M2,LI22,2,17.0
plant_height,2022,M2,LI22,2,153.0
head_diameter,2022,M2,LI22,2,19.0
plant_height,2022,M2,LI22,2,162.0
head_diameter,2022,M2,LI22,2,18.0
plant_height,2022,M2,LI22,2,158.0
head_diameter,2022,M2,LI22,2,19.0
plant_height,2022,M2,LI22,2,159.0
head_diameter,2022,M2,LI22,2,19.0
plant_height,2022,M2,LI22,2,162.0
head_diameter,2022,M2,LI22,2,16.0
plant_height,2022,M2,LI23,1,169.0
head_diameter,2022,M2,LI23,1,18.0
plant_height,2022,M2,LI23,1,164.0
head_diameter,2022,M2,LI23,1,21.0
plant_height,2022,M2,LI23,1,176.0
head_diameter,2022,M2,LI23,1,20.0
plant_height,2022,M2,LI23,1,175.0
head_diameter,2022,M2,LI23,1,23.0
plant_height,2022,M2,LI23,1,180.0
head_diameter,2022,M2,LI23,1,20.0
plant_height,2022,M2,LI23,1,164.0
head_diameter,2022,M2,LI23,1,21.0
plant_height,2022,M2,LI23,1,170.0
head_diameter,2022,M2,LI23,1,21.0
plant_height,2022,M2,LI23,1,178.0
head_diameter,2022,M2,LI23,1,18.0
plant_height,2022,M2,LI23,1,174.0
head_diameter,2022,M2,LI23,1,19.0
plant_height,2022,M2,LI23,1,170.0
head_diameter,2022,M2,LI23,1,19.0
plant_height,2022,M2,LI23,2,140.0
head_diameter,2022,M2,LI23,2,25.0
plant_height,2022,M2,LI23,2,183.0
head_diameter,2022,M2,LI23,2,16.0
plant_height,2022,M2,LI23,2,178.0
head_diameter,2022,M2,LI23,2,18.0
plant_height,2022,M2,LI23,2,176.0
head_diameter,2022,M2,LI23,2,21.0
plant_height,2022,M2,LI23,2,163.0
head_diameter,2022,M2,LI23,2,14.0
plant_height,2022,M2,LI23,2,165.0
head_diameter,2022,M2,LI23,2,24.0
plant_height,2022,M2,LI23,2,178.0
head_diameter,2022,M2,LI23,2,14.0
plant_height,2022,M2,LI23,2,155.0
head_diameter,2022,M2,LI23,2,23.0
plant_height,2022,M2,LI23,2,167.0
head_diameter,2022,M2,LI23,2,16.0
plant_height,2022,M2,LI23,2,162.0
head_diameter,2022,M2,LI23,2,15.0
plant_height,2022,M2,LI24,1,171.0
head_diameter,2022,M2,LI24,1,22.0
plant_height,2022,M2,LI24,1,148.0
head_diameter,2022,M2,LI24,1,21.0
plant_height,2022,M2,LI24,1,154.0
head_diameter,2022,M2,LI24,1,18.0
plant_height,2022,M2,LI24,1,155.0
head_diameter,2022,M2,LI24,1,15.0
plant_height,2022,M2,LI24,1,157.0
head_diameter,2022,M2,LI24,1,18.0
plant_height,2022,M2,LI24,1,167.0
head_diameter,2022,M2,LI24,1,20.0
plant_height,2022,M2,LI24,1,147.0
head_diameter,2022,M2,LI24,1,19.0
plant_height,2022,M2,LI24,1,145.0
head_diameter,2022,M2,LI24,1,19.0
plant_height,2022,M2,LI24,1,169.0
head_diameter,2022,M2,LI24,1,19.0
plant_height,2022,M2,LI24,1,154.0
head_diameter,2022,M2,LI24,1,18.0
plant_height,2022,M2,LI24,2,145.0
head_diameter,2022,M2,LI24,2,23.0
plant_height,2022,M2,LI24,2,158.0
head_diameter,2022,M2,LI24,2,17.0
plant_height,2022,M2,LI24,2,155.0
head_diameter,2022,M2,LI24,2,20.0
plant_height,2022,M2,LI24,2,143.0
head_diameter,2022,M2,LI24,2,14.0
plant_height,2022,M2,LI24,2,148.0
head_diameter,2022,M2,LI24,2,22.0
plant_height,2022,M2,LI24,2,157.0
head_diameter,2022,M2,LI24,2,19.0
plant_height,2022,M2,LI24,2,155.0
head_diameter,2022,M2,LI24,2,20.0
plant_height,2022,M2,LI24,2,156.0
head_diameter,2022,M2,LI24,2,12.0
plant_height,2022,M2,LI24,2,175.0
head_diameter,2022,M2,LI24,2,18.0
plant_height,2022,M2,LI24,2,166.0
head_diameter,2022,M2,LI24,2,20.0
plant_height,2022,M2,LI25,1,173.0
head_diameter,2022,M2,LI25,1,24.0
plant_height,2022,M2,LI25,1,180.0
head_diameter,2022,M2,LI25,1,23.0
plant_height,2022,M2,LI25,1,180.0
head_diameter,2022,M2,LI25,1,22.0
plant_height,2022,M2,LI25,1,174.0
head_diameter,2022,M2,LI25,1,22.0
plant_height,2022,M2,LI25,1,172.0
head_diameter,2022,M2,LI25,1,23.0
plant_height,2022,M2,LI25,1,175.0
head_diameter,2022,M2,LI25,1,22.0
plant_height,2022,M2,LI25,1,167.0
head_diameter,2022,M2,LI25,1,24.0
plant_height,2022,M2,LI25,1,173.0
head_diameter,2022,M2,LI25,1,21.0
plant_height,2022,M2,LI25,1,166.0
head_diameter,2022,M2,LI25,1,26.0
plant_height,2022,M2,LI25,1,176.0
head_diameter,2022,M2,LI25,1,23.0
plant_height,2022,M2,LI25,2,163.0
head_diameter,2022,M2,LI25,2,19.0
plant_height,2022,M2,LI25,2,169.0
head_diameter,2022,M2,LI25,2,19.0
plant_height,2022,M2,LI25,2,171.0
head_diameter,2022,M2,LI25,2,21.0
plant_height,2022,M2,LI25,2,175.0
head_diameter,2022,M2,LI25,2,16.0
plant_height,2022,M2,LI25,2,165.0
head_diameter,2022,M2,LI25,2,20.0
plant_height,2022,M2,LI25,2,153.0
head_diameter,2022,M2,LI25,2,20.0
plant_height,2022,M2,LI25,2,167.0
head_diameter,2022,M2,LI25,2,19.0
plant_height,2022,M2,LI25,2,164.0
head_diameter,2022,M2,LI25,2,22.0
plant_height,2022,M2,LI25,2,163.0
head_diameter,2022,M2,LI25,2,23.0
plant_height,2022,M2,LI25,2,164.0
head_diameter,2022,M2,LI25,2,22.0
plant_height,2022,M2,LI27,1,164.0
head_diameter,2022,M2,LI27,1,19.0
plant_height,2022,M2,LI27,1,173.0
head_diameter,2022,M2,LI27,1,22.0
plant_height,2022,M2,LI27,1,169.0
head_diameter,2022,M2,LI27,1,19.0
plant_height,2022,M2,LI27,1,165.0
head_diameter,2022,M2,LI27,1,22.0
plant_height,2022,M2,LI27,1,164.0
head_diameter,2022,M2,LI27,1,22.0
plant_height,2022,M2,LI27,1,170.0
head_diameter,2022,M2,LI27,1,22.0
plant_height,2022,M2,LI27,1,169.0
head_diameter,2022,M2,LI27,1,22.0
plant_height,2022,M2,LI27,1,163.0
head_diameter,2022,M2,LI27,1,23.0
plant_height,2022,M2,LI27,1,161.0
head_diameter,2022,M2,LI27,1,16.0
plant_height,2022,M2,LI27,1,165.0
head_diameter,2022,M2,LI27,1,20.0
plant_height,2022,M2,LI27,2,145.0
head_diameter,2022,M2,LI27,2,20.0
plant_height,2022,M2,LI27,2,148.0
head_diameter,2022,M2,LI27,2,17.0
plant_height,2022,M2,LI27,2,149.0
head_diameter,2022,M2,LI27,2,17.0
plant_height,2022,M2,LI27,2,156.0
head_diameter,2022,M2,LI27,2,19.0
plant_height,2022,M2,LI27,2,146.0
head_diameter,2022,M2,LI27,2,18.0
plant_height,2022,M2,LI27,2,156.0
head_diameter,2022,M2,LI27,2,21.0
plant_height,2022,M2,LI27,2,144.0
head_diameter,2022,M2,LI27,2,20.0
plant_height,2022,M2,LI27,2,156.0
head_diameter,2022,M2,LI27,2,17.0
plant_height,2022,M2,LI27,2,149.0
head_diameter,2022,M2,LI27,2,18.0
plant_height,2022,M2,LI27,2,152.0
head_diameter,2022,M2,LI27,2,14.0
plant_height,2022,M2,LI28,1,158.0
head_diameter,2022,M2,LI28,1,23.0
plant_height,2022,M2,LI28,1,160.0
head_diameter,2022,M2,LI28,1,18.0
plant_height,2022,M2,LI28,1,174.0
head_diameter,2022,M2,LI28,1,18.0
plant_height,2022,M2,LI28,1,166.0
head_diameter,2022,M2,LI28,1,19.0
plant_height,2022,M2,LI28,1,172.0
head_diameter,2022,M2,LI28,1,21.0
plant_height,2022,M2,LI28,1,174.0
head_diameter,2022,M2,LI28,1,18.0
plant_height,2022,M2,LI28,1,142.0
head_diameter,2022,M2,LI28,1,19.0
plant_height,2022,M2,LI28,1,151.0
head_diameter,2022,M2,LI28,1,23.0
plant_height,2022,M2,LI28,1,166.0
head_diameter,2022,M2,LI28,1,21.0
plant_height,2022,M2,LI28,1,156.0
head_diameter,2022,M2,LI28,1,20.0
plant_height,2022,M2,LI28,2,155.0
head_diameter,2022,M2,LI28,2,18.0
plant_height,2022,M2,LI28,2,151.0
head_diameter,2022,M2,LI28,2,18.0
plant_height,2022,M2,LI28,2,169.0
head_diameter,2022,M2,LI28,2,20.0
plant_height,2022,M2,LI28,2,147.0
head_diameter,2022,M2,LI28,2,19.0
plant_height,2022,M2,LI28,2,157.0
head_diameter,2022,M2,LI28,2,18.0
plant_height,2022,M2,LI28,2,152.0
head_diameter,2022,M2,LI28,2,20.0
plant_height,2022,M2,LI28,2,159.0
head_diameter,2022,M2,LI28,2,21.0
plant_height,2022,M2,LI28,2,143.0
head_diameter,2022,M2,LI28,2,20.0
plant_height,2022,M2,LI28,2,156.0
head_diameter,2022,M2,LI28,2,20.0
plant_height,2022,M2,LI28,2,169.0
head_diameter,2022,M2,LI28,2,18.0
plant_height,2022,M2,LI29,1,177.0
head_diameter,2022,M2,LI29,1,18.0
plant_height,2022,M2,LI29,1,169.0
head_diameter,2022,M2,LI29,1,16.0
plant_height,2022,M2,LI29,1,169.0
head_diameter,2022,M2,LI29,1,19.0
plant_height,2022,M2,LI29,1,168.0
head_diameter,2022,M2,LI29,1,14.0
plant_height,2022,M2,LI29,1,163.0
head_diameter,2022,M2,LI29,1,13.0
plant_height,2022,M2,LI29,1,154.0
head_diameter,2022,M2,LI29,1,15.0
plant_height,2022,M2,LI29,1,163.0
head_diameter,2022,M2,LI29,1,17.0
plant_height,2022,M2,LI29,1,168.0
head_diameter,2022,M2,LI29,1,18.0
plant_height,2022,M2,LI29,1,165.0
head_diameter,2022,M2,LI29,1,14.0
plant_height,2022,M2,LI29,1,166.0
head_diameter,2022,M2,LI29,1,14.0
plant_height,2022,M2,LI29,2,159.0
head_diameter,2022,M2,LI29,2,16.0
plant_height,2022,M2,LI29,2,161.0
head_diameter,2022,M2,LI29,2,16.0
plant_height,2022,M2,LI29,2,158.0
head_diameter,2022,M2,LI29,2,15.0
plant_height,2022,M2,LI29,2,173.0
head_diameter,2022,M2,LI29,2,14.0
plant_height,2022,M2,LI29,2,164.0
head_diameter,2022,M2,LI29,2,20.0
plant_height,2022,M2,LI29,2,162.0
head_diameter,2022,M2,LI29,2,20.0
plant_height,2022,M2,LI29,2,159.0
head_diameter,2022,M2,LI29,2,18.0
plant_height,2022,M2,LI29,2,169.0
head_diameter,2022,M2,LI29,2,17.0
plant_height,2022,M2,LI29,2,173.0
head_diameter,2022,M2,LI29,2,15.0
plant_height,2022,M2,LI29,2,175.0
head_diameter,2022,M2,LI29,2,17.0
plant_height,2022,M2,LI30,1,192.0
head_diameter,2022,M2,LI30,1,22.0
plant_height,2022,M2,LI30,1,187.0
head_diameter,2022,M2,LI30,1,16.0
plant_height,2022,M2,LI30,1,180.0
head_diameter,2022,M2,LI30,1,20.0
plant_height,2022,M2,LI30,1,180.0
head_diameter,2022,M2,LI30,1,22.0
plant_height,2022,M2,LI30,1,177.0
head_diameter,2022,M2,LI30,1,18.0
plant_height,2022,M2,LI30,1,181.0
head_diameter,2022,M2,LI30,1,23.0
plant_height,2022,M2,LI30,1,186.0
head_diameter,2022,M2,LI30,1,19.0
plant_height,2022,M2,LI30,1,178.0
head_diameter,2022,M2,LI30,1,16.0
plant_height,2022,M2,LI30,1,184.0
head_diameter,2022,M2,LI30,1,14.0
plant_height,2022,M2,LI30,1,184.0
head_diameter,2022,M2,LI30,1,19.0
plant_height,2022,M2,LI30,2,184.0
head_diameter,2022,M2,LI30,2,20.0
plant_height,2022,M2,LI30,2,183.0
head_diameter,2022,M2,LI30,2,20.0
plant_height,2022,M2,LI30,2,174.0
head_diameter,2022,M2,LI30,2,23.0
plant_height,2022,M2,LI30,2,179.0
head_diameter,2022,M2,LI30,2,18.0
plant_height,2022,M2,LI30,2,188.0
head_diameter,2022,M2,LI30,2,20.0
plant_height,2022,M2,LI30,2,186.0
head_diameter,2022,M2,LI30,2,22.0
plant_height,2022,M2,LI30,2,182.0
head_diameter,2022,M2,LI30,2,17.0
plant_height,2022,M2,LI30,2,185.0
head_diameter,2022,M2,LI30,2,17.0
plant_height,2022,M2,LI30,2,181.0
head_diameter,2022,M2,LI30,2,23.0
plant_height,2022,M2,LI30,2,179.0
head_diameter,2022,M2,LI30,2,18.0
plant_height,2022,M2,LI31,1,179.0
head_diameter,2022,M2,LI31,1,21.0
plant_height,2022,M2,LI31,1,176.0
head_diameter,2022,M2,LI31,1,20.0
plant_height,2022,M2,LI31,1,188.0
head_diameter,2022,M2,LI31,1,21.0
plant_height,2022,M2,LI31,1,179.0
head_diameter,2022,M2,LI31,1,17.0
plant_height,2022,M2,LI31,1,178.0
head_diameter,2022,M2,LI31,1,23.0
plant_height,2022,M2,LI31,1,186.0
head_diameter,2022,M2,LI31,1,21.0
plant_height,2022,M2,LI31,1,178.0
head_diameter,2022,M2,LI31,1,18.0
plant_height,2022,M2,LI31,1,181.0
head_diameter,2022,M2,LI31,1,21.0
plant_height,2022,M2,LI31,1,166.0
head_diameter,2022,M2,LI31,1,18.0
plant_height,2022,M2,LI31,1,185.0
head_diameter,2022,M2,LI31,1,24.0
plant_height,2022,M2,LI31,2,160.0
head_diameter,2022,M2,LI31,2,22.0
plant_height,2022,M2,LI31,2,160.0
head_diameter,2022,M2,LI31,2,25.0
plant_height,2022,M2,LI31,2,158.0
head_diameter,2022,M2,LI31,2,23.0
plant_height,2022,M2,LI31,2,170.0
head_diameter,2022,M2,LI31,2,21.0
plant_height,2022,M2,LI31,2,180.0
head_diameter,2022,M2,LI31,2,22.0
plant_height,2022,M2,LI31,2,165.0
head_diameter,2022,M2,LI31,2,23.0
plant_height,2022,M2,LI31,2,178.0
head_diameter,2022,M2,LI31,2,22.0
plant_height,2022,M2,LI31,2,179.0
head_diameter,2022,M2,LI31,2,18.0
plant_height,2022,M2,LI31,2,170.0
head_diameter,2022,M2,LI31,2,23.0
plant_height,2022,M2,LI31,2,168.0
head_diameter,2022,M2,LI31,2,16.0
plant_height,2022,M2,LI32,1,168.0
head_diameter,2022,M2,LI32,1,20.0
plant_height,2022,M2,LI32,1,169.0
head_diameter,2022,M2,LI32,1,17.0
plant_height,2022,M2,LI32,1,167.0
head_diameter,2022,M2,LI32,1,20.0
plant_height,2022,M2,LI32,1,180.0
head_diameter,2022,M2,LI32,1,19.0
plant_height,2022,M2,LI32,1,175.0
head_diameter,2022,M2,LI32,1,19.0
plant_height,2022,M2,LI32,1,182.0
head_diameter,2022,M2,LI32,1,21.0
plant_height,2022,M2,LI32,1,181.0
head_diameter,2022,M2,LI32,1,20.0
plant_height,2022,M2,LI32,1,181.0
head_diameter,2022,M2,LI32,1,21.0
plant_height,2022,M2,LI32,1,175.0
head_diameter,2022,M2,LI32,1,17.0
plant_height,2022,M2,LI32,1,177.0
head_diameter,2022,M2,LI32,1,19.0
plant_height,2022,M2,LI32,2,173.0
head_diameter,2022,M2,LI32,2,24.0
plant_height,2022,M2,LI32,2,169.0
head_diameter,2022,M2,LI32,2,21.0
plant_height,2022,M2,LI32,2,173.0
head_diameter,2022,M2,LI32,2,23.0
plant_height,2022,M2,LI32,2,157.0
head_diameter,2022,M2,LI32,2,29.0
plant_height,2022,M2,LI32,2,161.0
head_diameter,2022,M2,LI32,2,28.0
plant_height,2022,M2,LI32,2,156.0
head_diameter,2022,M2,LI32,2,23.0
plant_height,2022,M2,LI32,2,164.0
head_diameter,2022,M2,LI32,2,24.0
plant_height,2022,M2,LI32,2,171.0
head_diameter,2022,M2,LI32,2,22.0
plant_height,2022,M2,LI32,2,168.0
head_diameter,2022,M2,LI32,2,18.0
plant_height,2022,M2,LI33,1,173.0
head_diameter,2022,M2,LI33,1,17.0
plant_height,2022,M2,LI33,1,166.0
head_diameter,2022,M2,LI33,1,21.0
plant_height,2022,M2,LI33,1,168.0
head_diameter,2022,M2,LI33,1,22.0
plant_height,2022,M2,LI33,1,171.0
head_diameter,2022,M2,LI33,1,21.0
plant_height,2022,M2,LI33,1,174.0
head_diameter,2022,M2,LI33,1,17.0
plant_height,2022,M2,LI33,1,161.0
head_diameter,2022,M2,LI33,1,21.0
plant_height,2022,M2,LI33,1,171.0
head_diameter,2022,M2,LI33,1,16.0
plant_height,2022,M2,LI33,1,164.0
head_diameter,2022,M2,LI33,1,21.0
plant_height,2022,M2,LI33,1,163.0
head_diameter,2022,M2,LI33,1,25.0
plant_height,2022,M2,LI33,1,166.0
head_diameter,2022,M2,LI33,1,18.0
plant_height,2022,M2,LI33,2,155.0
head_diameter,2022,M2,LI33,2,17.0
plant_height,2022,M2,LI33,2,153.0
head_diameter,2022,M2,LI33,2,20.0
plant_height,2022,M2,LI33,2,150.0
head_diameter,2022,M2,LI33,2,23.0
plant_height,2022,M2,LI33,2,138.0
head_diameter,2022,M2,LI33,2,23.0
plant_height,2022,M2,LI33,2,141.0
head_diameter,2022,M2,LI33,2,22.0
plant_height,2022,M2,LI33,2,149.0
head_diameter,2022,M2,LI33,2,25.0
plant_height,2022,M2,LI33,2,145.0
head_diameter,2022,M2,LI33,2,21.0
plant_height,2022,M2,LI33,2,158.0
head_diameter,2022,M2,LI33,2,23.0
plant_height,2022,M2,LI33,2,157.0
head_diameter,2022,M2,LI33,2,22.0
plant_height,2022,M2,LI33,2,174.0
head_diameter,2022,M2,LI33,2,21.0
plant_height,2022,M2,LI34,1,176.0
head_diameter,2022,M2,LI34,1,20.0
plant_height,2022,M2,LI34,1,167.0
head_diameter,2022,M2,LI34,1,17.0
plant_height,2022,M2,LI34,1,164.0
head_diameter,2022,M2,LI34,1,19.0
plant_height,2022,M2,LI34,1,171.0
head_diameter,2022,M2,LI34,1,17.0
plant_height,2022,M2,LI34,1,172.0
head_diameter,2022,M2,LI34,1,19.0
plant_height,2022,M2,LI34,1,175.0
head_diameter,2022,M2,LI34,1,20.0
plant_height,2022,M2,LI34,1,171.0
head_diameter,2022,M2,LI34,1,18.0
plant_height,2022,M2,LI34,1,162.0
head_diameter,2022,M2,LI34,1,16.0
plant_height,2022,M2,LI34,1,169.0
head_diameter,2022,M2,LI34,1,17.0
plant_height,2022,M2,LI34,1,158.0
head_diameter,2022,M2,LI34,1,16.0
plant_height,2022,M2,LI34,2,149.0
head_diameter,2022,M2,LI34,2,15.0
plant_height,2022,M2,LI34,2,157.0
head_diameter,2022,M2,LI34,2,17.0
plant_height,2022,M2,LI34,2,145.0
head_diameter,2022,M2,LI34,2,18.0
plant_height,2022,M2,LI34,2,141.0
head_diameter,2022,M2,LI34,2,17.0
plant_height,2022,M2,LI34,2,157.0
head_diameter,2022,M2,LI34,2,20.0
plant_height,2022,M2,LI34,2,149.0
head_diameter,2022,M2,LI34,2,15.0
plant_height,2022,M2,LI34,2,152.0
head_diameter,2022,M2,LI34,2,13.0
plant_height,2022,M2,LI34,2,154.0
head_diameter,2022,M2,LI34,2,15.0
plant_height,2022,M2,LI34,2,140.0
head_diameter,2022,M2,LI34,2,14.0
plant_height,2022,M2,LI34,2,156.0
head_diameter,2022,M2,LI34,2,16.0
plant_height,2022,M2,LI35,1,158.0
head_diameter,2022,M2,LI35,1,21.0
plant_height,2022,M2,LI35,1,180.0
head_diameter,2022,M2,LI35,1,22.0
plant_height,2022,M2,LI35,1,175.0
head_diameter,2022,M2,LI35,1,17.0
plant_height,2022,M2,LI35,1,168.0
head_diameter,2022,M2,LI35,1,18.0
plant_height,2022,M2,LI35,1,174.0
head_diameter,2022,M2,LI35,1,17.0
plant_height,2022,M2,LI35,1,157.0
head_diameter,2022,M2,LI35,1,19.0
plant_height,2022,M2,LI35,1,171.0
head_diameter,2022,M2,LI35,1,21.0
plant_height,2022,M2,LI35,1,161.0
head_diameter,2022,M2,LI35,1,21.0
plant_height,2022,M2,LI35,1,160.0
head_diameter,2022,M2,LI35,1,21.0
plant_height,2022,M2,LI35,1,168.0
head_diameter,2022,M2,LI35,1,25.0
plant_height,2022,M2,LI35,2,160.0
head_diameter,2022,M2,LI35,2,20.0
plant_height,2022,M2,LI35,2,168.0
head_diameter,2022,M2,LI35,2,22.0
plant_height,2022,M2,LI35,2,147.0
head_diameter,2022,M2,LI35,2,18.0
plant_height,2022,M2,LI35,2,155.0
head_diameter,2022,M2,LI35,2,16.0
plant_height,2022,M2,LI35,2,161.0
head_diameter,2022,M2,LI35,2,12.0
plant_height,2022,M2,LI35,2,153.0
head_diameter,2022,M2,LI35,2,17.0
plant_height,2022,M2,LI35,2,161.0
head_diameter,2022,M2,LI35,2,16.0
plant_height,2022,M2,LI35,2,158.0
head_diameter,2022,M2,LI35,2,20.0
plant_height,2022,M2,LI35,2,150.0
head_diameter,2022,M2,LI35,2,16.0
plant_height,2022,M2,LI35,2,150.0
head_diameter,2022,M2,LI35,2,15.0
plant_height,2022,M2,LI36,1,138.0
head_diameter,2022,M2,LI36,1,22.0
plant_height,2022,M2,LI36,1,143.0
head_diameter,2022,M2,LI36,1,19.0
plant_height,2022,M2,LI36,1,140.0
head_diameter,2022,M2,LI36,1,18.0
plant_height,2022,M2,LI36,1,134.0
head_diameter,2022,M2,LI36,1,18.0
plant_height,2022,M2,LI36,1,140.0
head_diameter,2022,M2,LI36,1,24.0
plant_height,2022,M2,LI36,1,159.0
head_diameter,2022,M2,LI36,1,22.0
plant_height,2022,M2,LI36,1,141.0
head_diameter,2022,M2,LI36,1,21.0
plant_height,2022,M2,LI36,1,146.0
head_diameter,2022,M2,LI36,1,21.0
plant_height,2022,M2,LI36,1,135.0
head_diameter,2022,M2,LI36,1,21.0
plant_height,2022,M2,LI36,1,132.0
head_diameter,2022,M2,LI36,1,22.0
plant_height,2022,M2,LI36,2,150.0
head_diameter,2022,M2,LI36,2,18.0
plant_height,2022,M2,LI36,2,139.0
head_diameter,2022,M2,LI36,2,17.0
plant_height,2022,M2,LI36,2,134.0
head_diameter,2022,M2,LI36,2,21.0
plant_height,2022,M2,LI36,2,135.0
head_diameter,2022,M2,LI36,2,19.0
plant_height,2022,M2,LI36,2,157.0
head_diameter,2022,M2,LI36,2,15.0
plant_height,2022,M2,LI36,2,149.0
head_diameter,2022,M2,LI36,2,20.0
plant_height,2022,M2,LI36,2,135.0
head_diameter,2022,M2,LI36,2,15.0
plant_height,2022,M2,LI36,2,127.0
head_diameter,2022,M2,LI36,2,18.0
plant_height,2022,M2,LI36,2,134.0
head_diameter,2022,M2,LI36,2,20.0
plant_height,2022,M2,LI36,2,150.0
head_diameter,2022,M2,LI36,2,23.0
plant_height,2022,M2,LI37,1,159.0
head_diameter,2022,M2,LI37,1,17.0
plant_height,2022,M2,LI37,1,156.0
head_diameter,2022,M2,LI37,1,18.0
plant_height,2022,M2,LI37,1,154.0
head_diameter,2022,M2,LI37,1,17.0
plant_height,2022,M2,LI37,1,160.0
head_diameter,2022,M2,LI37,1,20.0
plant_height,2022,M2,LI37,1,161.0
head_diameter,2022,M2,LI37,1,20.0
plant_height,2022,M2,LI37,1,153.0
head_diameter,2022,M2,LI37,1,20.0
plant_height,2022,M2,LI37,1,160.0
head_diameter,2022,M2,LI37,1,21.0
plant_height,2022,M2,LI37,1,162.0
head_diameter,2022,M2,LI37,1,18.0
plant_height,2022,M2,LI37,1,158.0
head_diameter,2022,M2,LI37,1,18.0
plant_height,2022,M2,LI37,1,168.0
head_diameter,2022,M2,LI37,1,21.0
plant_height,2022,M2,LI37,2,155.0
head_diameter,2022,M2,LI37,2,23.0
plant_height,2022,M2,LI37,2,149.0
head_diameter,2022,M2,LI37,2,25.0
plant_height,2022,M2,LI37,2,125.0
head_diameter,2022,M2,LI37,2,26.0
plant_height,2022,M2,LI37,2,142.0
head_diameter,2022,M2,LI37,2,21.0
plant_height,2022,M2,LI37,2,154.0
head_diameter,2022,M2,LI37,2,18.0
plant_height,2022,M2,LI37,2,141.0
head_diameter,2022,M2,LI37,2,16.0
plant_height,2022,M2,LI37,2,143.0
head_diameter,2022,M2,LI37,2,19.0
plant_height,2022,M2,LI37,2,156.0
head_diameter,2022,M2,LI37,2,18.0
plant_height,2022,M2,LI37,2,146.0
head_diameter,2022,M2,LI37,2,20.0
plant_height,2022,M2,LI37,2,159.0
head_diameter,2022,M2,LI37,2,20.0
plant_height,2022,M2,LI38,1,160.0
head_diameter,2022,M2,LI38,1,22.0
plant_height,2022,M2,LI38,1,175.0
head_diameter,2022,M2,LI38,1,21.0
plant_height,2022,M2,LI38,1,164.0
head_diameter,2022,M2,LI38,1,21.0
plant_height,2022,M2,LI38,1,180.0
head_diameter,2022,M2,LI38,1,22.0
plant_height,2022,M2,LI38,1,179.0
head_diameter,2022,M2,LI38,1,18.0
plant_height,2022,M2,LI38,1,175.0
head_diameter,2022,M2,LI38,1,19.0
plant_height,2022,M2,LI38,1,163.0
head_diameter,2022,M2,LI38,1,21.0
plant_height,2022,M2,LI38,1,166.0
head_diameter,2022,M2,LI38,1,25.0
plant_height,2022,M2,LI38,1,162.0
head_diameter,2022,M2,LI38,1,23.0
plant_height,2022,M2,LI38,1,168.0
head_diameter,2022,M2,LI38,1,22.0
plant_height,2022,M2,LI38,2,150.0
head_diameter,2022,M2,LI38,2,17.0
plant_height,2022,M2,LI38,2,155.0
head_diameter,2022,M2,LI38,2,13.0
plant_height,2022,M2,LI38,2,163.0
head_diameter,2022,M2,LI38,2,19.0
plant_height,2022,M2,LI38,2,157.0
head_diameter,2022,M2,LI38,2,15.0
plant_height,2022,M2,LI38,2,153.0
head_diameter,2022,M2,LI38,2,19.0
plant_height,2022,M2,LI38,2,157.0
head_diameter,2022,M2,LI38,2,13.0
plant_height,2022,M2,LI38,2,151.0
head_diameter,2022,M2,LI38,2,20.0
plant_height,2022,M2,LI38,2,153.0
head_diameter,2022,M2,LI38,2,16.0
plant_height,2022,M2,LI38,2,137.0
head_diameter,2022,M2,LI38,2,21.0
plant_height,2022,M2,LI38,2,142.0
head_diameter,2022,M2,LI38,2,20.0
plant_height,2022,M2,LI39,1,169.0
head_diameter,2022,M2,LI39,1,21.0
plant_height,2022,M2,LI39,1,170.0
head_diameter,2022,M2,LI39,1,24.0
plant_height,2022,M2,LI39,1,168.0
head_diameter,2022,M2,LI39,1,25.0
plant_height,2022,M2,LI39,1,168.0
head_diameter,2022,M2,LI39,1,22.0
plant_height,2022,M2,LI39,1,163.0
head_diameter,2022,M2,LI39,1,19.0
plant_height,2022,M2,LI39,1,159.0
head_diameter,2022,M2,LI39,1,22.0
plant_height,2022,M2,LI39,1,167.0
head_diameter,2022,M2,LI39,1,19.0
plant_height,2022,M2,LI39,1,168.0
head_diameter,2022,M2,LI39,1,21.0
plant_height,2022,M2,LI39,1,161.0
head_diameter,2022,M2,LI39,1,15.0
plant_height,2022,M2,LI39,1,170.0
head_diameter,2022,M2,LI39,1,17.0
plant_height,2022,M2,LI39,2,137.0
head_diameter,2022,M2,LI39,2,15.0
plant_height,2022,M2,LI39,2,147.0
head_diameter,2022,M2,LI39,2,19.0
plant_height,2022,M2,LI39,2,143.0
head_diameter,2022,M2,LI39,2,20.0
plant_height,2022,M2,LI39,2,160.0
head_diameter,2022,M2,LI39,2,16.0
plant_height,2022,M2,LI39,2,137.0
head_diameter,2022,M2,LI39,2,17.0
plant_height,2022,M2,LI39,2,136.0
head_diameter,2022,M2,LI39,2,20.0
plant_height,2022,M2,LI39,2,136.0
head_diameter,2022,M2,LI39,2,20.0
plant_height,2022,M2,LI39,2,158.0
head_diameter,2022,M2,LI39,2,17.0
plant_height,2022,M2,LI39,2,135.0
head_diameter,2022,M2,LI39,2,19.0
plant_height,2022,M2,LI39,2,147.0
head_diameter,2022,M2,LI39,2,15.0
plant_height,2022,M2,LI40,1,162.0
head_diameter,2022,M2,LI40,1,19.0
plant_height,2022,M2,LI40,1,150.0
head_diameter,2022,M2,LI40,1,23.0
plant_height,2022,M2,LI40,1,161.0
head_diameter,2022,M2,LI40,1,19.0
plant_height,2022,M2,LI40,1,145.0
head_diameter,2022,M2,LI40,1,22.0
plant_height,2022,M2,LI40,1,152.0
head_diameter,2022,M2,LI40,1,17.0
plant_height,2022,M2,LI40,1,138.0
head_diameter,2022,M2,LI40,1,21.0
plant_height,2022,M2,LI40,1,158.0
head_diameter,2022,M2,LI40,1,20.0
plant_height,2022,M2,LI40,1,152.0
head_diameter,2022,M2,LI40,1,21.0
plant_height,2022,M2,LI40,1,148.0
head_diameter,2022,M2,LI40,1,24.0
plant_height,2022,M2,LI40,1,145.0
head_diameter,2022,M2,LI40,1,20.0
plant_height,2022,M2,LI40,2,147.0
head_diameter,2022,M2,LI40,2,21.0
plant_height,2022,M2,LI40,2,147.0
head_diameter,2022,M2,LI40,2,22.0
plant_height,2022,M2,LI40,2,146.0
head_diameter,2022,M2,LI40,2,29.0
plant_height,2022,M2,LI40,2,140.0
head_diameter,2022,M2,LI40,2,25.0
plant_height,2022,M2,LI40,2,134.0
head_diameter,2022,M2,LI40,2,26.0
plant_height,2022,M2,LI40,2,146.0
head_diameter,2022,M2,LI40,2,25.0
plant_height,2022,M2,LI40,2,135.0
head_diameter,2022,M2,LI40,2,27.0
plant_height,2022,M2,LI40,2,130.0
head_diameter,2022,M2,LI40,2,28.0
plant_height,2022,M2,LI40,2,135.0
head_diameter,2022,M2,LI40,2,24.0
plant_height,2022,M2,LI40,2,147.0
head_diameter,2022,M2,LI40,2,18.0
plant_height,2022,M2,LI41,1,155.0
head_diameter,2022,M2,LI41,1,21.0
plant_height,2022,M2,LI41,1,148.0
head_diameter,2022,M2,LI41,1,21.0
plant_height,2022,M2,LI41,1,147.0
head_diameter,2022,M2,LI41,1,19.0
plant_height,2022,M2,LI41,1,149.0
head_diameter,2022,M2,LI41,1,21.0
plant_height,2022,M2,LI41,1,153.0
head_diameter,2022,M2,LI41,1,16.0
plant_height,2022,M2,LI41,1,148.0
head_diameter,2022,M2,LI41,1,21.0
plant_height,2022,M2,LI41,1,161.0
head_diameter,2022,M2,LI41,1,22.0
plant_height,2022,M2,LI41,1,172.0
head_diameter,2022,M2,LI41,1,17.0
plant_height,2022,M2,LI41,1,161.0
head_diameter,2022,M2,LI41,1,18.0
plant_height,2022,M2,LI41,1,155.0
head_diameter,2022,M2,LI41,1,23.0
plant_height,2022,M2,LI41,2,148.0
head_diameter,2022,M2,LI41,2,22.0
plant_height,2022,M2,LI41,2,158.0
head_diameter,2022,M2,LI41,2,19.0
plant_height,2022,M2,LI41,2,160.0
head_diameter,2022,M2,LI41,2,21.0
plant_height,2022,M2,LI41,2,143.0
head_diameter,2022,M2,LI41,2,23.0
plant_height,2022,M2,LI41,2,160.0
head_diameter,2022,M2,LI41,2,16.0
plant_height,2022,M2,LI41,2,147.0
head_diameter,2022,M2,LI41,2,20.0
plant_height,2022,M2,LI41,2,145.0
head_diameter,2022,M2,LI41,2,25.0
plant_height,2022,M2,LI41,2,146.0
head_diameter,2022,M2,LI41,2,24.0
plant_height,2022,M2,LI41,2,150.0
head_diameter,2022,M2,LI41,2,18.0
plant_height,2022,M2,LI41,2,157.0
head_diameter,2022,M2,LI41,2,26.0
plant_height,2022,M2,LI42,1,156.0
head_diameter,2022,M2,LI42,1,19.0
plant_height,2022,M2,LI42,1,154.0
head_diameter,2022,M2,LI42,1,19.0
plant_height,2022,M2,LI42,1,159.0
head_diameter,2022,M2,LI42,1,22.0
plant_height,2022,M2,LI42,1,170.0
head_diameter,2022,M2,LI42,1,18.0
plant_height,2022,M2,LI42,1,173.0
head_diameter,2022,M2,LI42,1,17.0
plant_height,2022,M2,LI42,1,176.0
head_diameter,2022,M2,LI42,1,21.0
plant_height,2022,M2,LI42,1,166.0
head_diameter,2022,M2,LI42,1,20.0
plant_height,2022,M2,LI42,1,171.0
head_diameter,2022,M2,LI42,1,17.0
plant_height,2022,M2,LI42,1,171.0
head_diameter,2022,M2,LI42,1,18.0
plant_height,2022,M2,LI42,1,183.0
head_diameter,2022,M2,LI42,1,20.0
plant_height,2022,M2,LI42,2,177.0
head_diameter,2022,M2,LI42,2,22.0
plant_height,2022,M2,LI42,2,178.0
head_diameter,2022,M2,LI42,2,17.0
plant_height,2022,M2,LI42,2,178.0
head_diameter,2022,M2,LI42,2,21.0
plant_height,2022,M2,LI42,2,177.0
head_diameter,2022,M2,LI42,2,20.0
plant_height,2022,M2,LI42,2,182.0
head_diameter,2022,M2,LI42,2,20.0
plant_height,2022,M2,LI42,2,180.0
head_diameter,2022,M2,LI42,2,21.0
plant_height,2022,M2,LI42,2,176.0
head_diameter,2022,M2,LI42,2,21.0
plant_height,2022,M2,LI42,2,164.0
head_diameter,2022,M2,LI42,2,22.0
plant_height,2022,M2,LI42,2,183.0
head_diameter,2022,M2,LI42,2,23.0
plant_height,2022,M2,LI42,2,157.0
head_diameter,2022,M2,LI42,2,21.0
plant_height,2022,M2,LI43,1,164.0
head_diameter,2022,M2,LI43,1,22.0
plant_height,2022,M2,LI43,1,165.0
head_diameter,2022,M2,LI43,1,22.0
plant_height,2022,M2,LI43,1,159.0
head_diameter,2022,M2,LI43,1,22.0
plant_height,2022,M2,LI43,1,163.0
head_diameter,2022,M2,LI43,1,24.0
plant_height,2022,M2,LI43,1,146.0
head_diameter,2022,M2,LI43,1,22.0
plant_height,2022,M2,LI43,1,155.0
head_diameter,2022,M2,LI43,1,24.0
plant_height,2022,M2,LI43,1,167.0
head_diameter,2022,M2,LI43,1,22.0
plant_height,2022,M2,LI43,1,181.0
head_diameter,2022,M2,LI43,1,17.0
plant_height,2022,M2,LI43,1,179.0
head_diameter,2022,M2,LI43,1,15.0
plant_height,2022,M2,LI43,1,143.0
head_diameter,2022,M2,LI43,1,21.0
plant_height,2022,M2,LI43,2,154.0
head_diameter,2022,M2,LI43,2,26.0
plant_height,2022,M2,LI43,2,157.0
head_diameter,2022,M2,LI43,2,20.0
plant_height,2022,M2,LI43,2,168.0
head_diameter,2022,M2,LI43,2,20.0
plant_height,2022,M2,LI43,2,165.0
head_diameter,2022,M2,LI43,2,21.0
plant_height,2022,M2,LI43,2,149.0
head_diameter,2022,M2,LI43,2,22.0
plant_height,2022,M2,LI43,2,148.0
head_diameter,2022,M2,LI43,2,21.0
plant_height,2022,M2,LI43,2,154.0
head_diameter,2022,M2,LI43,2,15.0
plant_height,2022,M2,LI43,2,153.0
head_diameter,2022,M2,LI43,2,25.0
plant_height,2022,M2,LI43,2,150.0
head_diameter,2022,M2,LI43,2,23.0
plant_height,2022,M2,LI43,2,176.0
head_diameter,2022,M2,LI43,2,21.0
plant_height,2022,M2,LI44,1,180.0
head_diameter,2022,M2,LI44,1,17.0
plant_height,2022,M2,LI44,1,187.0
head_diameter,2022,M2,LI44,1,21.0
plant_height,2022,M2,LI44,1,186.0
head_diameter,2022,M2,LI44,1,17.0
plant_height,2022,M2,LI44,1,183.0
head_diameter,2022,M2,LI44,1,23.0
plant_height,2022,M2,LI44,1,186.0
head_diameter,2022,M2,LI44,1,17.0
plant_height,2022,M2,LI44,1,18.0
head_diameter,2022,M2,LI44,1,20.0
plant_height,2022,M2,LI44,1,180.0
head_diameter,2022,M2,LI44,1,18.0
plant_height,2022,M2,LI44,1,188.0
head_diameter,2022,M2,LI44,1,22.0
plant_height,2022,M2,LI44,1,182.0
head_diameter,2022,M2,LI44,1,24.0
plant_height,2022,M2,LI44,1,195.0
head_diameter,2022,M2,LI44,1,21.0
plant_height,2022,M2,LI44,2,171.0
head_diameter,2022,M2,LI44,2,14.0
plant_height,2022,M2,LI44,2,169.0
head_diameter,2022,M2,LI44,2,15.0
plant_height,2022,M2,LI44,2,174.0
head_diameter,2022,M2,LI44,2,15.0
plant_height,2022,M2,LI44,2,184.0
head_diameter,2022,M2,LI44,2,14.0
plant_height,2022,M2,LI44,2,180.0
head_diameter,2022,M2,LI44,2,20.0
plant_height,2022,M2,LI44,2,182.0
head_diameter,2022,M2,LI44,2,16.0
plant_height,2022,M2,LI44,2,178.0
head_diameter,2022,M2,LI44,2,15.0
plant_height,2022,M2,LI44,2,171.0
head_diameter,2022,M2,LI44,2,15.0
plant_height,2022,M2,LI44,2,177.0
head_diameter,2022,M2,LI44,2,17.0
plant_height,2022,M2,LI44,2,180.0
head_diameter,2022,M2,LI44,2,16.0
plant_height,2022,M2,LI45,1,181.0
head_diameter,2022,M2,LI45,1,18.0
plant_height,2022,M2,LI45,1,173.0
head_diameter,2022,M2,LI45,1,17.0
plant_height,2022,M2,LI45,1,184.0
head_diameter,2022,M2,LI45,1,18.0
plant_height,2022,M2,LI45,1,174.0
head_diameter,2022,M2,LI45,1,17.0
plant_height,2022,M2,LI45,1,179.0
head_diameter,2022,M2,LI45,1,20.0
plant_height,2022,M2,LI45,1,172.0
head_diameter,2022,M2,LI45,1,17.0
plant_height,2022,M2,LI45,1,176.0
head_diameter,2022,M2,LI45,1,21.0
plant_height,2022,M2,LI45,1,182.0
head_diameter,2022,M2,LI45,1,19.0
plant_height,2022,M2,LI45,1,170.0
head_diameter,2022,M2,LI45,1,15.0
plant_height,2022,M2,LI45,1,179.0
head_diameter,2022,M2,LI45,1,18.0
plant_height,2022,M2,LI45,2,185.0
head_diameter,2022,M2,LI45,2,21.0
plant_height,2022,M2,LI45,2,180.0
head_diameter,2022,M2,LI45,2,19.0
plant_height,2022,M2,LI45,2,177.0
head_diameter,2022,M2,LI45,2,18.0
plant_height,2022,M2,LI45,2,180.0
head_diameter,2022,M2,LI45,2,17.0
plant_height,2022,M2,LI45,2,168.0
head_diameter,2022,M2,LI45,2,18.0
plant_height,2022,M2,LI45,2,163.0
head_diameter,2022,M2,LI45,2,17.0
plant_height,2022,M2,LI45,2,173.0
head_diameter,2022,M2,LI45,2,23.0
plant_height,2022,M2,LI45,2,167.0
head_diameter,2022,M2,LI45,2,16.0
plant_height,2022,M2,LI45,2,160.0
head_diameter,2022,M2,LI45,2,16.0
plant_height,2022,M2,LI45,2,164.0
head_diameter,2022,M2,LI45,2,17.0
plant_height,2022,M2,LI46,1,162.0
head_diameter,2022,M2,LI46,1,19.0
plant_height,2022,M2,LI46,1,163.0
head_diameter,2022,M2,LI46,1,20.0
plant_height,2022,M2,LI46,1,169.0
head_diameter,2022,M2,LI46,1,17.0
plant_height,2022,M2,LI46,1,175.0
head_diameter,2022,M2,LI46,1,16.0
plant_height,2022,M2,LI46,1,163.0
head_diameter,2022,M2,LI46,1,18.0
plant_height,2022,M2,LI46,1,176.0
head_diameter,2022,M2,LI46,1,18.0
plant_height,2022,M2,LI46,1,174.0
head_diameter,2022,M2,LI46,1,19.0
plant_height,2022,M2,LI46,1,180.0
head_diameter,2022,M2,LI46,1,19.0
plant_height,2022,M2,LI46,1,179.0
head_diameter,2022,M2,LI46,1,17.0
plant_height,2022,M2,LI46,1,172.0
head_diameter,2022,M2,LI46,1,20.0
plant_height,2022,M2,LI46,2,144.0
head_diameter,2022,M2,LI46,2,17.0
plant_height,2022,M2,LI46,2,164.0
head_diameter,2022,M2,LI46,2,19.0
plant_height,2022,M2,LI46,2,150.0
head_diameter,2022,M2,LI46,2,13.0
plant_height,2022,M2,LI46,2,151.0
head_diameter,2022,M2,LI46,2,17.0
plant_height,2022,M2,LI46,2,148.0
head_diameter,2022,M2,LI46,2,17.0
plant_height,2022,M2,LI46,2,144.0
head_diameter,2022,M2,LI46,2,19.0
plant_height,2022,M2,LI46,2,148.0
head_diameter,2022,M2,LI46,2,16.0
plant_height,2022,M2,LI46,2,153.0
head_diameter,2022,M2,LI46,2,21.0
plant_height,2022,M2,LI46,2,149.0
head_diameter,2022,M2,LI46,2,18.0
plant_height,2022,M2,LI46,2,150.0
head_diameter,2022,M2,LI46,2,12.0
plant_height,2022,M2,LI47,1,167.0
head_diameter,2022,M2,LI47,1,18.0
plant_height,2022,M2,LI47,1,169.0
head_diameter,2022,M2,LI47,1,20.0
plant_height,2022,M2,LI47,1,158.0
head_diameter,2022,M2,LI47,1,16.0
plant_height,2022,M2,LI47,1,167.0
head_diameter,2022,M2,LI47,1,22.0
plant_height,2022,M2,LI47,1,169.0
head_diameter,2022,M2,LI47,1,20.0
plant_height,2022,M2,LI47,1,179.0
head_diameter,2022,M2,LI47,1,17.0
plant_height,2022,M2,LI47,1,179.0
head_diameter,2022,M2,LI47,1,22.0
plant_height,2022,M2,LI47,1,178.0
head_diameter,2022,M2,LI47,1,17.0
plant_height,2022,M2,LI47,1,180.0
head_diameter,2022,M2,LI47,1,22.0
plant_height,2022,M2,LI47,1,181.0
head_diameter,2022,M2,LI47,1,15.0
plant_height,2022,M2,LI47,2,172.0
head_diameter,2022,M2,LI47,2,22.0
plant_height,2022,M2,LI47,2,165.0
head_diameter,2022,M2,LI47,2,20.0
plant_height,2022,M2,LI47,2,173.0
head_diameter,2022,M2,LI47,2,17.0
plant_height,2022,M2,LI47,2,170.0
head_diameter,2022,M2,LI47,2,20.0
plant_height,2022,M2,LI47,2,168.0
head_diameter,2022,M2,LI47,2,17.0
plant_height,2022,M2,LI47,2,159.0
head_diameter,2022,M2,LI47,2,18.0
plant_height,2022,M2,LI47,2,164.0
head_diameter,2022,M2,LI47,2,14.0
plant_height,2022,M2,LI47,2,168.0
head_diameter,2022,M2,LI47,2,20.0
plant_height,2022,M2,LI47,2,165.0
head_diameter,2022,M2,LI47,2,20.0
plant_height,2022,M2,LI47,2,150.0
head_diameter,2022,M2,LI47,2,13.0
plant_height,2022,M2,LI48,1,172.0
head_diameter,2022,M2,LI48,1,18.0
plant_height,2022,M2,LI48,1,170.0
head_diameter,2022,M2,LI48,1,21.0
plant_height,2022,M2,LI48,1,159.0
head_diameter,2022,M2,LI48,1,18.0
plant_height,2022,M2,LI48,1,172.0
head_diameter,2022,M2,LI48,1,20.0
plant_height,2022,M2,LI48,1,171.0
head_diameter,2022,M2,LI48,1,19.0
plant_height,2022,M2,LI48,1,167.0
head_diameter,2022,M2,LI48,1,18.0
plant_height,2022,M2,LI48,1,165.0
head_diameter,2022,M2,LI48,1,17.0
plant_height,2022,M2,LI48,1,177.0
head_diameter,2022,M2,LI48,1,19.0
plant_height,2022,M2,LI48,1,172.0
head_diameter,2022,M2,LI48,1,18.0
plant_height,2022,M2,LI48,1,158.0
head_diameter,2022,M2,LI48,1,19.0
plant_height,2022,M2,LI48,2,170.0
head_diameter,2022,M2,LI48,2,24.0
plant_height,2022,M2,LI48,2,172.0
head_diameter,2022,M2,LI48,2,17.0
plant_height,2022,M2,LI48,2,159.0
head_diameter,2022,M2,LI48,2,24.0
plant_height,2022,M2,LI48,2,160.0
head_diameter,2022,M2,LI48,2,18.0
plant_height,2022,M2,LI48,2,162.0
head_diameter,2022,M2,LI48,2,22.0
plant_height,2022,M2,LI48,2,162.0
head_diameter,2022,M2,LI48,2,22.0
plant_height,2022,M2,LI48,2,161.0
head_diameter,2022,M2,LI48,2,18.0
plant_height,2022,M2,LI48,2,169.0
head_diameter,2022,M2,LI48,2,19.0
plant_height,2022,M2,LI48,2,175.0
head_diameter,2022,M2,LI48,2,15.0
plant_height,2022,M2,LI48,2,170.0
head_diameter,2022,M2,LI48,2,20.0
plant_height,2022,M2,LI49,1,150.0
head_diameter,2022,M2,LI49,1,17.0
plant_height,2022,M2,LI49,1,153.0
head_diameter,2022,M2,LI49,1,16.0
plant_height,2022,M2,LI49,1,152.0
head_diameter,2022,M2,LI49,1,16.0
plant_height,2022,M2,LI49,1,150.0
head_diameter,2022,M2,LI49,1,17.0
plant_height,2022,M2,LI49,1,148.0
head_diameter,2022,M2,LI49,1,17.0
plant_height,2022,M2,LI49,1,136.0
head_diameter,2022,M2,LI49,1,16.0
plant_height,2022,M2,LI49,1,140.0
head_diameter,2022,M2,LI49,1,17.0
plant_height,2022,M2,LI49,1,138.0
head_diameter,2022,M2,LI49,1,19.0
plant_height,2022,M2,LI49,1,144.0
head_diameter,2022,M2,LI49,1,18.0
plant_height,2022,M2,LI49,1,140.0
head_diameter,2022,M2,LI49,1,17.0
plant_height,2022,M2,LI49,2,144.0
head_diameter,2022,M2,LI49,2,17.0
plant_height,2022,M2,LI49,2,139.0
head_diameter,2022,M2,LI49,2,16.0
plant_height,2022,M2,LI49,2,150.0
head_diameter,2022,M2,LI49,2,14.0
plant_height,2022,M2,LI49,2,143.0
head_diameter,2022,M2,LI49,2,17.0
plant_height,2022,M2,LI49,2,142.0
head_diameter,2022,M2,LI49,2,17.0
plant_height,2022,M2,LI49,2,140.0
head_diameter,2022,M2,LI49,2,16.0
plant_height,2022,M2,LI49,2,152.0
head_diameter,2022,M2,LI49,2,18.0
plant_height,2022,M2,LI49,2,137.0
head_diameter,2022,M2,LI49,2,17.0
plant_height,2022,M2,LI49,2,139.0
head_diameter,2022,M2,LI49,2,21.0
plant_height,2022,M2,LI49,2,142.0
head_diameter,2022,M2,LI49,2,18.0
plant_height,2022,M2,LI50,1,158.0
head_diameter,2022,M2,LI50,1,20.0
plant_height,2022,M2,LI50,1,175.0
head_diameter,2022,M2,LI50,1,21.0
plant_height,2022,M2,LI50,1,183.0
head_diameter,2022,M2,LI50,1,17.0
plant_height,2022,M2,LI50,1,182.0
head_diameter,2022,M2,LI50,1,20.0
plant_height,2022,M2,LI50,1,178.0
head_diameter,2022,M2,LI50,1,16.0
plant_height,2022,M2,LI50,1,178.0
head_diameter,2022,M2,LI50,1,18.0
plant_height,2022,M2,LI50,1,177.0
head_diameter,2022,M2,LI50,1,16.0
plant_height,2022,M2,LI50,1,187.0
head_diameter,2022,M2,LI50,1,17.0
plant_height,2022,M2,LI50,1,184.0
head_diameter,2022,M2,LI50,1,16.0
plant_height,2022,M2,LI50,1,188.0
head_diameter,2022,M2,LI50,1,17.0
plant_height,2022,M2,LI50,2,166.0
head_diameter,2022,M2,LI50,2,20.0
plant_height,2022,M2,LI50,2,162.0
head_diameter,2022,M2,LI50,2,18.0
plant_height,2022,M2,LI50,2,168.0
head_diameter,2022,M2,LI50,2,17.0
plant_height,2022,M2,LI50,2,173.0
head_diameter,2022,M2,LI50,2,20.0
plant_height,2022,M2,LI50,2,185.0
head_diameter,2022,M2,LI50,2,15.0
plant_height,2022,M2,LI50,2,198.0
head_diameter,2022,M2,LI50,2,17.0
plant_height,2022,M2,LI50,2,181.0
head_diameter,2022,M2,LI50,2,19.0
plant_height,2022,M2,LI50,2,177.0
head_diameter,2022,M2,LI50,2,15.0
plant_height,2022,M2,LI50,2,169.0
head_diameter,2022,M2,LI50,2,21.0
plant_height,2022,M2,LI50,2,178.0
head_diameter,2022,M2,LI50,2,18.0
plant_height,2022,M2,LI51,1,175.0
head_diameter,2022,M2,LI51,1,24.0
plant_height,2022,M2,LI51,1,176.0
head_diameter,2022,M2,LI51,1,19.0
plant_height,2022,M2,LI51,1,186.0
head_diameter,2022,M2,LI51,1,20.0
plant_height,2022,M2,LI51,1,166.0
head_diameter,2022,M2,LI51,1,20.0
plant_height,2022,M2,LI51,1,171.0
head_diameter,2022,M2,LI51,1,20.0
plant_height,2022,M2,LI51,1,179.0
head_diameter,2022,M2,LI51,1,24.0
plant_height,2022,M2,LI51,1,175.0
head_diameter,2022,M2,LI51,1,19.0
plant_height,2022,M2,LI51,1,179.0
head_diameter,2022,M2,LI51,1,19.0
plant_height,2022,M2,LI51,1,180.0
head_diameter,2022,M2,LI51,1,24.0
plant_height,2022,M2,LI51,1,181.0
head_diameter,2022,M2,LI51,1,19.0
plant_height,2022,M2,LI51,2,180.0
head_diameter,2022,M2,LI51,2,15.0
plant_height,2022,M2,LI51,2,173.0
head_diameter,2022,M2,LI51,2,15.0
plant_height,2022,M2,LI51,2,182.0
head_diameter,2022,M2,LI51,2,14.0
plant_height,2022,M2,LI51,2,178.0
head_diameter,2022,M2,LI51,2,15.0
plant_height,2022,M2,LI51,2,169.0
head_diameter,2022,M2,LI51,2,16.0
plant_height,2022,M2,LI51,2,163.0
head_diameter,2022,M2,LI51,2,13.0
plant_height,2022,M2,LI51,2,175.0
head_diameter,2022,M2,LI51,2,16.0
plant_height,2022,M2,LI51,2,182.0
head_diameter,2022,M2,LI51,2,20.0
plant_height,2022,M2,LI51,2,185.0
head_diameter,2022,M2,LI51,2,21.0
plant_height,2022,M2,LI51,2,177.0
head_diameter,2022,M2,LI51,2,21.0
plant_height,2022,M2,LI52,1,161.0
head_diameter,2022,M2,LI52,1,21.0
plant_height,2022,M2,LI52,1,159.0
head_diameter,2022,M2,LI52,1,18.0
plant_height,2022,M2,LI52,1,161.0
head_diameter,2022,M2,LI52,1,16.0
plant_height,2022,M2,LI52,1,157.0
head_diameter,2022,M2,LI52,1,16.0
plant_height,2022,M2,LI52,1,154.0
head_diameter,2022,M2,LI52,1,20.0
plant_height,2022,M2,LI52,1,170.0
head_diameter,2022,M2,LI52,1,22.0
plant_height,2022,M2,LI52,1,160.0
head_diameter,2022,M2,LI52,1,17.0
plant_height,2022,M2,LI52,1,153.0
head_diameter,2022,M2,LI52,1,23.0
plant_height,2022,M2,LI52,1,172.0
head_diameter,2022,M2,LI52,1,18.0
plant_height,2022,M2,LI52,1,157.0
head_diameter,2022,M2,LI52,1,17.0
plant_height,2022,M2,LI52,2,153.0
head_diameter,2022,M2,LI52,2,16.0
plant_height,2022,M2,LI52,2,151.0
head_diameter,2022,M2,LI52,2,12.0
plant_height,2022,M2,LI52,2,161.0
head_diameter,2022,M2,LI52,2,14.0
plant_height,2022,M2,LI52,2,162.0
head_diameter,2022,M2,LI52,2,13.0
plant_height,2022,M2,LI52,2,167.0
head_diameter,2022,M2,LI52,2,12.0
plant_height,2022,M2,LI52,2,160.0
head_diameter,2022,M2,LI52,2,13.0
plant_height,2022,M2,LI52,2,162.0
head_diameter,2022,M2,LI52,2,12.0
plant_height,2022,M2,LI52,2,156.0
head_diameter,2022,M2,LI52,2,23.0
plant_height,2022,M2,LI52,2,162.0
head_diameter,2022,M2,LI52,2,16.0
plant_height,2022,M2,LI52,2,161.0
head_diameter,2022,M2,LI52,2,10.0
plant_height,2022,M2,LI53,1,173.0
head_diameter,2022,M2,LI53,1,21.0
plant_height,2022,M2,LI53,1,166.0
head_diameter,2022,M2,LI53,1,20.0
plant_height,2022,M2,LI53,1,176.0
head_diameter,2022,M2,LI53,1,24.0
plant_height,2022,M2,LI53,1,157.0
head_diameter,2022,M2,LI53,1,20.0
plant_height,2022,M2,LI53,1,168.0
head_diameter,2022,M2,LI53,1,20.0
plant_height,2022,M2,LI53,1,163.0
head_diameter,2022,M2,LI53,1,16.0
plant_height,2022,M2,LI53,1,170.0
head_diameter,2022,M2,LI53,1,21.0
plant_height,2022,M2,LI53,1,171.0
head_diameter,2022,M2,LI53,1,24.0
plant_height,2022,M2,LI53,1,174.0
head_diameter,2022,M2,LI53,1,18.0
plant_height,2022,M2,LI53,1,175.0
head_diameter,2022,M2,LI53,1,18.0
plant_height,2022,M2,LI53,2,172.0
head_diameter,2022,M2,LI53,2,29.0
plant_height,2022,M2,LI53,2,167.0
head_diameter,2022,M2,LI53,2,15.0
plant_height,2022,M2,LI53,2,162.0
head_diameter,2022,M2,LI53,2,19.0
plant_height,2022,M2,LI53,2,171.0
head_diameter,2022,M2,LI53,2,26.0
plant_height,2022,M2,LI53,2,168.0
head_diameter,2022,M2,LI53,2,21.0
plant_height,2022,M2,LI53,2,164.0
head_diameter,2022,M2,LI53,2,28.0
plant_height,2022,M2,LI53,2,170.0
head_diameter,2022,M2,LI53,2,21.0
plant_height,2022,M2,LI53,2,166.0
head_diameter,2022,M2,LI53,2,16.0
plant_height,2022,M2,LI53,2,168.0
head_diameter,2022,M2,LI53,2,16.0
plant_height,2022,M2,LI53,2,168.0
head_diameter,2022,M2,LI53,2,20.0
plant_height,2022,M2,LI54,1,146.0
head_diameter,2022,M2,LI54,1,21.0
plant_height,2022,M2,LI54,1,156.0
head_diameter,2022,M2,LI54,1,20.0
plant_height,2022,M2,LI54,1,158.0
head_diameter,2022,M2,LI54,1,18.0
plant_height,2022,M2,LI54,1,160.0
head_diameter,2022,M2,LI54,1,20.0
plant_height,2022,M2,LI54,1,164.0
head_diameter,2022,M2,LI54,1,17.0
plant_height,2022,M2,LI54,1,164.0
head_diameter,2022,M2,LI54,1,20.0
plant_height,2022,M2,LI54,1,161.0
head_diameter,2022,M2,LI54,1,19.0
plant_height,2022,M2,LI54,1,159.0
head_diameter,2022,M2,LI54,1,20.0
plant_height,2022,M2,LI54,1,155.0
head_diameter,2022,M2,LI54,1,17.0
plant_height,2022,M2,LI54,1,155.0
head_diameter,2022,M2,LI54,1,19.0
plant_height,2022,M2,LI54,2,154.0
head_diameter,2022,M2,LI54,2,15.0
plant_height,2022,M2,LI54,2,161.0
head_diameter,2022,M2,LI54,2,17.0
plant_height,2022,M2,LI54,2,167.0
head_diameter,2022,M2,LI54,2,14.0
plant_height,2022,M2,LI54,2,150.0
head_diameter,2022,M2,LI54,2,20.0
plant_height,2022,M2,LI54,2,158.0
head_diameter,2022,M2,LI54,2,13.0
plant_height,2022,M2,LI54,2,155.0
head_diameter,2022,M2,LI54,2,16.0
plant_height,2022,M2,LI54,2,159.0
head_diameter,2022,M2,LI54,2,14.0
plant_height,2022,M2,LI54,2,160.0
head_diameter,2022,M2,LI54,2,12.0
plant_height,2022,M2,LI54,2,148.0
head_diameter,2022,M2,LI54,2,18.0
plant_height,2022,M2,LI54,2,159.0
head_diameter,2022,M2,LI54,2,19.0
plant_height,2022,M3,LI1,1,174.0
head_diameter,2022,M3,LI1,1,19.0
plant_height,2022,M3,LI1,1,168.0
head_diameter,2022,M3,LI1,1,21.0
plant_height,2022,M3,LI1,1,173.0
head_diameter,2022,M3,LI1,1,19.0
plant_height,2022,M3,LI1,1,183.0
head_diameter,2022,M3,LI1,1,17.0
plant_height,2022,M3,LI1,1,173.0
head_diameter,2022,M3,LI1,1,18.0
plant_height,2022,M3,LI1,1,171.0
head_diameter,2022,M3,LI1,1,16.0
plant_height,2022,M3,LI1,1,162.0
head_diameter,2022,M3,LI1,1,17.0
plant_height,2022,M3,LI1,1,171.0
head_diameter,2022,M3,LI1,1,17.0
plant_height,2022,M3,LI1,1,175.0
head_diameter,2022,M3,LI1,1,21.0
plant_height,2022,M3,LI1,1,182.0
head_diameter,2022,M3,LI1,1,17.0
plant_height,2022,M3,LI1,2,180.0
head_diameter,2022,M3,LI1,2,22.0
plant_height,2022,M3,LI1,2,186.0
head_diameter,2022,M3,LI1,2,13.0
plant_height,2022,M3,LI1,2,186.0
head_diameter,2022,M3,LI1,2,26.0
plant_height,2022,M3,LI1,2,197.0
head_diameter,2022,M3,LI1,2,19.0
plant_height,2022,M3,LI1,2,183.0
head_diameter,2022,M3,LI1,2,18.0
plant_height,2022,M3,LI1,2,180.0
head_diameter,2022,M3,LI1,2,20.0
plant_height,2022,M3,LI1,2,178.0
head_diameter,2022,M3,LI1,2,21.0
plant_height,2022,M3,LI1,2,172.0
head_diameter,2022,M3,LI1,2,25.0
plant_height,2022,M3,LI1,2,165.0
head_diameter,2022,M3,LI1,2,23.0
plant_height,2022,M3,LI1,2,171.0
head_diameter,2022,M3,LI1,2,23.0
plant_height,2022,M3,LI2,1,174.0
head_diameter,2022,M3,LI2,1,17.0
plant_height,2022,M3,LI2,1,183.0
head_diameter,2022,M3,LI2,1,15.0
plant_height,2022,M3,LI2,1,170.0
head_diameter,2022,M3,LI2,1,21.0
plant_height,2022,M3,LI2,1,180.0
head_diameter,2022,M3,LI2,1,18.0
plant_height,2022,M3,LI2,1,186.0
head_diameter,2022,M3,LI2,1,16.0
plant_height,2022,M3,LI2,1,181.0
head_diameter,2022,M3,LI2,1,12.0
plant_height,2022,M3,LI2,1,178.0
head_diameter,2022,M3,LI2,1,21.0
plant_height,2022,M3,LI2,1,170.0
head_diameter,2022,M3,LI2,1,21.0
plant_height,2022,M3,LI2,1,174.0
head_diameter,2022,M3,LI2,1,18.0
plant_height,2022,M3,LI2,1,175.0
head_diameter,2022,M3,LI2,1,20.0
plant_height,2022,M3,LI2,1,181.0
head_diameter,2022,M3,LI2,1,19.0
plant_height,2022,M3,LI2,2,168.0
head_diameter,2022,M3,LI2,2,18.0
plant_height,2022,M3,LI2,2,167.0
head_diameter,2022,M3,LI2,2,22.0
plant_height,2022,M3,LI2,2,164.0
head_diameter,2022,M3,LI2,2,19.0
plant_height,2022,M3,LI2,2,172.0
head_diameter,2022,M3,LI2,2,17.0
plant_height,2022,M3,LI2,2,170.0
head_diameter,2022,M3,LI2,2,14.0
plant_height,2022,M3,LI2,2,176.0
head_diameter,2022,M3,LI2,2,19.0
plant_height,2022,M3,LI2,2,183.0
head_diameter,2022,M3,LI2,2,21.0
plant_height,2022,M3,LI2,2,186.0
head_diameter,2022,M3,LI2,2,14.0
plant_height,2022,M3,LI2,2,184.0
head_diameter,2022,M3,LI2,2,18.0
plant_height,2022,M3,LI2,2,185.0
head_diameter,2022,M3,LI2,2,15.0
plant_height,2022,M3,LI3,1,182.0
head_diameter,2022,M3,LI3,1,22.0
plant_height,2022,M3,LI3,1,184.0
head_diameter,2022,M3,LI3,1,19.0
plant_height,2022,M3,LI3,1,183.0
head_diameter,2022,M3,LI3,1,19.0
plant_height,2022,M3,LI3,1,190.0
head_diameter,2022,M3,LI3,1,19.0
plant_height,2022,M3,LI3,1,185.0
head_diameter,2022,M3,LI3,1,21.0
plant_height,2022,M3,LI3,1,186.0
head_diameter,2022,M3,LI3,1,20.0
plant_height,2022,M3,LI3,1,189.0
head_diameter,2022,M3,LI3,1,18.0
plant_height,2022,M3,LI3,1,183.0
head_diameter,2022,M3,LI3,1,20.0
plant_height,2022,M3,LI3,1,184.0
head_diameter,2022,M3,LI3,1,24.0
plant_height,2022,M3,LI3,1,187.0
head_diameter,2022,M3,LI3,1,23.0
plant_height,2022,M3,LI3,2,177.0
head_diameter,2022,M3,LI3,2,23.0
plant_height,2022,M3,LI3,2,167.0
head_diameter,2022,M3,LI3,2,22.0
plant_height,2022,M3,LI3,2,170.0
head_diameter,2022,M3,LI3,2,23.0
plant_height,2022,M3,LI3,2,169.0
head_diameter,2022,M3,LI3,2,21.0
plant_height,2022,M3,LI3,2,180.0
head_diameter,2022,M3,LI3,2,21.0
plant_height,2022,M3,LI3,2,178.0
head_diameter,2022,M3,LI3,2,20.0
plant_height,2022,M3,LI3,2,182.0
head_diameter,2022,M3,LI3,2,19.0
plant_height,2022,M3,LI3,2,175.0
head_diameter,2022,M3,LI3,2,19.0
plant_height,2022,M3,LI3,2,180.0
head_diameter,2022,M3,LI3,2,18.0
plant_height,2022,M3,LI3,2,181.0
head_diameter,2022,M3,LI3,2,17.0
plant_height,2022,M3,LI4,1,164.0
head_diameter,2022,M3,LI4,1,11.0
plant_height,2022,M3,LI4,1,169.0
head_diameter,2022,M3,LI4,1,11.0
plant_height,2022,M3,LI4,1,157.0
head_diameter,2022,M3,LI4,1,11.0
plant_height,2022,M3,LI4,1,160.0
head_diameter,2022,M3,LI4,1,13.0
plant_height,2022,M3,LI4,1,155.0
head_diameter,2022,M3,LI4,1,14.0
plant_height,2022,M3,LI4,1,144.0
head_diameter,2022,M3,LI4,1,10.0
plant_height,2022,M3,LI4,1,155.0
head_diameter,2022,M3,LI4,1,10.0
plant_height,2022,M3,LI4,1,156.0
head_diameter,2022,M3,LI4,1,13.0
plant_height,2022,M3,LI4,1,150.0
head_diameter,2022,M3,LI4,1,11.0
plant_height,2022,M3,LI4,1,156.0
head_diameter,2022,M3,LI4,1,15.0
plant_height,2022,M3,LI4,2,150.0
head_diameter,2022,M3,LI4,2,18.0
plant_height,2022,M3,LI4,2,168.0
head_diameter,2022,M3,LI4,2,12.0
plant_height,2022,M3,LI4,2,165.0
head_diameter,2022,M3,LI4,2,11.0
plant_height,2022,M3,LI4,2,163.0
head_diameter,2022,M3,LI4,2,13.0
plant_height,2022,M3,LI4,2,168.0
head_diameter,2022,M3,LI4,2,15.0
plant_height,2022,M3,LI4,2,158.0
head_diameter,2022,M3,LI4,2,17.0
plant_height,2022,M3,LI4,2,157.0
head_diameter,2022,M3,LI4,2,17.0
plant_height,2022,M3,LI4,2,170.0
head_diameter,2022,M3,LI4,2,12.0
plant_height,2022,M3,LI4,2,168.0
head_diameter,2022,M3,LI4,2,14.0
plant_height,2022,M3,LI4,2,162.0
head_diameter,2022,M3,LI4,2,14.0
plant_height,2022,M3,LI5,1,168.0
head_diameter,2022,M3,LI5,1,14.0
plant_height,2022,M3,LI5,1,168.0
head_diameter,2022,M3,LI5,1,9.0
plant_height,2022,M3,LI5,1,171.0
head_diameter,2022,M3,LI5,1,11.0
plant_height,2022,M3,LI5,1,162.0
head_diameter,2022,M3,LI5,1,20.0
plant_height,2022,M3,LI5,1,170.0
head_diameter,2022,M3,LI5,1,14.0
plant_height,2022,M3,LI5,1,168.0
head_diameter,2022,M3,LI5,1,15.0
plant_height,2022,M3,LI5,1,161.0
head_diameter,2022,M3,LI5,1,12.0
plant_height,2022,M3,LI5,1,159.0
head_diameter,2022,M3,LI5,1,15.0
plant_height,2022,M3,LI5,1,169.0
head_diameter,2022,M3,LI5,1,14.0
plant_height,2022,M3,LI5,1,161.0
head_diameter,2022,M3,LI5,1,11.0
plant_height,2022,M3,LI5,2,159.0
head_diameter,2022,M3,LI5,2,21.0
plant_height,2022,M3,LI5,2,150.0
head_diameter,2022,M3,LI5,2,17.0
plant_height,2022,M3,LI5,2,151.0
head_diameter,2022,M3,LI5,2,21.0
plant_height,2022,M3,LI5,2,152.0
head_diameter,2022,M3,LI5,2,20.0
plant_height,2022,M3,LI5,2,146.0
head_diameter,2022,M3,LI5,2,20.0
plant_height,2022,M3,LI5,2,160.0
head_diameter,2022,M3,LI5,2,17.0
plant_height,2022,M3,LI5,2,166.0
head_diameter,2022,M3,LI5,2,15.0
plant_height,2022,M3,LI5,2,170.0
head_diameter,2022,M3,LI5,2,19.0
plant_height,2022,M3,LI5,2,171.0
head_diameter,2022,M3,LI5,2,17.0
plant_height,2022,M3,LI5,2,168.0
head_diameter,2022,M3,LI5,2,18.0
plant_height,2022,M3,LI6,1,160.0
head_diameter,2022,M3,LI6,1,11.0
plant_height,2022,M3,LI6,1,173.0
head_diameter,2022,M3,LI6,1,14.0
plant_height,2022,M3,LI6,1,165.0
head_diameter,2022,M3,LI6,1,14.0
plant_height,2022,M3,LI6,1,164.0
head_diameter,2022,M3,LI6,1,10.0
plant_height,2022,M3,LI6,1,171.0
head_diameter,2022,M3,LI6,1,17.0
plant_height,2022,M3,LI6,1,178.0
head_diameter,2022,M3,LI6,1,16.0
plant_height,2022,M3,LI6,1,173.0
head_diameter,2022,M3,LI6,1,10.0
plant_height,2022,M3,LI6,1,175.0
head_diameter,2022,M3,LI6,1,16.0
plant_height,2022,M3,LI6,1,171.0
head_diameter,2022,M3,LI6,1,11.0
plant_height,2022,M3,LI6,1,171.0
head_diameter,2022,M3,LI6,1,17.0
plant_height,2022,M3,LI6,2,175.0
head_diameter,2022,M3,LI6,2,17.0
plant_height,2022,M3,LI6,2,178.0
head_diameter,2022,M3,LI6,2,18.0
plant_height,2022,M3,LI6,2,180.0
head_diameter,2022,M3,LI6,2,19.0
plant_height,2022,M3,LI6,2,182.0
head_diameter,2022,M3,LI6,2,17.0
plant_height,2022,M3,LI6,2,183.0
head_diameter,2022,M3,LI6,2,20.0
plant_height,2022,M3,LI6,2,186.0
head_diameter,2022,M3,LI6,2,14.0
plant_height,2022,M3,LI6,2,185.0
head_diameter,2022,M3,LI6,2,17.0
plant_height,2022,M3,LI6,2,183.0
head_diameter,2022,M3,LI6,2,21.0
plant_height,2022,M3,LI6,2,168.0
head_diameter,2022,M3,LI6,2,20.0
plant_height,2022,M3,LI6,2,175.0
head_diameter,2022,M3,LI6,2,23.0
plant_height,2022,M3,LI7,1,165.0
head_diameter,2022,M3,LI7,1,15.0
plant_height,2022,M3,LI7,1,159.0
head_diameter,2022,M3,LI7,1,19.0
plant_height,2022,M3,LI7,1,163.0
head_diameter,2022,M3,LI7,1,18.0
plant_height,2022,M3,LI7,1,175.0
head_diameter,2022,M3,LI7,1,17.0
plant_height,2022,M3,LI7,1,159.0
head_diameter,2022,M3,LI7,1,20.0
plant_height,2022,M3,LI7,1,160.0
head_diameter,2022,M3,LI7,1,19.0
plant_height,2022,M3,LI7,1,168.0
head_diameter,2022,M3,LI7,1,19.0
plant_height,2022,M3,LI7,1,160.0
head_diameter,2022,M3,LI7,1,19.0
plant_height,2022,M3,LI7,1,162.0
head_diameter,2022,M3,LI7,1,15.0
plant_height,2022,M3,LI7,1,167.0
head_diameter,2022,M3,LI7,1,19.0
plant_height,2022,M3,LI7,2,165.0
head_diameter,2022,M3,LI7,2,17.0
plant_height,2022,M3,LI7,2,170.0
head_diameter,2022,M3,LI7,2,19.0
plant_height,2022,M3,LI7,2,185.0
head_diameter,2022,M3,LI7,2,18.0
plant_height,2022,M3,LI7,2,170.0
head_diameter,2022,M3,LI7,2,20.0
plant_height,2022,M3,LI7,2,172.0
head_diameter,2022,M3,LI7,2,18.0
plant_height,2022,M3,LI7,2,173.0
head_diameter,2022,M3,LI7,2,19.0
plant_height,2022,M3,LI7,2,168.0
head_diameter,2022,M3,LI7,2,23.0
plant_height,2022,M3,LI7,2,168.0
head_diameter,2022,M3,LI7,2,16.0
plant_height,2022,M3,LI7,2,172.0
head_diameter,2022,M3,LI7,2,21.0
plant_height,2022,M3,LI7,2,167.0
head_diameter,2022,M3,LI7,2,19.0
plant_height,2022,M3,LI8,1,159.0
head_diameter,2022,M3,LI8,1,17.0
plant_height,2022,M3,LI8,1,161.0
head_diameter,2022,M3,LI8,1,10.0
plant_height,2022,M3,LI8,1,154.0
head_diameter,2022,M3,LI8,1,19.0
plant_height,2022,M3,LI8,1,160.0
head_diameter,2022,M3,LI8,1,16.0
plant_height,2022,M3,LI8,1,177.0
head_diameter,2022,M3,LI8,1,14.0
plant_height,2022,M3,LI8,1,161.0
head_diameter,2022,M3,LI8,1,20.0
plant_height,2022,M3,LI8,1,159.0
head_diameter,2022,M3,LI8,1,16.0
plant_height,2022,M3,LI8,1,155.0
head_diameter,2022,M3,LI8,1,12.0
plant_height,2022,M3,LI8,1,163.0
head_diameter,2022,M3,LI8,1,19.0
plant_height,2022,M3,LI8,1,163.0
head_diameter,2022,M3,LI8,1,21.0
plant_height,2022,M3,LI8,2,178.0
head_diameter,2022,M3,LI8,2,20.0
plant_height,2022,M3,LI8,2,181.0
head_diameter,2022,M3,LI8,2,19.0
plant_height,2022,M3,LI8,2,162.0
head_diameter,2022,M3,LI8,2,19.0
plant_height,2022,M3,LI8,2,172.0
head_diameter,2022,M3,LI8,2,18.0
plant_height,2022,M3,LI8,2,173.0
head_diameter,2022,M3,LI8,2,18.0
plant_height,2022,M3,LI8,2,166.0
head_diameter,2022,M3,LI8,2,18.0
plant_height,2022,M3,LI8,2,173.0
head_diameter,2022,M3,LI8,2,25.0
plant_height,2022,M3,LI8,2,186.0
head_diameter,2022,M3,LI8,2,19.0
plant_height,2022,M3,LI8,2,180.0
head_diameter,2022,M3,LI8,2,21.0
plant_height,2022,M3,LI8,2,170.0
head_diameter,2022,M3,LI8,2,22.0
plant_height,2022,M3,LI9,1,145.0
head_diameter,2022,M3,LI9,1,19.0
plant_height,2022,M3,LI9,1,157.0
head_diameter,2022,M3,LI9,1,16.0
plant_height,2022,M3,LI9,1,155.0
head_diameter,2022,M3,LI9,1,15.0
plant_height,2022,M3,LI9,1,159.0
head_diameter,2022,M3,LI9,1,16.0
plant_height,2022,M3,LI9,1,165.0
head_diameter,2022,M3,LI9,1,16.0
plant_height,2022,M3,LI9,1,162.0
head_diameter,2022,M3,LI9,1,20.0
plant_height,2022,M3,LI9,1,156.0
head_diameter,2022,M3,LI9,1,15.0
plant_height,2022,M3,LI9,1,147.0
head_diameter,2022,M3,LI9,1,18.0
plant_height,2022,M3,LI9,1,164.0
head_diameter,2022,M3,LI9,1,13.0
plant_height,2022,M3,LI9,1,154.0
head_diameter,2022,M3,LI9,1,17.0
plant_height,2022,M3,LI9,2,157.0
head_diameter,2022,M3,LI9,2,17.0
plant_height,2022,M3,LI9,2,155.0
head_diameter,2022,M3,LI9,2,17.0
plant_height,2022,M3,LI9,2,160.0
head_diameter,2022,M3,LI9,2,18.0
plant_height,2022,M3,LI9,2,154.0
head_diameter,2022,M3,LI9,2,18.0
plant_height,2022,M3,LI9,2,162.0
head_diameter,2022,M3,LI9,2,19.0
plant_height,2022,M3,LI9,2,159.0
head_diameter,2022,M3,LI9,2,18.0
plant_height,2022,M3,LI9,2,162.0
head_diameter,2022,M3,LI9,2,15.0
plant_height,2022,M3,LI9,2,156.0
head_diameter,2022,M3,LI9,2,19.0
plant_height,2022,M3,LI9,2,163.0
head_diameter,2022,M3,LI9,2,19.0
plant_height,2022,M3,LI9,2,157.0
head_diameter,2022,M3,LI9,2,20.0
plant_height,2022,M3,LI10,1,158.0
head_diameter,2022,M3,LI10,1,16.0
plant_height,2022,M3,LI10,1,167.0
head_diameter,2022,M3,LI10,1,18.0
plant_height,2022,M3,LI10,1,168.0
head_diameter,2022,M3,LI10,1,17.0
plant_height,2022,M3,LI10,1,169.0
head_diameter,2022,M3,LI10,1,16.0
plant_height,2022,M3,LI10,1,158.0
head_diameter,2022,M3,LI10,1,17.0
plant_height,2022,M3,LI10,1,148.0
head_diameter,2022,M3,LI10,1,18.0
plant_height,2022,M3,LI10,1,162.0
head_diameter,2022,M3,LI10,1,15.0
plant_height,2022,M3,LI10,1,162.0
head_diameter,2022,M3,LI10,1,15.0
plant_height,2022,M3,LI10,1,155.0
head_diameter,2022,M3,LI10,1,15.0
plant_height,2022,M3,LI10,1,160.0
head_diameter,2022,M3,LI10,1,16.0
plant_height,2022,M3,LI10,2,140.0
head_diameter,2022,M3,LI10,2,17.0
plant_height,2022,M3,LI10,2,160.0
head_diameter,2022,M3,LI10,2,20.0
plant_height,2022,M3,LI10,2,150.0
head_diameter,2022,M3,LI10,2,25.0
plant_height,2022,M3,LI10,2,154.0
head_diameter,2022,M3,LI10,2,16.0
plant_height,2022,M3,LI10,2,148.0
head_diameter,2022,M3,LI10,2,18.0
plant_height,2022,M3,LI10,2,164.0
head_diameter,2022,M3,LI10,2,12.0
plant_height,2022,M3,LI10,2,140.0
head_diameter,2022,M3,LI10,2,16.0
plant_height,2022,M3,LI10,2,146.0
head_diameter,2022,M3,LI10,2,16.0
plant_height,2022,M3,LI10,2,150.0
head_diameter,2022,M3,LI10,2,19.0
plant_height,2022,M3,LI10,2,150.0
head_diameter,2022,M3,LI10,2,20.0
plant_height,2022,M3,LI11,1,195.0
head_diameter,2022,M3,LI11,1,20.0
plant_height,2022,M3,LI11,1,194.0
head_diameter,2022,M3,LI11,1,23.0
plant_height,2022,M3,LI11,1,190.0
head_diameter,2022,M3,LI11,1,19.0
plant_height,2022,M3,LI11,1,199.0
head_diameter,2022,M3,LI11,1,21.0
plant_height,2022,M3,LI11,1,202.0
head_diameter,2022,M3,LI11,1,18.0
plant_height,2022,M3,LI11,1,197.0
head_diameter,2022,M3,LI11,1,19.0
plant_height,2022,M3,LI11,1,193.0
head_diameter,2022,M3,LI11,1,23.0
plant_height,2022,M3,LI11,1,189.0
head_diameter,2022,M3,LI11,1,17.0
plant_height,2022,M3,LI11,1,186.0
head_diameter,2022,M3,LI11,1,20.0
plant_height,2022,M3,LI11,1,184.0
head_diameter,2022,M3,LI11,1,19.0
plant_height,2022,M3,LI11,2,176.0
head_diameter,2022,M3,LI11,2,21.0
plant_height,2022,M3,LI11,2,182.0
head_diameter,2022,M3,LI11,2,19.0
plant_height,2022,M3,LI11,2,178.0
head_diameter,2022,M3,LI11,2,18.0
plant_height,2022,M3,LI11,2,183.0
head_diameter,2022,M3,LI11,2,16.0
plant_height,2022,M3,LI11,2,189.0
head_diameter,2022,M3,LI11,2,16.0
plant_height,2022,M3,LI11,2,186.0
head_diameter,2022,M3,LI11,2,20.0
plant_height,2022,M3,LI11,2,183.0
head_diameter,2022,M3,LI11,2,20.0
plant_height,2022,M3,LI11,2,185.0
head_diameter,2022,M3,LI11,2,17.0
plant_height,2022,M3,LI11,2,185.0
head_diameter,2022,M3,LI11,2,21.0
plant_height,2022,M3,LI11,2,191.0
head_diameter,2022,M3,LI11,2,18.0
plant_height,2022,M3,LI12,1,193.0
head_diameter,2022,M3,LI12,1,20.0
plant_height,2022,M3,LI12,1,199.0
head_diameter,2022,M3,LI12,1,17.0
plant_height,2022,M3,LI12,1,182.0
head_diameter,2022,M3,LI12,1,24.0
plant_height,2022,M3,LI12,1,185.0
head_diameter,2022,M3,LI12,1,19.0
plant_height,2022,M3,LI12,1,185.0
head_diameter,2022,M3,LI12,1,20.0
plant_height,2022,M3,LI12,1,186.0
head_diameter,2022,M3,LI12,1,20.0
plant_height,2022,M3,LI12,1,203.0
head_diameter,2022,M3,LI12,1,17.0
plant_height,2022,M3,LI12,1,191.0
head_diameter,2022,M3,LI12,1,18.0
plant_height,2022,M3,LI12,1,194.0
head_diameter,2022,M3,LI12,1,18.0
plant_height,2022,M3,LI12,1,194.0
head_diameter,2022,M3,LI12,1,19.0
plant_height,2022,M3,LI12,2,196.0
head_diameter,2022,M3,LI12,2,16.0
plant_height,2022,M3,LI12,2,182.0
head_diameter,2022,M3,LI12,2,17.0
plant_height,2022,M3,LI12,2,175.0
head_diameter,2022,M3,LI12,2,20.0
plant_height,2022,M3,LI12,2,189.0
head_diameter,2022,M3,LI12,2,14.0
plant_height,2022,M3,LI12,2,192.0
head_diameter,2022,M3,LI12,2,15.0
plant_height,2022,M3,LI12,2,192.0
head_diameter,2022,M3,LI12,2,18.0
plant_height,2022,M3,LI12,2,190.0
head_diameter,2022,M3,LI12,2,15.0
plant_height,2022,M3,LI12,2,179.0
head_diameter,2022,M3,LI12,2,19.0
plant_height,2022,M3,LI12,2,186.0
head_diameter,2022,M3,LI12,2,18.0
plant_height,2022,M3,LI12,2,181.0
head_diameter,2022,M3,LI12,2,21.0
plant_height,2022,M3,LI13,1,180.0
head_diameter,2022,M3,LI13,1,19.0
plant_height,2022,M3,LI13,1,176.0
head_diameter,2022,M3,LI13,1,18.0
plant_height,2022,M3,LI13,1,187.0
head_diameter,2022,M3,LI13,1,15.0
plant_height,2022,M3,LI13,1,175.0
head_diameter,2022,M3,LI13,1,21.0
plant_height,2022,M3,LI13,1,177.0
head_diameter,2022,M3,LI13,1,21.0
plant_height,2022,M3,LI13,1,184.0
head_diameter,2022,M3,LI13,1,20.0
plant_height,2022,M3,LI13,1,179.0
head_diameter,2022,M3,LI13,1,19.0
plant_height,2022,M3,LI13,1,172.0
head_diameter,2022,M3,LI13,1,21.0
plant_height,2022,M3,LI13,1,185.0
head_diameter,2022,M3,LI13,1,18.0
plant_height,2022,M3,LI13,1,168.0
head_diameter,2022,M3,LI13,1,19.0
plant_height,2022,M3,LI13,2,183.0
head_diameter,2022,M3,LI13,2,16.0
plant_height,2022,M3,LI13,2,179.0
head_diameter,2022,M3,LI13,2,17.0
plant_height,2022,M3,LI13,2,170.0
head_diameter,2022,M3,LI13,2,16.0
plant_height,2022,M3,LI13,2,178.0
head_diameter,2022,M3,LI13,2,11.0
plant_height,2022,M3,LI13,2,179.0
head_diameter,2022,M3,LI13,2,13.0
plant_height,2022,M3,LI13,2,185.0
head_diameter,2022,M3,LI13,2,17.0
plant_height,2022,M3,LI13,2,172.0
head_diameter,2022,M3,LI13,2,15.0
plant_height,2022,M3,LI13,2,156.0
head_diameter,2022,M3,LI13,2,21.0
plant_height,2022,M3,LI13,2,172.0
head_diameter,2022,M3,LI13,2,21.0
plant_height,2022,M3,LI13,2,181.0
head_diameter,2022,M3,LI13,2,16.0
plant_height,2022,M3,LI14,1,179.0
head_diameter,2022,M3,LI14,1,20.0
plant_height,2022,M3,LI14,1,183.0
head_diameter,2022,M3,LI14,1,20.0
plant_height,2022,M3,LI14,1,182.0
head_diameter,2022,M3,LI14,1,19.0
plant_height,2022,M3,LI14,1,192.0
head_diameter,2022,M3,LI14,1,18.0
plant_height,2022,M3,LI14,1,190.0
head_diameter,2022,M3,LI14,1,17.0
plant_height,2022,M3,LI14,1,184.0
head_diameter,2022,M3,LI14,1,17.0
plant_height,2022,M3,LI14,1,179.0
head_diameter,2022,M3,LI14,1,20.0
plant_height,2022,M3,LI14,1,184.0
head_diameter,2022,M3,LI14,1,17.0
plant_height,2022,M3,LI14,1,173.0
head_diameter,2022,M3,LI14,1,19.0
plant_height,2022,M3,LI14,1,184.0
head_diameter,2022,M3,LI14,1,20.0
plant_height,2022,M3,LI14,2,182.0
head_diameter,2022,M3,LI14,2,15.0
plant_height,2022,M3,LI14,2,173.0
head_diameter,2022,M3,LI14,2,17.0
plant_height,2022,M3,LI14,2,180.0
head_diameter,2022,M3,LI14,2,13.0
plant_height,2022,M3,LI14,2,182.0
head_diameter,2022,M3,LI14,2,18.0
plant_height,2022,M3,LI14,2,186.0
head_diameter,2022,M3,LI14,2,17.0
plant_height,2022,M3,LI14,2,192.0
head_diameter,2022,M3,LI14,2,16.0
plant_height,2022,M3,LI14,2,182.0
head_diameter,2022,M3,LI14,2,17.0
plant_height,2022,M3,LI14,2,172.0
head_diameter,2022,M3,LI14,2,21.0
plant_height,2022,M3,LI14,2,188.0
head_diameter,2022,M3,LI14,2,17.0
plant_height,2022,M3,LI14,2,183.0
head_diameter,2022,M3,LI14,2,17.0
plant_height,2022,M3,LI15,1,184.0
head_diameter,2022,M3,LI15,1,17.0
plant_height,2022,M3,LI15,1,189.0
head_diameter,2022,M3,LI15,1,17.0
plant_height,2022,M3,LI15,1,178.0
head_diameter,2022,M3,LI15,1,20.0
plant_height,2022,M3,LI15,1,172.0
head_diameter,2022,M3,LI15,1,176.0
plant_height,2022,M3,LI15,1,176.0
head_diameter,2022,M3,LI15,1,18.0
plant_height,2022,M3,LI15,1,168.0
head_diameter,2022,M3,LI15,1,19.0
plant_height,2022,M3,LI15,1,179.0
head_diameter,2022,M3,LI15,1,18.0
plant_height,2022,M3,LI15,1,172.0
head_diameter,2022,M3,LI15,1,17.0
plant_height,2022,M3,LI15,1,173.0
head_diameter,2022,M3,LI15,1,23.0
plant_height,2022,M3,LI15,1,174.0
head_diameter,2022,M3,LI15,1,20.0
plant_height,2022,M3,LI15,2,167.0
head_diameter,2022,M3,LI15,2,16.0
plant_height,2022,M3,LI15,2,170.0
head_diameter,2022,M3,LI15,2,17.0
plant_height,2022,M3,LI15,2,180.0
head_diameter,2022,M3,LI15,2,18.0
plant_height,2022,M3,LI15,2,181.0
head_diameter,2022,M3,LI15,2,19.0
plant_height,2022,M3,LI15,2,177.0
head_diameter,2022,M3,LI15,2,10.0
plant_height,2022,M3,LI15,2,170.0
head_diameter,2022,M3,LI15,2,17.0
plant_height,2022,M3,LI15,2,173.0
head_diameter,2022,M3,LI15,2,16.0
plant_height,2022,M3,LI15,2,172.0
head_diameter,2022,M3,LI15,2,17.0
plant_height,2022,M3,LI15,2,167.0
head_diameter,2022,M3,LI15,2,18.0
plant_height,2022,M3,LI15,2,171.0
head_diameter,2022,M3,LI15,2,15.0
plant_height,2022,M3,LI15,2,166.0
head_diameter,2022,M3,LI15,2,19.0
plant_height,2022,M3,LI16,1,175.0
head_diameter,2022,M3,LI16,1,20.0
plant_height,2022,M3,LI16,1,172.0
head_diameter,2022,M3,LI16,1,16.0
plant_height,2022,M3,LI16,1,181.0
head_diameter,2022,M3,LI16,1,18.0
plant_height,2022,M3,LI16,1,182.0
head_diameter,2022,M3,LI16,1,15.0
plant_height,2022,M3,LI16,1,186.0
head_diameter,2022,M3,LI16,1,17.0
plant_height,2022,M3,LI16,1,187.0
head_diameter,2022,M3,LI16,1,16.0
plant_height,2022,M3,LI16,1,174.0
head_diameter,2022,M3,LI16,1,13.0
plant_height,2022,M3,LI16,1,176.0
head_diameter,2022,M3,LI16,1,18.0
plant_height,2022,M3,LI16,1,186.0
head_diameter,2022,M3,LI16,1,17.0
plant_height,2022,M3,LI16,1,181.0
head_diameter,2022,M3,LI16,1,18.0
plant_height,2022,M3,LI16,2,172.0
head_diameter,2022,M3,LI16,2,17.0
plant_height,2022,M3,LI16,2,158.0
head_diameter,2022,M3,LI16,2,17.0
plant_height,2022,M3,LI16,2,174.0
head_diameter,2022,M3,LI16,2,16.0
plant_height,2022,M3,LI16,2,170.0
head_diameter,2022,M3,LI16,2,19.0
plant_height,2022,M3,LI16,2,157.0
head_diameter,2022,M3,LI16,2,22.0
plant_height,2022,M3,LI16,2,164.0
head_diameter,2022,M3,LI16,2,15.0
plant_height,2022,M3,LI16,2,174.0
head_diameter,2022,M3,LI16,2,14.0
plant_height,2022,M3,LI16,2,178.0
head_diameter,2022,M3,LI16,2,22.0
plant_height,2022,M3,LI16,2,184.0
head_diameter,2022,M3,LI16,2,19.0
plant_height,2022,M3,LI16,2,181.0
head_diameter,2022,M3,LI16,2,13.0
plant_height,2022,M3,LI17,1,200.0
head_diameter,2022,M3,LI17,1,18.0
plant_height,2022,M3,LI17,1,20.0
head_diameter,2022,M3,LI17,1,16.0
plant_height,2022,M3,LI17,1,198.0
head_diameter,2022,M3,LI17,1,20.0
plant_height,2022,M3,LI17,1,197.0
head_diameter,2022,M3,LI17,1,19.0
plant_height,2022,M3,LI17,1,189.0
head_diameter,2022,M3,LI17,1,17.0
plant_height,2022,M3,LI17,1,201.0
head_diameter,2022,M3,LI17,1,19.0
plant_height,2022,M3,LI17,1,193.0
head_diameter,2022,M3,LI17,1,21.0
plant_height,2022,M3,LI17,1,183.0
head_diameter,2022,M3,LI17,1,16.0
plant_height,2022,M3,LI17,1,195.0
head_diameter,2022,M3,LI17,1,20.0
plant_height,2022,M3,LI17,1,198.0
head_diameter,2022,M3,LI17,1,17.0
plant_height,2022,M3,LI17,2,185.0
head_diameter,2022,M3,LI17,2,17.0
plant_height,2022,M3,LI17,2,180.0
head_diameter,2022,M3,LI17,2,19.0
plant_height,2022,M3,LI17,2,184.0
head_diameter,2022,M3,LI17,2,18.0
plant_height,2022,M3,LI17,2,184.0
head_diameter,2022,M3,LI17,2,22.0
plant_height,2022,M3,LI17,2,187.0
head_diameter,2022,M3,LI17,2,22.0
plant_height,2022,M3,LI17,2,182.0
head_diameter,2022,M3,LI17,2,19.0
plant_height,2022,M3,LI17,2,181.0
head_diameter,2022,M3,LI17,2,20.0
plant_height,2022,M3,LI17,2,188.0
head_diameter,2022,M3,LI17,2,21.0
plant_height,2022,M3,LI17,2,182.0
head_diameter,2022,M3,LI17,2,21.0
plant_height,2022,M3,LI17,2,188.0
head_diameter,2022,M3,LI17,2,17.0
plant_height,2022,M3,LI18,1,194.0
head_diameter,2022,M3,LI18,1,24.0
plant_height,2022,M3,LI18,1,192.0
head_diameter,2022,M3,LI18,1,21.0
plant_height,2022,M3,LI18,1,210.0
head_diameter,2022,M3,LI18,1,16.0
plant_height,2022,M3,LI18,1,198.0
head_diameter,2022,M3,LI18,1,15.0
plant_height,2022,M3,LI18,1,205.0
head_diameter,2022,M3,LI18,1,19.0
plant_height,2022,M3,LI18,1,189.0
head_diameter,2022,M3,LI18,1,22.0
plant_height,2022,M3,LI18,1,207.0
head_diameter,2022,M3,LI18,1,20.0
plant_height,2022,M3,LI18,1,201.0
head_diameter,2022,M3,LI18,1,15.0
plant_height,2022,M3,LI18,1,198.0
head_diameter,2022,M3,LI18,1,24.0
plant_height,2022,M3,LI18,1,202.0
head_diameter,2022,M3,LI18,1,21.0
plant_height,2022,M3,LI18,2,176.0
head_diameter,2022,M3,LI18,2,20.0
plant_height,2022,M3,LI18,2,159.0
head_diameter,2022,M3,LI18,2,27.0
plant_height,2022,M3,LI18,2,176.0
head_diameter,2022,M3,LI18,2,20.0
plant_height,2022,M3,LI18,2,183.0
head_diameter,2022,M3,LI18,2,21.0
plant_height,2022,M3,LI18,2,184.0
head_diameter,2022,M3,LI18,2,18.0
plant_height,2022,M3,LI18,2,185.0
head_diameter,2022,M3,LI18,2,19.0
plant_height,2022,M3,LI18,2,184.0
head_diameter,2022,M3,LI18,2,19.0
plant_height,2022,M3,LI18,2,185.0
head_diameter,2022,M3,LI18,2,22.0
plant_height,2022,M3,LI18,2,189.0
head_diameter,2022,M3,LI18,2,22.0
plant_height,2022,M3,LI18,2,187.0
head_diameter,2022,M3,LI18,2,21.0
plant_height,2022,M3,LI19,1,201.0
head_diameter,2022,M3,LI19,1,17.0
plant_height,2022,M3,LI19,1,197.0
head_diameter,2022,M3,LI19,1,15.0
plant_height,2022,M3,LI19,1,209.0
head_diameter,2022,M3,LI19,1,16.0
plant_height,2022,M3,LI19,1,204.0
head_diameter,2022,M3,LI19,1,19.0
plant_height,2022,M3,LI19,1,210.0
head_diameter,2022,M3,LI19,1,16.0
plant_height,2022,M3,LI19,1,208.0
head_diameter,2022,M3,LI19,1,18.0
plant_height,2022,M3,LI19,1,199.0
head_diameter,2022,M3,LI19,1,18.0
plant_height,2022,M3,LI19,1,208.0
head_diameter,2022,M3,LI19,1,22.0
plant_height,2022,M3,LI19,1,201.0
head_diameter,2022,M3,LI19,1,16.0
plant_height,2022,M3,LI19,1,198.0
head_diameter,2022,M3,LI19,1,19.0
plant_height,2022,M3,LI19,2,191.0
head_diameter,2022,M3,LI19,2,20.0
plant_height,2022,M3,LI19,2,197.0
head_diameter,2022,M3,LI19,2,21.0
plant_height,2022,M3,LI19,2,190.0
head_diameter,2022,M3,LI19,2,18.0
plant_height,2022,M3,LI19,2,189.0
head_diameter,2022,M3,LI19,2,21.0
plant_height,2022,M3,LI19,2,191.0
head_diameter,2022,M3,LI19,2,23.0
plant_height,2022,M3,LI19,2,191.0
head_diameter,2022,M3,LI19,2,21.0
plant_height,2022,M3,LI19,2,189.0
head_diameter,2022,M3,LI19,2,21.0
plant_height,2022,M3,LI19,2,191.0
head_diameter,2022,M3,LI19,2,16.0
plant_height,2022,M3,LI19,2,193.0
head_diameter,2022,M3,LI19,2,18.0
plant_height,2022,M3,LI19,2,188.0
head_diameter,2022,M3,LI19,2,21.0
plant_height,2022,M3,LI20,1,202.0
head_diameter,2022,M3,LI20,1,20.0
plant_height,2022,M3,LI20,1,195.0
head_diameter,2022,M3,LI20,1,23.0
plant_height,2022,M3,LI20,1,203.0
head_diameter,2022,M3,LI20,1,18.0
plant_height,2022,M3,LI20,1,202.0
head_diameter,2022,M3,LI20,1,22.0
plant_height,2022,M3,LI20,1,205.0
head_diameter,2022,M3,LI20,1,19.0
plant_height,2022,M3,LI20,1,204.0
head_diameter,2022,M3,LI20,1,21.0
plant_height,2022,M3,LI20,1,202.0
head_diameter,2022,M3,LI20,1,18.0
plant_height,2022,M3,LI20,1,208.0
head_diameter,2022,M3,LI20,1,20.0
plant_height,2022,M3,LI20,1,193.0
head_diameter,2022,M3,LI20,1,24.0
plant_height,2022,M3,LI20,1,186.0
head_diameter,2022,M3,LI20,1,19.0
plant_height,2022,M3,LI20,2,176.0
head_diameter,2022,M3,LI20,2,19.0
plant_height,2022,M3,LI20,2,182.0
head_diameter,2022,M3,LI20,2,20.0
plant_height,2022,M3,LI20,2,182.0
head_diameter,2022,M3,LI20,2,22.0
plant_height,2022,M3,LI20,2,181.0
head_diameter,2022,M3,LI20,2,16.0
plant_height,2022,M3,LI20,2,187.0
head_diameter,2022,M3,LI20,2,21.0
plant_height,2022,M3,LI20,2,179.0
head_diameter,2022,M3,LI20,2,12.0
plant_height,2022,M3,LI20,2,180.0
head_diameter,2022,M3,LI20,2,17.0
plant_height,2022,M3,LI20,2,182.0
head_diameter,2022,M3,LI20,2,21.0
plant_height,2022,M3,LI20,2,189.0
head_diameter,2022,M3,LI20,2,14.0
plant_height,2022,M3,LI20,2,185.0
head_diameter,2022,M3,LI20,2,17.0
plant_height,2022,M3,LI20,2,185.0
head_diameter,2022,M3,LI20,2,24.0
plant_height,2022,M3,LI21,1,197.0
head_diameter,2022,M3,LI21,1,16.0
plant_height,2022,M3,LI21,1,181.0
head_diameter,2022,M3,LI21,1,17.0
plant_height,2022,M3,LI21,1,183.0
head_diameter,2022,M3,LI21,1,20.0
plant_height,2022,M3,LI21,1,178.0
head_diameter,2022,M3,LI21,1,18.0
plant_height,2022,M3,LI21,1,174.0
head_diameter,2022,M3,LI21,1,24.0
plant_height,2022,M3,LI21,1,197.0
head_diameter,2022,M3,LI21,1,13.0
plant_height,2022,M3,LI21,1,188.0
head_diameter,2022,M3,LI21,1,17.0
plant_height,2022,M3,LI21,1,187.0
head_diameter,2022,M3,LI21,1,17.0
plant_height,2022,M3,LI21,1,178.0
head_diameter,2022,M3,LI21,1,20.0
plant_height,2022,M3,LI21,1,187.0
head_diameter,2022,M3,LI21,1,16.0
plant_height,2022,M3,LI21,2,167.0
head_diameter,2022,M3,LI21,2,22.0
plant_height,2022,M3,LI21,2,169.0
head_diameter,2022,M3,LI21,2,23.0
plant_height,2022,M3,LI21,2,160.0
head_diameter,2022,M3,LI21,2,21.0
plant_height,2022,M3,LI21,2,177.0
head_diameter,2022,M3,LI21,2,11.0
plant_height,2022,M3,LI21,2,172.0
head_diameter,2022,M3,LI21,2,13.0
plant_height,2022,M3,LI21,2,160.0
head_diameter,2022,M3,LI21,2,25.0
plant_height,2022,M3,LI21,2,171.0
head_diameter,2022,M3,LI21,2,14.0
plant_height,2022,M3,LI21,2,167.0
head_diameter,2022,M3,LI21,2,20.0
plant_height,2022,M3,LI21,2,166.0
head_diameter,2022,M3,LI21,2,22.0
plant_height,2022,M3,LI21,2,171.0
head_diameter,2022,M3,LI21,2,23.0
plant_height,2022,M3,LI21,2,177.0
head_diameter,2022,M3,LI21,2,20.0
plant_height,2022,M3,LI22,1,159.0
head_diameter,2022,M3,LI22,1,20.0
plant_height,2022,M3,LI22,1,165.0
head_diameter,2022,M3,LI22,1,18.0
plant_height,2022,M3,LI22,1,171.0
head_diameter,2022,M3,LI22,1,19.0
plant_height,2022,M3,LI22,1,166.0
head_diameter,2022,M3,LI22,1,19.0
plant_height,2022,M3,LI22,1,180.0
head_diameter,2022,M3,LI22,1,18.0
plant_height,2022,M3,LI22,1,168.0
head_diameter,2022,M3,LI22,1,19.0
plant_height,2022,M3,LI22,1,171.0
head_diameter,2022,M3,LI22,1,16.0
plant_height,2022,M3,LI22,1,157.0
head_diameter,2022,M3,LI22,1,19.0
plant_height,2022,M3,LI22,1,168.0
head_diameter,2022,M3,LI22,1,17.0
plant_height,2022,M3,LI22,1,173.0
head_diameter,2022,M3,LI22,1,19.0
plant_height,2022,M3,LI22,2,158.0
head_diameter,2022,M3,LI22,2,20.0
plant_height,2022,M3,LI22,2,165.0
head_diameter,2022,M3,LI22,2,17.0
plant_height,2022,M3,LI22,2,162.0
head_diameter,2022,M3,LI22,2,21.0
plant_height,2022,M3,LI22,2,176.0
head_diameter,2022,M3,LI22,2,22.0
plant_height,2022,M3,LI22,2,166.0
head_diameter,2022,M3,LI22,2,19.0
plant_height,2022,M3,LI22,2,165.0
head_diameter,2022,M3,LI22,2,19.0
plant_height,2022,M3,LI22,2,164.0
head_diameter,2022,M3,LI22,2,22.0
plant_height,2022,M3,LI22,2,158.0
head_diameter,2022,M3,LI22,2,22.0
plant_height,2022,M3,LI22,2,161.0
head_diameter,2022,M3,LI22,2,20.0
plant_height,2022,M3,LI22,2,173.0
head_diameter,2022,M3,LI22,2,16.0
plant_height,2022,M3,LI23,1,167.0
head_diameter,2022,M3,LI23,1,20.0
plant_height,2022,M3,LI23,1,177.0
head_diameter,2022,M3,LI23,1,20.0
plant_height,2022,M3,LI23,1,174.0
head_diameter,2022,M3,LI23,1,16.0
plant_height,2022,M3,LI23,1,162.0
head_diameter,2022,M3,LI23,1,19.0
plant_height,2022,M3,LI23,1,173.0
head_diameter,2022,M3,LI23,1,14.0
plant_height,2022,M3,LI23,1,163.0
head_diameter,2022,M3,LI23,1,15.0
plant_height,2022,M3,LI23,1,163.0
head_diameter,2022,M3,LI23,1,20.0
plant_height,2022,M3,LI23,1,179.0
head_diameter,2022,M3,LI23,1,18.0
plant_height,2022,M3,LI23,1,180.0
head_diameter,2022,M3,LI23,1,17.0
plant_height,2022,M3,LI23,1,167.0
head_diameter,2022,M3,LI23,1,17.0
plant_height,2022,M3,LI23,2,175.0
head_diameter,2022,M3,LI23,2,18.0
plant_height,2022,M3,LI23,2,165.0
head_diameter,2022,M3,LI23,2,14.0
plant_height,2022,M3,LI23,2,163.0
head_diameter,2022,M3,LI23,2,23.0
plant_height,2022,M3,LI23,2,157.0
head_diameter,2022,M3,LI23,2,14.0
plant_height,2022,M3,LI23,2,158.0
head_diameter,2022,M3,LI23,2,16.0
plant_height,2022,M3,LI23,2,159.0
head_diameter,2022,M3,LI23,2,15.0
plant_height,2022,M3,LI23,2,154.0
head_diameter,2022,M3,LI23,2,20.0
plant_height,2022,M3,LI23,2,154.0
head_diameter,2022,M3,LI23,2,19.0
plant_height,2022,M3,LI23,2,168.0
head_diameter,2022,M3,LI23,2,14.0
plant_height,2022,M3,LI23,2,163.0
head_diameter,2022,M3,LI23,2,19.0
plant_height,2022,M3,LI24,1,182.0
head_diameter,2022,M3,LI24,1,15.0
plant_height,2022,M3,LI24,1,175.0
head_diameter,2022,M3,LI24,1,16.0
plant_height,2022,M3,LI24,1,175.0
head_diameter,2022,M3,LI24,1,13.0
plant_height,2022,M3,LI24,1,177.0
head_diameter,2022,M3,LI24,1,17.0
plant_height,2022,M3,LI24,1,187.0
head_diameter,2022,M3,LI24,1,17.0
plant_height,2022,M3,LI24,1,172.0
head_diameter,2022,M3,LI24,1,16.0
plant_height,2022,M3,LI24,1,172.0
head_diameter,2022,M3,LI24,1,19.0
plant_height,2022,M3,LI24,1,186.0
head_diameter,2022,M3,LI24,1,16.0
plant_height,2022,M3,LI24,1,170.0
head_diameter,2022,M3,LI24,1,15.0
plant_height,2022,M3,LI24,1,168.0
head_diameter,2022,M3,LI24,1,14.0
plant_height,2022,M3,LI24,2,173.0
head_diameter,2022,M3,LI24,2,19.0
plant_height,2022,M3,LI24,2,156.0
head_diameter,2022,M3,LI24,2,13.0
plant_height,2022,M3,LI24,2,166.0
head_diameter,2022,M3,LI24,2,18.0
plant_height,2022,M3,LI24,2,167.0
head_diameter,2022,M3,LI24,2,25.0
plant_height,2022,M3,LI24,2,138.0
head_diameter,2022,M3,LI24,2,20.0
plant_height,2022,M3,LI24,2,171.0
head_diameter,2022,M3,LI24,2,21.0
plant_height,2022,M3,LI24,2,168.0
head_diameter,2022,M3,LI24,2,13.0
plant_height,2022,M3,LI24,2,167.0
head_diameter,2022,M3,LI24,2,19.0
plant_height,2022,M3,LI24,2,176.0
head_diameter,2022,M3,LI24,2,18.0
plant_height,2022,M3,LI24,2,177.0
head_diameter,2022,M3,LI24,2,20.0
plant_height,2022,M3,LI25,1,181.0
head_diameter,2022,M3,LI25,1,18.0
plant_height,2022,M3,LI25,1,185.0
head_diameter,2022,M3,LI25,1,13.0
plant_height,2022,M3,LI25,1,178.0
head_diameter,2022,M3,LI25,1,18.0
plant_height,2022,M3,LI25,1,178.0
head_diameter,2022,M3,LI25,1,16.0
plant_height,2022,M3,LI25,1,183.0
head_diameter,2022,M3,LI25,1,13.0
plant_height,2022,M3,LI25,1,178.0
head_diameter,2022,M3,LI25,1,16.0
plant_height,2022,M3,LI25,1,190.0
head_diameter,2022,M3,LI25,1,18.0
plant_height,2022,M3,LI25,1,185.0
head_diameter,2022,M3,LI25,1,17.0
plant_height,2022,M3,LI25,1,179.0
head_diameter,2022,M3,LI25,1,14.0
plant_height,2022,M3,LI25,1,184.0
head_diameter,2022,M3,LI25,1,15.0
plant_height,2022,M3,LI25,2,184.0
head_diameter,2022,M3,LI25,2,19.0
plant_height,2022,M3,LI25,2,173.0
head_diameter,2022,M3,LI25,2,22.0
plant_height,2022,M3,LI25,2,172.0
head_diameter,2022,M3,LI25,2,22.0
plant_height,2022,M3,LI25,2,171.0
head_diameter,2022,M3,LI25,2,19.0
plant_height,2022,M3,LI25,2,173.0
head_diameter,2022,M3,LI25,2,21.0
plant_height,2022,M3,LI25,2,176.0
head_diameter,2022,M3,LI25,2,18.0
plant_height,2022,M3,LI25,2,160.0
head_diameter,2022,M3,LI25,2,20.0
plant_height,2022,M3,LI25,2,167.0
head_diameter,2022,M3,LI25,2,17.0
plant_height,2022,M3,LI25,2,176.0
head_diameter,2022,M3,LI25,2,18.0
plant_height,2022,M3,LI25,2,158.0
head_diameter,2022,M3,LI25,2,18.0
plant_height,2022,M3,LI26,1,151.0
head_diameter,2022,M3,LI26,1,20.0
plant_height,2022,M3,LI26,1,177.0
head_diameter,2022,M3,LI26,1,20.0
plant_height,2022,M3,LI26,1,174.0
head_diameter,2022,M3,LI26,1,16.0
plant_height,2022,M3,LI26,1,162.0
head_diameter,2022,M3,LI26,1,19.0
plant_height,2022,M3,LI26,1,173.0
head_diameter,2022,M3,LI26,1,14.0
plant_height,2022,M3,LI26,1,163.0
head_diameter,2022,M3,LI26,1,15.0
plant_height,2022,M3,LI26,1,163.0
head_diameter,2022,M3,LI26,1,20.0
plant_height,2022,M3,LI26,1,179.0
head_diameter,2022,M3,LI26,1,18.0
plant_height,2022,M3,LI26,1,180.0
head_diameter,2022,M3,LI26,1,17.0
plant_height,2022,M3,LI26,1,167.0
head_diameter,2022,M3,LI26,1,17.0
plant_height,2022,M3,LI26,2,177.0
head_diameter,2022,M3,LI26,2,15.0
plant_height,2022,M3,LI26,2,157.0
head_diameter,2022,M3,LI26,2,25.0
plant_height,2022,M3,LI26,2,158.0
head_diameter,2022,M3,LI26,2,24.0
plant_height,2022,M3,LI26,2,158.0
head_diameter,2022,M3,LI26,2,21.0
plant_height,2022,M3,LI26,2,155.0
head_diameter,2022,M3,LI26,2,22.0
plant_height,2022,M3,LI26,2,151.0
head_diameter,2022,M3,LI26,2,18.0
plant_height,2022,M3,LI26,2,169.0
head_diameter,2022,M3,LI26,2,26.0
plant_height,2022,M3,LI26,2,160.0
head_diameter,2022,M3,LI26,2,22.0
plant_height,2022,M3,LI26,2,135.0
head_diameter,2022,M3,LI26,2,30.0
plant_height,2022,M3,LI26,2,170.0
head_diameter,2022,M3,LI26,2,18.0
plant_height,2022,M3,LI26,2,162.0
head_diameter,2022,M3,LI26,2,19.0
plant_height,2022,M3,LI27,1,185.0
head_diameter,2022,M3,LI27,1,18.0
plant_height,2022,M3,LI27,1,165.0
head_diameter,2022,M3,LI27,1,25.0
plant_height,2022,M3,LI27,1,183.0
head_diameter,2022,M3,LI27,1,16.0
plant_height,2022,M3,LI27,1,174.0
head_diameter,2022,M3,LI27,1,23.0
plant_height,2022,M3,LI27,1,180.0
head_diameter,2022,M3,LI27,1,16.0
plant_height,2022,M3,LI27,1,171.0
head_diameter,2022,M3,LI27,1,21.0
plant_height,2022,M3,LI27,1,183.0
head_diameter,2022,M3,LI27,1,19.0
plant_height,2022,M3,LI27,1,171.0
head_diameter,2022,M3,LI27,1,23.0
plant_height,2022,M3,LI27,1,184.0
head_diameter,2022,M3,LI27,1,17.0
plant_height,2022,M3,LI27,1,175.0
head_diameter,2022,M3,LI27,1,20.0
plant_height,2022,M3,LI27,2,156.0
head_diameter,2022,M3,LI27,2,18.0
plant_height,2022,M3,LI27,2,158.0
head_diameter,2022,M3,LI27,2,17.0
plant_height,2022,M3,LI27,2,156.0
head_diameter,2022,M3,LI27,2,18.0
plant_height,2022,M3,LI27,2,153.0
head_diameter,2022,M3,LI27,2,17.0
plant_height,2022,M3,LI27,2,165.0
head_diameter,2022,M3,LI27,2,14.0
plant_height,2022,M3,LI27,2,152.0
head_diameter,2022,M3,LI27,2,23.0
plant_height,2022,M3,LI27,2,157.0
head_diameter,2022,M3,LI27,2,17.0
plant_height,2022,M3,LI27,2,165.0
head_diameter,2022,M3,LI27,2,24.0
plant_height,2022,M3,LI27,2,148.0
head_diameter,2022,M3,LI27,2,23.0
plant_height,2022,M3,LI27,2,165.0
head_diameter,2022,M3,LI27,2,17.0
plant_height,2022,M3,LI28,1,176.0
head_diameter,2022,M3,LI28,1,20.0
plant_height,2022,M3,LI28,1,177.0
head_diameter,2022,M3,LI28,1,19.0
plant_height,2022,M3,LI28,1,183.0
head_diameter,2022,M3,LI28,1,20.0
plant_height,2022,M3,LI28,1,188.0
head_diameter,2022,M3,LI28,1,18.0
plant_height,2022,M3,LI28,1,176.0
head_diameter,2022,M3,LI28,1,18.0
plant_height,2022,M3,LI28,1,182.0
head_diameter,2022,M3,LI28,1,16.0
plant_height,2022,M3,LI28,1,168.0
head_diameter,2022,M3,LI28,1,20.0
plant_height,2022,M3,LI28,1,175.0
head_diameter,2022,M3,LI28,1,16.0
plant_height,2022,M3,LI28,1,175.0
head_diameter,2022,M3,LI28,1,20.0
plant_height,2022,M3,LI28,1,179.0
head_diameter,2022,M3,LI28,1,22.0
plant_height,2022,M3,LI28,2,156.0
head_diameter,2022,M3,LI28,2,18.0
plant_height,2022,M3,LI28,2,167.0
head_diameter,2022,M3,LI28,2,16.0
plant_height,2022,M3,LI28,2,171.0
head_diameter,2022,M3,LI28,2,11.0
plant_height,2022,M3,LI28,2,165.0
head_diameter,2022,M3,LI28,2,18.0
plant_height,2022,M3,LI28,2,169.0
head_diameter,2022,M3,LI28,2,16.0
plant_height,2022,M3,LI28,2,166.0
head_diameter,2022,M3,LI28,2,21.0
plant_height,2022,M3,LI28,2,168.0
head_diameter,2022,M3,LI28,2,16.0
plant_height,2022,M3,LI28,2,168.0
head_diameter,2022,M3,LI28,2,16.0
plant_height,2022,M3,LI28,2,161.0
head_diameter,2022,M3,LI28,2,12.0
plant_height,2022,M3,LI28,2,163.0
head_diameter,2022,M3,LI28,2,14.0
plant_height,2022,M3,LI28,2,169.0
head_diameter,2022,M3,LI28,2,17.0
plant_height,2022,M3,LI29,1,202.0
head_diameter,2022,M3,LI29,1,22.0
plant_height,2022,M3,LI29,1,193.0
head_diameter,2022,M3,LI29,1,20.0
plant_height,2022,M3,LI29,1,197.0
head_diameter,2022,M3,LI29,1,21.0
plant_height,2022,M3,LI29,1,192.0
head_diameter,2022,M3,LI29,1,24.0
plant_height,2022,M3,LI29,1,193.0
head_diameter,2022,M3,LI29,1,16.0
plant_height,2022,M3,LI29,1,196.0
head_diameter,2022,M3,LI29,1,20.0
plant_height,2022,M3,LI29,1,188.0
head_diameter,2022,M3,LI29,1,16.0
plant_height,2022,M3,LI29,1,197.0
head_diameter,2022,M3,LI29,1,18.0
plant_height,2022,M3,LI29,1,193.0
head_diameter,2022,M3,LI29,1,27.0
plant_height,2022,M3,LI29,1,193.0
head_diameter,2022,M3,LI29,1,20.0
plant_height,2022,M3,LI29,1,188.0
head_diameter,2022,M3,LI29,1,22.0
plant_height,2022,M3,LI29,2,169.0
head_diameter,2022,M3,LI29,2,13.0
plant_height,2022,M3,LI29,2,179.0
head_diameter,2022,M3,LI29,2,13.0
plant_height,2022,M3,LI29,2,176.0
head_diameter,2022,M3,LI29,2,11.0
plant_height,2022,M3,LI29,2,172.0
head_diameter,2022,M3,LI29,2,14.0
plant_height,2022,M3,LI29,2,178.0
head_diameter,2022,M3,LI29,2,16.0
plant_height,2022,M3,LI29,2,180.0
head_diameter,2022,M3,LI29,2,13.0
plant_height,2022,M3,LI29,2,186.0
head_diameter,2022,M3,LI29,2,19.0
plant_height,2022,M3,LI29,2,184.0
head_diameter,2022,M3,LI29,2,11.0
plant_height,2022,M3,LI29,2,184.0
head_diameter,2022,M3,LI29,2,18.0
plant_height,2022,M3,LI29,2,184.0
head_diameter,2022,M3,LI29,2,18.0
plant_height,2022,M3,LI30,1,188.0
head_diameter,2022,M3,LI30,1,23.0
plant_height,2022,M3,LI30,1,193.0
head_diameter,2022,M3,LI30,1,20.0
plant_height,2022,M3,LI30,1,193.0
head_diameter,2022,M3,LI30,1,21.0
plant_height,2022,M3,LI30,1,195.0
head_diameter,2022,M3,LI30,1,14.0
plant_height,2022,M3,LI30,1,185.0
head_diameter,2022,M3,LI30,1,15.0
plant_height,2022,M3,LI30,1,187.0
head_diameter,2022,M3,LI30,1,16.0
plant_height,2022,M3,LI30,1,192.0
head_diameter,2022,M3,LI30,1,19.0
plant_height,2022,M3,LI30,1,196.0
head_diameter,2022,M3,LI30,1,17.0
plant_height,2022,M3,LI30,1,187.0
head_diameter,2022,M3,LI30,1,13.0
plant_height,2022,M3,LI30,1,194.0
head_diameter,2022,M3,LI30,1,17.0
plant_height,2022,M3,LI30,2,183.0
head_diameter,2022,M3,LI30,2,15.0
plant_height,2022,M3,LI30,2,172.0
head_diameter,2022,M3,LI30,2,15.0
plant_height,2022,M3,LI30,2,178.0
head_diameter,2022,M3,LI30,2,17.0
plant_height,2022,M3,LI30,2,183.0
head_diameter,2022,M3,LI30,2,17.0
plant_height,2022,M3,LI30,2,188.0
head_diameter,2022,M3,LI30,2,16.0
plant_height,2022,M3,LI30,2,180.0
head_diameter,2022,M3,LI30,2,18.0
plant_height,2022,M3,LI30,2,182.0
head_diameter,2022,M3,LI30,2,14.0
plant_height,2022,M3,LI30,2,182.0
head_diameter,2022,M3,LI30,2,17.0
plant_height,2022,M3,LI30,2,185.0
head_diameter,2022,M3,LI30,2,16.0
plant_height,2022,M3,LI30,2,179.0
head_diameter,2022,M3,LI30,2,17.0
plant_height,2022,M3,LI31,1,208.0
head_diameter,2022,M3,LI31,1,20.0
plant_height,2022,M3,LI31,1,204.0
head_diameter,2022,M3,LI31,1,23.0
plant_height,2022,M3,LI31,1,203.0
head_diameter,2022,M3,LI31,1,21.0
plant_height,2022,M3,LI31,1,212.0
head_diameter,2022,M3,LI31,1,23.0
plant_height,2022,M3,LI31,1,198.0
head_diameter,2022,M3,LI31,1,20.0
plant_height,2022,M3,LI31,1,193.0
head_diameter,2022,M3,LI31,1,23.0
plant_height,2022,M3,LI31,1,194.0
head_diameter,2022,M3,LI31,1,28.0
plant_height,2022,M3,LI31,1,211.0
head_diameter,2022,M3,LI31,1,24.0
plant_height,2022,M3,LI31,1,192.0
head_diameter,2022,M3,LI31,1,25.0
plant_height,2022,M3,LI31,1,188.0
head_diameter,2022,M3,LI31,1,18.0
plant_height,2022,M3,LI31,2,192.0
head_diameter,2022,M3,LI31,2,15.0
plant_height,2022,M3,LI31,2,188.0
head_diameter,2022,M3,LI31,2,14.0
plant_height,2022,M3,LI31,2,198.0
head_diameter,2022,M3,LI31,2,17.0
plant_height,2022,M3,LI31,2,190.0
head_diameter,2022,M3,LI31,2,20.0
plant_height,2022,M3,LI31,2,194.0
head_diameter,2022,M3,LI31,2,16.0
plant_height,2022,M3,LI31,2,190.0
head_diameter,2022,M3,LI31,2,19.0
plant_height,2022,M3,LI31,2,183.0
head_diameter,2022,M3,LI31,2,17.0
plant_height,2022,M3,LI31,2,188.0
head_diameter,2022,M3,LI31,2,16.0
plant_height,2022,M3,LI31,2,185.0
head_diameter,2022,M3,LI31,2,18.0
plant_height,2022,M3,LI31,2,188.0
head_diameter,2022,M3,LI31,2,18.0
plant_height,2022,M3,LI32,1,181.0
head_diameter,2022,M3,LI32,1,14.0
plant_height,2022,M3,LI32,1,186.0
head_diameter,2022,M3,LI32,1,15.0
plant_height,2022,M3,LI32,1,188.0
head_diameter,2022,M3,LI32,1,13.0
plant_height,2022,M3,LI32,1,189.0
head_diameter,2022,M3,LI32,1,13.0
plant_height,2022,M3,LI32,1,179.0
head_diameter,2022,M3,LI32,1,20.0
plant_height,2022,M3,LI32,1,178.0
head_diameter,2022,M3,LI32,1,22.0
plant_height,2022,M3,LI32,1,184.0
head_diameter,2022,M3,LI32,1,15.0
plant_height,2022,M3,LI32,1,178.0
head_diameter,2022,M3,LI32,1,19.0
plant_height,2022,M3,LI32,1,180.0
head_diameter,2022,M3,LI32,1,15.0
plant_height,2022,M3,LI32,1,178.0
head_diameter,2022,M3,LI32,1,19.0
plant_height,2022,M3,LI32,2,175.0
head_diameter,2022,M3,LI32,2,19.0
plant_height,2022,M3,LI32,2,175.0
head_diameter,2022,M3,LI32,2,11.0
plant_height,2022,M3,LI32,2,178.0
head_diameter,2022,M3,LI32,2,14.0
plant_height,2022,M3,LI32,2,175.0
head_diameter,2022,M3,LI32,2,18.0
plant_height,2022,M3,LI32,2,174.0
head_diameter,2022,M3,LI32,2,19.0
plant_height,2022,M3,LI32,2,181.0
head_diameter,2022,M3,LI32,2,13.0
plant_height,2022,M3,LI32,2,171.0
head_diameter,2022,M3,LI32,2,17.0
plant_height,2022,M3,LI32,2,171.0
head_diameter,2022,M3,LI32,2,16.0
plant_height,2022,M3,LI32,2,183.0
head_diameter,2022,M3,LI32,2,18.0
plant_height,2022,M3,LI32,2,175.0
head_diameter,2022,M3,LI32,2,16.0
plant_height,2022,M3,LI32,2,180.0
head_diameter,2022,M3,LI32,2,15.0
plant_height,2022,M3,LI33,1,163.0
head_diameter,2022,M3,LI33,1,22.0
plant_height,2022,M3,LI33,1,176.0
head_diameter,2022,M3,LI33,1,18.0
plant_height,2022,M3,LI33,1,189.0
head_diameter,2022,M3,LI33,1,13.0
plant_height,2022,M3,LI33,1,186.0
head_diameter,2022,M3,LI33,1,19.0
plant_height,2022,M3,LI33,1,171.0
head_diameter,2022,M3,LI33,1,21.0
plant_height,2022,M3,LI33,1,191.0
head_diameter,2022,M3,LI33,1,16.0
plant_height,2022,M3,LI33,1,160.0
head_diameter,2022,M3,LI33,1,20.0
plant_height,2022,M3,LI33,1,171.0
head_diameter,2022,M3,LI33,1,19.0
plant_height,2022,M3,LI33,1,181.0
head_diameter,2022,M3,LI33,1,16.0
plant_height,2022,M3,LI33,1,183.0
head_diameter,2022,M3,LI33,1,15.0
plant_height,2022,M3,LI33,2,164.0
head_diameter,2022,M3,LI33,2,19.0
plant_height,2022,M3,LI33,2,178.0
head_diameter,2022,M3,LI33,2,12.0
plant_height,2022,M3,LI33,2,153.0
head_diameter,2022,M3,LI33,2,19.0
plant_height,2022,M3,LI33,2,167.0
head_diameter,2022,M3,LI33,2,17.0
plant_height,2022,M3,LI33,2,152.0
head_diameter,2022,M3,LI33,2,20.0
plant_height,2022,M3,LI33,2,175.0
head_diameter,2022,M3,LI33,2,12.0
plant_height,2022,M3,LI33,2,157.0
head_diameter,2022,M3,LI33,2,21.0
plant_height,2022,M3,LI33,2,163.0
head_diameter,2022,M3,LI33,2,17.0
plant_height,2022,M3,LI33,2,162.0
head_diameter,2022,M3,LI33,2,19.0
plant_height,2022,M3,LI33,2,167.0
head_diameter,2022,M3,LI33,2,16.0
plant_height,2022,M3,LI33,2,168.0
head_diameter,2022,M3,LI33,2,17.0
plant_height,2022,M3,LI34,1,178.0
head_diameter,2022,M3,LI34,1,18.0
plant_height,2022,M3,LI34,1,193.0
head_diameter,2022,M3,LI34,1,16.0
plant_height,2022,M3,LI34,1,178.0
head_diameter,2022,M3,LI34,1,23.0
plant_height,2022,M3,LI34,1,175.0
head_diameter,2022,M3,LI34,1,20.0
plant_height,2022,M3,LI34,1,178.0
head_diameter,2022,M3,LI34,1,17.0
plant_height,2022,M3,LI34,1,180.0
head_diameter,2022,M3,LI34,1,19.0
plant_height,2022,M3,LI34,1,181.0
head_diameter,2022,M3,LI34,1,16.0
plant_height,2022,M3,LI34,1,180.0
head_diameter,2022,M3,LI34,1,19.0
plant_height,2022,M3,LI34,1,174.0
head_diameter,2022,M3,LI34,1,21.0
plant_height,2022,M3,LI34,1,185.0
head_diameter,2022,M3,LI34,1,16.0
plant_height,2022,M3,LI34,2,179.0
head_diameter,2022,M3,LI34,2,18.0
plant_height,2022,M3,LI34,2,177.0
head_diameter,2022,M3,LI34,2,19.0
plant_height,2022,M3,LI34,2,177.0
head_diameter,2022,M3,LI34,2,17.0
plant_height,2022,M3,LI34,2,171.0
head_diameter,2022,M3,LI34,2,21.0
plant_height,2022,M3,LI34,2,156.0
head_diameter,2022,M3,LI34,2,20.0
plant_height,2022,M3,LI34,2,170.0
head_diameter,2022,M3,LI34,2,15.0
plant_height,2022,M3,LI34,2,173.0
head_diameter,2022,M3,LI34,2,14.0
plant_height,2022,M3,LI34,2,169.0
head_diameter,2022,M3,LI34,2,16.0
plant_height,2022,M3,LI34,2,172.0
head_diameter,2022,M3,LI34,2,15.0
plant_height,2022,M3,LI34,2,169.0
head_diameter,2022,M3,LI34,2,15.0
plant_height,2022,M3,LI35,1,202.0
head_diameter,2022,M3,LI35,1,19.0
plant_height,2022,M3,LI35,1,197.0
head_diameter,2022,M3,LI35,1,20.0
plant_height,2022,M3,LI35,1,190.0
head_diameter,2022,M3,LI35,1,22.0
plant_height,2022,M3,LI35,1,178.0
head_diameter,2022,M3,LI35,1,20.0
plant_height,2022,M3,LI35,1,189.0
head_diameter,2022,M3,LI35,1,20.0
plant_height,2022,M3,LI35,1,172.0
head_diameter,2022,M3,LI35,1,24.0
plant_height,2022,M3,LI35,1,201.0
head_diameter,2022,M3,LI35,1,16.0
plant_height,2022,M3,LI35,1,177.0
head_diameter,2022,M3,LI35,1,19.0
plant_height,2022,M3,LI35,1,193.0
head_diameter,2022,M3,LI35,1,19.0
plant_height,2022,M3,LI35,1,184.0
head_diameter,2022,M3,LI35,1,25.0
plant_height,2022,M3,LI35,2,169.0
head_diameter,2022,M3,LI35,2,22.0
plant_height,2022,M3,LI35,2,172.0
head_diameter,2022,M3,LI35,2,26.0
plant_height,2022,M3,LI35,2,167.0
head_diameter,2022,M3,LI35,2,19.0
plant_height,2022,M3,LI35,2,188.0
head_diameter,2022,M3,LI35,2,15.0
plant_height,2022,M3,LI35,2,172.0
head_diameter,2022,M3,LI35,2,18.0
plant_height,2022,M3,LI35,2,165.0
head_diameter,2022,M3,LI35,2,17.0
plant_height,2022,M3,LI35,2,167.0
head_diameter,2022,M3,LI35,2,14.0
plant_height,2022,M3,LI35,2,176.0
head_diameter,2022,M3,LI35,2,19.0
plant_height,2022,M3,LI35,2,172.0
head_diameter,2022,M3,LI35,2,14.0
plant_height,2022,M3,LI35,2,153.0
head_diameter,2022,M3,LI35,2,15.0
plant_height,2022,M3,LI36,1,154.0
head_diameter,2022,M3,LI36,1,20.0
plant_height,2022,M3,LI36,1,154.0
head_diameter,2022,M3,LI36,1,20.0
plant_height,2022,M3,LI36,1,158.0
head_diameter,2022,M3,LI36,1,18.0
plant_height,2022,M3,LI36,1,158.0
head_diameter,2022,M3,LI36,1,19.0
plant_height,2022,M3,LI36,1,154.0
head_diameter,2022,M3,LI36,1,16.0
plant_height,2022,M3,LI36,1,155.0
head_diameter,2022,M3,LI36,1,18.0
plant_height,2022,M3,LI36,1,159.0
head_diameter,2022,M3,LI36,1,19.0
plant_height,2022,M3,LI36,1,160.0
head_diameter,2022,M3,LI36,1,18.0
plant_height,2022,M3,LI36,1,156.0
head_diameter,2022,M3,LI36,1,18.0
plant_height,2022,M3,LI36,1,160.0
head_diameter,2022,M3,LI36,1,20.0
plant_height,2022,M3,LI36,2,146.0
head_diameter,2022,M3,LI36,2,13.0
plant_height,2022,M3,LI36,2,150.0
head_diameter,2022,M3,LI36,2,17.0
plant_height,2022,M3,LI36,2,150.0
head_diameter,2022,M3,LI36,2,19.0
plant_height,2022,M3,LI36,2,151.0
head_diameter,2022,M3,LI36,2,13.0
plant_height,2022,M3,LI36,2,156.0
head_diameter,2022,M3,LI36,2,13.0
plant_height,2022,M3,LI36,2,149.0
head_diameter,2022,M3,LI36,2,14.0
plant_height,2022,M3,LI36,2,148.0
head_diameter,2022,M3,LI36,2,19.0
plant_height,2022,M3,LI36,2,149.0
head_diameter,2022,M3,LI36,2,11.0
plant_height,2022,M3,LI36,2,155.0
head_diameter,2022,M3,LI36,2,17.0
plant_height,2022,M3,LI36,2,156.0
head_diameter,2022,M3,LI36,2,15.0
plant_height,2022,M3,LI37,1,194.0
head_diameter,2022,M3,LI37,1,17.0
plant_height,2022,M3,LI37,1,167.0
head_diameter,2022,M3,LI37,1,24.0
plant_height,2022,M3,LI37,1,191.0
head_diameter,2022,M3,LI37,1,20.0
plant_height,2022,M3,LI37,1,174.0
head_diameter,2022,M3,LI37,1,22.0
plant_height,2022,M3,LI37,1,152.0
head_diameter,2022,M3,LI37,1,19.0
plant_height,2022,M3,LI37,1,189.0
head_diameter,2022,M3,LI37,1,18.0
plant_height,2022,M3,LI37,1,184.0
head_diameter,2022,M3,LI37,1,17.0
plant_height,2022,M3,LI37,1,189.0
head_diameter,2022,M3,LI37,1,17.0
plant_height,2022,M3,LI37,1,190.0
head_diameter,2022,M3,LI37,1,19.0
plant_height,2022,M3,LI37,1,193.0
head_diameter,2022,M3,LI37,1,17.0
plant_height,2022,M3,LI37,2,183.0
head_diameter,2022,M3,LI37,2,17.0
plant_height,2022,M3,LI37,2,185.0
head_diameter,2022,M3,LI37,2,22.0
plant_height,2022,M3,LI37,2,180.0
head_diameter,2022,M3,LI37,2,18.0
plant_height,2022,M3,LI37,2,185.0
head_diameter,2022,M3,LI37,2,19.0
plant_height,2022,M3,LI37,2,178.0
head_diameter,2022,M3,LI37,2,20.0
plant_height,2022,M3,LI37,2,182.0
head_diameter,2022,M3,LI37,2,17.0
plant_height,2022,M3,LI37,2,190.0
head_diameter,2022,M3,LI37,2,17.0
plant_height,2022,M3,LI37,2,186.0
head_diameter,2022,M3,LI37,2,18.0
plant_height,2022,M3,LI37,2,180.0
head_diameter,2022,M3,LI37,2,19.0
plant_height,2022,M3,LI37,2,167.0
head_diameter,2022,M3,LI37,2,19.0
plant_height,2022,M3,LI38,1,181.0
head_diameter,2022,M3,LI38,1,15.0
plant_height,2022,M3,LI38,1,173.0
head_diameter,2022,M3,LI38,1,17.0
plant_height,2022,M3,LI38,1,184.0
head_diameter,2022,M3,LI38,1,15.0
plant_height,2022,M3,LI38,1,180.0
head_diameter,2022,M3,LI38,1,19.0
plant_height,2022,M3,LI38,1,198.0
head_diameter,2022,M3,LI38,1,11.0
plant_height,2022,M3,LI38,1,183.0
head_diameter,2022,M3,LI38,1,17.0
plant_height,2022,M3,LI38,1,181.0
head_diameter,2022,M3,LI38,1,16.0
plant_height,2022,M3,LI38,1,184.0
head_diameter,2022,M3,LI38,1,15.0
plant_height,2022,M3,LI38,1,186.0
head_diameter,2022,M3,LI38,1,16.0
plant_height,2022,M3,LI38,1,183.0
head_diameter,2022,M3,LI38,1,19.0
plant_height,2022,M3,LI38,2,179.0
head_diameter,2022,M3,LI38,2,18.0
plant_height,2022,M3,LI38,2,171.0
head_diameter,2022,M3,LI38,2,18.0
plant_height,2022,M3,LI38,2,172.0
head_diameter,2022,M3,LI38,2,20.0
plant_height,2022,M3,LI38,2,182.0
head_diameter,2022,M3,LI38,2,13.0
plant_height,2022,M3,LI38,2,179.0
head_diameter,2022,M3,LI38,2,12.0
plant_height,2022,M3,LI38,2,167.0
head_diameter,2022,M3,LI38,2,17.0
plant_height,2022,M3,LI38,2,172.0
head_diameter,2022,M3,LI38,2,17.0
plant_height,2022,M3,LI38,2,167.0
head_diameter,2022,M3,LI38,2,21.0
plant_height,2022,M3,LI38,2,170.0
head_diameter,2022,M3,LI38,2,20.0
plant_height,2022,M3,LI38,2,176.0
head_diameter,2022,M3,LI38,2,17.0
plant_height,2022,M3,LI39,1,168.0
head_diameter,2022,M3,LI39,1,26.0
plant_height,2022,M3,LI39,1,168.0
head_diameter,2022,M3,LI39,1,22.0
plant_height,2022,M3,LI39,1,175.0
head_diameter,2022,M3,LI39,1,20.0
plant_height,2022,M3,LI39,1,175.0
head_diameter,2022,M3,LI39,1,21.0
plant_height,2022,M3,LI39,1,167.0
head_diameter,2022,M3,LI39,1,21.0
plant_height,2022,M3,LI39,1,161.0
head_diameter,2022,M3,LI39,1,23.0
plant_height,2022,M3,LI39,1,178.0
head_diameter,2022,M3,LI39,1,17.0
plant_height,2022,M3,LI39,1,169.0
head_diameter,2022,M3,LI39,1,22.0
plant_height,2022,M3,LI39,1,178.0
head_diameter,2022,M3,LI39,1,20.0
plant_height,2022,M3,LI39,1,167.0
head_diameter,2022,M3,LI39,1,23.0
plant_height,2022,M3,LI39,2,154.0
head_diameter,2022,M3,LI39,2,19.0
plant_height,2022,M3,LI39,2,157.0
head_diameter,2022,M3,LI39,2,19.0
plant_height,2022,M3,LI39,2,160.0
head_diameter,2022,M3,LI39,2,21.0
plant_height,2022,M3,LI39,2,160.0
head_diameter,2022,M3,LI39,2,12.0
plant_height,2022,M3,LI39,2,159.0
head_diameter,2022,M3,LI39,2,19.0
plant_height,2022,M3,LI39,2,165.0
head_diameter,2022,M3,LI39,2,18.0
plant_height,2022,M3,LI39,2,165.0
head_diameter,2022,M3,LI39,2,18.0
plant_height,2022,M3,LI39,2,169.0
head_diameter,2022,M3,LI39,2,21.0
plant_height,2022,M3,LI39,2,162.0
head_diameter,2022,M3,LI39,2,16.0
plant_height,2022,M3,LI39,2,157.0
head_diameter,2022,M3,LI39,2,22.0
plant_height,2022,M3,LI39,2,156.0
head_diameter,2022,M3,LI39,2,21.0
plant_height,2022,M3,LI40,1,150.0
head_diameter,2022,M3,LI40,1,20.0
plant_height,2022,M3,LI40,1,167.0
head_diameter,2022,M3,LI40,1,17.0
plant_height,2022,M3,LI40,1,167.0
head_diameter,2022,M3,LI40,1,18.0
plant_height,2022,M3,LI40,1,162.0
head_diameter,2022,M3,LI40,1,18.0
plant_height,2022,M3,LI40,1,148.0
head_diameter,2022,M3,LI40,1,20.0
plant_height,2022,M3,LI40,1,158.0
head_diameter,2022,M3,LI40,1,22.0
plant_height,2022,M3,LI40,1,158.0
head_diameter,2022,M3,LI40,1,21.0
plant_height,2022,M3,LI40,1,159.0
head_diameter,2022,M3,LI40,1,22.0
plant_height,2022,M3,LI40,1,151.0
head_diameter,2022,M3,LI40,1,24.0
plant_height,2022,M3,LI40,1,157.0
head_diameter,2022,M3,LI40,1,15.0
plant_height,2022,M3,LI40,2,158.0
head_diameter,2022,M3,LI40,2,23.0
plant_height,2022,M3,LI40,2,166.0
head_diameter,2022,M3,LI40,2,22.0
plant_height,2022,M3,LI40,2,162.0
head_diameter,2022,M3,LI40,2,23.0
plant_height,2022,M3,LI40,2,148.0
head_diameter,2022,M3,LI40,2,22.0
plant_height,2022,M3,LI40,2,140.0
head_diameter,2022,M3,LI40,2,24.0
plant_height,2022,M3,LI40,2,152.0
head_diameter,2022,M3,LI40,2,22.0
plant_height,2022,M3,LI40,2,158.0
head_diameter,2022,M3,LI40,2,17.0
plant_height,2022,M3,LI40,2,152.0
head_diameter,2022,M3,LI40,2,22.0
plant_height,2022,M3,LI40,2,159.0
head_diameter,2022,M3,LI40,2,14.0
plant_height,2022,M3,LI40,2,140.0
head_diameter,2022,M3,LI40,2,23.0
plant_height,2022,M3,LI40,2,150.0
head_diameter,2022,M3,LI40,2,22.0
plant_height,2022,M3,LI41,1,177.0
head_diameter,2022,M3,LI41,1,19.0
plant_height,2022,M3,LI41,1,180.0
head_diameter,2022,M3,LI41,1,18.0
plant_height,2022,M3,LI41,1,173.0
head_diameter,2022,M3,LI41,1,16.0
plant_height,2022,M3,LI41,1,166.0
head_diameter,2022,M3,LI41,1,20.0
plant_height,2022,M3,LI41,1,177.0
head_diameter,2022,M3,LI41,1,14.0
plant_height,2022,M3,LI41,1,171.0
head_diameter,2022,M3,LI41,1,19.0
plant_height,2022,M3,LI41,1,172.0
head_diameter,2022,M3,LI41,1,15.0
plant_height,2022,M3,LI41,1,169.0
head_diameter,2022,M3,LI41,1,19.0
plant_height,2022,M3,LI41,1,183.0
head_diameter,2022,M3,LI41,1,16.0
plant_height,2022,M3,LI41,1,173.0
head_diameter,2022,M3,LI41,1,17.0
plant_height,2022,M3,LI41,2,155.0
head_diameter,2022,M3,LI41,2,20.0
plant_height,2022,M3,LI41,2,168.0
head_diameter,2022,M3,LI41,2,17.0
plant_height,2022,M3,LI41,2,158.0
head_diameter,2022,M3,LI41,2,15.0
plant_height,2022,M3,LI41,2,157.0
head_diameter,2022,M3,LI41,2,21.0
plant_height,2022,M3,LI41,2,157.0
head_diameter,2022,M3,LI41,2,20.0
plant_height,2022,M3,LI41,2,167.0
head_diameter,2022,M3,LI41,2,18.0
plant_height,2022,M3,LI41,2,156.0
head_diameter,2022,M3,LI41,2,18.0
plant_height,2022,M3,LI41,2,160.0
head_diameter,2022,M3,LI41,2,20.0
plant_height,2022,M3,LI41,2,167.0
head_diameter,2022,M3,LI41,2,20.0
plant_height,2022,M3,LI41,2,172.0
head_diameter,2022,M3,LI41,2,16.0
plant_height,2022,M3,LI42,1,179.0
head_diameter,2022,M3,LI42,1,21.0
plant_height,2022,M3,LI42,1,182.0
head_diameter,2022,M3,LI42,1,18.0
plant_height,2022,M3,LI42,1,185.0
head_diameter,2022,M3,LI42,1,18.0
plant_height,2022,M3,LI42,1,184.0
head_diameter,2022,M3,LI42,1,20.0
plant_height,2022,M3,LI42,1,188.0
head_diameter,2022,M3,LI42,1,20.0
plant_height,2022,M3,LI42,1,195.0
head_diameter,2022,M3,LI42,1,24.0
plant_height,2022,M3,LI42,1,190.0
head_diameter,2022,M3,LI42,1,23.0
plant_height,2022,M3,LI42,1,189.0
head_diameter,2022,M3,LI42,1,21.0
plant_height,2022,M3,LI42,1,186.0
head_diameter,2022,M3,LI42,1,21.0
plant_height,2022,M3,LI42,1,192.0
head_diameter,2022,M3,LI42,1,18.0
plant_height,2022,M3,LI42,2,181.0
head_diameter,2022,M3,LI42,2,17.0
plant_height,2022,M3,LI42,2,178.0
head_diameter,2022,M3,LI42,2,17.0
plant_height,2022,M3,LI42,2,172.0
head_diameter,2022,M3,LI42,2,10.0
plant_height,2022,M3,LI42,2,177.0
head_diameter,2022,M3,LI42,2,18.0
plant_height,2022,M3,LI42,2,170.0
head_diameter,2022,M3,LI42,2,19.0
plant_height,2022,M3,LI42,2,175.0
head_diameter,2022,M3,LI42,2,15.0
plant_height,2022,M3,LI42,2,177.0
head_diameter,2022,M3,LI42,2,17.0
plant_height,2022,M3,LI42,2,176.0
head_diameter,2022,M3,LI42,2,19.0
plant_height,2022,M3,LI42,2,177.0
head_diameter,2022,M3,LI42,2,15.0
plant_height,2022,M3,LI42,2,176.0
head_diameter,2022,M3,LI42,2,18.0
plant_height,2022,M3,LI42,2,172.0
head_diameter,2022,M3,LI42,2,13.0
plant_height,2022,M3,LI43,1,198.0
head_diameter,2022,M3,LI43,1,20.0
plant_height,2022,M3,LI43,1,189.0
head_diameter,2022,M3,LI43,1,21.0
plant_height,2022,M3,LI43,1,186.0
head_diameter,2022,M3,LI43,1,25.0
plant_height,2022,M3,LI43,1,195.0
head_diameter,2022,M3,LI43,1,23.0
plant_height,2022,M3,LI43,1,181.0
head_diameter,2022,M3,LI43,1,17.0
plant_height,2022,M3,LI43,1,172.0
head_diameter,2022,M3,LI43,1,21.0
plant_height,2022,M3,LI43,1,187.0
head_diameter,2022,M3,LI43,1,18.0
plant_height,2022,M3,LI43,1,183.0
head_diameter,2022,M3,LI43,1,24.0
plant_height,2022,M3,LI43,1,189.0
head_diameter,2022,M3,LI43,1,20.0
plant_height,2022,M3,LI43,1,178.0
head_diameter,2022,M3,LI43,1,24.0
plant_height,2022,M3,LI43,2,175.0
head_diameter,2022,M3,LI43,2,18.0
plant_height,2022,M3,LI43,2,175.0
head_diameter,2022,M3,LI43,2,20.0
plant_height,2022,M3,LI43,2,169.0
head_diameter,2022,M3,LI43,2,18.0
plant_height,2022,M3,LI43,2,168.0
head_diameter,2022,M3,LI43,2,16.0
plant_height,2022,M3,LI43,2,167.0
head_diameter,2022,M3,LI43,2,20.0
plant_height,2022,M3,LI43,2,169.0
head_diameter,2022,M3,LI43,2,19.0
plant_height,2022,M3,LI43,2,170.0
head_diameter,2022,M3,LI43,2,21.0
plant_height,2022,M3,LI43,2,174.0
head_diameter,2022,M3,LI43,2,18.0
plant_height,2022,M3,LI43,2,164.0
head_diameter,2022,M3,LI43,2,19.0
plant_height,2022,M3,LI43,2,177.0
head_diameter,2022,M3,LI43,2,17.0
plant_height,2022,M3,LI44,1,184.0
head_diameter,2022,M3,LI44,1,17.0
plant_height,2022,M3,LI44,1,196.0
head_diameter,2022,M3,LI44,1,19.0
plant_height,2022,M3,LI44,1,188.0
head_diameter,2022,M3,LI44,1,17.0
plant_height,2022,M3,LI44,1,180.0
head_diameter,2022,M3,LI44,1,19.0
plant_height,2022,M3,LI44,1,185.0
head_diameter,2022,M3,LI44,1,20.0
plant_height,2022,M3,LI44,1,184.0
head_diameter,2022,M3,LI44,1,21.0
plant_height,2022,M3,LI44,1,186.0
head_diameter,2022,M3,LI44,1,18.0
plant_height,2022,M3,LI44,1,182.0
head_diameter,2022,M3,LI44,1,15.0
plant_height,2022,M3,LI44,1,192.0
head_diameter,2022,M3,LI44,1,21.0
plant_height,2022,M3,LI44,1,179.0
head_diameter,2022,M3,LI44,1,15.0
plant_height,2022,M3,LI44,2,172.0
head_diameter,2022,M3,LI44,2,14.0
plant_height,2022,M3,LI44,2,173.0
head_diameter,2022,M3,LI44,2,18.0
plant_height,2022,M3,LI44,2,178.0
head_diameter,2022,M3,LI44,2,19.0
plant_height,2022,M3,LI44,2,184.0
head_diameter,2022,M3,LI44,2,19.0
plant_height,2022,M3,LI44,2,182.0
head_diameter,2022,M3,LI44,2,16.0
plant_height,2022,M3,LI44,2,184.0
head_diameter,2022,M3,LI44,2,19.0
plant_height,2022,M3,LI44,2,173.0
head_diameter,2022,M3,LI44,2,14.0
plant_height,2022,M3,LI44,2,172.0
head_diameter,2022,M3,LI44,2,15.0
plant_height,2022,M3,LI44,2,168.0
head_diameter,2022,M3,LI44,2,14.0
plant_height,2022,M3,LI44,2,170.0
head_diameter,2022,M3,LI44,2,13.0
plant_height,2022,M3,LI45,1,169.0
head_diameter,2022,M3,LI45,1,16.0
plant_height,2022,M3,LI45,1,168.0
head_diameter,2022,M3,LI45,1,21.0
plant_height,2022,M3,LI45,1,179.0
head_diameter,2022,M3,LI45,1,15.0
plant_height,2022,M3,LI45,1,173.0
head_diameter,2022,M3,LI45,1,14.0
plant_height,2022,M3,LI45,1,168.0
head_diameter,2022,M3,LI45,1,16.0
plant_height,2022,M3,LI45,1,178.0
head_diameter,2022,M3,LI45,1,23.0
plant_height,2022,M3,LI45,1,176.0
head_diameter,2022,M3,LI45,1,14.0
plant_height,2022,M3,LI45,1,171.0
head_diameter,2022,M3,LI45,1,21.0
plant_height,2022,M3,LI45,1,173.0
head_diameter,2022,M3,LI45,1,19.0
plant_height,2022,M3,LI45,1,175.0
head_diameter,2022,M3,LI45,1,17.0
plant_height,2022,M3,LI45,2,190.0
head_diameter,2022,M3,LI45,2,18.0
plant_height,2022,M3,LI45,2,184.0
head_diameter,2022,M3,LI45,2,17.0
plant_height,2022,M3,LI45,2,184.0
head_diameter,2022,M3,LI45,2,17.0
plant_height,2022,M3,LI45,2,180.0
head_diameter,2022,M3,LI45,2,16.0
plant_height,2022,M3,LI45,2,170.0
head_diameter,2022,M3,LI45,2,22.0
plant_height,2022,M3,LI45,2,178.0
head_diameter,2022,M3,LI45,2,16.0
plant_height,2022,M3,LI45,2,173.0
head_diameter,2022,M3,LI45,2,19.0
plant_height,2022,M3,LI45,2,173.0
head_diameter,2022,M3,LI45,2,21.0
plant_height,2022,M3,LI45,2,177.0
head_diameter,2022,M3,LI45,2,16.0
plant_height,2022,M3,LI45,2,180.0
head_diameter,2022,M3,LI45,2,21.0
plant_height,2022,M3,LI46,1,181.0
head_diameter,2022,M3,LI46,1,19.0
plant_height,2022,M3,LI46,1,172.0
head_diameter,2022,M3,LI46,1,21.0
plant_height,2022,M3,LI46,1,182.0
head_diameter,2022,M3,LI46,1,19.0
plant_height,2022,M3,LI46,1,185.0
head_diameter,2022,M3,LI46,1,15.0
plant_height,2022,M3,LI46,1,188.0
head_diameter,2022,M3,LI46,1,14.0
plant_height,2022,M3,LI46,1,192.0
head_diameter,2022,M3,LI46,1,17.0
plant_height,2022,M3,LI46,1,183.0
head_diameter,2022,M3,LI46,1,23.0
plant_height,2022,M3,LI46,1,179.0
head_diameter,2022,M3,LI46,1,13.0
plant_height,2022,M3,LI46,1,176.0
head_diameter,2022,M3,LI46,1,12.0
plant_height,2022,M3,LI46,1,184.0
head_diameter,2022,M3,LI46,1,18.0
plant_height,2022,M3,LI46,2,184.0
head_diameter,2022,M3,LI46,2,22.0
plant_height,2022,M3,LI46,2,183.0
head_diameter,2022,M3,LI46,2,22.0
plant_height,2022,M3,LI46,2,181.0
head_diameter,2022,M3,LI46,2,20.0
plant_height,2022,M3,LI46,2,187.0
head_diameter,2022,M3,LI46,2,19.0
plant_height,2022,M3,LI46,2,181.0
head_diameter,2022,M3,LI46,2,20.0
plant_height,2022,M3,LI46,2,178.0
head_diameter,2022,M3,LI46,2,18.0
plant_height,2022,M3,LI46,2,174.0
head_diameter,2022,M3,LI46,2,21.0
plant_height,2022,M3,LI46,2,174.0
head_diameter,2022,M3,LI46,2,19.0
plant_height,2022,M3,LI46,2,185.0
head_diameter,2022,M3,LI46,2,20.0
plant_height,2022,M3,LI46,2,181.0
head_diameter,2022,M3,LI46,2,16.0
plant_height,2022,M3,LI47,1,182.0
head_diameter,2022,M3,LI47,1,17.0
plant_height,2022,M3,LI47,1,182.0
head_diameter,2022,M3,LI47,1,19.0
plant_height,2022,M3,LI47,1,187.0
head_diameter,2022,M3,LI47,1,21.0
plant_height,2022,M3,LI47,1,177.0
head_diameter,2022,M3,LI47,1,17.0
plant_height,2022,M3,LI47,1,184.0
head_diameter,2022,M3,LI47,1,22.0
plant_height,2022,M3,LI47,1,180.0
head_diameter,2022,M3,LI47,1,21.0
plant_height,2022,M3,LI47,1,195.0
head_diameter,2022,M3,LI47,1,16.0
plant_height,2022,M3,LI47,1,175.0
head_diameter,2022,M3,LI47,1,20.0
plant_height,2022,M3,LI47,1,185.0
head_diameter,2022,M3,LI47,1,18.0
plant_height,2022,M3,LI47,1,196.0
head_diameter,2022,M3,LI47,1,23.0
plant_height,2022,M3,LI47,2,188.0
head_diameter,2022,M3,LI47,2,12.0
plant_height,2022,M3,LI47,2,180.0
head_diameter,2022,M3,LI47,2,16.0
plant_height,2022,M3,LI47,2,185.0
head_diameter,2022,M3,LI47,2,13.0
plant_height,2022,M3,LI47,2,182.0
head_diameter,2022,M3,LI47,2,16.0
plant_height,2022,M3,LI47,2,175.0
head_diameter,2022,M3,LI47,2,18.0
plant_height,2022,M3,LI47,2,185.0
head_diameter,2022,M3,LI47,2,11.0
plant_height,2022,M3,LI47,2,188.0
head_diameter,2022,M3,LI47,2,14.0
plant_height,2022,M3,LI47,2,193.0
head_diameter,2022,M3,LI47,2,17.0
plant_height,2022,M3,LI47,2,185.0
head_diameter,2022,M3,LI47,2,18.0
plant_height,2022,M3,LI47,2,190.0
head_diameter,2022,M3,LI47,2,15.0
plant_height,2022,M3,LI48,1,185.0
head_diameter,2022,M3,LI48,1,22.0
plant_height,2022,M3,LI48,1,189.0
head_diameter,2022,M3,LI48,1,24.0
plant_height,2022,M3,LI48,1,183.0
head_diameter,2022,M3,LI48,1,17.0
plant_height,2022,M3,LI48,1,195.0
head_diameter,2022,M3,LI48,1,14.0
plant_height,2022,M3,LI48,1,180.0
head_diameter,2022,M3,LI48,1,17.0
plant_height,2022,M3,LI48,1,183.0
head_diameter,2022,M3,LI48,1,16.0
plant_height,2022,M3,LI48,1,185.0
head_diameter,2022,M3,LI48,1,15.0
plant_height,2022,M3,LI48,1,191.0
head_diameter,2022,M3,LI48,1,16.0
plant_height,2022,M3,LI48,1,185.0
head_diameter,2022,M3,LI48,1,19.0
plant_height,2022,M3,LI48,1,183.0
head_diameter,2022,M3,LI48,1,16.0
plant_height,2022,M3,LI48,2,197.0
head_diameter,2022,M3,LI48,2,19.0
plant_height,2022,M3,LI48,2,190.0
head_diameter,2022,M3,LI48,2,16.0
plant_height,2022,M3,LI48,2,199.0
head_diameter,2022,M3,LI48,2,15.0
plant_height,2022,M3,LI48,2,198.0
head_diameter,2022,M3,LI48,2,17.0
plant_height,2022,M3,LI48,2,195.0
head_diameter,2022,M3,LI48,2,20.0
plant_height,2022,M3,LI48,2,187.0
head_diameter,2022,M3,LI48,2,20.0
plant_height,2022,M3,LI48,2,185.0
head_diameter,2022,M3,LI48,2,22.0
plant_height,2022,M3,LI48,2,190.0
head_diameter,2022,M3,LI48,2,23.0
plant_height,2022,M3,LI48,2,192.0
head_diameter,2022,M3,LI48,2,16.0
plant_height,2022,M3,LI48,2,200.0
head_diameter,2022,M3,LI48,2,17.0
plant_height,2022,M3,LI49,1,166.0
head_diameter,2022,M3,LI49,1,18.0
plant_height,2022,M3,LI49,1,170.0
head_diameter,2022,M3,LI49,1,14.0
plant_height,2022,M3,LI49,1,162.0
head_diameter,2022,M3,LI49,1,14.0
plant_height,2022,M3,LI49,1,163.0
head_diameter,2022,M3,LI49,1,14.0
plant_height,2022,M3,LI49,1,151.0
head_diameter,2022,M3,LI49,1,17.0
plant_height,2022,M3,LI49,1,152.0
head_diameter,2022,M3,LI49,1,16.0
plant_height,2022,M3,LI49,1,156.0
head_diameter,2022,M3,LI49,1,17.0
plant_height,2022,M3,LI49,1,154.0
head_diameter,2022,M3,LI49,1,15.0
plant_height,2022,M3,LI49,1,157.0
head_diameter,2022,M3,LI49,1,18.0
plant_height,2022,M3,LI49,1,153.0
head_diameter,2022,M3,LI49,1,16.0
plant_height,2022,M3,LI49,2,168.0
head_diameter,2022,M3,LI49,2,18.0
plant_height,2022,M3,LI49,2,182.0
head_diameter,2022,M3,LI49,2,13.0
plant_height,2022,M3,LI49,2,188.0
head_diameter,2022,M3,LI49,2,15.0
plant_height,2022,M3,LI49,2,165.0
head_diameter,2022,M3,LI49,2,19.0
plant_height,2022,M3,LI49,2,163.0
head_diameter,2022,M3,LI49,2,20.0
plant_height,2022,M3,LI49,2,152.0
head_diameter,2022,M3,LI49,2,19.0
plant_height,2022,M3,LI49,2,149.0
head_diameter,2022,M3,LI49,2,18.0
plant_height,2022,M3,LI49,2,153.0
head_diameter,2022,M3,LI49,2,18.0
plant_height,2022,M3,LI49,2,157.0
head_diameter,2022,M3,LI49,2,20.0
plant_height,2022,M3,LI49,2,165.0
head_diameter,2022,M3,LI49,2,17.0
plant_height,2022,M3,LI50,1,172.0
head_diameter,2022,M3,LI50,1,15.0
plant_height,2022,M3,LI50,1,171.0
head_diameter,2022,M3,LI50,1,17.0
plant_height,2022,M3,LI50,1,165.0
head_diameter,2022,M3,LI50,1,11.0
plant_height,2022,M3,LI50,1,162.0
head_diameter,2022,M3,LI50,1,20.0
plant_height,2022,M3,LI50,1,181.0
head_diameter,2022,M3,LI50,1,16.0
plant_height,2022,M3,LI50,1,167.0
head_diameter,2022,M3,LI50,1,20.0
plant_height,2022,M3,LI50,1,180.0
head_diameter,2022,M3,LI50,1,15.0
plant_height,2022,M3,LI50,1,177.0
head_diameter,2022,M3,LI50,1,18.0
plant_height,2022,M3,LI50,1,165.0
head_diameter,2022,M3,LI50,1,18.0
plant_height,2022,M3,LI50,1,170.0
head_diameter,2022,M3,LI50,1,18.0
plant_height,2022,M3,LI50,2,193.0
head_diameter,2022,M3,LI50,2,18.0
plant_height,2022,M3,LI50,2,191.0
head_diameter,2022,M3,LI50,2,19.0
plant_height,2022,M3,LI50,2,188.0
head_diameter,2022,M3,LI50,2,15.0
plant_height,2022,M3,LI50,2,189.0
head_diameter,2022,M3,LI50,2,14.0
plant_height,2022,M3,LI50,2,187.0
head_diameter,2022,M3,LI50,2,16.0
plant_height,2022,M3,LI50,2,183.0
head_diameter,2022,M3,LI50,2,16.0
plant_height,2022,M3,LI50,2,184.0
head_diameter,2022,M3,LI50,2,18.0
plant_height,2022,M3,LI50,2,187.0
head_diameter,2022,M3,LI50,2,20.0
plant_height,2022,M3,LI50,2,194.0
head_diameter,2022,M3,LI50,2,18.0
plant_height,2022,M3,LI50,2,185.0
head_diameter,2022,M3,LI50,2,17.0
plant_height,2022,M3,LI51,1,190.0
head_diameter,2022,M3,LI51,1,23.0
plant_height,2022,M3,LI51,1,179.0
head_diameter,2022,M3,LI51,1,15.0
plant_height,2022,M3,LI51,1,190.0
head_diameter,2022,M3,LI51,1,22.0
plant_height,2022,M3,LI51,1,182.0
head_diameter,2022,M3,LI51,1,18.0
plant_height,2022,M3,LI51,1,172.0
head_diameter,2022,M3,LI51,1,16.0
plant_height,2022,M3,LI51,1,168.0
head_diameter,2022,M3,LI51,1,17.0
plant_height,2022,M3,LI51,1,176.0
head_diameter,2022,M3,LI51,1,19.0
plant_height,2022,M3,LI51,1,170.0
head_diameter,2022,M3,LI51,1,16.0
plant_height,2022,M3,LI51,1,176.0
head_diameter,2022,M3,LI51,1,16.0
plant_height,2022,M3,LI51,1,186.0
head_diameter,2022,M3,LI51,1,18.0
plant_height,2022,M3,LI51,2,175.0
head_diameter,2022,M3,LI51,2,17.0
plant_height,2022,M3,LI51,2,180.0
head_diameter,2022,M3,LI51,2,16.0
plant_height,2022,M3,LI51,2,181.0
head_diameter,2022,M3,LI51,2,19.0
plant_height,2022,M3,LI51,2,177.0
head_diameter,2022,M3,LI51,2,15.0
plant_height,2022,M3,LI51,2,183.0
head_diameter,2022,M3,LI51,2,18.0
plant_height,2022,M3,LI51,2,181.0
head_diameter,2022,M3,LI51,2,14.0
plant_height,2022,M3,LI51,2,185.0
head_diameter,2022,M3,LI51,2,20.0
plant_height,2022,M3,LI51,2,183.0
head_diameter,2022,M3,LI51,2,21.0
plant_height,2022,M3,LI51,2,190.0
head_diameter,2022,M3,LI51,2,20.0
plant_height,2022,M3,LI51,2,188.0
head_diameter,2022,M3,LI51,2,16.0
plant_height,2022,M3,LI52,1,166.0
head_diameter,2022,M3,LI52,1,16.0
plant_height,2022,M3,LI52,1,167.0
head_diameter,2022,M3,LI52,1,20.0
plant_height,2022,M3,LI52,1,171.0
head_diameter,2022,M3,LI52,1,20.0
plant_height,2022,M3,LI52,1,170.0
head_diameter,2022,M3,LI52,1,15.0
plant_height,2022,M3,LI52,1,166.0
head_diameter,2022,M3,LI52,1,18.0
plant_height,2022,M3,LI52,1,174.0
head_diameter,2022,M3,LI52,1,16.0
plant_height,2022,M3,LI52,1,164.0
head_diameter,2022,M3,LI52,1,20.0
plant_height,2022,M3,LI52,1,172.0
head_diameter,2022,M3,LI52,1,17.0
plant_height,2022,M3,LI52,1,171.0
head_diameter,2022,M3,LI52,1,20.0
plant_height,2022,M3,LI52,1,167.0
head_diameter,2022,M3,LI52,1,19.0
plant_height,2022,M3,LI52,2,182.0
head_diameter,2022,M3,LI52,2,15.0
plant_height,2022,M3,LI52,2,180.0
head_diameter,2022,M3,LI52,2,18.0
plant_height,2022,M3,LI52,2,179.0
head_diameter,2022,M3,LI52,2,20.0
plant_height,2022,M3,LI52,2,169.0
head_diameter,2022,M3,LI52,2,23.0
plant_height,2022,M3,LI52,2,175.0
head_diameter,2022,M3,LI52,2,20.0
plant_height,2022,M3,LI52,2,178.0
head_diameter,2022,M3,LI52,2,14.0
plant_height,2022,M3,LI52,2,179.0
head_diameter,2022,M3,LI52,2,13.0
plant_height,2022,M3,LI52,2,178.0
head_diameter,2022,M3,LI52,2,19.0
plant_height,2022,M3,LI52,2,179.0
head_diameter,2022,M3,LI52,2,15.0
plant_height,2022,M3,LI52,2,172.0
head_diameter,2022,M3,LI52,2,16.0
plant_height,2022,M3,LI53,1,187.0
head_diameter,2022,M3,LI53,1,18.0
plant_height,2022,M3,LI53,1,179.0
head_diameter,2022,M3,LI53,1,18.0
plant_height,2022,M3,LI53,1,185.0
head_diameter,2022,M3,LI53,1,22.0
plant_height,2022,M3,LI53,1,185.0
head_diameter,2022,M3,LI53,1,19.0
plant_height,2022,M3,LI53,1,181.0
head_diameter,2022,M3,LI53,1,17.0
plant_height,2022,M3,LI53,1,183.0
head_diameter,2022,M3,LI53,1,18.0
plant_height,2022,M3,LI53,1,178.0
head_diameter,2022,M3,LI53,1,15.0
plant_height,2022,M3,LI53,1,169.0
head_diameter,2022,M3,LI53,1,21.0
plant_height,2022,M3,LI53,1,166.0
head_diameter,2022,M3,LI53,1,20.0
plant_height,2022,M3,LI53,1,171.0
head_diameter,2022,M3,LI53,1,20.0
plant_height,2022,M3,LI53,2,190.0
head_diameter,2022,M3,LI53,2,22.0
plant_height,2022,M3,LI53,2,185.0
head_diameter,2022,M3,LI53,2,21.0
plant_height,2022,M3,LI53,2,188.0
head_diameter,2022,M3,LI53,2,22.0
plant_height,2022,M3,LI53,2,190.0
head_diameter,2022,M3,LI53,2,23.0
plant_height,2022,M3,LI53,2,190.0
head_diameter,2022,M3,LI53,2,21.0
plant_height,2022,M3,LI53,2,198.0
head_diameter,2022,M3,LI53,2,25.0
plant_height,2022,M3,LI53,2,189.0
head_diameter,2022,M3,LI53,2,19.0
plant_height,2022,M3,LI53,2,193.0
head_diameter,2022,M3,LI53,2,23.0
plant_height,2022,M3,LI53,2,197.0
head_diameter,2022,M3,LI53,2,20.0
plant_height,2022,M3,LI53,2,190.0
head_diameter,2022,M3,LI53,2,20.0
plant_height,2022,M3,LI54,1,168.0
head_diameter,2022,M3,LI54,1,19.0
plant_height,2022,M3,LI54,1,171.0
head_diameter,2022,M3,LI54,1,16.0
plant_height,2022,M3,LI54,1,165.0
head_diameter,2022,M3,LI54,1,17.0
plant_height,2022,M3,LI54,1,165.0
head_diameter,2022,M3,LI54,1,16.0
plant_height,2022,M3,LI54,1,167.0
head_diameter,2022,M3,LI54,1,14.0
plant_height,2022,M3,LI54,1,162.0
head_diameter,2022,M3,LI54,1,20.0
plant_height,2022,M3,LI54,1,160.0
head_diameter,2022,M3,LI54,1,19.0
plant_height,2022,M3,LI54,1,168.0
head_diameter,2022,M3,LI54,1,20.0
plant_height,2022,M3,LI54,1,163.0
head_diameter,2022,M3,LI54,1,19.0
plant_height,2022,M3,LI54,1,169.0
head_diameter,2022,M3,LI54,1,19.0
plant_height,2022,M3,LI54,2,182.0
head_diameter,2022,M3,LI54,2,19.0
plant_height,2022,M3,LI54,2,175.0
head_diameter,2022,M3,LI54,2,17.0
plant_height,2022,M3,LI54,2,170.0
head_diameter,2022,M3,LI54,2,19.0
plant_height,2022,M3,LI54,2,171.0
head_diameter,2022,M3,LI54,2,18.0
plant_height,2022,M3,LI54,2,180.0
head_diameter,2022,M3,LI54,2,20.0
plant_height,2022,M3,LI54,2,174.0
head_diameter,2022,M3,LI54,2,17.0
plant_height,2022,M3,LI54,2,173.0
head_diameter,2022,M3,LI54,2,16.0
plant_height,2022,M3,LI54,2,172.0
head_diameter,2022,M3,LI54,2,17.0
plant_height,2022,M3,LI54,2,177.0
head_diameter,2022,M3,LI54,2,13.0
plant_height,2022,M3,LI54,2,179.0
head_diameter,2022,M3,LI54,2,14.0
plant_height,2023,M1,LI1,1,167.0
head_diameter,2023,M1,LI1,1,24.0
plant_height,2023,M1,LI1,1,177.0
head_diameter,2023,M1,LI1,1,20.0
plant_height,2023,M1,LI1,1,181.0
head_diameter,2023,M1,LI1,1,20.0
plant_height,2023,M1,LI1,1,182.0
head_diameter,2023,M1,LI1,1,22.0
plant_height,2023,M1,LI1,1,174.0
head_diameter,2023,M1,LI1,1,20.0
plant_height,2023,M1,LI1,1,173.0
head_diameter,2023,M1,LI1,1,18.0
plant_height,2023,M1,LI1,1,170.0
head_diameter,2023,M1,LI1,1,19.0
plant_height,2023,M1,LI1,1,165.0
head_diameter,2023,M1,LI1,1,20.0
plant_height,2023,M1,LI1,1,152.0
head_diameter,2023,M1,LI1,1,19.0
plant_height,2023,M1,LI1,1,161.0
head_diameter,2023,M1,LI1,1,23.0
plant_height,2023,M1,LI1,2,160.0
head_diameter,2023,M1,LI1,2,20.0
plant_height,2023,M1,LI1,2,167.0
head_diameter,2023,M1,LI1,2,16.0
plant_height,2023,M1,LI1,2,173.0
head_diameter,2023,M1,LI1,2,18.5
plant_height,2023,M1,LI1,2,170.0
head_diameter,2023,M1,LI1,2,15.0
plant_height,2023,M1,LI1,2,169.0
head_diameter,2023,M1,LI1,2,21.0
plant_height,2023,M1,LI1,2,151.0
head_diameter,2023,M1,LI1,2,16.0
plant_height,2023,M1,LI1,2,168.0
head_diameter,2023,M1,LI1,2,23.0
plant_height,2023,M1,LI1,2,170.0
head_diameter,2023,M1,LI1,2,15.0
plant_height,2023,M1,LI1,2,172.0
head_diameter,2023,M1,LI1,2,14.5
plant_height,2023,M1,LI1,2,150.0
head_diameter,2023,M1,LI1,2,19.0
plant_height,2023,M1,LI1,3,151.0
head_diameter,2023,M1,LI1,3,17.0
plant_height,2023,M1,LI1,3,163.0
head_diameter,2023,M1,LI1,3,18.0
plant_height,2023,M1,LI1,3,160.0
head_diameter,2023,M1,LI1,3,16.0
plant_height,2023,M1,LI1,3,155.0
head_diameter,2023,M1,LI1,3,20.0
plant_height,2023,M1,LI1,3,155.0
head_diameter,2023,M1,LI1,3,22.5
plant_height,2023,M1,LI1,3,152.0
head_diameter,2023,M1,LI1,3,23.5
plant_height,2023,M1,LI1,3,139.0
head_diameter,2023,M1,LI1,3,16.0
plant_height,2023,M1,LI1,3,144.0
head_diameter,2023,M1,LI1,3,18.5
plant_height,2023,M1,LI1,3,137.0
head_diameter,2023,M1,LI1,3,16.0
plant_height,2023,M1,LI1,3,148.0
head_diameter,2023,M1,LI1,3,18.0
plant_height,2023,M1,LI2,1,153.0
head_diameter,2023,M1,LI2,1,23.0
plant_height,2023,M1,LI2,1,150.0
head_diameter,2023,M1,LI2,1,23.0
plant_height,2023,M1,LI2,1,160.0
head_diameter,2023,M1,LI2,1,20.0
plant_height,2023,M1,LI2,1,156.0
head_diameter,2023,M1,LI2,1,20.0
plant_height,2023,M1,LI2,1,173.0
head_diameter,2023,M1,LI2,1,22.0
plant_height,2023,M1,LI2,1,170.0
head_diameter,2023,M1,LI2,1,19.0
plant_height,2023,M1,LI2,1,173.0
head_diameter,2023,M1,LI2,1,19.0
plant_height,2023,M1,LI2,1,165.0
head_diameter,2023,M1,LI2,1,21.0
plant_height,2023,M1,LI2,1,159.0
head_diameter,2023,M1,LI2,1,16.0
plant_height,2023,M1,LI2,1,166.0
head_diameter,2023,M1,LI2,1,20.0
plant_height,2023,M1,LI2,2,167.0
head_diameter,2023,M1,LI2,2,23.0
plant_height,2023,M1,LI2,2,154.0
head_diameter,2023,M1,LI2,2,20.0
plant_height,2023,M1,LI2,2,163.0
head_diameter,2023,M1,LI2,2,21.0
plant_height,2023,M1,LI2,2,164.0
head_diameter,2023,M1,LI2,2,20.0
plant_height,2023,M1,LI2,2,163.0
head_diameter,2023,M1,LI2,2,18.5
plant_height,2023,M1,LI2,2,166.0
head_diameter,2023,M1,LI2,2,23.0
plant_height,2023,M1,LI2,2,159.0
head_diameter,2023,M1,LI2,2,18.0
plant_height,2023,M1,LI2,2,150.0
head_diameter,2023,M1,LI2,2,22.0
plant_height,2023,M1,LI2,2,150.0
head_diameter,2023,M1,LI2,2,16.0
plant_height,2023,M1,LI2,2,165.0
head_diameter,2023,M1,LI2,2,14.0
plant_height,2023,M1,LI2,3,157.0
head_diameter,2023,M1,LI2,3,14.0
plant_height,2023,M1,LI2,3,156.0
head_diameter,2023,M1,LI2,3,18.0
plant_height,2023,M1,LI2,3,146.0
head_diameter,2023,M1,LI2,3,18.0
plant_height,2023,M1,LI2,3,148.0
head_diameter,2023,M1,LI2,3,17.0
plant_height,2023,M1,LI2,3,159.0
head_diameter,2023,M1,LI2,3,16.0
plant_height,2023,M1,LI2,3,153.0
head_diameter,2023,M1,LI2,3,19.0
plant_height,2023,M1,LI2,3,154.0
head_diameter,2023,M1,LI2,3,13.0
plant_height,2023,M1,LI2,3,145.0
head_diameter,2023,M1,LI2,3,17.0
plant_height,2023,M1,LI2,3,149.0
head_diameter,2023,M1,LI2,3,16.0
plant_height,2023,M1,LI2,3,155.0
head_diameter,2023,M1,LI2,3,13.0
plant_height,2023,M1,LI3,1,171.0
head_diameter,2023,M1,LI3,1,21.0
plant_height,2023,M1,LI3,1,162.0
head_diameter,2023,M1,LI3,1,22.0
plant_height,2023,M1,LI3,1,145.0
head_diameter,2023,M1,LI3,1,16.0
plant_height,2023,M1,LI3,1,159.0
head_diameter,2023,M1,LI3,1,18.0
plant_height,2023,M1,LI3,1,143.0
head_diameter,2023,M1,LI3,1,16.0
plant_height,2023,M1,LI3,1,178.0
head_diameter,2023,M1,LI3,1,19.0
plant_height,2023,M1,LI3,1,175.0
head_diameter,2023,M1,LI3,1,18.0
plant_height,2023,M1,LI3,1,170.0
head_diameter,2023,M1,LI3,1,20.0
plant_height,2023,M1,LI3,1,168.0
head_diameter,2023,M1,LI3,1,17.0
plant_height,2023,M1,LI3,1,177.0
head_diameter,2023,M1,LI3,1,19.0
plant_height,2023,M1,LI3,1,174.0
head_diameter,2023,M1,LI3,1,21.0
plant_height,2023,M1,LI3,1,177.0
head_diameter,2023,M1,LI3,1,22.0
plant_height,2023,M1,LI3,1,172.0
head_diameter,2023,M1,LI3,1,15.0
plant_height,2023,M1,LI3,1,184.0
head_diameter,2023,M1,LI3,1,20.0
plant_height,2023,M1,LI3,1,172.0
head_diameter,2023,M1,LI3,1,23.0
plant_height,2023,M1,LI3,2,155.0
head_diameter,2023,M1,LI3,2,17.0
plant_height,2023,M1,LI3,2,162.0
head_diameter,2023,M1,LI3,2,20.0
plant_height,2023,M1,LI3,2,160.0
head_diameter,2023,M1,LI3,2,17.0
plant_height,2023,M1,LI3,2,154.0
head_diameter,2023,M1,LI3,2,16.0
plant_height,2023,M1,LI3,2,153.0
head_diameter,2023,M1,LI3,2,14.0
plant_height,2023,M1,LI3,2,170.0
head_diameter,2023,M1,LI3,2,21.0
plant_height,2023,M1,LI3,2,156.0
head_diameter,2023,M1,LI3,2,18.0
plant_height,2023,M1,LI3,2,171.0
head_diameter,2023,M1,LI3,2,17.0
plant_height,2023,M1,LI3,2,160.0
head_diameter,2023,M1,LI3,2,17.0
plant_height,2023,M1,LI3,2,154.0
head_diameter,2023,M1,LI3,2,18.0
plant_height,2023,M1,LI3,2,175.0
head_diameter,2023,M1,LI3,2,18.0
plant_height,2023,M1,LI3,2,177.0
head_diameter,2023,M1,LI3,2,21.0
plant_height,2023,M1,LI3,2,167.0
head_diameter,2023,M1,LI3,2,22.0
plant_height,2023,M1,LI3,2,155.0
head_diameter,2023,M1,LI3,2,14.0
plant_height,2023,M1,LI3,2,177.0
head_diameter,2023,M1,LI3,2,21.0
plant_height,2023,M1,LI3,3,144.0
head_diameter,2023,M1,LI3,3,14.0
plant_height,2023,M1,LI3,3,161.0
head_diameter,2023,M1,LI3,3,22.0
plant_height,2023,M1,LI3,3,160.0
head_diameter,2023,M1,LI3,3,20.0
plant_height,2023,M1,LI3,3,148.0
head_diameter,2023,M1,LI3,3,14.0
plant_height,2023,M1,LI3,3,147.0
head_diameter,2023,M1,LI3,3,16.0
plant_height,2023,M1,LI3,3,142.0
head_diameter,2023,M1,LI3,3,20.0
plant_height,2023,M1,LI3,3,159.0
head_diameter,2023,M1,LI3,3,18.0
plant_height,2023,M1,LI3,3,165.0
head_diameter,2023,M1,LI3,3,14.0
plant_height,2023,M1,LI3,3,158.0
head_diameter,2023,M1,LI3,3,19.0
plant_height,2023,M1,LI3,3,130.0
head_diameter,2023,M1,LI3,3,14.0
plant_height,2023,M1,LI3,3,151.0
head_diameter,2023,M1,LI3,3,18.0
plant_height,2023,M1,LI3,3,149.0
head_diameter,2023,M1,LI3,3,16.0
plant_height,2023,M1,LI3,3,147.0
head_diameter,2023,M1,LI3,3,14.0
plant_height,2023,M1,LI3,3,148.0
head_diameter,2023,M1,LI3,3,17.0
plant_height,2023,M1,LI3,3,154.0
head_diameter,2023,M1,LI3,3,18.0
plant_height,2023,M1,LI4,1,176.0
head_diameter,2023,M1,LI4,1,15.0
plant_height,2023,M1,LI4,1,174.0
head_diameter,2023,M1,LI4,1,19.0
plant_height,2023,M1,LI4,1,166.0
head_diameter,2023,M1,LI4,1,20.0
plant_height,2023,M1,LI4,1,178.0
head_diameter,2023,M1,LI4,1,18.0
plant_height,2023,M1,LI4,1,169.0
head_diameter,2023,M1,LI4,1,17.0
plant_height,2023,M1,LI4,1,173.0
head_diameter,2023,M1,LI4,1,18.0
plant_height,2023,M1,LI4,1,177.0
head_diameter,2023,M1,LI4,1,18.0
plant_height,2023,M1,LI4,1,178.0
head_diameter,2023,M1,LI4,1,18.0
plant_height,2023,M1,LI4,1,181.0
head_diameter,2023,M1,LI4,1,19.0
plant_height,2023,M1,LI4,1,182.0
head_diameter,2023,M1,LI4,1,18.0
plant_height,2023,M1,LI4,2,157.0
head_diameter,2023,M1,LI4,2,18.5
plant_height,2023,M1,LI4,2,167.0
head_diameter,2023,M1,LI4,2,17.0
plant_height,2023,M1,LI4,2,165.0
head_diameter,2023,M1,LI4,2,18.0
plant_height,2023,M1,LI4,2,152.0
head_diameter,2023,M1,LI4,2,19.0
plant_height,2023,M1,LI4,2,162.0
head_diameter,2023,M1,LI4,2,19.0
plant_height,2023,M1,LI4,2,155.0
head_diameter,2023,M1,LI4,2,17.0
plant_height,2023,M1,LI4,2,169.0
head_diameter,2023,M1,LI4,2,16.0
plant_height,2023,M1,LI4,2,167.0
head_diameter,2023,M1,LI4,2,18.0
plant_height,2023,M1,LI4,2,172.0
head_diameter,2023,M1,LI4,2,17.0
plant_height,2023,M1,LI4,2,165.0
head_diameter,2023,M1,LI4,2,24.0
plant_height,2023,M1,LI4,3,159.0
head_diameter,2023,M1,LI4,3,19.0
plant_height,2023,M1,LI4,3,168.0
head_diameter,2023,M1,LI4,3,19.0
plant_height,2023,M1,LI4,3,173.0
head_diameter,2023,M1,LI4,3,23.0
plant_height,2023,M1,LI4,3,160.0
head_diameter,2023,M1,LI4,3,19.0
plant_height,2023,M1,LI4,3,170.0
head_diameter,2023,M1,LI4,3,21.0
plant_height,2023,M1,LI4,3,166.0
head_diameter,2023,M1,LI4,3,19.0
plant_height,2023,M1,LI4,3,177.0
head_diameter,2023,M1,LI4,3,19.0
plant_height,2023,M1,LI4,3,174.0
head_diameter,2023,M1,LI4,3,20.0
plant_height,2023,M1,LI4,3,160.0
head_diameter,2023,M1,LI4,3,20.0
plant_height,2023,M1,LI4,3,162.0
head_diameter,2023,M1,LI4,3,17.0
plant_height,2023,M1,LI5,1,156.0
head_diameter,2023,M1,LI5,1,19.0
plant_height,2023,M1,LI5,1,155.0
head_diameter,2023,M1,LI5,1,15.0
plant_height,2023,M1,LI5,1,159.0
head_diameter,2023,M1,LI5,1,16.0
plant_height,2023,M1,LI5,1,161.0
head_diameter,2023,M1,LI5,1,17.0
plant_height,2023,M1,LI5,1,167.0
head_diameter,2023,M1,LI5,1,17.0
plant_height,2023,M1,LI5,1,171.0
head_diameter,2023,M1,LI5,1,16.0
plant_height,2023,M1,LI5,1,169.0
head_diameter,2023,M1,LI5,1,20.0
plant_height,2023,M1,LI5,1,154.0
head_diameter,2023,M1,LI5,1,17.0
plant_height,2023,M1,LI5,1,150.0
head_diameter,2023,M1,LI5,1,18.0
plant_height,2023,M1,LI5,1,150.0
head_diameter,2023,M1,LI5,1,20.0
plant_height,2023,M1,LI5,2,151.0
head_diameter,2023,M1,LI5,2,17.5
plant_height,2023,M1,LI5,2,147.0
head_diameter,2023,M1,LI5,2,15.0
plant_height,2023,M1,LI5,2,151.0
head_diameter,2023,M1,LI5,2,15.0
plant_height,2023,M1,LI5,2,154.0
head_diameter,2023,M1,LI5,2,16.5
plant_height,2023,M1,LI5,2,151.0
head_diameter,2023,M1,LI5,2,14.0
plant_height,2023,M1,LI5,2,144.0
head_diameter,2023,M1,LI5,2,15.0
plant_height,2023,M1,LI5,2,148.0
head_diameter,2023,M1,LI5,2,16.0
plant_height,2023,M1,LI5,2,147.0
head_diameter,2023,M1,LI5,2,17.0
plant_height,2023,M1,LI5,2,141.0
head_diameter,2023,M1,LI5,2,19.0
plant_height,2023,M1,LI5,2,140.0
head_diameter,2023,M1,LI5,2,18.0
plant_height,2023,M1,LI5,3,150.0
head_diameter,2023,M1,LI5,3,22.5
plant_height,2023,M1,LI5,3,150.0
head_diameter,2023,M1,LI5,3,17.0
plant_height,2023,M1,LI5,3,138.0
head_diameter,2023,M1,LI5,3,17.0
plant_height,2023,M1,LI5,3,146.0
head_diameter,2023,M1,LI5,3,20.0
plant_height,2023,M1,LI5,3,138.0
head_diameter,2023,M1,LI5,3,16.0
plant_height,2023,M1,LI5,3,149.0
head_diameter,2023,M1,LI5,3,23.0
plant_height,2023,M1,LI5,3,151.0
head_diameter,2023,M1,LI5,3,17.0
plant_height,2023,M1,LI5,3,151.0
head_diameter,2023,M1,LI5,3,18.0
plant_height,2023,M1,LI5,3,149.0
head_diameter,2023,M1,LI5,3,21.0
plant_height,2023,M1,LI5,3,141.0
head_diameter,2023,M1,LI5,3,18.5
plant_height,2023,M1,LI6,1,164.0
head_diameter,2023,M1,LI6,1,21.5
plant_height,2023,M1,LI6,1,163.0
head_diameter,2023,M1,LI6,1,18.5
plant_height,2023,M1,LI6,1,158.0
head_diameter,2023,M1,LI6,1,12.0
plant_height,2023,M1,LI6,1,173.0
head_diameter,2023,M1,LI6,1,17.0
plant_height,2023,M1,LI6,1,175.0
head_diameter,2023,M1,LI6,1,17.0
plant_height,2023,M1,LI6,1,171.0
head_diameter,2023,M1,LI6,1,17.5
plant_height,2023,M1,LI6,1,178.0
head_diameter,2023,M1,LI6,1,12.0
plant_height,2023,M1,LI6,1,171.0
head_diameter,2023,M1,LI6,1,12.0
plant_height,2023,M1,LI6,1,177.0
head_diameter,2023,M1,LI6,1,17.5
plant_height,2023,M1,LI6,1,172.0
head_diameter,2023,M1,LI6,1,16.0
plant_height,2023,M1,LI6,2,175.0
head_diameter,2023,M1,LI6,2,16.0
plant_height,2023,M1,LI6,2,180.0
head_diameter,2023,M1,LI6,2,18.0
plant_height,2023,M1,LI6,2,171.0
head_diameter,2023,M1,LI6,2,15.5
plant_height,2023,M1,LI6,2,170.0
head_diameter,2023,M1,LI6,2,15.0
plant_height,2023,M1,LI6,2,170.0
head_diameter,2023,M1,LI6,2,18.0
plant_height,2023,M1,LI6,2,161.0
head_diameter,2023,M1,LI6,2,15.0
plant_height,2023,M1,LI6,2,168.0
head_diameter,2023,M1,LI6,2,18.0
plant_height,2023,M1,LI6,2,162.0
head_diameter,2023,M1,LI6,2,14.0
plant_height,2023,M1,LI6,2,167.0
head_diameter,2023,M1,LI6,2,17.5
plant_height,2023,M1,LI6,2,164.0
head_diameter,2023,M1,LI6,2,15.0
plant_height,2023,M1,LI6,3,173.0
head_diameter,2023,M1,LI6,3,19.0
plant_height,2023,M1,LI6,3,172.0
head_diameter,2023,M1,LI6,3,17.0
plant_height,2023,M1,LI6,3,176.0
head_diameter,2023,M1,LI6,3,22.0
plant_height,2023,M1,LI6,3,174.0
head_diameter,2023,M1,LI6,3,23.0
plant_height,2023,M1,LI6,3,160.0
head_diameter,2023,M1,LI6,3,15.0
plant_height,2023,M1,LI6,3,171.0
head_diameter,2023,M1,LI6,3,20.5
plant_height,2023,M1,LI6,3,180.0
head_diameter,2023,M1,LI6,3,22.5
plant_height,2023,M1,LI6,3,175.0
head_diameter,2023,M1,LI6,3,17.0
plant_height,2023,M1,LI6,3,172.0
head_diameter,2023,M1,LI6,3,23.5
plant_height,2023,M1,LI6,3,168.0
head_diameter,2023,M1,LI6,3,25.0
plant_height,2023,M1,LI7,1,182.0
head_diameter,2023,M1,LI7,1,22.0
plant_height,2023,M1,LI7,1,172.0
head_diameter,2023,M1,LI7,1,19.0
plant_height,2023,M1,LI7,1,168.0
head_diameter,2023,M1,LI7,1,24.0
plant_height,2023,M1,LI7,1,165.0
head_diameter,2023,M1,LI7,1,26.0
plant_height,2023,M1,LI7,1,155.0
head_diameter,2023,M1,LI7,1,20.0
plant_height,2023,M1,LI7,1,166.0
head_diameter,2023,M1,LI7,1,23.0
plant_height,2023,M1,LI7,1,164.0
head_diameter,2023,M1,LI7,1,21.0
plant_height,2023,M1,LI7,1,174.0
head_diameter,2023,M1,LI7,1,22.0
plant_height,2023,M1,LI7,1,173.0
head_diameter,2023,M1,LI7,1,22.0
plant_height,2023,M1,LI7,1,173.0
head_diameter,2023,M1,LI7,1,17.0
plant_height,2023,M1,LI7,1,175.0
head_diameter,2023,M1,LI7,1,19.0
plant_height,2023,M1,LI7,1,177.0
head_diameter,2023,M1,LI7,1,22.0
plant_height,2023,M1,LI7,1,185.0
head_diameter,2023,M1,LI7,1,20.0
plant_height,2023,M1,LI7,1,172.0
head_diameter,2023,M1,LI7,1,17.0
plant_height,2023,M1,LI7,1,169.0
head_diameter,2023,M1,LI7,1,19.0
plant_height,2023,M1,LI7,2,153.0
head_diameter,2023,M1,LI7,2,18.0
plant_height,2023,M1,LI7,2,162.0
head_diameter,2023,M1,LI7,2,27.0
plant_height,2023,M1,LI7,2,169.0
head_diameter,2023,M1,LI7,2,20.0
plant_height,2023,M1,LI7,2,155.0
head_diameter,2023,M1,LI7,2,21.0
plant_height,2023,M1,LI7,2,168.0
head_diameter,2023,M1,LI7,2,23.0
plant_height,2023,M1,LI7,2,177.0
head_diameter,2023,M1,LI7,2,18.0
plant_height,2023,M1,LI7,2,170.0
head_diameter,2023,M1,LI7,2,19.0
plant_height,2023,M1,LI7,2,173.0
head_diameter,2023,M1,LI7,2,22.0
plant_height,2023,M1,LI7,2,177.0
head_diameter,2023,M1,LI7,2,20.0
plant_height,2023,M1,LI7,2,170.0
head_diameter,2023,M1,LI7,2,18.0
plant_height,2023,M1,LI7,2,172.0
head_diameter,2023,M1,LI7,2,24.0
plant_height,2023,M1,LI7,2,164.0
head_diameter,2023,M1,LI7,2,22.0
plant_height,2023,M1,LI7,2,161.0
head_diameter,2023,M1,LI7,2,23.0
plant_height,2023,M1,LI7,2,168.0
head_diameter,2023,M1,LI7,2,19.0
plant_height,2023,M1,LI7,2,165.0
head_diameter,2023,M1,LI7,2,19.0
plant_height,2023,M1,LI7,3,160.0
head_diameter,2023,M1,LI7,3,23.0
plant_height,2023,M1,LI7,3,162.0
head_diameter,2023,M1,LI7,3,21.0
plant_height,2023,M1,LI7,3,166.0
head_diameter,2023,M1,LI7,3,21.0
plant_height,2023,M1,LI7,3,155.0
head_diameter,2023,M1,LI7,3,17.0
plant_height,2023,M1,LI7,3,163.0
head_diameter,2023,M1,LI7,3,19.0
plant_height,2023,M1,LI7,3,167.0
head_diameter,2023,M1,LI7,3,23.0
plant_height,2023,M1,LI7,3,165.0
head_diameter,2023,M1,LI7,3,21.0
plant_height,2023,M1,LI7,3,166.0
head_diameter,2023,M1,LI7,3,22.0
plant_height,2023,M1,LI7,3,172.0
head_diameter,2023,M1,LI7,3,17.0
plant_height,2023,M1,LI7,3,166.0
head_diameter,2023,M1,LI7,3,22.0
plant_height,2023,M1,LI7,3,169.0
head_diameter,2023,M1,LI7,3,18.0
plant_height,2023,M1,LI7,3,163.0
head_diameter,2023,M1,LI7,3,19.0
plant_height,2023,M1,LI7,3,175.0
head_diameter,2023,M1,LI7,3,23.0
plant_height,2023,M1,LI7,3,176.0
head_diameter,2023,M1,LI7,3,26.0
plant_height,2023,M1,LI7,3,180.0
head_diameter,2023,M1,LI7,3,19.0
plant_height,2023,M1,LI8,1,172.0
head_diameter,2023,M1,LI8,1,26.0
plant_height,2023,M1,LI8,1,182.0
head_diameter,2023,M1,LI8,1,22.0
plant_height,2023,M1,LI8,1,164.0
head_diameter,2023,M1,LI8,1,24.0
plant_height,2023,M1,LI8,1,171.0
head_diameter,2023,M1,LI8,1,22.0
plant_height,2023,M1,LI8,1,174.0
head_diameter,2023,M1,LI8,1,23.0
plant_height,2023,M1,LI8,1,156.0
head_diameter,2023,M1,LI8,1,24.0
plant_height,2023,M1,LI8,1,175.0
head_diameter,2023,M1,LI8,1,25.0
plant_height,2023,M1,LI8,1,184.0
head_diameter,2023,M1,LI8,1,17.0
plant_height,2023,M1,LI8,1,171.0
head_diameter,2023,M1,LI8,1,25.0
plant_height,2023,M1,LI8,1,180.0
head_diameter,2023,M1,LI8,1,22.0
plant_height,2023,M1,LI8,1,183.0
head_diameter,2023,M1,LI8,1,23.0
plant_height,2023,M1,LI8,1,179.0
head_diameter,2023,M1,LI8,1,23.0
plant_height,2023,M1,LI8,1,182.0
head_diameter,2023,M1,LI8,1,19.0
plant_height,2023,M1,LI8,1,182.0
head_diameter,2023,M1,LI8,1,24.0
plant_height,2023,M1,LI8,1,185.0
head_diameter,2023,M1,LI8,1,23.0
plant_height,2023,M1,LI8,2,172.0
head_diameter,2023,M1,LI8,2,25.0
plant_height,2023,M1,LI8,2,176.0
head_diameter,2023,M1,LI8,2,20.0
plant_height,2023,M1,LI8,2,170.0
head_diameter,2023,M1,LI8,2,26.0
plant_height,2023,M1,LI8,2,165.0
head_diameter,2023,M1,LI8,2,29.0
plant_height,2023,M1,LI8,2,162.0
head_diameter,2023,M1,LI8,2,20.0
plant_height,2023,M1,LI8,2,178.0
head_diameter,2023,M1,LI8,2,20.0
plant_height,2023,M1,LI8,2,180.0
head_diameter,2023,M1,LI8,2,21.0
plant_height,2023,M1,LI8,2,181.0
head_diameter,2023,M1,LI8,2,22.0
plant_height,2023,M1,LI8,2,179.0
head_diameter,2023,M1,LI8,2,22.0
plant_height,2023,M1,LI8,2,172.0
head_diameter,2023,M1,LI8,2,23.0
plant_height,2023,M1,LI8,2,169.0
head_diameter,2023,M1,LI8,2,20.0
plant_height,2023,M1,LI8,2,162.0
head_diameter,2023,M1,LI8,2,21.0
plant_height,2023,M1,LI8,2,172.0
head_diameter,2023,M1,LI8,2,17.0
plant_height,2023,M1,LI8,2,170.0
head_diameter,2023,M1,LI8,2,19.0
plant_height,2023,M1,LI8,2,174.0
head_diameter,2023,M1,LI8,2,21.0
plant_height,2023,M1,LI8,3,166.0
head_diameter,2023,M1,LI8,3,23.0
plant_height,2023,M1,LI8,3,175.0
head_diameter,2023,M1,LI8,3,21.0
plant_height,2023,M1,LI8,3,170.0
head_diameter,2023,M1,LI8,3,24.0
plant_height,2023,M1,LI8,3,162.0
head_diameter,2023,M1,LI8,3,23.0
plant_height,2023,M1,LI8,3,165.0
head_diameter,2023,M1,LI8,3,22.0
plant_height,2023,M1,LI8,3,166.0
head_diameter,2023,M1,LI8,3,21.0
plant_height,2023,M1,LI8,3,165.0
head_diameter,2023,M1,LI8,3,22.0
plant_height,2023,M1,LI8,3,168.0
head_diameter,2023,M1,LI8,3,17.0
plant_height,2023,M1,LI8,3,160.0
head_diameter,2023,M1,LI8,3,18.0
plant_height,2023,M1,LI8,3,161.0
head_diameter,2023,M1,LI8,3,25.0
plant_height,2023,M1,LI8,3,167.0
head_diameter,2023,M1,LI8,3,23.0
plant_height,2023,M1,LI8,3,170.0
head_diameter,2023,M1,LI8,3,23.0
plant_height,2023,M1,LI8,3,174.0
head_diameter,2023,M1,LI8,3,25.0
plant_height,2023,M1,LI8,3,164.0
head_diameter,2023,M1,LI8,3,21.0
plant_height,2023,M1,LI8,3,157.0
head_diameter,2023,M1,LI8,3,23.0
plant_height,2023,M1,LI9,1,158.0
head_diameter,2023,M1,LI9,1,19.0
plant_height,2023,M1,LI9,1,159.0
head_diameter,2023,M1,LI9,1,21.0
plant_height,2023,M1,LI9,1,158.0
head_diameter,2023,M1,LI9,1,17.0
plant_height,2023,M1,LI9,1,158.0
head_diameter,2023,M1,LI9,1,19.0
plant_height,2023,M1,LI9,1,168.0
head_diameter,2023,M1,LI9,1,17.5
plant_height,2023,M1,LI9,1,163.0
head_diameter,2023,M1,LI9,1,19.0
plant_height,2023,M1,LI9,1,168.0
head_diameter,2023,M1,LI9,1,20.0
plant_height,2023,M1,LI9,1,147.0
head_diameter,2023,M1,LI9,1,20.0
plant_height,2023,M1,LI9,1,146.0
head_diameter,2023,M1,LI9,1,18.5
plant_height,2023,M1,LI9,1,150.0
head_diameter,2023,M1,LI9,1,19.0
plant_height,2023,M1,LI9,2,143.0
head_diameter,2023,M1,LI9,2,18.0
plant_height,2023,M1,LI9,2,145.0
head_diameter,2023,M1,LI9,2,17.0
plant_height,2023,M1,LI9,2,150.0
head_diameter,2023,M1,LI9,2,13.0
plant_height,2023,M1,LI9,2,153.0
head_diameter,2023,M1,LI9,2,16.0
plant_height,2023,M1,LI9,2,143.0
head_diameter,2023,M1,LI9,2,14.5
plant_height,2023,M1,LI9,2,147.0
head_diameter,2023,M1,LI9,2,17.0
plant_height,2023,M1,LI9,2,158.0
head_diameter,2023,M1,LI9,2,13.0
plant_height,2023,M1,LI9,2,145.0
head_diameter,2023,M1,LI9,2,16.0
plant_height,2023,M1,LI9,2,145.0
head_diameter,2023,M1,LI9,2,17.0
plant_height,2023,M1,LI9,2,145.0
head_diameter,2023,M1,LI9,2,16.0
plant_height,2023,M1,LI9,3,142.0
head_diameter,2023,M1,LI9,3,18.0
plant_height,2023,M1,LI9,3,136.0
head_diameter,2023,M1,LI9,3,19.0
plant_height,2023,M1,LI9,3,152.0
head_diameter,2023,M1,LI9,3,14.0
plant_height,2023,M1,LI9,3,152.0
head_diameter,2023,M1,LI9,3,16.0
plant_height,2023,M1,LI9,3,141.0
head_diameter,2023,M1,LI9,3,17.0
plant_height,2023,M1,LI9,3,143.0
head_diameter,2023,M1,LI9,3,19.5
plant_height,2023,M1,LI9,3,148.0
head_diameter,2023,M1,LI9,3,14.0
plant_height,2023,M1,LI9,3,143.0
head_diameter,2023,M1,LI9,3,17.0
plant_height,2023,M1,LI9,3,146.0
head_diameter,2023,M1,LI9,3,12.0
plant_height,2023,M1,LI9,3,148.0
head_diameter,2023,M1,LI9,3,16.0
plant_height,2023,M1,LI10,1,148.0
head_diameter,2023,M1,LI10,1,19.5
plant_height,2023,M1,LI10,1,146.0
head_diameter,2023,M1,LI10,1,16.5
plant_height,2023,M1,LI10,1,137.0
head_diameter,2023,M1,LI10,1,17.0
plant_height,2023,M1,LI10,1,149.0
head_diameter,2023,M1,LI10,1,18.0
plant_height,2023,M1,LI10,1,142.0
head_diameter,2023,M1,LI10,1,15.0
plant_height,2023,M1,LI10,1,145.0
head_diameter,2023,M1,LI10,1,19.0
plant_height,2023,M1,LI10,1,145.0
head_diameter,2023,M1,LI10,1,17.0
plant_height,2023,M1,LI10,1,143.0
head_diameter,2023,M1,LI10,1,16.0
plant_height,2023,M1,LI10,1,142.0
head_diameter,2023,M1,LI10,1,20.0
plant_height,2023,M1,LI10,1,136.0
head_diameter,2023,M1,LI10,1,14.0
plant_height,2023,M1,LI10,2,134.0
head_diameter,2023,M1,LI10,2,14.0
plant_height,2023,M1,LI10,2,148.0
head_diameter,2023,M1,LI10,2,17.0
plant_height,2023,M1,LI10,2,147.0
head_diameter,2023,M1,LI10,2,15.5
plant_height,2023,M1,LI10,2,153.0
head_diameter,2023,M1,LI10,2,18.0
plant_height,2023,M1,LI10,2,145.0
head_diameter,2023,M1,LI10,2,15.0
plant_height,2023,M1,LI10,2,144.0
head_diameter,2023,M1,LI10,2,15.0
plant_height,2023,M1,LI10,2,149.0
head_diameter,2023,M1,LI10,2,15.5
plant_height,2023,M1,LI10,2,149.0
head_diameter,2023,M1,LI10,2,15.0
plant_height,2023,M1,LI10,2,154.0
head_diameter,2023,M1,LI10,2,16.0
plant_height,2023,M1,LI10,2,153.0
head_diameter,2023,M1,LI10,2,15.0
plant_height,2023,M1,LI10,3,153.0
head_diameter,2023,M1,LI10,3,17.0
plant_height,2023,M1,LI10,3,152.0
head_diameter,2023,M1,LI10,3,16.0
plant_height,2023,M1,LI10,3,149.0
head_diameter,2023,M1,LI10,3,15.0
plant_height,2023,M1,LI10,3,145.0
head_diameter,2023,M1,LI10,3,18.0
plant_height,2023,M1,LI10,3,146.0
head_diameter,2023,M1,LI10,3,15.5
plant_height,2023,M1,LI10,3,139.0
head_diameter,2023,M1,LI10,3,12.0
plant_height,2023,M1,LI10,3,153.0
head_diameter,2023,M1,LI10,3,18.0
plant_height,2023,M1,LI10,3,151.0
head_diameter,2023,M1,LI10,3,15.0
plant_height,2023,M1,LI10,3,152.0
head_diameter,2023,M1,LI10,3,16.0
plant_height,2023,M1,LI10,3,141.0
head_diameter,2023,M1,LI10,3,17.0
plant_height,2023,M1,LI11,1,172.0
head_diameter,2023,M1,LI11,1,20.0
plant_height,2023,M1,LI11,1,159.0
head_diameter,2023,M1,LI11,1,21.0
plant_height,2023,M1,LI11,1,155.0
head_diameter,2023,M1,LI11,1,17.0
plant_height,2023,M1,LI11,1,159.0
head_diameter,2023,M1,LI11,1,21.0
plant_height,2023,M1,LI11,1,175.0
head_diameter,2023,M1,LI11,1,18.0
plant_height,2023,M1,LI11,1,162.0
head_diameter,2023,M1,LI11,1,22.0
plant_height,2023,M1,LI11,1,168.0
head_diameter,2023,M1,LI11,1,16.0
plant_height,2023,M1,LI11,1,164.0
head_diameter,2023,M1,LI11,1,23.0
plant_height,2023,M1,LI11,1,175.0
head_diameter,2023,M1,LI11,1,19.0
plant_height,2023,M1,LI11,1,169.0
head_diameter,2023,M1,LI11,1,22.0
plant_height,2023,M1,LI11,1,163.0
head_diameter,2023,M1,LI11,1,17.0
plant_height,2023,M1,LI11,1,160.0
head_diameter,2023,M1,LI11,1,20.0
plant_height,2023,M1,LI11,1,167.0
head_diameter,2023,M1,LI11,1,24.0
plant_height,2023,M1,LI11,1,174.0
head_diameter,2023,M1,LI11,1,20.0
plant_height,2023,M1,LI11,1,173.0
head_diameter,2023,M1,LI11,1,20.0
plant_height,2023,M1,LI11,2,156.0
head_diameter,2023,M1,LI11,2,20.0
plant_height,2023,M1,LI11,2,159.0
head_diameter,2023,M1,LI11,2,20.0
plant_height,2023,M1,LI11,2,165.0
head_diameter,2023,M1,LI11,2,18.0
plant_height,2023,M1,LI11,2,159.0
head_diameter,2023,M1,LI11,2,17.0
plant_height,2023,M1,LI11,2,159.0
head_diameter,2023,M1,LI11,2,20.0
plant_height,2023,M1,LI11,2,161.0
head_diameter,2023,M1,LI11,2,19.0
plant_height,2023,M1,LI11,2,157.0
head_diameter,2023,M1,LI11,2,14.0
plant_height,2023,M1,LI11,2,162.0
head_diameter,2023,M1,LI11,2,20.0
plant_height,2023,M1,LI11,2,151.0
head_diameter,2023,M1,LI11,2,14.0
plant_height,2023,M1,LI11,2,150.0
head_diameter,2023,M1,LI11,2,22.0
plant_height,2023,M1,LI11,2,152.0
head_diameter,2023,M1,LI11,2,20.0
plant_height,2023,M1,LI11,2,161.0
head_diameter,2023,M1,LI11,2,19.0
plant_height,2023,M1,LI11,2,158.0
head_diameter,2023,M1,LI11,2,20.0
plant_height,2023,M1,LI11,2,167.0
head_diameter,2023,M1,LI11,2,17.0
plant_height,2023,M1,LI11,2,171.0
head_diameter,2023,M1,LI11,2,18.0
plant_height,2023,M1,LI11,3,153.0
head_diameter,2023,M1,LI11,3,21.0
plant_height,2023,M1,LI11,3,165.0
head_diameter,2023,M1,LI11,3,19.0
plant_height,2023,M1,LI11,3,154.0
head_diameter,2023,M1,LI11,3,19.0
plant_height,2023,M1,LI11,3,156.0
head_diameter,2023,M1,LI11,3,18.0
plant_height,2023,M1,LI11,3,163.0
head_diameter,2023,M1,LI11,3,16.0
plant_height,2023,M1,LI11,3,159.0
head_diameter,2023,M1,LI11,3,16.0
plant_height,2023,M1,LI11,3,164.0
head_diameter,2023,M1,LI11,3,22.0
plant_height,2023,M1,LI11,3,161.0
head_diameter,2023,M1,LI11,3,20.0
plant_height,2023,M1,LI11,3,155.0
head_diameter,2023,M1,LI11,3,17.0
plant_height,2023,M1,LI11,3,162.0
head_diameter,2023,M1,LI11,3,16.0
plant_height,2023,M1,LI11,3,162.0
head_diameter,2023,M1,LI11,3,17.0
plant_height,2023,M1,LI11,3,159.0
head_diameter,2023,M1,LI11,3,18.0
plant_height,2023,M1,LI11,3,161.0
head_diameter,2023,M1,LI11,3,19.0
plant_height,2023,M1,LI11,3,161.0
head_diameter,2023,M1,LI11,3,22.0
plant_height,2023,M1,LI11,3,161.0
head_diameter,2023,M1,LI11,3,14.0
plant_height,2023,M1,LI12,1,182.0
head_diameter,2023,M1,LI12,1,18.0
plant_height,2023,M1,LI12,1,190.0
head_diameter,2023,M1,LI12,1,18.0
plant_height,2023,M1,LI12,1,184.0
head_diameter,2023,M1,LI12,1,20.0
plant_height,2023,M1,LI12,1,179.0
head_diameter,2023,M1,LI12,1,16.0
plant_height,2023,M1,LI12,1,188.0
head_diameter,2023,M1,LI12,1,20.5
plant_height,2023,M1,LI12,1,177.0
head_diameter,2023,M1,LI12,1,18.5
plant_height,2023,M1,LI12,1,198.0
head_diameter,2023,M1,LI12,1,19.0
plant_height,2023,M1,LI12,1,181.0
head_diameter,2023,M1,LI12,1,23.0
plant_height,2023,M1,LI12,1,192.0
head_diameter,2023,M1,LI12,1,13.0
plant_height,2023,M1,LI12,1,184.0
head_diameter,2023,M1,LI12,1,20.0
plant_height,2023,M1,LI12,2,180.0
head_diameter,2023,M1,LI12,2,18.5
plant_height,2023,M1,LI12,2,187.0
head_diameter,2023,M1,LI12,2,20.0
plant_height,2023,M1,LI12,2,186.0
head_diameter,2023,M1,LI12,2,20.0
plant_height,2023,M1,LI12,2,178.0
head_diameter,2023,M1,LI12,2,20.0
plant_height,2023,M1,LI12,2,167.0
head_diameter,2023,M1,LI12,2,17.0
plant_height,2023,M1,LI12,2,157.0
head_diameter,2023,M1,LI12,2,23.5
plant_height,2023,M1,LI12,2,167.0
head_diameter,2023,M1,LI12,2,18.0
plant_height,2023,M1,LI12,2,172.0
head_diameter,2023,M1,LI12,2,19.5
plant_height,2023,M1,LI12,2,172.0
head_diameter,2023,M1,LI12,2,22.0
plant_height,2023,M1,LI12,2,180.0
head_diameter,2023,M1,LI12,2,23.0
plant_height,2023,M1,LI12,3,185.0
head_diameter,2023,M1,LI12,3,24.0
plant_height,2023,M1,LI12,3,186.0
head_diameter,2023,M1,LI12,3,18.0
plant_height,2023,M1,LI12,3,187.0
head_diameter,2023,M1,LI12,3,25.0
plant_height,2023,M1,LI12,3,178.0
head_diameter,2023,M1,LI12,3,23.0
plant_height,2023,M1,LI12,3,188.0
head_diameter,2023,M1,LI12,3,18.5
plant_height,2023,M1,LI12,3,179.0
head_diameter,2023,M1,LI12,3,17.0
plant_height,2023,M1,LI12,3,184.0
head_diameter,2023,M1,LI12,3,13.5
plant_height,2023,M1,LI12,3,181.0
head_diameter,2023,M1,LI12,3,19.0
plant_height,2023,M1,LI12,3,190.0
head_diameter,2023,M1,LI12,3,22.0
plant_height,2023,M1,LI12,3,183.0
head_diameter,2023,M1,LI12,3,21.0
plant_height,2023,M1,LI13,1,171.0
head_diameter,2023,M1,LI13,1,20.0
plant_height,2023,M1,LI13,1,172.0
head_diameter,2023,M1,LI13,1,17.0
plant_height,2023,M1,LI13,1,163.0
head_diameter,2023,M1,LI13,1,25.0
plant_height,2023,M1,LI13,1,170.0
head_diameter,2023,M1,LI13,1,21.0
plant_height,2023,M1,LI13,1,170.0
head_diameter,2023,M1,LI13,1,17.0
plant_height,2023,M1,LI13,1,162.0
head_diameter,2023,M1,LI13,1,21.0
plant_height,2023,M1,LI13,1,185.0
head_diameter,2023,M1,LI13,1,21.0
plant_height,2023,M1,LI13,1,180.0
head_diameter,2023,M1,LI13,1,20.0
plant_height,2023,M1,LI13,1,173.0
head_diameter,2023,M1,LI13,1,23.0
plant_height,2023,M1,LI13,1,163.0
head_diameter,2023,M1,LI13,1,24.0
plant_height,2023,M1,LI13,1,171.0
head_diameter,2023,M1,LI13,1,19.0
plant_height,2023,M1,LI13,1,161.0
head_diameter,2023,M1,LI13,1,19.0
plant_height,2023,M1,LI13,1,170.0
head_diameter,2023,M1,LI13,1,14.0
plant_height,2023,M1,LI13,1,150.0
head_diameter,2023,M1,LI13,1,10.0
plant_height,2023,M1,LI13,1,162.0
head_diameter,2023,M1,LI13,1,15.0
plant_height,2023,M1,LI13,2,155.0
head_diameter,2023,M1,LI13,2,15.0
plant_height,2023,M1,LI13,2,162.0
head_diameter,2023,M1,LI13,2,16.0
plant_height,2023,M1,LI13,2,161.0
head_diameter,2023,M1,LI13,2,16.0
plant_height,2023,M1,LI13,2,153.0
head_diameter,2023,M1,LI13,2,12.0
plant_height,2023,M1,LI13,2,149.0
head_diameter,2023,M1,LI13,2,15.0
plant_height,2023,M1,LI13,2,165.0
head_diameter,2023,M1,LI13,2,17.0
plant_height,2023,M1,LI13,2,157.0
head_diameter,2023,M1,LI13,2,14.0
plant_height,2023,M1,LI13,2,156.0
head_diameter,2023,M1,LI13,2,20.0
plant_height,2023,M1,LI13,2,151.0
head_diameter,2023,M1,LI13,2,22.0
plant_height,2023,M1,LI13,2,154.0
head_diameter,2023,M1,LI13,2,15.0
plant_height,2023,M1,LI13,2,172.0
head_diameter,2023,M1,LI13,2,21.0
plant_height,2023,M1,LI13,2,167.0
head_diameter,2023,M1,LI13,2,17.0
plant_height,2023,M1,LI13,2,172.0
head_diameter,2023,M1,LI13,2,20.0
plant_height,2023,M1,LI13,2,174.0
head_diameter,2023,M1,LI13,2,22.0
plant_height,2023,M1,LI13,2,162.0
head_diameter,2023,M1,LI13,2,16.0
plant_height,2023,M1,LI13,3,154.0
head_diameter,2023,M1,LI13,3,21.0
plant_height,2023,M1,LI13,3,164.0
head_diameter,2023,M1,LI13,3,20.0
plant_height,2023,M1,LI13,3,162.0
head_diameter,2023,M1,LI13,3,22.0
plant_height,2023,M1,LI13,3,172.0
head_diameter,2023,M1,LI13,3,23.0
plant_height,2023,M1,LI13,3,165.0
head_diameter,2023,M1,LI13,3,19.0
plant_height,2023,M1,LI13,3,167.0
head_diameter,2023,M1,LI13,3,16.0
plant_height,2023,M1,LI13,3,171.0
head_diameter,2023,M1,LI13,3,17.0
plant_height,2023,M1,LI13,3,170.0
head_diameter,2023,M1,LI13,3,17.0
plant_height,2023,M1,LI13,3,172.0
head_diameter,2023,M1,LI13,3,21.0
plant_height,2023,M1,LI13,3,163.0
head_diameter,2023,M1,LI13,3,19.0
plant_height,2023,M1,LI13,3,180.0
head_diameter,2023,M1,LI13,3,18.0
plant_height,2023,M1,LI13,3,169.0
head_diameter,2023,M1,LI13,3,18.0
plant_height,2023,M1,LI13,3,165.0
head_diameter,2023,M1,LI13,3,22.0
plant_height,2023,M1,LI13,3,178.0
head_diameter,2023,M1,LI13,3,24.0
plant_height,2023,M1,LI13,3,186.0
head_diameter,2023,M1,LI13,3,18.0
plant_height,2023,M1,LI14,1,178.0
head_diameter,2023,M1,LI14,1,21.0
plant_height,2023,M1,LI14,1,182.0
head_diameter,2023,M1,LI14,1,20.5
plant_height,2023,M1,LI14,1,178.0
head_diameter,2023,M1,LI14,1,21.5
plant_height,2023,M1,LI14,1,185.0
head_diameter,2023,M1,LI14,1,24.5
plant_height,2023,M1,LI14,1,192.0
head_diameter,2023,M1,LI14,1,20.0
plant_height,2023,M1,LI14,1,176.0
head_diameter,2023,M1,LI14,1,21.0
plant_height,2023,M1,LI14,1,180.0
head_diameter,2023,M1,LI14,1,24.0
plant_height,2023,M1,LI14,1,189.0
head_diameter,2023,M1,LI14,1,21.0
plant_height,2023,M1,LI14,1,179.0
head_diameter,2023,M1,LI14,1,18.0
plant_height,2023,M1,LI14,1,173.0
head_diameter,2023,M1,LI14,1,20.0
plant_height,2023,M1,LI14,1,176.0
head_diameter,2023,M1,LI14,1,21.5
plant_height,2023,M1,LI14,1,178.0
head_diameter,2023,M1,LI14,1,22.0
plant_height,2023,M1,LI14,1,173.0
head_diameter,2023,M1,LI14,1,20.0
plant_height,2023,M1,LI14,1,180.0
head_diameter,2023,M1,LI14,1,19.0
plant_height,2023,M1,LI14,1,175.0
head_diameter,2023,M1,LI14,1,24.5
plant_height,2023,M1,LI14,2,175.0
head_diameter,2023,M1,LI14,2,20.0
plant_height,2023,M1,LI14,2,178.0
head_diameter,2023,M1,LI14,2,21.0
plant_height,2023,M1,LI14,2,173.0
head_diameter,2023,M1,LI14,2,21.0
plant_height,2023,M1,LI14,2,172.0
head_diameter,2023,M1,LI14,2,23.0
plant_height,2023,M1,LI14,2,172.0
head_diameter,2023,M1,LI14,2,21.0
plant_height,2023,M1,LI14,2,160.0
head_diameter,2023,M1,LI14,2,21.0
plant_height,2023,M1,LI14,2,165.0
head_diameter,2023,M1,LI14,2,14.0
plant_height,2023,M1,LI14,2,171.0
head_diameter,2023,M1,LI14,2,23.0
plant_height,2023,M1,LI14,2,179.0
head_diameter,2023,M1,LI14,2,22.0
plant_height,2023,M1,LI14,2,182.0
head_diameter,2023,M1,LI14,2,22.0
plant_height,2023,M1,LI14,2,176.0
head_diameter,2023,M1,LI14,2,19.0
plant_height,2023,M1,LI14,2,178.0
head_diameter,2023,M1,LI14,2,20.0
plant_height,2023,M1,LI14,2,171.0
head_diameter,2023,M1,LI14,2,17.0
plant_height,2023,M1,LI14,2,164.0
head_diameter,2023,M1,LI14,2,16.0
plant_height,2023,M1,LI14,2,167.0
head_diameter,2023,M1,LI14,2,17.0
plant_height,2023,M1,LI14,3,151.0
head_diameter,2023,M1,LI14,3,19.0
plant_height,2023,M1,LI14,3,180.0
head_diameter,2023,M1,LI14,3,21.0
plant_height,2023,M1,LI14,3,182.0
head_diameter,2023,M1,LI14,3,22.0
plant_height,2023,M1,LI14,3,180.0
head_diameter,2023,M1,LI14,3,22.0
plant_height,2023,M1,LI14,3,180.0
head_diameter,2023,M1,LI14,3,15.0
plant_height,2023,M1,LI14,3,182.0
head_diameter,2023,M1,LI14,3,21.0
plant_height,2023,M1,LI14,3,188.0
head_diameter,2023,M1,LI14,3,25.0
plant_height,2023,M1,LI14,3,184.0
head_diameter,2023,M1,LI14,3,22.0
plant_height,2023,M1,LI14,3,190.0
head_diameter,2023,M1,LI14,3,23.0
plant_height,2023,M1,LI14,3,186.0
head_diameter,2023,M1,LI14,3,23.0
plant_height,2023,M1,LI14,3,171.0
head_diameter,2023,M1,LI14,3,23.0
plant_height,2023,M1,LI14,3,178.0
head_diameter,2023,M1,LI14,3,21.0
plant_height,2023,M1,LI14,3,184.0
head_diameter,2023,M1,LI14,3,19.0
plant_height,2023,M1,LI14,3,190.0
head_diameter,2023,M1,LI14,3,24.0
plant_height,2023,M1,LI14,3,194.0
head_diameter,2023,M1,LI14,3,20.0
plant_height,2023,M1,LI15,1,170.0
head_diameter,2023,M1,LI15,1,22.0
plant_height,2023,M1,LI15,1,175.0
head_diameter,2023,M1,LI15,1,22.0
plant_height,2023,M1,LI15,1,164.0
head_diameter,2023,M1,LI15,1,21.0
plant_height,2023,M1,LI15,1,185.0
head_diameter,2023,M1,LI15,1,20.0
plant_height,2023,M1,LI15,1,173.0
head_diameter,2023,M1,LI15,1,18.0
plant_height,2023,M1,LI15,1,180.0
head_diameter,2023,M1,LI15,1,22.0
plant_height,2023,M1,LI15,1,171.0
head_diameter,2023,M1,LI15,1,16.0
plant_height,2023,M1,LI15,1,175.0
head_diameter,2023,M1,LI15,1,18.0
plant_height,2023,M1,LI15,1,162.0
head_diameter,2023,M1,LI15,1,24.0
plant_height,2023,M1,LI15,1,173.0
head_diameter,2023,M1,LI15,1,20.0
plant_height,2023,M1,LI15,1,170.0
head_diameter,2023,M1,LI15,1,22.0
plant_height,2023,M1,LI15,1,179.0
head_diameter,2023,M1,LI15,1,20.0
plant_height,2023,M1,LI15,1,176.0
head_diameter,2023,M1,LI15,1,22.0
plant_height,2023,M1,LI15,1,170.0
head_diameter,2023,M1,LI15,1,20.0
plant_height,2023,M1,LI15,1,172.0
head_diameter,2023,M1,LI15,1,21.0
plant_height,2023,M1,LI15,2,156.0
head_diameter,2023,M1,LI15,2,24.0
plant_height,2023,M1,LI15,2,158.0
head_diameter,2023,M1,LI15,2,15.0
plant_height,2023,M1,LI15,2,148.0
head_diameter,2023,M1,LI15,2,16.0
plant_height,2023,M1,LI15,2,157.0
head_diameter,2023,M1,LI15,2,16.0
plant_height,2023,M1,LI15,2,153.0
head_diameter,2023,M1,LI15,2,19.0
plant_height,2023,M1,LI15,2,155.0
head_diameter,2023,M1,LI15,2,21.0
plant_height,2023,M1,LI15,2,153.0
head_diameter,2023,M1,LI15,2,17.0
plant_height,2023,M1,LI15,2,154.0
head_diameter,2023,M1,LI15,2,19.0
plant_height,2023,M1,LI15,2,145.0
head_diameter,2023,M1,LI15,2,15.0
plant_height,2023,M1,LI15,2,149.0
head_diameter,2023,M1,LI15,2,16.0
plant_height,2023,M1,LI15,2,154.0
head_diameter,2023,M1,LI15,2,23.0
plant_height,2023,M1,LI15,2,150.0
head_diameter,2023,M1,LI15,2,18.0
plant_height,2023,M1,LI15,2,139.0
head_diameter,2023,M1,LI15,2,16.0
plant_height,2023,M1,LI15,2,133.0
head_diameter,2023,M1,LI15,2,16.0
plant_height,2023,M1,LI15,2,136.0
head_diameter,2023,M1,LI15,2,13.0
plant_height,2023,M1,LI15,3,168.0
head_diameter,2023,M1,LI15,3,18.0
plant_height,2023,M1,LI15,3,163.0
head_diameter,2023,M1,LI15,3,20.0
plant_height,2023,M1,LI15,3,172.0
head_diameter,2023,M1,LI15,3,19.0
plant_height,2023,M1,LI15,3,175.0
head_diameter,2023,M1,LI15,3,17.0
plant_height,2023,M1,LI15,3,171.0
head_diameter,2023,M1,LI15,3,20.0
plant_height,2023,M1,LI15,3,172.0
head_diameter,2023,M1,LI15,3,17.0
plant_height,2023,M1,LI15,3,167.0
head_diameter,2023,M1,LI15,3,19.0
plant_height,2023,M1,LI15,3,172.0
head_diameter,2023,M1,LI15,3,17.0
plant_height,2023,M1,LI15,3,174.0
head_diameter,2023,M1,LI15,3,18.0
plant_height,2023,M1,LI15,3,183.0
head_diameter,2023,M1,LI15,3,21.0
plant_height,2023,M1,LI15,3,174.0
head_diameter,2023,M1,LI15,3,19.0
plant_height,2023,M1,LI15,3,168.0
head_diameter,2023,M1,LI15,3,19.0
plant_height,2023,M1,LI15,3,172.0
head_diameter,2023,M1,LI15,3,21.0
plant_height,2023,M1,LI15,3,177.0
head_diameter,2023,M1,LI15,3,20.0
plant_height,2023,M1,LI15,3,171.0
head_diameter,2023,M1,LI15,3,21.0
plant_height,2023,M1,LI16,1,180.0
head_diameter,2023,M1,LI16,1,25.0
plant_height,2023,M1,LI16,1,170.0
head_diameter,2023,M1,LI16,1,22.0
plant_height,2023,M1,LI16,1,174.0
head_diameter,2023,M1,LI16,1,22.0
plant_height,2023,M1,LI16,1,177.0
head_diameter,2023,M1,LI16,1,22.0
plant_height,2023,M1,LI16,1,185.0
head_diameter,2023,M1,LI16,1,25.0
plant_height,2023,M1,LI16,1,190.0
head_diameter,2023,M1,LI16,1,26.0
plant_height,2023,M1,LI16,1,177.0
head_diameter,2023,M1,LI16,1,21.0
plant_height,2023,M1,LI16,1,189.0
head_diameter,2023,M1,LI16,1,24.0
plant_height,2023,M1,LI16,1,191.0
head_diameter,2023,M1,LI16,1,21.0
plant_height,2023,M1,LI16,1,179.0
head_diameter,2023,M1,LI16,1,29.0
plant_height,2023,M1,LI16,1,179.0
head_diameter,2023,M1,LI16,1,23.0
plant_height,2023,M1,LI16,1,180.0
head_diameter,2023,M1,LI16,1,19.0
plant_height,2023,M1,LI16,1,165.0
head_diameter,2023,M1,LI16,1,27.0
plant_height,2023,M1,LI16,1,177.0
head_diameter,2023,M1,LI16,1,19.0
plant_height,2023,M1,LI16,1,164.0
head_diameter,2023,M1,LI16,1,17.0
plant_height,2023,M1,LI16,2,139.0
head_diameter,2023,M1,LI16,2,20.0
plant_height,2023,M1,LI16,2,168.0
head_diameter,2023,M1,LI16,2,25.0
plant_height,2023,M1,LI16,2,164.0
head_diameter,2023,M1,LI16,2,25.0
plant_height,2023,M1,LI16,2,148.0
head_diameter,2023,M1,LI16,2,21.0
plant_height,2023,M1,LI16,2,149.0
head_diameter,2023,M1,LI16,2,25.0
plant_height,2023,M1,LI16,2,153.0
head_diameter,2023,M1,LI16,2,16.0
plant_height,2023,M1,LI16,2,162.0
head_diameter,2023,M1,LI16,2,25.0
plant_height,2023,M1,LI16,2,168.0
head_diameter,2023,M1,LI16,2,24.0
plant_height,2023,M1,LI16,2,171.0
head_diameter,2023,M1,LI16,2,26.0
plant_height,2023,M1,LI16,2,169.0
head_diameter,2023,M1,LI16,2,14.0
plant_height,2023,M1,LI16,2,168.0
head_diameter,2023,M1,LI16,2,24.0
plant_height,2023,M1,LI16,2,162.0
head_diameter,2023,M1,LI16,2,20.0
plant_height,2023,M1,LI16,2,154.0
head_diameter,2023,M1,LI16,2,28.0
plant_height,2023,M1,LI16,2,158.0
head_diameter,2023,M1,LI16,2,25.0
plant_height,2023,M1,LI16,2,139.0
head_diameter,2023,M1,LI16,2,22.0
plant_height,2023,M1,LI16,3,161.0
head_diameter,2023,M1,LI16,3,17.0
plant_height,2023,M1,LI16,3,163.0
head_diameter,2023,M1,LI16,3,19.0
plant_height,2023,M1,LI16,3,161.0
head_diameter,2023,M1,LI16,3,21.0
plant_height,2023,M1,LI16,3,172.0
head_diameter,2023,M1,LI16,3,26.0
plant_height,2023,M1,LI16,3,169.0
head_diameter,2023,M1,LI16,3,17.0
plant_height,2023,M1,LI16,3,170.0
head_diameter,2023,M1,LI16,3,24.0
plant_height,2023,M1,LI16,3,181.0
head_diameter,2023,M1,LI16,3,20.0
plant_height,2023,M1,LI16,3,174.0
head_diameter,2023,M1,LI16,3,20.0
plant_height,2023,M1,LI16,3,176.0
head_diameter,2023,M1,LI16,3,26.0
plant_height,2023,M1,LI16,3,177.0
head_diameter,2023,M1,LI16,3,21.0
plant_height,2023,M1,LI16,3,179.0
head_diameter,2023,M1,LI16,3,25.0
plant_height,2023,M1,LI16,3,168.0
head_diameter,2023,M1,LI16,3,25.0
plant_height,2023,M1,LI16,3,177.0
head_diameter,2023,M1,LI16,3,33.0
plant_height,2023,M1,LI16,3,170.0
head_diameter,2023,M1,LI16,3,24.0
plant_height,2023,M1,LI16,3,176.0
head_diameter,2023,M1,LI16,3,25.0
plant_height,2023,M1,LI17,1,188.0
head_diameter,2023,M1,LI17,1,24.0
plant_height,2023,M1,LI17,1,186.0
head_diameter,2023,M1,LI17,1,24.0
plant_height,2023,M1,LI17,1,188.0
head_diameter,2023,M1,LI17,1,22.0
plant_height,2023,M1,LI17,1,177.0
head_diameter,2023,M1,LI17,1,26.0
plant_height,2023,M1,LI17,1,161.0
head_diameter,2023,M1,LI17,1,18.0
plant_height,2023,M1,LI17,1,177.0
head_diameter,2023,M1,LI17,1,17.0
plant_height,2023,M1,LI17,1,184.0
head_diameter,2023,M1,LI17,1,24.0
plant_height,2023,M1,LI17,1,183.0
head_diameter,2023,M1,LI17,1,18.0
plant_height,2023,M1,LI17,1,186.0
head_diameter,2023,M1,LI17,1,17.0
plant_height,2023,M1,LI17,1,178.0
head_diameter,2023,M1,LI17,1,26.0
plant_height,2023,M1,LI17,1,189.0
head_diameter,2023,M1,LI17,1,18.0
plant_height,2023,M1,LI17,1,179.0
head_diameter,2023,M1,LI17,1,22.0
plant_height,2023,M1,LI17,1,192.0
head_diameter,2023,M1,LI17,1,22.0
plant_height,2023,M1,LI17,1,182.0
head_diameter,2023,M1,LI17,1,21.0
plant_height,2023,M1,LI17,1,176.0
head_diameter,2023,M1,LI17,1,22.0
plant_height,2023,M1,LI17,2,163.0
head_diameter,2023,M1,LI17,2,27.0
plant_height,2023,M1,LI17,2,163.0
head_diameter,2023,M1,LI17,2,24.0
plant_height,2023,M1,LI17,2,165.0
head_diameter,2023,M1,LI17,2,21.0
plant_height,2023,M1,LI17,2,148.0
head_diameter,2023,M1,LI17,2,17.0
plant_height,2023,M1,LI17,2,150.0
head_diameter,2023,M1,LI17,2,21.0
plant_height,2023,M1,LI17,2,160.0
head_diameter,2023,M1,LI17,2,20.0
plant_height,2023,M1,LI17,2,164.0
head_diameter,2023,M1,LI17,2,22.0
plant_height,2023,M1,LI17,2,166.0
head_diameter,2023,M1,LI17,2,21.0
plant_height,2023,M1,LI17,2,162.0
head_diameter,2023,M1,LI17,2,19.0
plant_height,2023,M1,LI17,2,165.0
head_diameter,2023,M1,LI17,2,19.0
plant_height,2023,M1,LI17,2,169.0
head_diameter,2023,M1,LI17,2,20.0
plant_height,2023,M1,LI17,2,166.0
head_diameter,2023,M1,LI17,2,21.0
plant_height,2023,M1,LI17,2,164.0
head_diameter,2023,M1,LI17,2,19.0
plant_height,2023,M1,LI17,2,161.0
head_diameter,2023,M1,LI17,2,20.0
plant_height,2023,M1,LI17,2,160.0
head_diameter,2023,M1,LI17,2,18.0
plant_height,2023,M1,LI17,3,182.0
head_diameter,2023,M1,LI17,3,19.0
plant_height,2023,M1,LI17,3,175.0
head_diameter,2023,M1,LI17,3,21.0
plant_height,2023,M1,LI17,3,169.0
head_diameter,2023,M1,LI17,3,18.0
plant_height,2023,M1,LI17,3,183.0
head_diameter,2023,M1,LI17,3,19.0
plant_height,2023,M1,LI17,3,181.0
head_diameter,2023,M1,LI17,3,21.0
plant_height,2023,M1,LI17,3,181.0
head_diameter,2023,M1,LI17,3,18.0
plant_height,2023,M1,LI17,3,184.0
head_diameter,2023,M1,LI17,3,19.0
plant_height,2023,M1,LI17,3,185.0
head_diameter,2023,M1,LI17,3,19.0
plant_height,2023,M1,LI17,3,182.0
head_diameter,2023,M1,LI17,3,22.0
plant_height,2023,M1,LI17,3,190.0
head_diameter,2023,M1,LI17,3,25.0
plant_height,2023,M1,LI17,3,192.0
head_diameter,2023,M1,LI17,3,17.0
plant_height,2023,M1,LI17,3,184.0
head_diameter,2023,M1,LI17,3,16.0
plant_height,2023,M1,LI17,3,193.0
head_diameter,2023,M1,LI17,3,20.0
plant_height,2023,M1,LI17,3,192.0
head_diameter,2023,M1,LI17,3,20.0
plant_height,2023,M1,LI17,3,184.0
head_diameter,2023,M1,LI17,3,17.0
plant_height,2023,M1,LI18,1,191.0
head_diameter,2023,M1,LI18,1,20.0
plant_height,2023,M1,LI18,1,195.0
head_diameter,2023,M1,LI18,1,17.0
plant_height,2023,M1,LI18,1,189.0
head_diameter,2023,M1,LI18,1,22.0
plant_height,2023,M1,LI18,1,192.0
head_diameter,2023,M1,LI18,1,23.5
plant_height,2023,M1,LI18,1,188.0
head_diameter,2023,M1,LI18,1,20.0
plant_height,2023,M1,LI18,1,191.0
head_diameter,2023,M1,LI18,1,24.0
plant_height,2023,M1,LI18,1,178.0
head_diameter,2023,M1,LI18,1,18.0
plant_height,2023,M1,LI18,1,190.0
head_diameter,2023,M1,LI18,1,24.5
plant_height,2023,M1,LI18,1,176.0
head_diameter,2023,M1,LI18,1,26.5
plant_height,2023,M1,LI18,1,184.0
head_diameter,2023,M1,LI18,1,20.0
plant_height,2023,M1,LI18,2,161.0
head_diameter,2023,M1,LI18,2,23.5
plant_height,2023,M1,LI18,2,165.0
head_diameter,2023,M1,LI18,2,16.0
plant_height,2023,M1,LI18,2,163.0
head_diameter,2023,M1,LI18,2,16.0
plant_height,2023,M1,LI18,2,167.0
head_diameter,2023,M1,LI18,2,19.0
plant_height,2023,M1,LI18,2,162.0
head_diameter,2023,M1,LI18,2,15.0
plant_height,2023,M1,LI18,2,164.0
head_diameter,2023,M1,LI18,2,22.0
plant_height,2023,M1,LI18,2,158.0
head_diameter,2023,M1,LI18,2,19.0
plant_height,2023,M1,LI18,2,145.0
head_diameter,2023,M1,LI18,2,17.0
plant_height,2023,M1,LI18,2,153.0
head_diameter,2023,M1,LI18,2,23.0
plant_height,2023,M1,LI18,2,147.0
head_diameter,2023,M1,LI18,2,21.0
plant_height,2023,M1,LI18,3,174.0
head_diameter,2023,M1,LI18,3,20.0
plant_height,2023,M1,LI18,3,175.0
head_diameter,2023,M1,LI18,3,18.0
plant_height,2023,M1,LI18,3,169.0
head_diameter,2023,M1,LI18,3,19.0
plant_height,2023,M1,LI18,3,175.0
head_diameter,2023,M1,LI18,3,17.0
plant_height,2023,M1,LI18,3,182.0
head_diameter,2023,M1,LI18,3,21.0
plant_height,2023,M1,LI18,3,178.0
head_diameter,2023,M1,LI18,3,27.0
plant_height,2023,M1,LI18,3,168.0
head_diameter,2023,M1,LI18,3,22.0
plant_height,2023,M1,LI18,3,180.0
head_diameter,2023,M1,LI18,3,16.0
plant_height,2023,M1,LI18,3,178.0
head_diameter,2023,M1,LI18,3,17.5
plant_height,2023,M1,LI18,3,185.0
head_diameter,2023,M1,LI18,3,18.0
plant_height,2023,M1,LI19,1,177.0
head_diameter,2023,M1,LI19,1,18.5
plant_height,2023,M1,LI19,1,179.0
head_diameter,2023,M1,LI19,1,21.5
plant_height,2023,M1,LI19,1,177.0
head_diameter,2023,M1,LI19,1,15.0
plant_height,2023,M1,LI19,1,183.0
head_diameter,2023,M1,LI19,1,20.0
plant_height,2023,M1,LI19,1,189.0
head_diameter,2023,M1,LI19,1,20.0
plant_height,2023,M1,LI19,1,190.0
head_diameter,2023,M1,LI19,1,20.0
plant_height,2023,M1,LI19,1,183.0
head_diameter,2023,M1,LI19,1,22.5
plant_height,2023,M1,LI19,1,192.0
head_diameter,2023,M1,LI19,1,21.0
plant_height,2023,M1,LI19,1,183.0
head_diameter,2023,M1,LI19,1,23.5
plant_height,2023,M1,LI19,1,173.0
head_diameter,2023,M1,LI19,1,19.0
plant_height,2023,M1,LI19,2,160.0
head_diameter,2023,M1,LI19,2,19.0
plant_height,2023,M1,LI19,2,176.0
head_diameter,2023,M1,LI19,2,20.0
plant_height,2023,M1,LI19,2,180.0
head_diameter,2023,M1,LI19,2,21.0
plant_height,2023,M1,LI19,2,178.0
head_diameter,2023,M1,LI19,2,19.0
plant_height,2023,M1,LI19,2,178.0
head_diameter,2023,M1,LI19,2,23.0
plant_height,2023,M1,LI19,2,159.0
head_diameter,2023,M1,LI19,2,19.0
plant_height,2023,M1,LI19,2,177.0
head_diameter,2023,M1,LI19,2,25.5
plant_height,2023,M1,LI19,2,181.0
head_diameter,2023,M1,LI19,2,19.0
plant_height,2023,M1,LI19,2,171.0
head_diameter,2023,M1,LI19,2,20.0
plant_height,2023,M1,LI19,2,161.0
head_diameter,2023,M1,LI19,2,18.0
plant_height,2023,M1,LI19,3,190.0
head_diameter,2023,M1,LI19,3,20.0
plant_height,2023,M1,LI19,3,186.0
head_diameter,2023,M1,LI19,3,20.5
plant_height,2023,M1,LI19,3,177.0
head_diameter,2023,M1,LI19,3,17.0
plant_height,2023,M1,LI19,3,189.0
head_diameter,2023,M1,LI19,3,20.5
plant_height,2023,M1,LI19,3,182.0
head_diameter,2023,M1,LI19,3,17.0
plant_height,2023,M1,LI19,3,187.0
head_diameter,2023,M1,LI19,3,17.0
plant_height,2023,M1,LI19,3,188.0
head_diameter,2023,M1,LI19,3,23.0
plant_height,2023,M1,LI19,3,188.0
head_diameter,2023,M1,LI19,3,20.0
plant_height,2023,M1,LI19,3,180.0
head_diameter,2023,M1,LI19,3,21.0
plant_height,2023,M1,LI19,3,182.0
head_diameter,2023,M1,LI19,3,23.0
plant_height,2023,M1,LI20,1,182.0
head_diameter,2023,M1,LI20,1,19.5
plant_height,2023,M1,LI20,1,175.0
head_diameter,2023,M1,LI20,1,19.0
plant_height,2023,M1,LI20,1,179.0
head_diameter,2023,M1,LI20,1,25.0
plant_height,2023,M1,LI20,1,187.0
head_diameter,2023,M1,LI20,1,20.5
plant_height,2023,M1,LI20,1,193.0
head_diameter,2023,M1,LI20,1,21.5
plant_height,2023,M1,LI20,1,193.0
head_diameter,2023,M1,LI20,1,18.5
plant_height,2023,M1,LI20,1,198.0
head_diameter,2023,M1,LI20,1,18.5
plant_height,2023,M1,LI20,1,193.0
head_diameter,2023,M1,LI20,1,21.0
plant_height,2023,M1,LI20,1,199.0
head_diameter,2023,M1,LI20,1,19.5
plant_height,2023,M1,LI20,1,197.0
head_diameter,2023,M1,LI20,1,19.0
plant_height,2023,M1,LI20,2,154.0
head_diameter,2023,M1,LI20,2,11.0
plant_height,2023,M1,LI20,2,159.0
head_diameter,2023,M1,LI20,2,11.0
plant_height,2023,M1,LI20,2,169.0
head_diameter,2023,M1,LI20,2,16.0
plant_height,2023,M1,LI20,2,165.0
head_diameter,2023,M1,LI20,2,19.0
plant_height,2023,M1,LI20,2,155.0
head_diameter,2023,M1,LI20,2,14.0
plant_height,2023,M1,LI20,2,148.0
head_diameter,2023,M1,LI20,2,15.5
plant_height,2023,M1,LI20,2,156.0
head_diameter,2023,M1,LI20,2,17.0
plant_height,2023,M1,LI20,2,153.0
head_diameter,2023,M1,LI20,2,16.0
plant_height,2023,M1,LI20,2,153.0
head_diameter,2023,M1,LI20,2,11.0
plant_height,2023,M1,LI20,2,159.0
head_diameter,2023,M1,LI20,2,17.0
plant_height,2023,M1,LI20,3,180.0
head_diameter,2023,M1,LI20,3,15.0
plant_height,2023,M1,LI20,3,174.0
head_diameter,2023,M1,LI20,3,15.0
plant_height,2023,M1,LI20,3,185.0
head_diameter,2023,M1,LI20,3,18.5
plant_height,2023,M1,LI20,3,175.0
head_diameter,2023,M1,LI20,3,12.5
plant_height,2023,M1,LI20,3,188.0
head_diameter,2023,M1,LI20,3,17.0
plant_height,2023,M1,LI20,3,185.0
head_diameter,2023,M1,LI20,3,16.0
plant_height,2023,M1,LI20,3,190.0
head_diameter,2023,M1,LI20,3,19.0
plant_height,2023,M1,LI20,3,190.0
head_diameter,2023,M1,LI20,3,19.5
plant_height,2023,M1,LI20,3,198.0
head_diameter,2023,M1,LI20,3,23.0
plant_height,2023,M1,LI20,3,186.0
head_diameter,2023,M1,LI20,3,14.0
plant_height,2023,M1,LI21,1,183.0
head_diameter,2023,M1,LI21,1,21.0
plant_height,2023,M1,LI21,1,176.0
head_diameter,2023,M1,LI21,1,20.0
plant_height,2023,M1,LI21,1,183.0
head_diameter,2023,M1,LI21,1,16.0
plant_height,2023,M1,LI21,1,178.0
head_diameter,2023,M1,LI21,1,21.0
plant_height,2023,M1,LI21,1,185.0
head_diameter,2023,M1,LI21,1,17.0
plant_height,2023,M1,LI21,1,181.0
head_diameter,2023,M1,LI21,1,18.0
plant_height,2023,M1,LI21,1,179.0
head_diameter,2023,M1,LI21,1,18.5
plant_height,2023,M1,LI21,1,183.0
head_diameter,2023,M1,LI21,1,19.0
plant_height,2023,M1,LI21,1,177.0
head_diameter,2023,M1,LI21,1,19.0
plant_height,2023,M1,LI21,1,175.0
head_diameter,2023,M1,LI21,1,21.0
plant_height,2023,M1,LI21,2,167.0
head_diameter,2023,M1,LI21,2,18.0
plant_height,2023,M1,LI21,2,165.0
head_diameter,2023,M1,LI21,2,15.0
plant_height,2023,M1,LI21,2,151.0
head_diameter,2023,M1,LI21,2,14.0
plant_height,2023,M1,LI21,2,150.0
head_diameter,2023,M1,LI21,2,15.0
plant_height,2023,M1,LI21,2,146.0
head_diameter,2023,M1,LI21,2,13.0
plant_height,2023,M1,LI21,2,150.0
head_diameter,2023,M1,LI21,2,15.0
plant_height,2023,M1,LI21,2,153.0
head_diameter,2023,M1,LI21,2,16.0
plant_height,2023,M1,LI21,2,161.0
head_diameter,2023,M1,LI21,2,13.0
plant_height,2023,M1,LI21,2,158.0
head_diameter,2023,M1,LI21,2,20.5
plant_height,2023,M1,LI21,2,160.0
head_diameter,2023,M1,LI21,2,18.0
plant_height,2023,M1,LI21,3,176.0
head_diameter,2023,M1,LI21,3,22.0
plant_height,2023,M1,LI21,3,184.0
head_diameter,2023,M1,LI21,3,19.0
plant_height,2023,M1,LI21,3,187.0
head_diameter,2023,M1,LI21,3,20.0
plant_height,2023,M1,LI21,3,188.0
head_diameter,2023,M1,LI21,3,17.5
plant_height,2023,M1,LI21,3,191.0
head_diameter,2023,M1,LI21,3,19.5
plant_height,2023,M1,LI21,3,188.0
head_diameter,2023,M1,LI21,3,19.5
plant_height,2023,M1,LI21,3,197.0
head_diameter,2023,M1,LI21,3,20.5
plant_height,2023,M1,LI21,3,191.0
head_diameter,2023,M1,LI21,3,20.0
plant_height,2023,M1,LI21,3,189.0
head_diameter,2023,M1,LI21,3,17.5
plant_height,2023,M1,LI21,3,193.0
head_diameter,2023,M1,LI21,3,18.0
plant_height,2023,M1,LI22,1,145.0
head_diameter,2023,M1,LI22,1,17.0
plant_height,2023,M1,LI22,1,150.0
head_diameter,2023,M1,LI22,1,16.0
plant_height,2023,M1,LI22,1,154.0
head_diameter,2023,M1,LI22,1,13.0
plant_height,2023,M1,LI22,1,157.0
head_diameter,2023,M1,LI22,1,14.5
plant_height,2023,M1,LI22,1,170.0
head_diameter,2023,M1,LI22,1,19.0
plant_height,2023,M1,LI22,1,168.0
head_diameter,2023,M1,LI22,1,16.0
plant_height,2023,M1,LI22,1,169.0
head_diameter,2023,M1,LI22,1,18.0
plant_height,2023,M1,LI22,1,172.0
head_diameter,2023,M1,LI22,1,19.0
plant_height,2023,M1,LI22,1,175.0
head_diameter,2023,M1,LI22,1,17.0
plant_height,2023,M1,LI22,1,177.0
head_diameter,2023,M1,LI22,1,17.0
plant_height,2023,M1,LI22,2,144.0
head_diameter,2023,M1,LI22,2,14.0
plant_height,2023,M1,LI22,2,141.0
head_diameter,2023,M1,LI22,2,12.0
plant_height,2023,M1,LI22,2,140.0
head_diameter,2023,M1,LI22,2,19.0
plant_height,2023,M1,LI22,2,146.0
head_diameter,2023,M1,LI22,2,15.0
plant_height,2023,M1,LI22,2,147.0
head_diameter,2023,M1,LI22,2,16.0
plant_height,2023,M1,LI22,2,149.0
head_diameter,2023,M1,LI22,2,16.0
plant_height,2023,M1,LI22,2,151.0
head_diameter,2023,M1,LI22,2,19.0
plant_height,2023,M1,LI22,2,150.0
head_diameter,2023,M1,LI22,2,14.0
plant_height,2023,M1,LI22,2,141.0
head_diameter,2023,M1,LI22,2,14.5
plant_height,2023,M1,LI22,2,148.0
head_diameter,2023,M1,LI22,2,18.0
plant_height,2023,M1,LI22,3,172.0
head_diameter,2023,M1,LI22,3,22.0
plant_height,2023,M1,LI22,3,181.0
head_diameter,2023,M1,LI22,3,18.0
plant_height,2023,M1,LI22,3,176.0
head_diameter,2023,M1,LI22,3,18.0
plant_height,2023,M1,LI22,3,177.0
head_diameter,2023,M1,LI22,3,13.5
plant_height,2023,M1,LI22,3,174.0
head_diameter,2023,M1,LI22,3,17.5
plant_height,2023,M1,LI22,3,178.0
head_diameter,2023,M1,LI22,3,21.0
plant_height,2023,M1,LI22,3,178.0
head_diameter,2023,M1,LI22,3,19.5
plant_height,2023,M1,LI22,3,180.0
head_diameter,2023,M1,LI22,3,19.0
plant_height,2023,M1,LI22,3,168.0
head_diameter,2023,M1,LI22,3,15.0
plant_height,2023,M1,LI22,3,167.0
head_diameter,2023,M1,LI22,3,18.0
plant_height,2023,M1,LI23,1,180.0
head_diameter,2023,M1,LI23,1,17.0
plant_height,2023,M1,LI23,1,175.0
head_diameter,2023,M1,LI23,1,20.0
plant_height,2023,M1,LI23,1,181.0
head_diameter,2023,M1,LI23,1,21.0
plant_height,2023,M1,LI23,1,182.0
head_diameter,2023,M1,LI23,1,17.0
plant_height,2023,M1,LI23,1,182.0
head_diameter,2023,M1,LI23,1,17.0
plant_height,2023,M1,LI23,1,186.0
head_diameter,2023,M1,LI23,1,19.0
plant_height,2023,M1,LI23,1,179.0
head_diameter,2023,M1,LI23,1,20.0
plant_height,2023,M1,LI23,1,180.0
head_diameter,2023,M1,LI23,1,19.0
plant_height,2023,M1,LI23,1,176.0
head_diameter,2023,M1,LI23,1,20.0
plant_height,2023,M1,LI23,1,169.0
head_diameter,2023,M1,LI23,1,20.0
plant_height,2023,M1,LI23,2,169.0
head_diameter,2023,M1,LI23,2,20.0
plant_height,2023,M1,LI23,2,168.0
head_diameter,2023,M1,LI23,2,20.0
plant_height,2023,M1,LI23,2,173.0
head_diameter,2023,M1,LI23,2,20.0
plant_height,2023,M1,LI23,2,169.0
head_diameter,2023,M1,LI23,2,16.0
plant_height,2023,M1,LI23,2,168.0
head_diameter,2023,M1,LI23,2,17.0
plant_height,2023,M1,LI23,2,165.0
head_diameter,2023,M1,LI23,2,18.0
plant_height,2023,M1,LI23,2,163.0
head_diameter,2023,M1,LI23,2,16.0
plant_height,2023,M1,LI23,2,174.0
head_diameter,2023,M1,LI23,2,17.0
plant_height,2023,M1,LI23,2,171.0
head_diameter,2023,M1,LI23,2,18.0
plant_height,2023,M1,LI23,2,168.0
head_diameter,2023,M1,LI23,2,19.0
plant_height,2023,M1,LI23,3,167.0
head_diameter,2023,M1,LI23,3,20.0
plant_height,2023,M1,LI23,3,168.0
head_diameter,2023,M1,LI23,3,21.0
plant_height,2023,M1,LI23,3,174.0
head_diameter,2023,M1,LI23,3,19.0
plant_height,2023,M1,LI23,3,177.0
head_diameter,2023,M1,LI23,3,18.0
plant_height,2023,M1,LI23,3,177.0
head_diameter,2023,M1,LI23,3,21.5
plant_height,2023,M1,LI23,3,170.0
head_diameter,2023,M1,LI23,3,13.0
plant_height,2023,M1,LI23,3,169.0
head_diameter,2023,M1,LI23,3,17.0
plant_height,2023,M1,LI23,3,162.0
head_diameter,2023,M1,LI23,3,19.0
plant_height,2023,M1,LI23,3,165.0
head_diameter,2023,M1,LI23,3,15.0
plant_height,2023,M1,LI23,3,183.0
head_diameter,2023,M1,LI23,3,20.0
plant_height,2023,M1,LI24,1,159.0
head_diameter,2023,M1,LI24,1,17.0
plant_height,2023,M1,LI24,1,163.0
head_diameter,2023,M1,LI24,1,18.0
plant_height,2023,M1,LI24,1,158.0
head_diameter,2023,M1,LI24,1,17.0
plant_height,2023,M1,LI24,1,164.0
head_diameter,2023,M1,LI24,1,25.0
plant_height,2023,M1,LI24,1,170.0
head_diameter,2023,M1,LI24,1,21.0
plant_height,2023,M1,LI24,1,164.0
head_diameter,2023,M1,LI24,1,22.0
plant_height,2023,M1,LI24,1,160.0
head_diameter,2023,M1,LI24,1,21.0
plant_height,2023,M1,LI24,1,166.0
head_diameter,2023,M1,LI24,1,22.0
plant_height,2023,M1,LI24,1,161.0
head_diameter,2023,M1,LI24,1,18.0
plant_height,2023,M1,LI24,1,169.0
head_diameter,2023,M1,LI24,1,23.0
plant_height,2023,M1,LI24,1,170.0
head_diameter,2023,M1,LI24,1,18.0
plant_height,2023,M1,LI24,1,170.0
head_diameter,2023,M1,LI24,1,19.0
plant_height,2023,M1,LI24,1,179.0
head_diameter,2023,M1,LI24,1,21.0
plant_height,2023,M1,LI24,1,178.0
head_diameter,2023,M1,LI24,1,18.0
plant_height,2023,M1,LI24,1,175.0
head_diameter,2023,M1,LI24,1,20.0
plant_height,2023,M1,LI24,2,151.0
head_diameter,2023,M1,LI24,2,15.0
plant_height,2023,M1,LI24,2,159.0
head_diameter,2023,M1,LI24,2,19.0
plant_height,2023,M1,LI24,2,165.0
head_diameter,2023,M1,LI24,2,22.0
plant_height,2023,M1,LI24,2,165.0
head_diameter,2023,M1,LI24,2,23.0
plant_height,2023,M1,LI24,2,172.0
head_diameter,2023,M1,LI24,2,20.0
plant_height,2023,M1,LI24,2,161.0
head_diameter,2023,M1,LI24,2,17.0
plant_height,2023,M1,LI24,2,165.0
head_diameter,2023,M1,LI24,2,27.0
plant_height,2023,M1,LI24,2,167.0
head_diameter,2023,M1,LI24,2,18.0
plant_height,2023,M1,LI24,2,163.0
head_diameter,2023,M1,LI24,2,24.0
plant_height,2023,M1,LI24,2,157.0
head_diameter,2023,M1,LI24,2,19.0
plant_height,2023,M1,LI24,2,159.0
head_diameter,2023,M1,LI24,2,20.0
plant_height,2023,M1,LI24,2,158.0
head_diameter,2023,M1,LI24,2,17.0
plant_height,2023,M1,LI24,2,159.0
head_diameter,2023,M1,LI24,2,15.0
plant_height,2023,M1,LI24,2,156.0
head_diameter,2023,M1,LI24,2,17.0
plant_height,2023,M1,LI24,2,157.0
head_diameter,2023,M1,LI24,2,18.0
plant_height,2023,M1,LI24,3,157.0
head_diameter,2023,M1,LI24,3,23.0
plant_height,2023,M1,LI24,3,152.0
head_diameter,2023,M1,LI24,3,23.0
plant_height,2023,M1,LI24,3,154.0
head_diameter,2023,M1,LI24,3,15.0
plant_height,2023,M1,LI24,3,149.0
head_diameter,2023,M1,LI24,3,12.0
plant_height,2023,M1,LI24,3,158.0
head_diameter,2023,M1,LI24,3,22.0
plant_height,2023,M1,LI24,3,168.0
head_diameter,2023,M1,LI24,3,18.0
plant_height,2023,M1,LI24,3,166.0
head_diameter,2023,M1,LI24,3,21.0
plant_height,2023,M1,LI24,3,158.0
head_diameter,2023,M1,LI24,3,23.0
plant_height,2023,M1,LI24,3,172.0
head_diameter,2023,M1,LI24,3,22.0
plant_height,2023,M1,LI24,3,171.0
head_diameter,2023,M1,LI24,3,18.0
plant_height,2023,M1,LI24,3,168.0
head_diameter,2023,M1,LI24,3,21.0
plant_height,2023,M1,LI24,3,170.0
head_diameter,2023,M1,LI24,3,26.0
plant_height,2023,M1,LI24,3,163.0
head_diameter,2023,M1,LI24,3,22.0
plant_height,2023,M1,LI24,3,168.0
head_diameter,2023,M1,LI24,3,17.0
plant_height,2023,M1,LI24,3,157.0
head_diameter,2023,M1,LI24,3,24.0
plant_height,2023,M1,LI25,1,161.0
head_diameter,2023,M1,LI25,1,21.0
plant_height,2023,M1,LI25,1,159.0
head_diameter,2023,M1,LI25,1,17.0
plant_height,2023,M1,LI25,1,151.0
head_diameter,2023,M1,LI25,1,14.0
plant_height,2023,M1,LI25,1,146.0
head_diameter,2023,M1,LI25,1,16.0
plant_height,2023,M1,LI25,1,166.0
head_diameter,2023,M1,LI25,1,22.0
plant_height,2023,M1,LI25,1,156.0
head_diameter,2023,M1,LI25,1,15.0
plant_height,2023,M1,LI25,1,160.0
head_diameter,2023,M1,LI25,1,13.0
plant_height,2023,M1,LI25,1,172.0
head_diameter,2023,M1,LI25,1,17.0
plant_height,2023,M1,LI25,1,174.0
head_diameter,2023,M1,LI25,1,18.0
plant_height,2023,M1,LI25,1,167.0
head_diameter,2023,M1,LI25,1,15.0
plant_height,2023,M1,LI25,2,158.0
head_diameter,2023,M1,LI25,2,17.0
plant_height,2023,M1,LI25,2,162.0
head_diameter,2023,M1,LI25,2,19.0
plant_height,2023,M1,LI25,2,168.0
head_diameter,2023,M1,LI25,2,17.0
plant_height,2023,M1,LI25,2,157.0
head_diameter,2023,M1,LI25,2,18.0
plant_height,2023,M1,LI25,2,157.0
head_diameter,2023,M1,LI25,2,17.0
plant_height,2023,M1,LI25,2,161.0
head_diameter,2023,M1,LI25,2,16.5
plant_height,2023,M1,LI25,2,160.0
head_diameter,2023,M1,LI25,2,15.0
plant_height,2023,M1,LI25,2,176.0
head_diameter,2023,M1,LI25,2,21.0
plant_height,2023,M1,LI25,2,169.0
head_diameter,2023,M1,LI25,2,18.0
plant_height,2023,M1,LI25,2,173.0
head_diameter,2023,M1,LI25,2,17.0
plant_height,2023,M1,LI25,3,175.0
head_diameter,2023,M1,LI25,3,21.0
plant_height,2023,M1,LI25,3,182.0
head_diameter,2023,M1,LI25,3,16.0
plant_height,2023,M1,LI25,3,176.0
head_diameter,2023,M1,LI25,3,19.0
plant_height,2023,M1,LI25,3,175.0
head_diameter,2023,M1,LI25,3,16.0
plant_height,2023,M1,LI25,3,173.0
head_diameter,2023,M1,LI25,3,16.0
plant_height,2023,M1,LI25,3,178.0
head_diameter,2023,M1,LI25,3,16.0
plant_height,2023,M1,LI25,3,182.0
head_diameter,2023,M1,LI25,3,16.0
plant_height,2023,M1,LI25,3,174.0
head_diameter,2023,M1,LI25,3,15.0
plant_height,2023,M1,LI25,3,173.0
head_diameter,2023,M1,LI25,3,20.0
plant_height,2023,M1,LI25,3,172.0
head_diameter,2023,M1,LI25,3,20.0
plant_height,2023,M1,LI26,1,159.0
head_diameter,2023,M1,LI26,1,19.5
plant_height,2023,M1,LI26,1,154.0
head_diameter,2023,M1,LI26,1,18.0
plant_height,2023,M1,LI26,1,164.0
head_diameter,2023,M1,LI26,1,13.0
plant_height,2023,M1,LI26,1,171.0
head_diameter,2023,M1,LI26,1,19.0
plant_height,2023,M1,LI26,1,161.0
head_diameter,2023,M1,LI26,1,17.0
plant_height,2023,M1,LI26,1,156.0
head_diameter,2023,M1,LI26,1,16.0
plant_height,2023,M1,LI26,1,156.0
head_diameter,2023,M1,LI26,1,15.5
plant_height,2023,M1,LI26,1,147.0
head_diameter,2023,M1,LI26,1,21.5
plant_height,2023,M1,LI26,1,158.0
head_diameter,2023,M1,LI26,1,19.0
plant_height,2023,M1,LI26,1,165.0
head_diameter,2023,M1,LI26,1,17.0
plant_height,2023,M1,LI26,2,164.0
head_diameter,2023,M1,LI26,2,16.0
plant_height,2023,M1,LI26,2,163.0
head_diameter,2023,M1,LI26,2,17.0
plant_height,2023,M1,LI26,2,163.0
head_diameter,2023,M1,LI26,2,14.0
plant_height,2023,M1,LI26,2,168.0
head_diameter,2023,M1,LI26,2,17.0
plant_height,2023,M1,LI26,2,158.0
head_diameter,2023,M1,LI26,2,15.0
plant_height,2023,M1,LI26,2,161.0
head_diameter,2023,M1,LI26,2,17.0
plant_height,2023,M1,LI26,2,163.0
head_diameter,2023,M1,LI26,2,16.0
plant_height,2023,M1,LI26,2,169.0
head_diameter,2023,M1,LI26,2,16.0
plant_height,2023,M1,LI26,2,161.0
head_diameter,2023,M1,LI26,2,18.0
plant_height,2023,M1,LI26,2,151.0
head_diameter,2023,M1,LI26,2,16.0
plant_height,2023,M1,LI26,3,161.0
head_diameter,2023,M1,LI26,3,17.0
plant_height,2023,M1,LI26,3,166.0
head_diameter,2023,M1,LI26,3,17.5
plant_height,2023,M1,LI26,3,151.0
head_diameter,2023,M1,LI26,3,17.0
plant_height,2023,M1,LI26,3,153.0
head_diameter,2023,M1,LI26,3,17.0
plant_height,2023,M1,LI26,3,151.0
head_diameter,2023,M1,LI26,3,17.0
plant_height,2023,M1,LI26,3,153.0
head_diameter,2023,M1,LI26,3,17.0
plant_height,2023,M1,LI26,3,159.0
head_diameter,2023,M1,LI26,3,18.0
plant_height,2023,M1,LI26,3,155.0
head_diameter,2023,M1,LI26,3,18.0
plant_height,2023,M1,LI26,3,156.0
head_diameter,2023,M1,LI26,3,20.0
plant_height,2023,M1,LI26,3,158.0
head_diameter,2023,M1,LI26,3,16.0
plant_height,2023,M1,LI27,1,152.0
head_diameter,2023,M1,LI27,1,19.0
plant_height,2023,M1,LI27,1,146.0
head_diameter,2023,M1,LI27,1,19.5
plant_height,2023,M1,LI27,1,150.0
head_diameter,2023,M1,LI27,1,19.5
plant_height,2023,M1,LI27,1,157.0
head_diameter,2023,M1,LI27,1,18.0
plant_height,2023,M1,LI27,1,155.0
head_diameter,2023,M1,LI27,1,17.0
plant_height,2023,M1,LI27,1,167.0
head_diameter,2023,M1,LI27,1,21.0
plant_height,2023,M1,LI27,1,160.0
head_diameter,2023,M1,LI27,1,20.5
plant_height,2023,M1,LI27,1,160.0
head_diameter,2023,M1,LI27,1,23.0
plant_height,2023,M1,LI27,1,162.0
head_diameter,2023,M1,LI27,1,18.0
plant_height,2023,M1,LI27,1,160.0
head_diameter,2023,M1,LI27,1,18.0
plant_height,2023,M1,LI27,2,142.0
head_diameter,2023,M1,LI27,2,17.0
plant_height,2023,M1,LI27,2,146.0
head_diameter,2023,M1,LI27,2,16.0
plant_height,2023,M1,LI27,2,140.0
head_diameter,2023,M1,LI27,2,11.0
plant_height,2023,M1,LI27,2,149.0
head_diameter,2023,M1,LI27,2,16.0
plant_height,2023,M1,LI27,2,165.0
head_diameter,2023,M1,LI27,2,20.0
plant_height,2023,M1,LI27,2,156.0
head_diameter,2023,M1,LI27,2,18.0
plant_height,2023,M1,LI27,2,146.0
head_diameter,2023,M1,LI27,2,15.0
plant_height,2023,M1,LI27,2,151.0
head_diameter,2023,M1,LI27,2,21.0
plant_height,2023,M1,LI27,2,151.0
head_diameter,2023,M1,LI27,2,16.0
plant_height,2023,M1,LI27,2,144.0
head_diameter,2023,M1,LI27,2,17.0
plant_height,2023,M1,LI27,3,169.0
head_diameter,2023,M1,LI27,3,22.5
plant_height,2023,M1,LI27,3,165.0
head_diameter,2023,M1,LI27,3,20.5
plant_height,2023,M1,LI27,3,167.0
head_diameter,2023,M1,LI27,3,23.5
plant_height,2023,M1,LI27,3,171.0
head_diameter,2023,M1,LI27,3,18.0
plant_height,2023,M1,LI27,3,159.0
head_diameter,2023,M1,LI27,3,14.0
plant_height,2023,M1,LI27,3,160.0
head_diameter,2023,M1,LI27,3,16.0
plant_height,2023,M1,LI27,3,167.0
head_diameter,2023,M1,LI27,3,19.0
plant_height,2023,M1,LI27,3,162.0
head_diameter,2023,M1,LI27,3,20.0
plant_height,2023,M1,LI27,3,162.0
head_diameter,2023,M1,LI27,3,15.0
plant_height,2023,M1,LI27,3,166.0
head_diameter,2023,M1,LI27,3,16.0
plant_height,2023,M1,LI28,1,168.0
head_diameter,2023,M1,LI28,1,16.0
plant_height,2023,M1,LI28,1,168.0
head_diameter,2023,M1,LI28,1,17.0
plant_height,2023,M1,LI28,1,166.0
head_diameter,2023,M1,LI28,1,17.0
plant_height,2023,M1,LI28,1,169.0
head_diameter,2023,M1,LI28,1,16.0
plant_height,2023,M1,LI28,1,162.0
head_diameter,2023,M1,LI28,1,16.0
plant_height,2023,M1,LI28,1,161.0
head_diameter,2023,M1,LI28,1,13.0
plant_height,2023,M1,LI28,1,153.0
head_diameter,2023,M1,LI28,1,20.0
plant_height,2023,M1,LI28,1,154.0
head_diameter,2023,M1,LI28,1,18.0
plant_height,2023,M1,LI28,1,161.0
head_diameter,2023,M1,LI28,1,16.0
plant_height,2023,M1,LI28,1,164.0
head_diameter,2023,M1,LI28,1,20.0
plant_height,2023,M1,LI28,2,159.0
head_diameter,2023,M1,LI28,2,17.0
plant_height,2023,M1,LI28,2,158.0
head_diameter,2023,M1,LI28,2,19.0
plant_height,2023,M1,LI28,2,161.0
head_diameter,2023,M1,LI28,2,17.0
plant_height,2023,M1,LI28,2,156.0
head_diameter,2023,M1,LI28,2,21.0
plant_height,2023,M1,LI28,2,165.0
head_diameter,2023,M1,LI28,2,21.0
plant_height,2023,M1,LI28,2,154.0
head_diameter,2023,M1,LI28,2,25.0
plant_height,2023,M1,LI28,2,160.0
head_diameter,2023,M1,LI28,2,17.0
plant_height,2023,M1,LI28,2,169.0
head_diameter,2023,M1,LI28,2,19.0
plant_height,2023,M1,LI28,2,169.0
head_diameter,2023,M1,LI28,2,19.0
plant_height,2023,M1,LI28,2,159.0
head_diameter,2023,M1,LI28,2,19.0
plant_height,2023,M1,LI28,3,147.0
head_diameter,2023,M1,LI28,3,16.5
plant_height,2023,M1,LI28,3,154.0
head_diameter,2023,M1,LI28,3,19.5
plant_height,2023,M1,LI28,3,152.0
head_diameter,2023,M1,LI28,3,15.5
plant_height,2023,M1,LI28,3,150.0
head_diameter,2023,M1,LI28,3,15.0
plant_height,2023,M1,LI28,3,162.0
head_diameter,2023,M1,LI28,3,16.0
plant_height,2023,M1,LI28,3,155.0
head_diameter,2023,M1,LI28,3,14.0
plant_height,2023,M1,LI28,3,161.0
head_diameter,2023,M1,LI28,3,18.0
plant_height,2023,M1,LI28,3,172.0
head_diameter,2023,M1,LI28,3,19.5
plant_height,2023,M1,LI28,3,174.0
head_diameter,2023,M1,LI28,3,17.0
plant_height,2023,M1,LI28,3,165.0
head_diameter,2023,M1,LI28,3,19.0
plant_height,2023,M1,LI29,1,173.0
head_diameter,2023,M1,LI29,1,20.0
plant_height,2023,M1,LI29,1,178.0
head_diameter,2023,M1,LI29,1,21.0
plant_height,2023,M1,LI29,1,183.0
head_diameter,2023,M1,LI29,1,20.0
plant_height,2023,M1,LI29,1,170.0
head_diameter,2023,M1,LI29,1,17.0
plant_height,2023,M1,LI29,1,176.0
head_diameter,2023,M1,LI29,1,15.0
plant_height,2023,M1,LI29,1,172.0
head_diameter,2023,M1,LI29,1,17.0
plant_height,2023,M1,LI29,1,177.0
head_diameter,2023,M1,LI29,1,18.0
plant_height,2023,M1,LI29,1,182.0
head_diameter,2023,M1,LI29,1,20.0
plant_height,2023,M1,LI29,1,184.0
head_diameter,2023,M1,LI29,1,19.0
plant_height,2023,M1,LI29,1,180.0
head_diameter,2023,M1,LI29,1,18.0
plant_height,2023,M1,LI29,1,178.0
head_diameter,2023,M1,LI29,1,15.0
plant_height,2023,M1,LI29,1,176.0
head_diameter,2023,M1,LI29,1,15.0
plant_height,2023,M1,LI29,1,181.0
head_diameter,2023,M1,LI29,1,16.0
plant_height,2023,M1,LI29,1,181.0
head_diameter,2023,M1,LI29,1,15.0
plant_height,2023,M1,LI29,1,181.0
head_diameter,2023,M1,LI29,1,17.0
plant_height,2023,M1,LI29,2,175.0
head_diameter,2023,M1,LI29,2,22.0
plant_height,2023,M1,LI29,2,186.0
head_diameter,2023,M1,LI29,2,23.0
plant_height,2023,M1,LI29,2,175.0
head_diameter,2023,M1,LI29,2,15.0
plant_height,2023,M1,LI29,2,176.0
head_diameter,2023,M1,LI29,2,22.0
plant_height,2023,M1,LI29,2,188.0
head_diameter,2023,M1,LI29,2,19.0
plant_height,2023,M1,LI29,2,173.0
head_diameter,2023,M1,LI29,2,15.0
plant_height,2023,M1,LI29,2,175.0
head_diameter,2023,M1,LI29,2,17.0
plant_height,2023,M1,LI29,2,170.0
head_diameter,2023,M1,LI29,2,14.0
plant_height,2023,M1,LI29,2,177.0
head_diameter,2023,M1,LI29,2,20.0
plant_height,2023,M1,LI29,2,173.0
head_diameter,2023,M1,LI29,2,12.0
plant_height,2023,M1,LI29,2,178.0
head_diameter,2023,M1,LI29,2,21.0
plant_height,2023,M1,LI29,2,179.0
head_diameter,2023,M1,LI29,2,17.0
plant_height,2023,M1,LI29,2,173.0
head_diameter,2023,M1,LI29,2,17.0
plant_height,2023,M1,LI29,2,186.0
head_diameter,2023,M1,LI29,2,20.0
plant_height,2023,M1,LI29,2,176.0
head_diameter,2023,M1,LI29,2,19.0
plant_height,2023,M1,LI29,3,175.0
head_diameter,2023,M1,LI29,3,17.0
plant_height,2023,M1,LI29,3,168.0
head_diameter,2023,M1,LI29,3,17.0
plant_height,2023,M1,LI29,3,189.0
head_diameter,2023,M1,LI29,3,22.0
plant_height,2023,M1,LI29,3,174.0
head_diameter,2023,M1,LI29,3,16.0
plant_height,2023,M1,LI29,3,178.0
head_diameter,2023,M1,LI29,3,17.0
plant_height,2023,M1,LI29,3,189.0
head_diameter,2023,M1,LI29,3,18.0
plant_height,2023,M1,LI29,3,181.0
head_diameter,2023,M1,LI29,3,17.0
plant_height,2023,M1,LI29,3,172.0
head_diameter,2023,M1,LI29,3,13.0
plant_height,2023,M1,LI29,3,165.0
head_diameter,2023,M1,LI29,3,12.0
plant_height,2023,M1,LI29,3,173.0
head_diameter,2023,M1,LI29,3,19.0
plant_height,2023,M1,LI29,3,175.0
head_diameter,2023,M1,LI29,3,14.0
plant_height,2023,M1,LI29,3,179.0
head_diameter,2023,M1,LI29,3,16.0
plant_height,2023,M1,LI29,3,173.0
head_diameter,2023,M1,LI29,3,19.0
plant_height,2023,M1,LI29,3,177.0
head_diameter,2023,M1,LI29,3,18.0
plant_height,2023,M1,LI29,3,182.0
head_diameter,2023,M1,LI29,3,21.0
plant_height,2023,M1,LI30,1,188.0
head_diameter,2023,M1,LI30,1,19.0
plant_height,2023,M1,LI30,1,180.0
head_diameter,2023,M1,LI30,1,16.0
plant_height,2023,M1,LI30,1,186.0
head_diameter,2023,M1,LI30,1,15.0
plant_height,2023,M1,LI30,1,189.0
head_diameter,2023,M1,LI30,1,18.0
plant_height,2023,M1,LI30,1,184.0
head_diameter,2023,M1,LI30,1,17.0
plant_height,2023,M1,LI30,1,190.0
head_diameter,2023,M1,LI30,1,16.0
plant_height,2023,M1,LI30,1,176.0
head_diameter,2023,M1,LI30,1,17.0
plant_height,2023,M1,LI30,1,183.0
head_diameter,2023,M1,LI30,1,18.0
plant_height,2023,M1,LI30,1,186.0
head_diameter,2023,M1,LI30,1,15.0
plant_height,2023,M1,LI30,1,185.0
head_diameter,2023,M1,LI30,1,20.0
plant_height,2023,M1,LI30,1,190.0
head_diameter,2023,M1,LI30,1,17.0
plant_height,2023,M1,LI30,1,193.0
head_diameter,2023,M1,LI30,1,19.0
plant_height,2023,M1,LI30,1,183.0
head_diameter,2023,M1,LI30,1,15.0
plant_height,2023,M1,LI30,1,187.0
head_diameter,2023,M1,LI30,1,17.0
plant_height,2023,M1,LI30,1,178.0
head_diameter,2023,M1,LI30,1,18.0
plant_height,2023,M1,LI30,2,183.0
head_diameter,2023,M1,LI30,2,21.0
plant_height,2023,M1,LI30,2,173.0
head_diameter,2023,M1,LI30,2,15.0
plant_height,2023,M1,LI30,2,169.0
head_diameter,2023,M1,LI30,2,15.0
plant_height,2023,M1,LI30,2,181.0
head_diameter,2023,M1,LI30,2,21.0
plant_height,2023,M1,LI30,2,172.0
head_diameter,2023,M1,LI30,2,16.0
plant_height,2023,M1,LI30,2,168.0
head_diameter,2023,M1,LI30,2,16.0
plant_height,2023,M1,LI30,2,167.0
head_diameter,2023,M1,LI30,2,16.0
plant_height,2023,M1,LI30,2,176.0
head_diameter,2023,M1,LI30,2,17.0
plant_height,2023,M1,LI30,2,175.0
head_diameter,2023,M1,LI30,2,18.0
plant_height,2023,M1,LI30,2,178.0
head_diameter,2023,M1,LI30,2,20.0
plant_height,2023,M1,LI30,2,169.0
head_diameter,2023,M1,LI30,2,15.0
plant_height,2023,M1,LI30,2,176.0
head_diameter,2023,M1,LI30,2,16.0
plant_height,2023,M1,LI30,2,180.0
head_diameter,2023,M1,LI30,2,22.0
plant_height,2023,M1,LI30,2,183.0
head_diameter,2023,M1,LI30,2,15.0
plant_height,2023,M1,LI30,2,185.0
head_diameter,2023,M1,LI30,2,19.0
plant_height,2023,M1,LI30,3,184.0
head_diameter,2023,M1,LI30,3,18.0
plant_height,2023,M1,LI30,3,173.0
head_diameter,2023,M1,LI30,3,15.0
plant_height,2023,M1,LI30,3,173.0
head_diameter,2023,M1,LI30,3,14.0
plant_height,2023,M1,LI30,3,183.0
head_diameter,2023,M1,LI30,3,16.0
plant_height,2023,M1,LI30,3,183.0
head_diameter,2023,M1,LI30,3,18.0
plant_height,2023,M1,LI30,3,190.0
head_diameter,2023,M1,LI30,3,19.0
plant_height,2023,M1,LI30,3,183.0
head_diameter,2023,M1,LI30,3,18.0
plant_height,2023,M1,LI30,3,183.0
head_diameter,2023,M1,LI30,3,17.0
plant_height,2023,M1,LI30,3,182.0
head_diameter,2023,M1,LI30,3,16.0
plant_height,2023,M1,LI30,3,188.0
head_diameter,2023,M1,LI30,3,16.0
plant_height,2023,M1,LI30,3,185.0
head_diameter,2023,M1,LI30,3,14.0
plant_height,2023,M1,LI30,3,181.0
head_diameter,2023,M1,LI30,3,16.0
plant_height,2023,M1,LI30,3,187.0
head_diameter,2023,M1,LI30,3,18.0
plant_height,2023,M1,LI30,3,188.0
head_diameter,2023,M1,LI30,3,19.0
plant_height,2023,M1,LI30,3,185.0
head_diameter,2023,M1,LI30,3,19.0
plant_height,2023,M1,LI31,1,173.0
head_diameter,2023,M1,LI31,1,18.0
plant_height,2023,M1,LI31,1,175.0
head_diameter,2023,M1,LI31,1,19.0
plant_height,2023,M1,LI31,1,179.0
head_diameter,2023,M1,LI31,1,18.0
plant_height,2023,M1,LI31,1,180.0
head_diameter,2023,M1,LI31,1,20.0
plant_height,2023,M1,LI31,1,159.0
head_diameter,2023,M1,LI31,1,22.0
plant_height,2023,M1,LI31,1,168.0
head_diameter,2023,M1,LI31,1,20.0
plant_height,2023,M1,LI31,1,171.0
head_diameter,2023,M1,LI31,1,18.0
plant_height,2023,M1,LI31,1,160.0
head_diameter,2023,M1,LI31,1,17.0
plant_height,2023,M1,LI31,1,176.0
head_diameter,2023,M1,LI31,1,20.5
plant_height,2023,M1,LI31,1,179.0
head_diameter,2023,M1,LI31,1,21.0
plant_height,2023,M1,LI31,2,162.0
head_diameter,2023,M1,LI31,2,16.0
plant_height,2023,M1,LI31,2,162.0
head_diameter,2023,M1,LI31,2,15.0
plant_height,2023,M1,LI31,2,160.0
head_diameter,2023,M1,LI31,2,15.5
plant_height,2023,M1,LI31,2,171.0
head_diameter,2023,M1,LI31,2,20.0
plant_height,2023,M1,LI31,2,166.0
head_diameter,2023,M1,LI31,2,15.0
plant_height,2023,M1,LI31,2,171.0
head_diameter,2023,M1,LI31,2,18.0
plant_height,2023,M1,LI31,2,170.0
head_diameter,2023,M1,LI31,2,17.0
plant_height,2023,M1,LI31,2,177.0
head_diameter,2023,M1,LI31,2,18.0
plant_height,2023,M1,LI31,2,178.0
head_diameter,2023,M1,LI31,2,18.0
plant_height,2023,M1,LI31,2,173.0
head_diameter,2023,M1,LI31,2,21.0
plant_height,2023,M1,LI31,3,173.0
head_diameter,2023,M1,LI31,3,20.0
plant_height,2023,M1,LI31,3,163.0
head_diameter,2023,M1,LI31,3,17.5
plant_height,2023,M1,LI31,3,164.0
head_diameter,2023,M1,LI31,3,16.0
plant_height,2023,M1,LI31,3,169.0
head_diameter,2023,M1,LI31,3,20.0
plant_height,2023,M1,LI31,3,185.0
head_diameter,2023,M1,LI31,3,20.0
plant_height,2023,M1,LI31,3,173.0
head_diameter,2023,M1,LI31,3,21.0
plant_height,2023,M1,LI31,3,175.0
head_diameter,2023,M1,LI31,3,16.5
plant_height,2023,M1,LI31,3,167.0
head_diameter,2023,M1,LI31,3,16.0
plant_height,2023,M1,LI31,3,178.0
head_diameter,2023,M1,LI31,3,19.0
plant_height,2023,M1,LI31,3,165.0
head_diameter,2023,M1,LI31,3,17.0
plant_height,2023,M1,LI32,1,162.0
head_diameter,2023,M1,LI32,1,21.0
plant_height,2023,M1,LI32,1,157.0
head_diameter,2023,M1,LI32,1,20.0
plant_height,2023,M1,LI32,1,164.0
head_diameter,2023,M1,LI32,1,17.0
plant_height,2023,M1,LI32,1,169.0
head_diameter,2023,M1,LI32,1,21.0
plant_height,2023,M1,LI32,1,169.0
head_diameter,2023,M1,LI32,1,17.0
plant_height,2023,M1,LI32,1,161.0
head_diameter,2023,M1,LI32,1,20.0
plant_height,2023,M1,LI32,1,158.0
head_diameter,2023,M1,LI32,1,18.0
plant_height,2023,M1,LI32,1,165.0
head_diameter,2023,M1,LI32,1,18.0
plant_height,2023,M1,LI32,1,166.0
head_diameter,2023,M1,LI32,1,15.0
plant_height,2023,M1,LI32,1,167.0
head_diameter,2023,M1,LI32,1,21.0
plant_height,2023,M1,LI32,1,166.0
head_diameter,2023,M1,LI32,1,19.0
plant_height,2023,M1,LI32,1,161.0
head_diameter,2023,M1,LI32,1,21.0
plant_height,2023,M1,LI32,1,154.0
head_diameter,2023,M1,LI32,1,21.0
plant_height,2023,M1,LI32,1,160.0
head_diameter,2023,M1,LI32,1,20.0
plant_height,2023,M1,LI32,1,161.0
head_diameter,2023,M1,LI32,1,17.0
plant_height,2023,M1,LI32,2,170.0
head_diameter,2023,M1,LI32,2,18.0
plant_height,2023,M1,LI32,2,161.0
head_diameter,2023,M1,LI32,2,21.0
plant_height,2023,M1,LI32,2,171.0
head_diameter,2023,M1,LI32,2,23.0
plant_height,2023,M1,LI32,2,176.0
head_diameter,2023,M1,LI32,2,17.0
plant_height,2023,M1,LI32,2,165.0
head_diameter,2023,M1,LI32,2,15.0
plant_height,2023,M1,LI32,2,176.0
head_diameter,2023,M1,LI32,2,19.0
plant_height,2023,M1,LI32,2,174.0
head_diameter,2023,M1,LI32,2,21.0
plant_height,2023,M1,LI32,2,168.0
head_diameter,2023,M1,LI32,2,15.0
plant_height,2023,M1,LI32,2,172.0
head_diameter,2023,M1,LI32,2,16.0
plant_height,2023,M1,LI32,2,167.0
head_diameter,2023,M1,LI32,2,21.0
plant_height,2023,M1,LI32,2,166.0
head_diameter,2023,M1,LI32,2,15.0
plant_height,2023,M1,LI32,2,162.0
head_diameter,2023,M1,LI32,2,24.0
plant_height,2023,M1,LI32,2,165.0
head_diameter,2023,M1,LI32,2,22.0
plant_height,2023,M1,LI32,2,168.0
head_diameter,2023,M1,LI32,2,20.0
plant_height,2023,M1,LI32,2,164.0
head_diameter,2023,M1,LI32,2,17.0
plant_height,2023,M1,LI32,3,161.0
head_diameter,2023,M1,LI32,3,21.0
plant_height,2023,M1,LI32,3,156.0
head_diameter,2023,M1,LI32,3,25.0
plant_height,2023,M1,LI32,3,160.0
head_diameter,2023,M1,LI32,3,20.0
plant_height,2023,M1,LI32,3,159.0
head_diameter,2023,M1,LI32,3,24.0
plant_height,2023,M1,LI32,3,163.0
head_diameter,2023,M1,LI32,3,27.0
plant_height,2023,M1,LI32,3,170.0
head_diameter,2023,M1,LI32,3,22.0
plant_height,2023,M1,LI32,3,167.0
head_diameter,2023,M1,LI32,3,18.0
plant_height,2023,M1,LI32,3,173.0
head_diameter,2023,M1,LI32,3,19.0
plant_height,2023,M1,LI32,3,162.0
head_diameter,2023,M1,LI32,3,16.0
plant_height,2023,M1,LI32,3,172.0
head_diameter,2023,M1,LI32,3,19.0
plant_height,2023,M1,LI32,3,171.0
head_diameter,2023,M1,LI32,3,17.0
plant_height,2023,M1,LI32,3,164.0
head_diameter,2023,M1,LI32,3,19.0
plant_height,2023,M1,LI32,3,164.0
head_diameter,2023,M1,LI32,3,21.0
plant_height,2023,M1,LI32,3,164.0
head_diameter,2023,M1,LI32,3,20.0
plant_height,2023,M1,LI32,3,159.0
head_diameter,2023,M1,LI32,3,21.0
plant_height,2023,M1,LI33,1,163.0
head_diameter,2023,M1,LI33,1,19.0
plant_height,2023,M1,LI33,1,165.0
head_diameter,2023,M1,LI33,1,20.0
plant_height,2023,M1,LI33,1,167.0
head_diameter,2023,M1,LI33,1,17.0
plant_height,2023,M1,LI33,1,168.0
head_diameter,2023,M1,LI33,1,17.5
plant_height,2023,M1,LI33,1,176.0
head_diameter,2023,M1,LI33,1,18.0
plant_height,2023,M1,LI33,1,162.0
head_diameter,2023,M1,LI33,1,19.0
plant_height,2023,M1,LI33,1,171.0
head_diameter,2023,M1,LI33,1,22.5
plant_height,2023,M1,LI33,1,173.0
head_diameter,2023,M1,LI33,1,16.0
plant_height,2023,M1,LI33,1,172.0
head_diameter,2023,M1,LI33,1,15.0
plant_height,2023,M1,LI33,1,172.0
head_diameter,2023,M1,LI33,1,19.0
plant_height,2023,M1,LI33,2,169.0
head_diameter,2023,M1,LI33,2,16.0
plant_height,2023,M1,LI33,2,165.0
head_diameter,2023,M1,LI33,2,19.0
plant_height,2023,M1,LI33,2,170.0
head_diameter,2023,M1,LI33,2,19.0
plant_height,2023,M1,LI33,2,170.0
head_diameter,2023,M1,LI33,2,17.0
plant_height,2023,M1,LI33,2,155.0
head_diameter,2023,M1,LI33,2,13.0
plant_height,2023,M1,LI33,2,156.0
head_diameter,2023,M1,LI33,2,15.0
plant_height,2023,M1,LI33,2,159.0
head_diameter,2023,M1,LI33,2,15.0
plant_height,2023,M1,LI33,2,154.0
head_diameter,2023,M1,LI33,2,18.0
plant_height,2023,M1,LI33,2,161.0
head_diameter,2023,M1,LI33,2,13.0
plant_height,2023,M1,LI33,2,156.0
head_diameter,2023,M1,LI33,2,16.0
plant_height,2023,M1,LI33,3,170.0
head_diameter,2023,M1,LI33,3,19.0
plant_height,2023,M1,LI33,3,164.0
head_diameter,2023,M1,LI33,3,16.0
plant_height,2023,M1,LI33,3,166.0
head_diameter,2023,M1,LI33,3,20.0
plant_height,2023,M1,LI33,3,156.0
head_diameter,2023,M1,LI33,3,19.0
plant_height,2023,M1,LI33,3,156.0
head_diameter,2023,M1,LI33,3,16.0
plant_height,2023,M1,LI33,3,161.0
head_diameter,2023,M1,LI33,3,20.0
plant_height,2023,M1,LI33,3,169.0
head_diameter,2023,M1,LI33,3,19.0
plant_height,2023,M1,LI33,3,165.0
head_diameter,2023,M1,LI33,3,19.0
plant_height,2023,M1,LI33,3,145.0
head_diameter,2023,M1,LI33,3,20.5
plant_height,2023,M1,LI33,3,165.0
head_diameter,2023,M1,LI33,3,20.0
plant_height,2023,M1,LI34,1,165.0
head_diameter,2023,M1,LI34,1,20.0
plant_height,2023,M1,LI34,1,168.0
head_diameter,2023,M1,LI34,1,17.0
plant_height,2023,M1,LI34,1,168.0
head_diameter,2023,M1,LI34,1,16.0
plant_height,2023,M1,LI34,1,170.0
head_diameter,2023,M1,LI34,1,17.0
plant_height,2023,M1,LI34,1,164.0
head_diameter,2023,M1,LI34,1,16.0
plant_height,2023,M1,LI34,1,166.0
head_diameter,2023,M1,LI34,1,16.0
plant_height,2023,M1,LI34,1,173.0
head_diameter,2023,M1,LI34,1,25.0
plant_height,2023,M1,LI34,1,167.0
head_diameter,2023,M1,LI34,1,17.0
plant_height,2023,M1,LI34,1,156.0
head_diameter,2023,M1,LI34,1,14.0
plant_height,2023,M1,LI34,1,163.0
head_diameter,2023,M1,LI34,1,21.0
plant_height,2023,M1,LI34,2,139.0
head_diameter,2023,M1,LI34,2,17.0
plant_height,2023,M1,LI34,2,153.0
head_diameter,2023,M1,LI34,2,15.0
plant_height,2023,M1,LI34,2,148.0
head_diameter,2023,M1,LI34,2,16.0
plant_height,2023,M1,LI34,2,145.0
head_diameter,2023,M1,LI34,2,14.0
plant_height,2023,M1,LI34,2,142.0
head_diameter,2023,M1,LI34,2,18.0
plant_height,2023,M1,LI34,2,162.0
head_diameter,2023,M1,LI34,2,22.0
plant_height,2023,M1,LI34,2,159.0
head_diameter,2023,M1,LI34,2,18.0
plant_height,2023,M1,LI34,2,153.0
head_diameter,2023,M1,LI34,2,15.0
plant_height,2023,M1,LI34,2,161.0
head_diameter,2023,M1,LI34,2,19.0
plant_height,2023,M1,LI34,2,160.0
head_diameter,2023,M1,LI34,2,17.0
plant_height,2023,M1,LI34,3,151.0
head_diameter,2023,M1,LI34,3,17.0
plant_height,2023,M1,LI34,3,158.0
head_diameter,2023,M1,LI34,3,17.0
plant_height,2023,M1,LI34,3,155.0
head_diameter,2023,M1,LI34,3,16.0
plant_height,2023,M1,LI34,3,156.0
head_diameter,2023,M1,LI34,3,16.0
plant_height,2023,M1,LI34,3,162.0
head_diameter,2023,M1,LI34,3,24.0
plant_height,2023,M1,LI34,3,165.0
head_diameter,2023,M1,LI34,3,21.0
plant_height,2023,M1,LI34,3,168.0
head_diameter,2023,M1,LI34,3,21.0
plant_height,2023,M1,LI34,3,169.0
head_diameter,2023,M1,LI34,3,18.0
plant_height,2023,M1,LI34,3,166.0
head_diameter,2023,M1,LI34,3,17.0
plant_height,2023,M1,LI34,3,155.0
head_diameter,2023,M1,LI34,3,16.0
plant_height,2023,M1,LI35,1,174.0
head_diameter,2023,M1,LI35,1,19.0
plant_height,2023,M1,LI35,1,168.0
head_diameter,2023,M1,LI35,1,17.0
plant_height,2023,M1,LI35,1,178.0
head_diameter,2023,M1,LI35,1,17.0
plant_height,2023,M1,LI35,1,171.0
head_diameter,2023,M1,LI35,1,17.0
plant_height,2023,M1,LI35,1,175.0
head_diameter,2023,M1,LI35,1,20.0
plant_height,2023,M1,LI35,1,165.0
head_diameter,2023,M1,LI35,1,22.5
plant_height,2023,M1,LI35,1,163.0
head_diameter,2023,M1,LI35,1,20.0
plant_height,2023,M1,LI35,1,160.0
head_diameter,2023,M1,LI35,1,21.5
plant_height,2023,M1,LI35,1,174.0
head_diameter,2023,M1,LI35,1,20.0
plant_height,2023,M1,LI35,1,178.0
head_diameter,2023,M1,LI35,1,19.0
plant_height,2023,M1,LI35,2,165.0
head_diameter,2023,M1,LI35,2,16.0
plant_height,2023,M1,LI35,2,171.0
head_diameter,2023,M1,LI35,2,19.0
plant_height,2023,M1,LI35,2,165.0
head_diameter,2023,M1,LI35,2,13.0
plant_height,2023,M1,LI35,2,165.0
head_diameter,2023,M1,LI35,2,17.0
plant_height,2023,M1,LI35,2,174.0
head_diameter,2023,M1,LI35,2,13.0
plant_height,2023,M1,LI35,2,167.0
head_diameter,2023,M1,LI35,2,17.0
plant_height,2023,M1,LI35,2,168.0
head_diameter,2023,M1,LI35,2,18.5
plant_height,2023,M1,LI35,2,161.0
head_diameter,2023,M1,LI35,2,21.0
plant_height,2023,M1,LI35,2,159.0
head_diameter,2023,M1,LI35,2,16.0
plant_height,2023,M1,LI35,2,156.0
head_diameter,2023,M1,LI35,2,19.0
plant_height,2023,M1,LI35,3,177.0
head_diameter,2023,M1,LI35,3,19.0
plant_height,2023,M1,LI35,3,162.0
head_diameter,2023,M1,LI35,3,20.0
plant_height,2023,M1,LI35,3,167.0
head_diameter,2023,M1,LI35,3,16.5
plant_height,2023,M1,LI35,3,163.0
head_diameter,2023,M1,LI35,3,19.5
plant_height,2023,M1,LI35,3,170.0
head_diameter,2023,M1,LI35,3,20.0
plant_height,2023,M1,LI35,3,167.0
head_diameter,2023,M1,LI35,3,16.5
plant_height,2023,M1,LI35,3,174.0
head_diameter,2023,M1,LI35,3,21.0
plant_height,2023,M1,LI35,3,166.0
head_diameter,2023,M1,LI35,3,17.5
plant_height,2023,M1,LI35,3,158.0
head_diameter,2023,M1,LI35,3,21.0
plant_height,2023,M1,LI35,3,155.0
head_diameter,2023,M1,LI35,3,22.0
plant_height,2023,M1,LI36,1,163.0
head_diameter,2023,M1,LI36,1,17.0
plant_height,2023,M1,LI36,1,162.0
head_diameter,2023,M1,LI36,1,15.0
plant_height,2023,M1,LI36,1,158.0
head_diameter,2023,M1,LI36,1,15.0
plant_height,2023,M1,LI36,1,151.0
head_diameter,2023,M1,LI36,1,15.0
plant_height,2023,M1,LI36,1,151.0
head_diameter,2023,M1,LI36,1,17.0
plant_height,2023,M1,LI36,1,149.0
head_diameter,2023,M1,LI36,1,16.0
plant_height,2023,M1,LI36,1,151.0
head_diameter,2023,M1,LI36,1,13.0
plant_height,2023,M1,LI36,1,147.0
head_diameter,2023,M1,LI36,1,13.0
plant_height,2023,M1,LI36,1,144.0
head_diameter,2023,M1,LI36,1,15.0
plant_height,2023,M1,LI36,1,150.0
head_diameter,2023,M1,LI36,1,17.0
plant_height,2023,M1,LI36,2,154.0
head_diameter,2023,M1,LI36,2,18.0
plant_height,2023,M1,LI36,2,161.0
head_diameter,2023,M1,LI36,2,17.0
plant_height,2023,M1,LI36,2,156.0
head_diameter,2023,M1,LI36,2,16.0
plant_height,2023,M1,LI36,2,165.0
head_diameter,2023,M1,LI36,2,15.0
plant_height,2023,M1,LI36,2,162.0
head_diameter,2023,M1,LI36,2,15.0
plant_height,2023,M1,LI36,2,162.0
head_diameter,2023,M1,LI36,2,17.0
plant_height,2023,M1,LI36,2,161.0
head_diameter,2023,M1,LI36,2,18.0
plant_height,2023,M1,LI36,2,150.0
head_diameter,2023,M1,LI36,2,16.0
plant_height,2023,M1,LI36,2,158.0
head_diameter,2023,M1,LI36,2,17.0
plant_height,2023,M1,LI36,2,147.0
head_diameter,2023,M1,LI36,2,17.0
plant_height,2023,M1,LI36,3,154.0
head_diameter,2023,M1,LI36,3,12.0
plant_height,2023,M1,LI36,3,153.0
head_diameter,2023,M1,LI36,3,14.0
plant_height,2023,M1,LI36,3,164.0
head_diameter,2023,M1,LI36,3,18.0
plant_height,2023,M1,LI36,3,155.0
head_diameter,2023,M1,LI36,3,14.0
plant_height,2023,M1,LI36,3,150.0
head_diameter,2023,M1,LI36,3,14.0
plant_height,2023,M1,LI36,3,159.0
head_diameter,2023,M1,LI36,3,13.0
plant_height,2023,M1,LI36,3,151.0
head_diameter,2023,M1,LI36,3,14.0
plant_height,2023,M1,LI36,3,152.0
head_diameter,2023,M1,LI36,3,15.0
plant_height,2023,M1,LI36,3,155.0
head_diameter,2023,M1,LI36,3,17.0
plant_height,2023,M1,LI36,3,144.0
head_diameter,2023,M1,LI36,3,14.5
plant_height,2023,M1,LI37,1,168.0
head_diameter,2023,M1,LI37,1,19.0
plant_height,2023,M1,LI37,1,179.0
head_diameter,2023,M1,LI37,1,19.5
plant_height,2023,M1,LI37,1,181.0
head_diameter,2023,M1,LI37,1,18.5
plant_height,2023,M1,LI37,1,173.0
head_diameter,2023,M1,LI37,1,16.0
plant_height,2023,M1,LI37,1,173.0
head_diameter,2023,M1,LI37,1,20.0
plant_height,2023,M1,LI37,1,171.0
head_diameter,2023,M1,LI37,1,21.0
plant_height,2023,M1,LI37,1,161.0
head_diameter,2023,M1,LI37,1,19.0
plant_height,2023,M1,LI37,1,166.0
head_diameter,2023,M1,LI37,1,17.0
plant_height,2023,M1,LI37,1,173.0
head_diameter,2023,M1,LI37,1,22.0
plant_height,2023,M1,LI37,1,172.0
head_diameter,2023,M1,LI37,1,17.0
plant_height,2023,M1,LI37,2,181.0
head_diameter,2023,M1,LI37,2,17.5
plant_height,2023,M1,LI37,2,175.0
head_diameter,2023,M1,LI37,2,16.0
plant_height,2023,M1,LI37,2,182.0
head_diameter,2023,M1,LI37,2,19.0
plant_height,2023,M1,LI37,2,181.0
head_diameter,2023,M1,LI37,2,20.0
plant_height,2023,M1,LI37,2,172.0
head_diameter,2023,M1,LI37,2,19.5
plant_height,2023,M1,LI37,2,173.0
head_diameter,2023,M1,LI37,2,22.0
plant_height,2023,M1,LI37,2,174.0
head_diameter,2023,M1,LI37,2,20.0
plant_height,2023,M1,LI37,2,180.0
head_diameter,2023,M1,LI37,2,21.0
plant_height,2023,M1,LI37,2,177.0
head_diameter,2023,M1,LI37,2,19.0
plant_height,2023,M1,LI37,2,178.0
head_diameter,2023,M1,LI37,2,20.0
plant_height,2023,M1,LI37,3,158.0
head_diameter,2023,M1,LI37,3,24.0
plant_height,2023,M1,LI37,3,157.0
head_diameter,2023,M1,LI37,3,19.5
plant_height,2023,M1,LI37,3,150.0
head_diameter,2023,M1,LI37,3,15.5
plant_height,2023,M1,LI37,3,153.0
head_diameter,2023,M1,LI37,3,19.0
plant_height,2023,M1,LI37,3,165.0
head_diameter,2023,M1,LI37,3,21.0
plant_height,2023,M1,LI37,3,154.0
head_diameter,2023,M1,LI37,3,18.5
plant_height,2023,M1,LI37,3,168.0
head_diameter,2023,M1,LI37,3,16.0
plant_height,2023,M1,LI37,3,167.0
head_diameter,2023,M1,LI37,3,15.0
plant_height,2023,M1,LI37,3,172.0
head_diameter,2023,M1,LI37,3,22.0
plant_height,2023,M1,LI37,3,165.0
head_diameter,2023,M1,LI37,3,19.0
plant_height,2023,M1,LI38,1,173.0
head_diameter,2023,M1,LI38,1,16.0
plant_height,2023,M1,LI38,1,171.0
head_diameter,2023,M1,LI38,1,16.0
plant_height,2023,M1,LI38,1,170.0
head_diameter,2023,M1,LI38,1,14.0
plant_height,2023,M1,LI38,1,172.0
head_diameter,2023,M1,LI38,1,18.5
plant_height,2023,M1,LI38,1,175.0
head_diameter,2023,M1,LI38,1,17.5
plant_height,2023,M1,LI38,1,172.0
head_diameter,2023,M1,LI38,1,16.0
plant_height,2023,M1,LI38,1,165.0
head_diameter,2023,M1,LI38,1,14.0
plant_height,2023,M1,LI38,1,165.0
head_diameter,2023,M1,LI38,1,18.5
plant_height,2023,M1,LI38,1,160.0
head_diameter,2023,M1,LI38,1,15.5
plant_height,2023,M1,LI38,1,167.0
head_diameter,2023,M1,LI38,1,17.0
plant_height,2023,M1,LI38,2,176.0
head_diameter,2023,M1,LI38,2,17.0
plant_height,2023,M1,LI38,2,166.0
head_diameter,2023,M1,LI38,2,16.0
plant_height,2023,M1,LI38,2,181.0
head_diameter,2023,M1,LI38,2,17.0
plant_height,2023,M1,LI38,2,178.0
head_diameter,2023,M1,LI38,2,18.0
plant_height,2023,M1,LI38,2,178.0
head_diameter,2023,M1,LI38,2,15.0
plant_height,2023,M1,LI38,2,172.0
head_diameter,2023,M1,LI38,2,19.0
plant_height,2023,M1,LI38,2,173.0
head_diameter,2023,M1,LI38,2,18.0
plant_height,2023,M1,LI38,2,179.0
head_diameter,2023,M1,LI38,2,16.0
plant_height,2023,M1,LI38,2,176.0
head_diameter,2023,M1,LI38,2,19.0
plant_height,2023,M1,LI38,2,168.0
head_diameter,2023,M1,LI38,2,18.0
plant_height,2023,M1,LI38,3,166.0
head_diameter,2023,M1,LI38,3,18.0
plant_height,2023,M1,LI38,3,167.0
head_diameter,2023,M1,LI38,3,18.5
plant_height,2023,M1,LI38,3,164.0
head_diameter,2023,M1,LI38,3,18.5
plant_height,2023,M1,LI38,3,167.0
head_diameter,2023,M1,LI38,3,20.0
plant_height,2023,M1,LI38,3,172.0
head_diameter,2023,M1,LI38,3,19.0
plant_height,2023,M1,LI38,3,173.0
head_diameter,2023,M1,LI38,3,20.0
plant_height,2023,M1,LI38,3,174.0
head_diameter,2023,M1,LI38,3,17.0
plant_height,2023,M1,LI38,3,178.0
head_diameter,2023,M1,LI38,3,19.0
plant_height,2023,M1,LI38,3,181.0
head_diameter,2023,M1,LI38,3,20.5
plant_height,2023,M1,LI38,3,169.0
head_diameter,2023,M1,LI38,3,19.5
plant_height,2023,M1,LI39,1,147.0
head_diameter,2023,M1,LI39,1,14.0
plant_height,2023,M1,LI39,1,156.0
head_diameter,2023,M1,LI39,1,18.0
plant_height,2023,M1,LI39,1,159.0
head_diameter,2023,M1,LI39,1,17.0
plant_height,2023,M1,LI39,1,160.0
head_diameter,2023,M1,LI39,1,16.0
plant_height,2023,M1,LI39,1,162.0
head_diameter,2023,M1,LI39,1,18.0
plant_height,2023,M1,LI39,1,162.0
head_diameter,2023,M1,LI39,1,16.0
plant_height,2023,M1,LI39,1,169.0
head_diameter,2023,M1,LI39,1,23.5
plant_height,2023,M1,LI39,1,155.0
head_diameter,2023,M1,LI39,1,19.0
plant_height,2023,M1,LI39,1,159.0
head_diameter,2023,M1,LI39,1,17.0
plant_height,2023,M1,LI39,1,157.0
head_diameter,2023,M1,LI39,1,17.0
plant_height,2023,M1,LI39,2,172.0
head_diameter,2023,M1,LI39,2,24.0
plant_height,2023,M1,LI39,2,172.0
head_diameter,2023,M1,LI39,2,16.0
plant_height,2023,M1,LI39,2,168.0
head_diameter,2023,M1,LI39,2,22.0
plant_height,2023,M1,LI39,2,167.0
head_diameter,2023,M1,LI39,2,19.5
plant_height,2023,M1,LI39,2,171.0
head_diameter,2023,M1,LI39,2,18.5
plant_height,2023,M1,LI39,2,176.0
head_diameter,2023,M1,LI39,2,21.0
plant_height,2023,M1,LI39,2,170.0
head_diameter,2023,M1,LI39,2,23.0
plant_height,2023,M1,LI39,2,171.0
head_diameter,2023,M1,LI39,2,18.0
plant_height,2023,M1,LI39,2,171.0
head_diameter,2023,M1,LI39,2,19.0
plant_height,2023,M1,LI39,2,168.0
head_diameter,2023,M1,LI39,2,16.0
plant_height,2023,M1,LI39,3,150.0
head_diameter,2023,M1,LI39,3,18.0
plant_height,2023,M1,LI39,3,157.0
head_diameter,2023,M1,LI39,3,24.0
plant_height,2023,M1,LI39,3,161.0
head_diameter,2023,M1,LI39,3,22.0
plant_height,2023,M1,LI39,3,142.0
head_diameter,2023,M1,LI39,3,20.0
plant_height,2023,M1,LI39,3,141.0
head_diameter,2023,M1,LI39,3,20.0
plant_height,2023,M1,LI39,3,133.0
head_diameter,2023,M1,LI39,3,13.0
plant_height,2023,M1,LI39,3,147.0
head_diameter,2023,M1,LI39,3,26.5
plant_height,2023,M1,LI39,3,160.0
head_diameter,2023,M1,LI39,3,24.0
plant_height,2023,M1,LI39,3,158.0
head_diameter,2023,M1,LI39,3,21.5
plant_height,2023,M1,LI39,3,155.0
head_diameter,2023,M1,LI39,3,24.5
plant_height,2023,M1,LI40,1,160.0
head_diameter,2023,M1,LI40,1,20.0
plant_height,2023,M1,LI40,1,159.0
head_diameter,2023,M1,LI40,1,21.0
plant_height,2023,M1,LI40,1,151.0
head_diameter,2023,M1,LI40,1,21.0
plant_height,2023,M1,LI40,1,149.0
head_diameter,2023,M1,LI40,1,17.0
plant_height,2023,M1,LI40,1,154.0
head_diameter,2023,M1,LI40,1,20.0
plant_height,2023,M1,LI40,1,149.0
head_diameter,2023,M1,LI40,1,20.0
plant_height,2023,M1,LI40,1,154.0
head_diameter,2023,M1,LI40,1,20.0
plant_height,2023,M1,LI40,1,159.0
head_diameter,2023,M1,LI40,1,18.5
plant_height,2023,M1,LI40,1,154.0
head_diameter,2023,M1,LI40,1,21.5
plant_height,2023,M1,LI40,1,157.0
head_diameter,2023,M1,LI40,1,18.5
plant_height,2023,M1,LI40,2,154.0
head_diameter,2023,M1,LI40,2,16.0
plant_height,2023,M1,LI40,2,155.0
head_diameter,2023,M1,LI40,2,17.0
plant_height,2023,M1,LI40,2,158.0
head_diameter,2023,M1,LI40,2,18.0
plant_height,2023,M1,LI40,2,166.0
head_diameter,2023,M1,LI40,2,19.0
plant_height,2023,M1,LI40,2,169.0
head_diameter,2023,M1,LI40,2,17.0
plant_height,2023,M1,LI40,2,167.0
head_diameter,2023,M1,LI40,2,14.5
plant_height,2023,M1,LI40,2,161.0
head_diameter,2023,M1,LI40,2,15.0
plant_height,2023,M1,LI40,2,156.0
head_diameter,2023,M1,LI40,2,17.0
plant_height,2023,M1,LI40,2,158.0
head_diameter,2023,M1,LI40,2,19.0
plant_height,2023,M1,LI40,2,171.0
head_diameter,2023,M1,LI40,2,17.0
plant_height,2023,M1,LI40,3,162.0
head_diameter,2023,M1,LI40,3,23.0
plant_height,2023,M1,LI40,3,160.0
head_diameter,2023,M1,LI40,3,18.5
plant_height,2023,M1,LI40,3,163.0
head_diameter,2023,M1,LI40,3,20.0
plant_height,2023,M1,LI40,3,154.0
head_diameter,2023,M1,LI40,3,21.5
plant_height,2023,M1,LI40,3,144.0
head_diameter,2023,M1,LI40,3,18.0
plant_height,2023,M1,LI40,3,163.0
head_diameter,2023,M1,LI40,3,15.0
plant_height,2023,M1,LI40,3,152.0
head_diameter,2023,M1,LI40,3,15.0
plant_height,2023,M1,LI40,3,152.0
head_diameter,2023,M1,LI40,3,24.5
plant_height,2023,M1,LI40,3,155.0
head_diameter,2023,M1,LI40,3,19.5
plant_height,2023,M1,LI40,3,158.0
head_diameter,2023,M1,LI40,3,16.5
plant_height,2023,M1,LI41,1,163.0
head_diameter,2023,M1,LI41,1,21.0
plant_height,2023,M1,LI41,1,166.0
head_diameter,2023,M1,LI41,1,22.0
plant_height,2023,M1,LI41,1,164.0
head_diameter,2023,M1,LI41,1,24.0
plant_height,2023,M1,LI41,1,164.0
head_diameter,2023,M1,LI41,1,26.5
plant_height,2023,M1,LI41,1,169.0
head_diameter,2023,M1,LI41,1,25.0
plant_height,2023,M1,LI41,1,158.0
head_diameter,2023,M1,LI41,1,23.0
plant_height,2023,M1,LI41,1,153.0
head_diameter,2023,M1,LI41,1,18.0
plant_height,2023,M1,LI41,1,156.0
head_diameter,2023,M1,LI41,1,28.5
plant_height,2023,M1,LI41,1,159.0
head_diameter,2023,M1,LI41,1,17.0
plant_height,2023,M1,LI41,1,168.0
head_diameter,2023,M1,LI41,1,21.0
plant_height,2023,M1,LI41,2,169.0
head_diameter,2023,M1,LI41,2,16.0
plant_height,2023,M1,LI41,2,167.0
head_diameter,2023,M1,LI41,2,16.0
plant_height,2023,M1,LI41,2,176.0
head_diameter,2023,M1,LI41,2,17.0
plant_height,2023,M1,LI41,2,167.0
head_diameter,2023,M1,LI41,2,20.0
plant_height,2023,M1,LI41,2,166.0
head_diameter,2023,M1,LI41,2,17.0
plant_height,2023,M1,LI41,2,164.0
head_diameter,2023,M1,LI41,2,15.0
plant_height,2023,M1,LI41,2,170.0
head_diameter,2023,M1,LI41,2,17.0
plant_height,2023,M1,LI41,2,174.0
head_diameter,2023,M1,LI41,2,16.0
plant_height,2023,M1,LI41,2,166.0
head_diameter,2023,M1,LI41,2,27.0
plant_height,2023,M1,LI41,2,155.0
head_diameter,2023,M1,LI41,2,21.0
plant_height,2023,M1,LI41,3,158.0
head_diameter,2023,M1,LI41,3,20.0
plant_height,2023,M1,LI41,3,160.0
head_diameter,2023,M1,LI41,3,22.0
plant_height,2023,M1,LI41,3,154.0
head_diameter,2023,M1,LI41,3,26.5
plant_height,2023,M1,LI41,3,164.0
head_diameter,2023,M1,LI41,3,23.0
plant_height,2023,M1,LI41,3,167.0
head_diameter,2023,M1,LI41,3,19.5
plant_height,2023,M1,LI41,3,180.0
head_diameter,2023,M1,LI41,3,23.5
plant_height,2023,M1,LI41,3,184.0
head_diameter,2023,M1,LI41,3,23.5
plant_height,2023,M1,LI41,3,175.0
head_diameter,2023,M1,LI41,3,23.5
plant_height,2023,M1,LI41,3,172.0
head_diameter,2023,M1,LI41,3,22.0
plant_height,2023,M1,LI41,3,176.0
head_diameter,2023,M1,LI41,3,21.0
plant_height,2023,M1,LI42,1,160.0
head_diameter,2023,M1,LI42,1,21.0
plant_height,2023,M1,LI42,1,155.0
head_diameter,2023,M1,LI42,1,16.0
plant_height,2023,M1,LI42,1,164.0
head_diameter,2023,M1,LI42,1,23.0
plant_height,2023,M1,LI42,1,148.0
head_diameter,2023,M1,LI42,1,21.0
plant_height,2023,M1,LI42,1,171.0
head_diameter,2023,M1,LI42,1,20.0
plant_height,2023,M1,LI42,1,164.0
head_diameter,2023,M1,LI42,1,17.0
plant_height,2023,M1,LI42,1,159.0
head_diameter,2023,M1,LI42,1,18.0
plant_height,2023,M1,LI42,1,168.0
head_diameter,2023,M1,LI42,1,19.0
plant_height,2023,M1,LI42,1,168.0
head_diameter,2023,M1,LI42,1,21.0
plant_height,2023,M1,LI42,1,167.0
head_diameter,2023,M1,LI42,1,21.0
plant_height,2023,M1,LI42,2,178.0
head_diameter,2023,M1,LI42,2,16.0
plant_height,2023,M1,LI42,2,175.0
head_diameter,2023,M1,LI42,2,17.0
plant_height,2023,M1,LI42,2,179.0
head_diameter,2023,M1,LI42,2,19.5
plant_height,2023,M1,LI42,2,181.0
head_diameter,2023,M1,LI42,2,15.0
plant_height,2023,M1,LI42,2,185.0
head_diameter,2023,M1,LI42,2,20.0
plant_height,2023,M1,LI42,2,185.0
head_diameter,2023,M1,LI42,2,22.0
plant_height,2023,M1,LI42,2,176.0
head_diameter,2023,M1,LI42,2,19.0
plant_height,2023,M1,LI42,2,172.0
head_diameter,2023,M1,LI42,2,18.0
plant_height,2023,M1,LI42,2,187.0
head_diameter,2023,M1,LI42,2,21.0
plant_height,2023,M1,LI42,2,189.0
head_diameter,2023,M1,LI42,2,20.5
plant_height,2023,M1,LI42,3,169.0
head_diameter,2023,M1,LI42,3,17.0
plant_height,2023,M1,LI42,3,171.0
head_diameter,2023,M1,LI42,3,19.0
plant_height,2023,M1,LI42,3,179.0
head_diameter,2023,M1,LI42,3,22.5
plant_height,2023,M1,LI42,3,178.0
head_diameter,2023,M1,LI42,3,21.0
plant_height,2023,M1,LI42,3,163.0
head_diameter,2023,M1,LI42,3,16.0
plant_height,2023,M1,LI42,3,148.0
head_diameter,2023,M1,LI42,3,25.0
plant_height,2023,M1,LI42,3,156.0
head_diameter,2023,M1,LI42,3,20.0
plant_height,2023,M1,LI42,3,163.0
head_diameter,2023,M1,LI42,3,23.0
plant_height,2023,M1,LI42,3,176.0
head_diameter,2023,M1,LI42,3,19.0
plant_height,2023,M1,LI42,3,169.0
head_diameter,2023,M1,LI42,3,15.0
plant_height,2023,M1,LI43,1,163.0
head_diameter,2023,M1,LI43,1,22.0
plant_height,2023,M1,LI43,1,169.0
head_diameter,2023,M1,LI43,1,22.0
plant_height,2023,M1,LI43,1,168.0
head_diameter,2023,M1,LI43,1,20.0
plant_height,2023,M1,LI43,1,158.0
head_diameter,2023,M1,LI43,1,18.0
plant_height,2023,M1,LI43,1,167.0
head_diameter,2023,M1,LI43,1,19.0
plant_height,2023,M1,LI43,1,182.0
head_diameter,2023,M1,LI43,1,19.0
plant_height,2023,M1,LI43,1,176.0
head_diameter,2023,M1,LI43,1,20.0
plant_height,2023,M1,LI43,1,170.0
head_diameter,2023,M1,LI43,1,17.0
plant_height,2023,M1,LI43,1,162.0
head_diameter,2023,M1,LI43,1,22.5
plant_height,2023,M1,LI43,1,169.0
head_diameter,2023,M1,LI43,1,21.0
plant_height,2023,M1,LI43,2,177.0
head_diameter,2023,M1,LI43,2,18.0
plant_height,2023,M1,LI43,2,184.0
head_diameter,2023,M1,LI43,2,16.0
plant_height,2023,M1,LI43,2,175.0
head_diameter,2023,M1,LI43,2,15.0
plant_height,2023,M1,LI43,2,165.0
head_diameter,2023,M1,LI43,2,20.0
plant_height,2023,M1,LI43,2,174.0
head_diameter,2023,M1,LI43,2,21.0
plant_height,2023,M1,LI43,2,178.0
head_diameter,2023,M1,LI43,2,18.5
plant_height,2023,M1,LI43,2,177.0
head_diameter,2023,M1,LI43,2,20.0
plant_height,2023,M1,LI43,2,171.0
head_diameter,2023,M1,LI43,2,19.5
plant_height,2023,M1,LI43,2,172.0
head_diameter,2023,M1,LI43,2,18.5
plant_height,2023,M1,LI43,2,170.0
head_diameter,2023,M1,LI43,2,16.0
plant_height,2023,M1,LI43,3,160.0
head_diameter,2023,M1,LI43,3,24.0
plant_height,2023,M1,LI43,3,163.0
head_diameter,2023,M1,LI43,3,23.0
plant_height,2023,M1,LI43,3,165.0
head_diameter,2023,M1,LI43,3,21.0
plant_height,2023,M1,LI43,3,154.0
head_diameter,2023,M1,LI43,3,26.0
plant_height,2023,M1,LI43,3,165.0
head_diameter,2023,M1,LI43,3,20.5
plant_height,2023,M1,LI43,3,179.0
head_diameter,2023,M1,LI43,3,23.0
plant_height,2023,M1,LI43,3,170.0
head_diameter,2023,M1,LI43,3,16.0
plant_height,2023,M1,LI43,3,164.0
head_diameter,2023,M1,LI43,3,19.0
plant_height,2023,M1,LI43,3,169.0
head_diameter,2023,M1,LI43,3,21.0
plant_height,2023,M1,LI43,3,161.0
head_diameter,2023,M1,LI43,3,24.0
plant_height,2023,M1,LI44,1,173.0
head_diameter,2023,M1,LI44,1,19.0
plant_height,2023,M1,LI44,1,176.0
head_diameter,2023,M1,LI44,1,17.0
plant_height,2023,M1,LI44,1,176.0
head_diameter,2023,M1,LI44,1,14.0
plant_height,2023,M1,LI44,1,178.0
head_diameter,2023,M1,LI44,1,17.5
plant_height,2023,M1,LI44,1,178.0
head_diameter,2023,M1,LI44,1,17.0
plant_height,2023,M1,LI44,1,176.0
head_diameter,2023,M1,LI44,1,17.0
plant_height,2023,M1,LI44,1,171.0
head_diameter,2023,M1,LI44,1,14.0
plant_height,2023,M1,LI44,1,176.0
head_diameter,2023,M1,LI44,1,20.0
plant_height,2023,M1,LI44,1,180.0
head_diameter,2023,M1,LI44,1,20.0
plant_height,2023,M1,LI44,1,175.0
head_diameter,2023,M1,LI44,1,19.0
plant_height,2023,M1,LI44,2,182.0
head_diameter,2023,M1,LI44,2,22.0
plant_height,2023,M1,LI44,2,182.0
head_diameter,2023,M1,LI44,2,18.0
plant_height,2023,M1,LI44,2,188.0
head_diameter,2023,M1,LI44,2,19.0
plant_height,2023,M1,LI44,2,190.0
head_diameter,2023,M1,LI44,2,17.0
plant_height,2023,M1,LI44,2,189.0
head_diameter,2023,M1,LI44,2,18.0
plant_height,2023,M1,LI44,2,182.0
head_diameter,2023,M1,LI44,2,19.0
plant_height,2023,M1,LI44,2,186.0
head_diameter,2023,M1,LI44,2,18.0
plant_height,2023,M1,LI44,2,173.0
head_diameter,2023,M1,LI44,2,14.0
plant_height,2023,M1,LI44,2,183.0
head_diameter,2023,M1,LI44,2,16.0
plant_height,2023,M1,LI44,2,181.0
head_diameter,2023,M1,LI44,2,16.0
plant_height,2023,M1,LI44,3,169.0
head_diameter,2023,M1,LI44,3,17.0
plant_height,2023,M1,LI44,3,174.0
head_diameter,2023,M1,LI44,3,18.0
plant_height,2023,M1,LI44,3,170.0
head_diameter,2023,M1,LI44,3,18.0
plant_height,2023,M1,LI44,3,173.0
head_diameter,2023,M1,LI44,3,20.0
plant_height,2023,M1,LI44,3,168.0
head_diameter,2023,M1,LI44,3,15.0
plant_height,2023,M1,LI44,3,168.0
head_diameter,2023,M1,LI44,3,16.0
plant_height,2023,M1,LI44,3,161.0
head_diameter,2023,M1,LI44,3,12.5
plant_height,2023,M1,LI44,3,164.0
head_diameter,2023,M1,LI44,3,18.0
plant_height,2023,M1,LI44,3,173.0
head_diameter,2023,M1,LI44,3,17.0
plant_height,2023,M1,LI44,3,172.0
head_diameter,2023,M1,LI44,3,20.0
plant_height,2023,M1,LI45,1,175.0
head_diameter,2023,M1,LI45,1,17.0
plant_height,2023,M1,LI45,1,176.0
head_diameter,2023,M1,LI45,1,18.0
plant_height,2023,M1,LI45,1,168.0
head_diameter,2023,M1,LI45,1,20.0
plant_height,2023,M1,LI45,1,179.0
head_diameter,2023,M1,LI45,1,15.0
plant_height,2023,M1,LI45,1,171.0
head_diameter,2023,M1,LI45,1,15.0
plant_height,2023,M1,LI45,1,181.0
head_diameter,2023,M1,LI45,1,20.0
plant_height,2023,M1,LI45,1,175.0
head_diameter,2023,M1,LI45,1,19.0
plant_height,2023,M1,LI45,1,179.0
head_diameter,2023,M1,LI45,1,16.0
plant_height,2023,M1,LI45,1,172.0
head_diameter,2023,M1,LI45,1,19.0
plant_height,2023,M1,LI45,1,175.0
head_diameter,2023,M1,LI45,1,22.0
plant_height,2023,M1,LI45,2,189.0
head_diameter,2023,M1,LI45,2,16.0
plant_height,2023,M1,LI45,2,196.0
head_diameter,2023,M1,LI45,2,15.0
plant_height,2023,M1,LI45,2,203.0
head_diameter,2023,M1,LI45,2,21.0
plant_height,2023,M1,LI45,2,195.0
head_diameter,2023,M1,LI45,2,17.0
plant_height,2023,M1,LI45,2,198.0
head_diameter,2023,M1,LI45,2,21.0
plant_height,2023,M1,LI45,2,196.0
head_diameter,2023,M1,LI45,2,16.0
plant_height,2023,M1,LI45,2,195.0
head_diameter,2023,M1,LI45,2,17.0
plant_height,2023,M1,LI45,2,196.0
head_diameter,2023,M1,LI45,2,15.0
plant_height,2023,M1,LI45,2,190.0
head_diameter,2023,M1,LI45,2,20.0
plant_height,2023,M1,LI45,2,185.0
head_diameter,2023,M1,LI45,2,17.0
plant_height,2023,M1,LI45,3,157.0
head_diameter,2023,M1,LI45,3,17.0
plant_height,2023,M1,LI45,3,181.0
head_diameter,2023,M1,LI45,3,17.0
plant_height,2023,M1,LI45,3,178.0
head_diameter,2023,M1,LI45,3,18.0
plant_height,2023,M1,LI45,3,178.0
head_diameter,2023,M1,LI45,3,18.0
plant_height,2023,M1,LI45,3,168.0
head_diameter,2023,M1,LI45,3,18.0
plant_height,2023,M1,LI45,3,172.0
head_diameter,2023,M1,LI45,3,19.0
plant_height,2023,M1,LI45,3,179.0
head_diameter,2023,M1,LI45,3,21.0
plant_height,2023,M1,LI45,3,182.0
head_diameter,2023,M1,LI45,3,19.0
plant_height,2023,M1,LI45,3,178.0
head_diameter,2023,M1,LI45,3,20.0
plant_height,2023,M1,LI45,3,175.0
head_diameter,2023,M1,LI45,3,17.5
plant_height,2023,M1,LI46,1,160.0
head_diameter,2023,M1,LI46,1,17.0
plant_height,2023,M1,LI46,1,160.0
head_diameter,2023,M1,LI46,1,22.0
plant_height,2023,M1,LI46,1,178.0
head_diameter,2023,M1,LI46,1,18.5
plant_height,2023,M1,LI46,1,179.0
head_diameter,2023,M1,LI46,1,17.0
plant_height,2023,M1,LI46,1,178.0
head_diameter,2023,M1,LI46,1,16.0
plant_height,2023,M1,LI46,1,162.0
head_diameter,2023,M1,LI46,1,17.0
plant_height,2023,M1,LI46,1,163.0
head_diameter,2023,M1,LI46,1,15.0
plant_height,2023,M1,LI46,1,171.0
head_diameter,2023,M1,LI46,1,18.0
plant_height,2023,M1,LI46,1,165.0
head_diameter,2023,M1,LI46,1,18.0
plant_height,2023,M1,LI46,1,160.0
head_diameter,2023,M1,LI46,1,19.0
plant_height,2023,M1,LI46,2,185.0
head_diameter,2023,M1,LI46,2,18.0
plant_height,2023,M1,LI46,2,186.0
head_diameter,2023,M1,LI46,2,19.0
plant_height,2023,M1,LI46,2,189.0
head_diameter,2023,M1,LI46,2,16.0
plant_height,2023,M1,LI46,2,199.0
head_diameter,2023,M1,LI46,2,21.0
plant_height,2023,M1,LI46,2,190.0
head_diameter,2023,M1,LI46,2,18.0
plant_height,2023,M1,LI46,2,197.0
head_diameter,2023,M1,LI46,2,18.0
plant_height,2023,M1,LI46,2,189.0
head_diameter,2023,M1,LI46,2,16.0
plant_height,2023,M1,LI46,2,199.0
head_diameter,2023,M1,LI46,2,20.0
plant_height,2023,M1,LI46,2,188.0
head_diameter,2023,M1,LI46,2,20.0
plant_height,2023,M1,LI46,2,180.0
head_diameter,2023,M1,LI46,2,18.0
plant_height,2023,M1,LI46,3,174.0
head_diameter,2023,M1,LI46,3,18.0
plant_height,2023,M1,LI46,3,173.0
head_diameter,2023,M1,LI46,3,17.0
plant_height,2023,M1,LI46,3,175.0
head_diameter,2023,M1,LI46,3,17.0
plant_height,2023,M1,LI46,3,171.0
head_diameter,2023,M1,LI46,3,16.0
plant_height,2023,M1,LI46,3,170.0
head_diameter,2023,M1,LI46,3,18.0
plant_height,2023,M1,LI46,3,182.0
head_diameter,2023,M1,LI46,3,17.0
plant_height,2023,M1,LI46,3,171.0
head_diameter,2023,M1,LI46,3,18.0
plant_height,2023,M1,LI46,3,166.0
head_diameter,2023,M1,LI46,3,15.0
plant_height,2023,M1,LI46,3,164.0
head_diameter,2023,M1,LI46,3,18.0
plant_height,2023,M1,LI46,3,171.0
head_diameter,2023,M1,LI46,3,18.0
plant_height,2023,M1,LI47,1,170.0
head_diameter,2023,M1,LI47,1,18.0
plant_height,2023,M1,LI47,1,165.0
head_diameter,2023,M1,LI47,1,17.0
plant_height,2023,M1,LI47,1,180.0
head_diameter,2023,M1,LI47,1,17.0
plant_height,2023,M1,LI47,1,178.0
head_diameter,2023,M1,LI47,1,19.0
plant_height,2023,M1,LI47,1,180.0
head_diameter,2023,M1,LI47,1,18.0
plant_height,2023,M1,LI47,1,178.0
head_diameter,2023,M1,LI47,1,16.0
plant_height,2023,M1,LI47,1,170.0
head_diameter,2023,M1,LI47,1,17.0
plant_height,2023,M1,LI47,1,171.0
head_diameter,2023,M1,LI47,1,17.0
plant_height,2023,M1,LI47,1,174.0
head_diameter,2023,M1,LI47,1,17.0
plant_height,2023,M1,LI47,1,170.0
head_diameter,2023,M1,LI47,1,17.0
plant_height,2023,M1,LI47,2,191.0
head_diameter,2023,M1,LI47,2,17.0
plant_height,2023,M1,LI47,2,189.0
head_diameter,2023,M1,LI47,2,21.0
plant_height,2023,M1,LI47,2,179.0
head_diameter,2023,M1,LI47,2,20.0
plant_height,2023,M1,LI47,2,178.0
head_diameter,2023,M1,LI47,2,22.0
plant_height,2023,M1,LI47,2,185.0
head_diameter,2023,M1,LI47,2,18.0
plant_height,2023,M1,LI47,2,189.0
head_diameter,2023,M1,LI47,2,20.0
plant_height,2023,M1,LI47,2,179.0
head_diameter,2023,M1,LI47,2,18.0
plant_height,2023,M1,LI47,2,169.0
head_diameter,2023,M1,LI47,2,13.0
plant_height,2023,M1,LI47,2,175.0
head_diameter,2023,M1,LI47,2,20.0
plant_height,2023,M1,LI47,2,178.0
head_diameter,2023,M1,LI47,2,15.0
plant_height,2023,M1,LI47,3,176.0
head_diameter,2023,M1,LI47,3,20.0
plant_height,2023,M1,LI47,3,172.0
head_diameter,2023,M1,LI47,3,19.0
plant_height,2023,M1,LI47,3,173.0
head_diameter,2023,M1,LI47,3,20.0
plant_height,2023,M1,LI47,3,180.0
head_diameter,2023,M1,LI47,3,19.0
plant_height,2023,M1,LI47,3,169.0
head_diameter,2023,M1,LI47,3,17.0
plant_height,2023,M1,LI47,3,176.0
head_diameter,2023,M1,LI47,3,15.0
plant_height,2023,M1,LI47,3,178.0
head_diameter,2023,M1,LI47,3,20.0
plant_height,2023,M1,LI47,3,177.0
head_diameter,2023,M1,LI47,3,16.0
plant_height,2023,M1,LI47,3,172.0
head_diameter,2023,M1,LI47,3,18.0
plant_height,2023,M1,LI47,3,175.0
head_diameter,2023,M1,LI47,3,20.0
plant_height,2023,M1,LI48,1,156.0
head_diameter,2023,M1,LI48,1,16.5
plant_height,2023,M1,LI48,1,161.0
head_diameter,2023,M1,LI48,1,19.0
plant_height,2023,M1,LI48,1,164.0
head_diameter,2023,M1,LI48,1,18.0
plant_height,2023,M1,LI48,1,154.0
head_diameter,2023,M1,LI48,1,18.0
plant_height,2023,M1,LI48,1,153.0
head_diameter,2023,M1,LI48,1,15.0
plant_height,2023,M1,LI48,1,156.0
head_diameter,2023,M1,LI48,1,21.0
plant_height,2023,M1,LI48,1,168.0
head_diameter,2023,M1,LI48,1,18.0
plant_height,2023,M1,LI48,1,166.0
head_diameter,2023,M1,LI48,1,18.0
plant_height,2023,M1,LI48,1,173.0
head_diameter,2023,M1,LI48,1,15.0
plant_height,2023,M1,LI48,1,163.0
head_diameter,2023,M1,LI48,1,14.0
plant_height,2023,M1,LI48,2,168.0
head_diameter,2023,M1,LI48,2,20.0
plant_height,2023,M1,LI48,2,173.0
head_diameter,2023,M1,LI48,2,20.0
plant_height,2023,M1,LI48,2,181.0
head_diameter,2023,M1,LI48,2,19.0
plant_height,2023,M1,LI48,2,171.0
head_diameter,2023,M1,LI48,2,20.0
plant_height,2023,M1,LI48,2,170.0
head_diameter,2023,M1,LI48,2,19.0
plant_height,2023,M1,LI48,2,175.0
head_diameter,2023,M1,LI48,2,20.0
plant_height,2023,M1,LI48,2,180.0
head_diameter,2023,M1,LI48,2,15.0
plant_height,2023,M1,LI48,2,178.0
head_diameter,2023,M1,LI48,2,21.0
plant_height,2023,M1,LI48,2,173.0
head_diameter,2023,M1,LI48,2,16.0
plant_height,2023,M1,LI48,2,177.0
head_diameter,2023,M1,LI48,2,20.0
plant_height,2023,M1,LI48,3,160.0
head_diameter,2023,M1,LI48,3,20.0
plant_height,2023,M1,LI48,3,173.0
head_diameter,2023,M1,LI48,3,20.0
plant_height,2023,M1,LI48,3,176.0
head_diameter,2023,M1,LI48,3,20.0
plant_height,2023,M1,LI48,3,172.0
head_diameter,2023,M1,LI48,3,22.0
plant_height,2023,M1,LI48,3,167.0
head_diameter,2023,M1,LI48,3,20.0
plant_height,2023,M1,LI48,3,169.0
head_diameter,2023,M1,LI48,3,20.0
plant_height,2023,M1,LI48,3,167.0
head_diameter,2023,M1,LI48,3,22.0
plant_height,2023,M1,LI48,3,169.0
head_diameter,2023,M1,LI48,3,17.5
plant_height,2023,M1,LI48,3,158.0
head_diameter,2023,M1,LI48,3,18.0
plant_height,2023,M1,LI48,3,159.0
head_diameter,2023,M1,LI48,3,15.0
plant_height,2023,M1,LI49,1,154.0
head_diameter,2023,M1,LI49,1,17.0
plant_height,2023,M1,LI49,1,150.0
head_diameter,2023,M1,LI49,1,15.0
plant_height,2023,M1,LI49,1,153.0
head_diameter,2023,M1,LI49,1,17.0
plant_height,2023,M1,LI49,1,149.0
head_diameter,2023,M1,LI49,1,17.0
plant_height,2023,M1,LI49,1,138.0
head_diameter,2023,M1,LI49,1,18.0
plant_height,2023,M1,LI49,1,138.0
head_diameter,2023,M1,LI49,1,17.0
plant_height,2023,M1,LI49,1,138.0
head_diameter,2023,M1,LI49,1,20.0
plant_height,2023,M1,LI49,1,143.0
head_diameter,2023,M1,LI49,1,17.0
plant_height,2023,M1,LI49,1,140.0
head_diameter,2023,M1,LI49,1,16.0
plant_height,2023,M1,LI49,1,151.0
head_diameter,2023,M1,LI49,1,20.0
plant_height,2023,M1,LI49,2,155.0
head_diameter,2023,M1,LI49,2,15.0
plant_height,2023,M1,LI49,2,163.0
head_diameter,2023,M1,LI49,2,15.0
plant_height,2023,M1,LI49,2,160.0
head_diameter,2023,M1,LI49,2,5.0
plant_height,2023,M1,LI49,2,160.0
head_diameter,2023,M1,LI49,2,15.0
plant_height,2023,M1,LI49,2,162.0
head_diameter,2023,M1,LI49,2,14.0
plant_height,2023,M1,LI49,2,158.0
head_diameter,2023,M1,LI49,2,14.0
plant_height,2023,M1,LI49,2,158.0
head_diameter,2023,M1,LI49,2,17.0
plant_height,2023,M1,LI49,2,148.0
head_diameter,2023,M1,LI49,2,14.0
plant_height,2023,M1,LI49,2,155.0
head_diameter,2023,M1,LI49,2,13.0
plant_height,2023,M1,LI49,2,161.0
head_diameter,2023,M1,LI49,2,16.0
plant_height,2023,M1,LI49,3,152.0
head_diameter,2023,M1,LI49,3,19.0
plant_height,2023,M1,LI49,3,148.0
head_diameter,2023,M1,LI49,3,19.0
plant_height,2023,M1,LI49,3,163.0
head_diameter,2023,M1,LI49,3,20.0
plant_height,2023,M1,LI49,3,142.0
head_diameter,2023,M1,LI49,3,21.0
plant_height,2023,M1,LI49,3,143.0
head_diameter,2023,M1,LI49,3,15.0
plant_height,2023,M1,LI49,3,152.0
head_diameter,2023,M1,LI49,3,16.0
plant_height,2023,M1,LI49,3,142.0
head_diameter,2023,M1,LI49,3,14.0
plant_height,2023,M1,LI49,3,148.0
head_diameter,2023,M1,LI49,3,19.0
plant_height,2023,M1,LI49,3,153.0
head_diameter,2023,M1,LI49,3,15.0
plant_height,2023,M1,LI49,3,158.0
head_diameter,2023,M1,LI49,3,17.5
plant_height,2023,M1,LI50,1,182.0
head_diameter,2023,M1,LI50,1,21.0
plant_height,2023,M1,LI50,1,180.0
head_diameter,2023,M1,LI50,1,18.0
plant_height,2023,M1,LI50,1,181.0
head_diameter,2023,M1,LI50,1,18.0
plant_height,2023,M1,LI50,1,172.0
head_diameter,2023,M1,LI50,1,18.0
plant_height,2023,M1,LI50,1,174.0
head_diameter,2023,M1,LI50,1,18.0
plant_height,2023,M1,LI50,1,176.0
head_diameter,2023,M1,LI50,1,21.0
plant_height,2023,M1,LI50,1,172.0
head_diameter,2023,M1,LI50,1,18.0
plant_height,2023,M1,LI50,1,179.0
head_diameter,2023,M1,LI50,1,20.0
plant_height,2023,M1,LI50,1,189.0
head_diameter,2023,M1,LI50,1,18.0
plant_height,2023,M1,LI50,1,181.0
head_diameter,2023,M1,LI50,1,18.0
plant_height,2023,M1,LI50,2,182.0
head_diameter,2023,M1,LI50,2,17.0
plant_height,2023,M1,LI50,2,176.0
head_diameter,2023,M1,LI50,2,14.0
plant_height,2023,M1,LI50,2,178.0
head_diameter,2023,M1,LI50,2,16.0
plant_height,2023,M1,LI50,2,180.0
head_diameter,2023,M1,LI50,2,13.0
plant_height,2023,M1,LI50,2,178.0
head_diameter,2023,M1,LI50,2,17.0
plant_height,2023,M1,LI50,2,184.0
head_diameter,2023,M1,LI50,2,17.0
plant_height,2023,M1,LI50,2,183.0
head_diameter,2023,M1,LI50,2,13.0
plant_height,2023,M1,LI50,2,185.0
head_diameter,2023,M1,LI50,2,17.0
plant_height,2023,M1,LI50,2,193.0
head_diameter,2023,M1,LI50,2,19.0
plant_height,2023,M1,LI50,2,188.0
head_diameter,2023,M1,LI50,2,17.0
plant_height,2023,M1,LI50,3,185.0
head_diameter,2023,M1,LI50,3,17.0
plant_height,2023,M1,LI50,3,181.0
head_diameter,2023,M1,LI50,3,17.0
plant_height,2023,M1,LI50,3,179.0
head_diameter,2023,M1,LI50,3,17.0
plant_height,2023,M1,LI50,3,183.0
head_diameter,2023,M1,LI50,3,15.0
plant_height,2023,M1,LI50,3,176.0
head_diameter,2023,M1,LI50,3,21.0
plant_height,2023,M1,LI50,3,178.0
head_diameter,2023,M1,LI50,3,19.0
plant_height,2023,M1,LI50,3,189.0
head_diameter,2023,M1,LI50,3,17.0
plant_height,2023,M1,LI50,3,176.0
head_diameter,2023,M1,LI50,3,16.5
plant_height,2023,M1,LI50,3,191.0
head_diameter,2023,M1,LI50,3,22.0
plant_height,2023,M1,LI50,3,183.0
head_diameter,2023,M1,LI50,3,20.5
plant_height,2023,M1,LI51,1,161.0
head_diameter,2023,M1,LI51,1,20.0
plant_height,2023,M1,LI51,1,160.0
head_diameter,2023,M1,LI51,1,18.0
plant_height,2023,M1,LI51,1,164.0
head_diameter,2023,M1,LI51,1,20.0
plant_height,2023,M1,LI51,1,169.0
head_diameter,2023,M1,LI51,1,22.0
plant_height,2023,M1,LI51,1,174.0
head_diameter,2023,M1,LI51,1,22.0
plant_height,2023,M1,LI51,1,171.0
head_diameter,2023,M1,LI51,1,23.0
plant_height,2023,M1,LI51,1,168.0
head_diameter,2023,M1,LI51,1,22.0
plant_height,2023,M1,LI51,1,160.0
head_diameter,2023,M1,LI51,1,19.0
plant_height,2023,M1,LI51,1,169.0
head_diameter,2023,M1,LI51,1,23.0
plant_height,2023,M1,LI51,1,183.0
head_diameter,2023,M1,LI51,1,23.0
plant_height,2023,M1,LI51,1,176.0
head_diameter,2023,M1,LI51,1,21.0
plant_height,2023,M1,LI51,1,172.0
head_diameter,2023,M1,LI51,1,22.0
plant_height,2023,M1,LI51,1,170.0
head_diameter,2023,M1,LI51,1,24.0
plant_height,2023,M1,LI51,1,166.0
head_diameter,2023,M1,LI51,1,22.0
plant_height,2023,M1,LI51,1,157.0
head_diameter,2023,M1,LI51,1,21.0
plant_height,2023,M1,LI51,2,178.0
head_diameter,2023,M1,LI51,2,20.0
plant_height,2023,M1,LI51,2,180.0
head_diameter,2023,M1,LI51,2,23.0
plant_height,2023,M1,LI51,2,173.0
head_diameter,2023,M1,LI51,2,23.0
plant_height,2023,M1,LI51,2,181.0
head_diameter,2023,M1,LI51,2,17.0
plant_height,2023,M1,LI51,2,174.0
head_diameter,2023,M1,LI51,2,19.0
plant_height,2023,M1,LI51,2,177.0
head_diameter,2023,M1,LI51,2,20.0
plant_height,2023,M1,LI51,2,183.0
head_diameter,2023,M1,LI51,2,21.0
plant_height,2023,M1,LI51,2,183.0
head_diameter,2023,M1,LI51,2,20.0
plant_height,2023,M1,LI51,2,167.0
head_diameter,2023,M1,LI51,2,18.0
plant_height,2023,M1,LI51,2,178.0
head_diameter,2023,M1,LI51,2,21.0
plant_height,2023,M1,LI51,2,170.0
head_diameter,2023,M1,LI51,2,20.0
plant_height,2023,M1,LI51,2,173.0
head_diameter,2023,M1,LI51,2,21.0
plant_height,2023,M1,LI51,2,173.0
head_diameter,2023,M1,LI51,2,24.0
plant_height,2023,M1,LI51,2,165.0
head_diameter,2023,M1,LI51,2,20.0
plant_height,2023,M1,LI51,2,173.0
head_diameter,2023,M1,LI51,2,19.0
plant_height,2023,M1,LI51,3,149.0
head_diameter,2023,M1,LI51,3,22.0
plant_height,2023,M1,LI51,3,169.0
head_diameter,2023,M1,LI51,3,27.0
plant_height,2023,M1,LI51,3,169.0
head_diameter,2023,M1,LI51,3,16.0
plant_height,2023,M1,LI51,3,175.0
head_diameter,2023,M1,LI51,3,23.0
plant_height,2023,M1,LI51,3,184.0
head_diameter,2023,M1,LI51,3,21.0
plant_height,2023,M1,LI51,3,178.0
head_diameter,2023,M1,LI51,3,22.0
plant_height,2023,M1,LI51,3,170.0
head_diameter,2023,M1,LI51,3,23.0
plant_height,2023,M1,LI51,3,165.0
head_diameter,2023,M1,LI51,3,15.0
plant_height,2023,M1,LI51,3,168.0
head_diameter,2023,M1,LI51,3,22.0
plant_height,2023,M1,LI51,3,167.0
head_diameter,2023,M1,LI51,3,25.0
plant_height,2023,M1,LI51,3,172.0
head_diameter,2023,M1,LI51,3,22.0
plant_height,2023,M1,LI51,3,168.0
head_diameter,2023,M1,LI51,3,21.0
plant_height,2023,M1,LI51,3,173.0
head_diameter,2023,M1,LI51,3,16.0
plant_height,2023,M1,LI51,3,167.0
head_diameter,2023,M1,LI51,3,19.0
plant_height,2023,M1,LI51,3,164.0
head_diameter,2023,M1,LI51,3,22.0
plant_height,2023,M1,LI52,1,160.0
head_diameter,2023,M1,LI52,1,18.5
plant_height,2023,M1,LI52,1,156.0
head_diameter,2023,M1,LI52,1,17.0
plant_height,2023,M1,LI52,1,157.0
head_diameter,2023,M1,LI52,1,19.0
plant_height,2023,M1,LI52,1,162.0
head_diameter,2023,M1,LI52,1,17.0
plant_height,2023,M1,LI52,1,170.0
head_diameter,2023,M1,LI52,1,19.0
plant_height,2023,M1,LI52,1,162.0
head_diameter,2023,M1,LI52,1,19.0
plant_height,2023,M1,LI52,1,158.0
head_diameter,2023,M1,LI52,1,19.0
plant_height,2023,M1,LI52,1,157.0
head_diameter,2023,M1,LI52,1,19.0
plant_height,2023,M1,LI52,1,159.0
head_diameter,2023,M1,LI52,1,16.0
plant_height,2023,M1,LI52,1,154.0
head_diameter,2023,M1,LI52,1,14.0
plant_height,2023,M1,LI52,2,172.0
head_diameter,2023,M1,LI52,2,18.0
plant_height,2023,M1,LI52,2,164.0
head_diameter,2023,M1,LI52,2,16.0
plant_height,2023,M1,LI52,2,170.0
head_diameter,2023,M1,LI52,2,19.0
plant_height,2023,M1,LI52,2,165.0
head_diameter,2023,M1,LI52,2,21.0
plant_height,2023,M1,LI52,2,164.0
head_diameter,2023,M1,LI52,2,19.0
plant_height,2023,M1,LI52,2,160.0
head_diameter,2023,M1,LI52,2,21.0
plant_height,2023,M1,LI52,2,165.0
head_diameter,2023,M1,LI52,2,16.0
plant_height,2023,M1,LI52,2,170.0
head_diameter,2023,M1,LI52,2,18.0
plant_height,2023,M1,LI52,2,171.0
head_diameter,2023,M1,LI52,2,19.0
plant_height,2023,M1,LI52,2,174.0
head_diameter,2023,M1,LI52,2,21.0
plant_height,2023,M1,LI52,3,156.0
head_diameter,2023,M1,LI52,3,20.5
plant_height,2023,M1,LI52,3,167.0
head_diameter,2023,M1,LI52,3,17.0
plant_height,2023,M1,LI52,3,163.0
head_diameter,2023,M1,LI52,3,21.0
plant_height,2023,M1,LI52,3,155.0
head_diameter,2023,M1,LI52,3,22.0
plant_height,2023,M1,LI52,3,147.0
head_diameter,2023,M1,LI52,3,15.0
plant_height,2023,M1,LI52,3,153.0
head_diameter,2023,M1,LI52,3,15.0
plant_height,2023,M1,LI52,3,156.0
head_diameter,2023,M1,LI52,3,21.0
plant_height,2023,M1,LI52,3,159.0
head_diameter,2023,M1,LI52,3,18.0
plant_height,2023,M1,LI52,3,165.0
head_diameter,2023,M1,LI52,3,19.0
plant_height,2023,M1,LI52,3,164.0
head_diameter,2023,M1,LI52,3,19.0
plant_height,2023,M1,LI53,1,169.0
head_diameter,2023,M1,LI53,1,23.0
plant_height,2023,M1,LI53,1,170.0
head_diameter,2023,M1,LI53,1,23.0
plant_height,2023,M1,LI53,1,166.0
head_diameter,2023,M1,LI53,1,21.0
plant_height,2023,M1,LI53,1,160.0
head_diameter,2023,M1,LI53,1,15.0
plant_height,2023,M1,LI53,1,165.0
head_diameter,2023,M1,LI53,1,23.0
plant_height,2023,M1,LI53,1,167.0
head_diameter,2023,M1,LI53,1,27.0
plant_height,2023,M1,LI53,1,181.0
head_diameter,2023,M1,LI53,1,21.0
plant_height,2023,M1,LI53,1,166.0
head_diameter,2023,M1,LI53,1,23.0
plant_height,2023,M1,LI53,1,173.0
head_diameter,2023,M1,LI53,1,18.0
plant_height,2023,M1,LI53,1,165.0
head_diameter,2023,M1,LI53,1,20.0
plant_height,2023,M1,LI53,1,160.0
head_diameter,2023,M1,LI53,1,16.0
plant_height,2023,M1,LI53,1,163.0
head_diameter,2023,M1,LI53,1,17.0
plant_height,2023,M1,LI53,1,159.0
head_diameter,2023,M1,LI53,1,17.0
plant_height,2023,M1,LI53,1,162.0
head_diameter,2023,M1,LI53,1,21.0
plant_height,2023,M1,LI53,1,152.0
head_diameter,2023,M1,LI53,1,17.0
plant_height,2023,M1,LI53,2,173.0
head_diameter,2023,M1,LI53,2,19.0
plant_height,2023,M1,LI53,2,165.0
head_diameter,2023,M1,LI53,2,15.0
plant_height,2023,M1,LI53,2,160.0
head_diameter,2023,M1,LI53,2,16.0
plant_height,2023,M1,LI53,2,166.0
head_diameter,2023,M1,LI53,2,17.0
plant_height,2023,M1,LI53,2,167.0
head_diameter,2023,M1,LI53,2,22.0
plant_height,2023,M1,LI53,2,164.0
head_diameter,2023,M1,LI53,2,21.0
plant_height,2023,M1,LI53,2,158.0
head_diameter,2023,M1,LI53,2,16.0
plant_height,2023,M1,LI53,2,163.0
head_diameter,2023,M1,LI53,2,18.0
plant_height,2023,M1,LI53,2,165.0
head_diameter,2023,M1,LI53,2,16.0
plant_height,2023,M1,LI53,2,165.0
head_diameter,2023,M1,LI53,2,19.0
plant_height,2023,M1,LI53,2,167.0
head_diameter,2023,M1,LI53,2,17.0
plant_height,2023,M1,LI53,2,167.0
head_diameter,2023,M1,LI53,2,21.0
plant_height,2023,M1,LI53,2,164.0
head_diameter,2023,M1,LI53,2,18.0
plant_height,2023,M1,LI53,2,167.0
head_diameter,2023,M1,LI53,2,21.0
plant_height,2023,M1,LI53,2,165.0
head_diameter,2023,M1,LI53,2,20.0
plant_height,2023,M1,LI53,3,181.0
head_diameter,2023,M1,LI53,3,22.0
plant_height,2023,M1,LI53,3,180.0
head_diameter,2023,M1,LI53,3,22.0
plant_height,2023,M1,LI53,3,172.0
head_diameter,2023,M1,LI53,3,21.0
plant_height,2023,M1,LI53,3,167.0
head_diameter,2023,M1,LI53,3,22.0
plant_height,2023,M1,LI53,3,174.0
head_diameter,2023,M1,LI53,3,23.0
plant_height,2023,M1,LI53,3,169.0
head_diameter,2023,M1,LI53,3,22.0
plant_height,2023,M1,LI53,3,169.0
head_diameter,2023,M1,LI53,3,21.0
plant_height,2023,M1,LI53,3,166.0
head_diameter,2023,M1,LI53,3,20.0
plant_height,2023,M1,LI53,3,160.0
head_diameter,2023,M1,LI53,3,19.0
plant_height,2023,M1,LI53,3,161.0
head_diameter,2023,M1,LI53,3,19.0
plant_height,2023,M1,LI53,3,158.0
head_diameter,2023,M1,LI53,3,21.0
plant_height,2023,M1,LI53,3,152.0
head_diameter,2023,M1,LI53,3,19.0
plant_height,2023,M1,LI53,3,160.0
head_diameter,2023,M1,LI53,3,20.0
plant_height,2023,M1,LI53,3,165.0
head_diameter,2023,M1,LI53,3,18.0
plant_height,2023,M1,LI53,3,161.0
head_diameter,2023,M1,LI53,3,19.0
plant_height,2023,M1,LI54,1,152.0
head_diameter,2023,M1,LI54,1,20.0
plant_height,2023,M1,LI54,1,156.0
head_diameter,2023,M1,LI54,1,20.0
plant_height,2023,M1,LI54,1,150.0
head_diameter,2023,M1,LI54,1,22.0
plant_height,2023,M1,LI54,1,145.0
head_diameter,2023,M1,LI54,1,21.0
plant_height,2023,M1,LI54,1,148.0
head_diameter,2023,M1,LI54,1,19.0
plant_height,2023,M1,LI54,1,144.0
head_diameter,2023,M1,LI54,1,19.0
plant_height,2023,M1,LI54,1,143.0
head_diameter,2023,M1,LI54,1,20.0
plant_height,2023,M1,LI54,1,142.0
head_diameter,2023,M1,LI54,1,20.0
plant_height,2023,M1,LI54,1,140.0
head_diameter,2023,M1,LI54,1,21.0
plant_height,2023,M1,LI54,1,150.0
head_diameter,2023,M1,LI54,1,17.0
plant_height,2023,M1,LI54,1,144.0
head_diameter,2023,M1,LI54,1,19.0
plant_height,2023,M1,LI54,1,151.0
head_diameter,2023,M1,LI54,1,19.0
plant_height,2023,M1,LI54,1,155.0
head_diameter,2023,M1,LI54,1,22.0
plant_height,2023,M1,LI54,1,156.0
head_diameter,2023,M1,LI54,1,21.0
plant_height,2023,M1,LI54,1,152.0
head_diameter,2023,M1,LI54,1,23.0
plant_height,2023,M1,LI54,2,156.0
head_diameter,2023,M1,LI54,2,18.0
plant_height,2023,M1,LI54,2,155.0
head_diameter,2023,M1,LI54,2,20.0
plant_height,2023,M1,LI54,2,144.0
head_diameter,2023,M1,LI54,2,15.0
plant_height,2023,M1,LI54,2,152.0
head_diameter,2023,M1,LI54,2,20.0
plant_height,2023,M1,LI54,2,152.0
head_diameter,2023,M1,LI54,2,22.0
plant_height,2023,M1,LI54,2,155.0
head_diameter,2023,M1,LI54,2,19.0
plant_height,2023,M1,LI54,2,153.0
head_diameter,2023,M1,LI54,2,18.0
plant_height,2023,M1,LI54,2,154.0
head_diameter,2023,M1,LI54,2,14.0
plant_height,2023,M1,LI54,2,156.0
head_diameter,2023,M1,LI54,2,17.0
plant_height,2023,M1,LI54,2,152.0
head_diameter,2023,M1,LI54,2,18.0
plant_height,2023,M1,LI54,2,155.0
head_diameter,2023,M1,LI54,2,18.0
plant_height,2023,M1,LI54,2,156.0
head_diameter,2023,M1,LI54,2,16.0
plant_height,2023,M1,LI54,2,155.0
head_diameter,2023,M1,LI54,2,18.0
plant_height,2023,M1,LI54,2,152.0
head_diameter,2023,M1,LI54,2,16.0
plant_height,2023,M1,LI54,2,152.0
head_diameter,2023,M1,LI54,2,17.0
plant_height,2023,M1,LI54,3,148.0
head_diameter,2023,M1,LI54,3,18.0
plant_height,2023,M1,LI54,3,144.0
head_diameter,2023,M1,LI54,3,18.0
plant_height,2023,M1,LI54,3,150.0
head_diameter,2023,M1,LI54,3,16.0
plant_height,2023,M1,LI54,3,144.0
head_diameter,2023,M1,LI54,3,21.0
plant_height,2023,M1,LI54,3,146.0
head_diameter,2023,M1,LI54,3,19.0
plant_height,2023,M1,LI54,3,154.0
head_diameter,2023,M1,LI54,3,16.0
plant_height,2023,M1,LI54,3,153.0
head_diameter,2023,M1,LI54,3,22.0
plant_height,2023,M1,LI54,3,154.0
head_diameter,2023,M1,LI54,3,20.0
plant_height,2023,M1,LI54,3,153.0
head_diameter,2023,M1,LI54,3,17.0
plant_height,2023,M1,LI54,3,142.0
head_diameter,2023,M1,LI54,3,18.0
plant_height,2023,M1,LI54,3,150.0
head_diameter,2023,M1,LI54,3,21.0
plant_height,2023,M1,LI54,3,150.0
head_diameter,2023,M1,LI54,3,19.0
plant_height,2023,M1,LI54,3,143.0
head_diameter,2023,M1,LI54,3,16.0
plant_height,2023,M1,LI54,3,143.0
head_diameter,2023,M1,LI54,3,16.0
plant_height,2023,M1,LI54,3,149.0
head_diameter,2023,M1,LI54,3,19.0
plant_height,2023,M2,LI1,1,123.0
head_diameter,2023,M2,LI1,1,20.0
plant_height,2023,M2,LI1,1,126.0
head_diameter,2023,M2,LI1,1,26.0
plant_height,2023,M2,LI1,1,152.0
head_diameter,2023,M2,LI1,1,24.0
plant_height,2023,M2,LI1,1,162.0
head_diameter,2023,M2,LI1,1,24.0
plant_height,2023,M2,LI1,1,163.0
head_diameter,2023,M2,LI1,1,22.0
plant_height,2023,M2,LI1,1,164.0
head_diameter,2023,M2,LI1,1,17.0
plant_height,2023,M2,LI1,2,148.0
head_diameter,2023,M2,LI1,2,18.0
plant_height,2023,M2,LI1,2,149.0
head_diameter,2023,M2,LI1,2,20.0
plant_height,2023,M2,LI1,2,141.0
head_diameter,2023,M2,LI1,2,21.0
plant_height,2023,M2,LI1,2,152.0
head_diameter,2023,M2,LI1,2,18.0
plant_height,2023,M2,LI1,2,151.0
head_diameter,2023,M2,LI1,2,20.0
plant_height,2023,M2,LI1,2,167.0
head_diameter,2023,M2,LI1,2,19.0
plant_height,2023,M2,LI1,2,165.0
head_diameter,2023,M2,LI1,2,20.0
plant_height,2023,M2,LI1,2,151.0
head_diameter,2023,M2,LI1,2,16.0
plant_height,2023,M2,LI1,2,162.0
head_diameter,2023,M2,LI1,2,18.0
plant_height,2023,M2,LI1,2,149.0
head_diameter,2023,M2,LI1,2,19.0
plant_height,2023,M2,LI1,3,147.0
head_diameter,2023,M2,LI1,3,21.0
plant_height,2023,M2,LI1,3,140.0
head_diameter,2023,M2,LI1,3,20.0
plant_height,2023,M2,LI1,3,140.0
head_diameter,2023,M2,LI1,3,20.0
plant_height,2023,M2,LI1,3,149.0
head_diameter,2023,M2,LI1,3,15.0
plant_height,2023,M2,LI1,3,145.0
head_diameter,2023,M2,LI1,3,20.0
plant_height,2023,M2,LI1,3,143.0
head_diameter,2023,M2,LI1,3,19.0
plant_height,2023,M2,LI1,3,143.0
head_diameter,2023,M2,LI1,3,22.0
plant_height,2023,M2,LI1,3,138.0
head_diameter,2023,M2,LI1,3,21.0
plant_height,2023,M2,LI1,3,148.0
head_diameter,2023,M2,LI1,3,19.0
plant_height,2023,M2,LI1,3,153.0
head_diameter,2023,M2,LI1,3,18.0
plant_height,2023,M2,LI2,1,146.0
head_diameter,2023,M2,LI2,1,24.0
plant_height,2023,M2,LI2,1,160.0
head_diameter,2023,M2,LI2,1,22.0
plant_height,2023,M2,LI2,1,149.0
head_diameter,2023,M2,LI2,1,16.0
plant_height,2023,M2,LI2,1,151.0
head_diameter,2023,M2,LI2,1,20.0
plant_height,2023,M2,LI2,1,156.0
head_diameter,2023,M2,LI2,1,17.0
plant_height,2023,M2,LI2,1,147.0
head_diameter,2023,M2,LI2,1,18.0
plant_height,2023,M2,LI2,1,153.0
head_diameter,2023,M2,LI2,1,21.0
plant_height,2023,M2,LI2,1,163.0
head_diameter,2023,M2,LI2,1,22.0
plant_height,2023,M2,LI2,1,158.0
head_diameter,2023,M2,LI2,1,20.0
plant_height,2023,M2,LI2,1,155.0
head_diameter,2023,M2,LI2,1,16.0
plant_height,2023,M2,LI2,2,153.0
head_diameter,2023,M2,LI2,2,19.0
plant_height,2023,M2,LI2,2,150.0
head_diameter,2023,M2,LI2,2,18.0
plant_height,2023,M2,LI2,2,152.0
head_diameter,2023,M2,LI2,2,17.0
plant_height,2023,M2,LI2,2,150.0
head_diameter,2023,M2,LI2,2,16.0
plant_height,2023,M2,LI2,2,152.0
head_diameter,2023,M2,LI2,2,19.0
plant_height,2023,M2,LI2,2,167.0
head_diameter,2023,M2,LI2,2,19.0
plant_height,2023,M2,LI2,2,151.0
head_diameter,2023,M2,LI2,2,15.0
plant_height,2023,M2,LI2,2,157.0
head_diameter,2023,M2,LI2,2,17.0
plant_height,2023,M2,LI2,2,161.0
head_diameter,2023,M2,LI2,2,17.0
plant_height,2023,M2,LI2,2,158.0
head_diameter,2023,M2,LI2,2,15.0
plant_height,2023,M2,LI2,3,148.0
head_diameter,2023,M2,LI2,3,14.0
plant_height,2023,M2,LI2,3,154.0
head_diameter,2023,M2,LI2,3,17.0
plant_height,2023,M2,LI2,3,159.0
head_diameter,2023,M2,LI2,3,19.0
plant_height,2023,M2,LI2,3,155.0
head_diameter,2023,M2,LI2,3,17.0
plant_height,2023,M2,LI2,3,149.0
head_diameter,2023,M2,LI2,3,17.0
plant_height,2023,M2,LI2,3,148.0
head_diameter,2023,M2,LI2,3,22.0
plant_height,2023,M2,LI2,3,149.0
head_diameter,2023,M2,LI2,3,18.0
plant_height,2023,M2,LI2,3,151.0
head_diameter,2023,M2,LI2,3,17.0
plant_height,2023,M2,LI2,3,149.0
head_diameter,2023,M2,LI2,3,15.0
plant_height,2023,M2,LI2,3,152.0
head_diameter,2023,M2,LI2,3,20.0
plant_height,2023,M2,LI3,1,140.0
head_diameter,2023,M2,LI3,1,19.0
plant_height,2023,M2,LI3,1,130.0
head_diameter,2023,M2,LI3,1,22.0
plant_height,2023,M2,LI3,1,119.0
head_diameter,2023,M2,LI3,1,18.0
plant_height,2023,M2,LI3,1,119.0
head_diameter,2023,M2,LI3,1,18.0
plant_height,2023,M2,LI3,1,132.0
head_diameter,2023,M2,LI3,1,20.0
plant_height,2023,M2,LI3,1,136.0
head_diameter,2023,M2,LI3,1,18.0
plant_height,2023,M2,LI3,1,124.0
head_diameter,2023,M2,LI3,1,18.0
plant_height,2023,M2,LI3,1,135.0
head_diameter,2023,M2,LI3,1,18.0
plant_height,2023,M2,LI3,1,121.0
head_diameter,2023,M2,LI3,1,17.0
plant_height,2023,M2,LI3,1,121.0
head_diameter,2023,M2,LI3,1,15.0
plant_height,2023,M2,LI3,1,129.0
head_diameter,2023,M2,LI3,1,17.0
plant_height,2023,M2,LI3,1,130.0
head_diameter,2023,M2,LI3,1,19.0
plant_height,2023,M2,LI3,1,126.0
head_diameter,2023,M2,LI3,1,15.0
plant_height,2023,M2,LI3,1,119.0
head_diameter,2023,M2,LI3,1,18.0
plant_height,2023,M2,LI3,1,129.0
head_diameter,2023,M2,LI3,1,14.0
plant_height,2023,M2,LI3,2,102.0
head_diameter,2023,M2,LI3,2,16.0
plant_height,2023,M2,LI3,2,113.0
head_diameter,2023,M2,LI3,2,14.0
plant_height,2023,M2,LI3,2,116.0
head_diameter,2023,M2,LI3,2,10.0
plant_height,2023,M2,LI3,2,107.0
head_diameter,2023,M2,LI3,2,13.0
plant_height,2023,M2,LI3,2,113.0
head_diameter,2023,M2,LI3,2,14.0
plant_height,2023,M2,LI3,2,118.0
head_diameter,2023,M2,LI3,2,15.0
plant_height,2023,M2,LI3,2,114.0
head_diameter,2023,M2,LI3,2,12.0
plant_height,2023,M2,LI3,2,112.0
head_diameter,2023,M2,LI3,2,14.0
plant_height,2023,M2,LI3,2,125.0
head_diameter,2023,M2,LI3,2,14.0
plant_height,2023,M2,LI3,2,122.0
head_diameter,2023,M2,LI3,2,15.0
plant_height,2023,M2,LI3,2,121.0
head_diameter,2023,M2,LI3,2,14.0
plant_height,2023,M2,LI3,2,112.0
head_diameter,2023,M2,LI3,2,15.0
plant_height,2023,M2,LI3,2,111.0
head_diameter,2023,M2,LI3,2,17.0
plant_height,2023,M2,LI3,2,122.0
head_diameter,2023,M2,LI3,2,15.0
plant_height,2023,M2,LI3,2,119.0
head_diameter,2023,M2,LI3,2,11.0
plant_height,2023,M2,LI3,3,120.0
head_diameter,2023,M2,LI3,3,14.0
plant_height,2023,M2,LI3,3,112.0
head_diameter,2023,M2,LI3,3,18.0
plant_height,2023,M2,LI3,3,120.0
head_diameter,2023,M2,LI3,3,20.0
plant_height,2023,M2,LI3,3,114.0
head_diameter,2023,M2,LI3,3,16.0
plant_height,2023,M2,LI3,3,120.0
head_diameter,2023,M2,LI3,3,17.0
plant_height,2023,M2,LI3,3,123.0
head_diameter,2023,M2,LI3,3,18.0
plant_height,2023,M2,LI3,3,123.0
head_diameter,2023,M2,LI3,3,14.0
plant_height,2023,M2,LI3,3,125.0
head_diameter,2023,M2,LI3,3,21.0
plant_height,2023,M2,LI3,3,118.0
head_diameter,2023,M2,LI3,3,16.0
plant_height,2023,M2,LI3,3,129.0
head_diameter,2023,M2,LI3,3,19.0
plant_height,2023,M2,LI3,3,128.0
head_diameter,2023,M2,LI3,3,24.0
plant_height,2023,M2,LI3,3,120.0
head_diameter,2023,M2,LI3,3,17.0
plant_height,2023,M2,LI3,3,120.0
head_diameter,2023,M2,LI3,3,19.0
plant_height,2023,M2,LI3,3,126.0
head_diameter,2023,M2,LI3,3,19.0
plant_height,2023,M2,LI3,3,121.0
head_diameter,2023,M2,LI3,3,14.0
plant_height,2023,M2,LI4,1,141.0
head_diameter,2023,M2,LI4,1,18.0
plant_height,2023,M2,LI4,1,141.0
head_diameter,2023,M2,LI4,1,17.0
plant_height,2023,M2,LI4,1,132.0
head_diameter,2023,M2,LI4,1,13.0
plant_height,2023,M2,LI4,1,129.0
head_diameter,2023,M2,LI4,1,18.0
plant_height,2023,M2,LI4,1,136.0
head_diameter,2023,M2,LI4,1,15.0
plant_height,2023,M2,LI4,1,138.0
head_diameter,2023,M2,LI4,1,18.0
plant_height,2023,M2,LI4,1,127.0
head_diameter,2023,M2,LI4,1,12.0
plant_height,2023,M2,LI4,1,129.0
head_diameter,2023,M2,LI4,1,16.0
plant_height,2023,M2,LI4,1,136.0
head_diameter,2023,M2,LI4,1,17.0
plant_height,2023,M2,LI4,1,134.0
head_diameter,2023,M2,LI4,1,18.0
plant_height,2023,M2,LI4,2,130.0
head_diameter,2023,M2,LI4,2,20.0
plant_height,2023,M2,LI4,2,129.0
head_diameter,2023,M2,LI4,2,18.0
plant_height,2023,M2,LI4,2,143.0
head_diameter,2023,M2,LI4,2,16.0
plant_height,2023,M2,LI4,2,140.0
head_diameter,2023,M2,LI4,2,17.0
plant_height,2023,M2,LI4,2,137.0
head_diameter,2023,M2,LI4,2,18.0
plant_height,2023,M2,LI4,2,135.0
head_diameter,2023,M2,LI4,2,15.0
plant_height,2023,M2,LI4,2,140.0
head_diameter,2023,M2,LI4,2,18.0
plant_height,2023,M2,LI4,2,131.0
head_diameter,2023,M2,LI4,2,17.0
plant_height,2023,M2,LI4,2,136.0
head_diameter,2023,M2,LI4,2,15.0
plant_height,2023,M2,LI4,2,141.0
head_diameter,2023,M2,LI4,2,19.0
plant_height,2023,M2,LI4,3,140.0
head_diameter,2023,M2,LI4,3,17.0
plant_height,2023,M2,LI4,3,141.0
head_diameter,2023,M2,LI4,3,21.0
plant_height,2023,M2,LI4,3,149.0
head_diameter,2023,M2,LI4,3,19.0
plant_height,2023,M2,LI4,3,150.0
head_diameter,2023,M2,LI4,3,18.0
plant_height,2023,M2,LI4,3,150.0
head_diameter,2023,M2,LI4,3,16.0
plant_height,2023,M2,LI4,3,149.0
head_diameter,2023,M2,LI4,3,19.0
plant_height,2023,M2,LI4,3,146.0
head_diameter,2023,M2,LI4,3,19.0
plant_height,2023,M2,LI4,3,149.0
head_diameter,2023,M2,LI4,3,17.0
plant_height,2023,M2,LI4,3,138.0
head_diameter,2023,M2,LI4,3,19.0
plant_height,2023,M2,LI4,3,143.0
head_diameter,2023,M2,LI4,3,17.0
plant_height,2023,M2,LI5,1,135.0
head_diameter,2023,M2,LI5,1,18.0
plant_height,2023,M2,LI5,1,135.0
head_diameter,2023,M2,LI5,1,16.0
plant_height,2023,M2,LI5,1,131.0
head_diameter,2023,M2,LI5,1,20.0
plant_height,2023,M2,LI5,1,137.0
head_diameter,2023,M2,LI5,1,16.0
plant_height,2023,M2,LI5,1,140.0
head_diameter,2023,M2,LI5,1,20.0
plant_height,2023,M2,LI5,1,125.0
head_diameter,2023,M2,LI5,1,18.0
plant_height,2023,M2,LI5,1,138.0
head_diameter,2023,M2,LI5,1,19.0
plant_height,2023,M2,LI5,1,140.0
head_diameter,2023,M2,LI5,1,15.0
plant_height,2023,M2,LI5,1,142.0
head_diameter,2023,M2,LI5,1,17.0
plant_height,2023,M2,LI5,1,144.0
head_diameter,2023,M2,LI5,1,17.0
plant_height,2023,M2,LI5,2,151.0
head_diameter,2023,M2,LI5,2,16.0
plant_height,2023,M2,LI5,2,148.0
head_diameter,2023,M2,LI5,2,16.0
plant_height,2023,M2,LI5,2,142.0
head_diameter,2023,M2,LI5,2,19.5
plant_height,2023,M2,LI5,2,142.0
head_diameter,2023,M2,LI5,2,20.0
plant_height,2023,M2,LI5,2,150.0
head_diameter,2023,M2,LI5,2,18.0
plant_height,2023,M2,LI5,2,144.0
head_diameter,2023,M2,LI5,2,19.0
plant_height,2023,M2,LI5,2,143.0
head_diameter,2023,M2,LI5,2,17.0
plant_height,2023,M2,LI5,2,144.0
head_diameter,2023,M2,LI5,2,11.0
plant_height,2023,M2,LI5,2,152.0
head_diameter,2023,M2,LI5,2,18.0
plant_height,2023,M2,LI5,2,133.0
head_diameter,2023,M2,LI5,2,18.0
plant_height,2023,M2,LI5,3,136.0
head_diameter,2023,M2,LI5,3,18.0
plant_height,2023,M2,LI5,3,137.0
head_diameter,2023,M2,LI5,3,18.0
plant_height,2023,M2,LI5,3,147.0
head_diameter,2023,M2,LI5,3,18.0
plant_height,2023,M2,LI5,3,148.0
head_diameter,2023,M2,LI5,3,16.0
plant_height,2023,M2,LI5,3,145.0
head_diameter,2023,M2,LI5,3,19.0
plant_height,2023,M2,LI5,3,135.0
head_diameter,2023,M2,LI5,3,15.0
plant_height,2023,M2,LI5,3,130.0
head_diameter,2023,M2,LI5,3,17.0
plant_height,2023,M2,LI5,3,132.0
head_diameter,2023,M2,LI5,3,18.5
plant_height,2023,M2,LI5,3,138.0
head_diameter,2023,M2,LI5,3,18.0
plant_height,2023,M2,LI5,3,129.0
head_diameter,2023,M2,LI5,3,19.5
plant_height,2023,M2,LI6,1,161.0
head_diameter,2023,M2,LI6,1,22.0
plant_height,2023,M2,LI6,1,154.0
head_diameter,2023,M2,LI6,1,19.0
plant_height,2023,M2,LI6,1,151.0
head_diameter,2023,M2,LI6,1,16.0
plant_height,2023,M2,LI6,1,156.0
head_diameter,2023,M2,LI6,1,17.0
plant_height,2023,M2,LI6,1,160.0
head_diameter,2023,M2,LI6,1,19.0
plant_height,2023,M2,LI6,1,156.0
head_diameter,2023,M2,LI6,1,20.0
plant_height,2023,M2,LI6,1,156.0
head_diameter,2023,M2,LI6,1,20.0
plant_height,2023,M2,LI6,1,164.0
head_diameter,2023,M2,LI6,1,19.0
plant_height,2023,M2,LI6,1,157.0
head_diameter,2023,M2,LI6,1,19.0
plant_height,2023,M2,LI6,1,152.0
head_diameter,2023,M2,LI6,1,18.0
plant_height,2023,M2,LI6,2,155.0
head_diameter,2023,M2,LI6,2,20.0
plant_height,2023,M2,LI6,2,163.0
head_diameter,2023,M2,LI6,2,19.0
plant_height,2023,M2,LI6,2,154.0
head_diameter,2023,M2,LI6,2,18.0
plant_height,2023,M2,LI6,2,164.0
head_diameter,2023,M2,LI6,2,20.0
plant_height,2023,M2,LI6,2,162.0
head_diameter,2023,M2,LI6,2,22.0
plant_height,2023,M2,LI6,2,155.0
head_diameter,2023,M2,LI6,2,21.0
plant_height,2023,M2,LI6,2,151.0
head_diameter,2023,M2,LI6,2,21.0
plant_height,2023,M2,LI6,2,153.0
head_diameter,2023,M2,LI6,2,18.0
plant_height,2023,M2,LI6,2,155.0
head_diameter,2023,M2,LI6,2,18.0
plant_height,2023,M2,LI6,2,161.0
head_diameter,2023,M2,LI6,2,21.0
plant_height,2023,M2,LI6,3,153.0
head_diameter,2023,M2,LI6,3,20.5
plant_height,2023,M2,LI6,3,155.0
head_diameter,2023,M2,LI6,3,17.0
plant_height,2023,M2,LI6,3,155.0
head_diameter,2023,M2,LI6,3,21.0
plant_height,2023,M2,LI6,3,160.0
head_diameter,2023,M2,LI6,3,23.5
plant_height,2023,M2,LI6,3,148.0
head_diameter,2023,M2,LI6,3,16.0
plant_height,2023,M2,LI6,3,153.0
head_diameter,2023,M2,LI6,3,19.5
plant_height,2023,M2,LI6,3,145.0
head_diameter,2023,M2,LI6,3,16.0
plant_height,2023,M2,LI6,3,144.0
head_diameter,2023,M2,LI6,3,17.0
plant_height,2023,M2,LI6,3,150.0
head_diameter,2023,M2,LI6,3,17.0
plant_height,2023,M2,LI6,3,156.0
head_diameter,2023,M2,LI6,3,22.0
plant_height,2023,M2,LI7,1,146.0
head_diameter,2023,M2,LI7,1,22.0
plant_height,2023,M2,LI7,1,147.0
head_diameter,2023,M2,LI7,1,20.0
plant_height,2023,M2,LI7,1,129.0
head_diameter,2023,M2,LI7,1,20.0
plant_height,2023,M2,LI7,1,144.0
head_diameter,2023,M2,LI7,1,16.0
plant_height,2023,M2,LI7,1,138.0
head_diameter,2023,M2,LI7,1,24.0
plant_height,2023,M2,LI7,1,137.0
head_diameter,2023,M2,LI7,1,13.0
plant_height,2023,M2,LI7,1,149.0
head_diameter,2023,M2,LI7,1,21.0
plant_height,2023,M2,LI7,1,150.0
head_diameter,2023,M2,LI7,1,21.0
plant_height,2023,M2,LI7,1,139.0
head_diameter,2023,M2,LI7,1,20.0
plant_height,2023,M2,LI7,1,146.0
head_diameter,2023,M2,LI7,1,15.0
plant_height,2023,M2,LI7,1,156.0
head_diameter,2023,M2,LI7,1,20.0
plant_height,2023,M2,LI7,1,146.0
head_diameter,2023,M2,LI7,1,18.0
plant_height,2023,M2,LI7,1,146.0
head_diameter,2023,M2,LI7,1,19.0
plant_height,2023,M2,LI7,1,138.0
head_diameter,2023,M2,LI7,1,17.0
plant_height,2023,M2,LI7,1,147.0
head_diameter,2023,M2,LI7,1,20.0
plant_height,2023,M2,LI7,2,150.0
head_diameter,2023,M2,LI7,2,18.0
plant_height,2023,M2,LI7,2,154.0
head_diameter,2023,M2,LI7,2,17.0
plant_height,2023,M2,LI7,2,147.0
head_diameter,2023,M2,LI7,2,23.0
plant_height,2023,M2,LI7,2,155.0
head_diameter,2023,M2,LI7,2,17.0
plant_height,2023,M2,LI7,2,157.0
head_diameter,2023,M2,LI7,2,20.0
plant_height,2023,M2,LI7,2,150.0
head_diameter,2023,M2,LI7,2,18.0
plant_height,2023,M2,LI7,2,142.0
head_diameter,2023,M2,LI7,2,20.0
plant_height,2023,M2,LI7,2,143.0
head_diameter,2023,M2,LI7,2,22.0
plant_height,2023,M2,LI7,2,152.0
head_diameter,2023,M2,LI7,2,22.0
plant_height,2023,M2,LI7,2,151.0
head_diameter,2023,M2,LI7,2,16.0
plant_height,2023,M2,LI7,2,158.0
head_diameter,2023,M2,LI7,2,19.0
plant_height,2023,M2,LI7,2,150.0
head_diameter,2023,M2,LI7,2,19.0
plant_height,2023,M2,LI7,2,148.0
head_diameter,2023,M2,LI7,2,20.0
plant_height,2023,M2,LI7,2,157.0
head_diameter,2023,M2,LI7,2,21.0
plant_height,2023,M2,LI7,2,153.0
head_diameter,2023,M2,LI7,2,17.0
plant_height,2023,M2,LI7,3,145.0
head_diameter,2023,M2,LI7,3,21.0
plant_height,2023,M2,LI7,3,146.0
head_diameter,2023,M2,LI7,3,17.0
plant_height,2023,M2,LI7,3,153.0
head_diameter,2023,M2,LI7,3,16.0
plant_height,2023,M2,LI7,3,147.0
head_diameter,2023,M2,LI7,3,14.0
plant_height,2023,M2,LI7,3,147.0
head_diameter,2023,M2,LI7,3,18.0
plant_height,2023,M2,LI7,3,135.0
head_diameter,2023,M2,LI7,3,16.0
plant_height,2023,M2,LI7,3,157.0
head_diameter,2023,M2,LI7,3,21.0
plant_height,2023,M2,LI7,3,156.0
head_diameter,2023,M2,LI7,3,15.0
plant_height,2023,M2,LI7,3,158.0
head_diameter,2023,M2,LI7,3,16.0
plant_height,2023,M2,LI7,3,156.0
head_diameter,2023,M2,LI7,3,20.0
plant_height,2023,M2,LI7,3,154.0
head_diameter,2023,M2,LI7,3,17.0
plant_height,2023,M2,LI7,3,156.0
head_diameter,2023,M2,LI7,3,21.0
plant_height,2023,M2,LI7,3,154.0
head_diameter,2023,M2,LI7,3,15.0
plant_height,2023,M2,LI7,3,150.0
head_diameter,2023,M2,LI7,3,14.0
plant_height,2023,M2,LI7,3,151.0
head_diameter,2023,M2,LI7,3,19.0
plant_height,2023,M2,LI8,1,138.0
head_diameter,2023,M2,LI8,1,20.0
plant_height,2023,M2,LI8,1,127.0
head_diameter,2023,M2,LI8,1,17.0
plant_height,2023,M2,LI8,1,140.0
head_diameter,2023,M2,LI8,1,22.0
plant_height,2023,M2,LI8,1,136.0
head_diameter,2023,M2,LI8,1,17.0
plant_height,2023,M2,LI8,1,145.0
head_diameter,2023,M2,LI8,1,19.0
plant_height,2023,M2,LI8,1,148.0
head_diameter,2023,M2,LI8,1,17.0
plant_height,2023,M2,LI8,1,147.0
head_diameter,2023,M2,LI8,1,18.0
plant_height,2023,M2,LI8,1,143.0
head_diameter,2023,M2,LI8,1,21.0
plant_height,2023,M2,LI8,1,140.0
head_diameter,2023,M2,LI8,1,16.0
plant_height,2023,M2,LI8,1,143.0
head_diameter,2023,M2,LI8,1,21.0
plant_height,2023,M2,LI8,1,133.0
head_diameter,2023,M2,LI8,1,18.0
plant_height,2023,M2,LI8,1,124.0
head_diameter,2023,M2,LI8,1,17.0
plant_height,2023,M2,LI8,1,140.0
head_diameter,2023,M2,LI8,1,20.0
plant_height,2023,M2,LI8,1,140.0
head_diameter,2023,M2,LI8,1,22.0
plant_height,2023,M2,LI8,1,142.0
head_diameter,2023,M2,LI8,1,17.0
plant_height,2023,M2,LI8,2,143.0
head_diameter,2023,M2,LI8,2,18.0
plant_height,2023,M2,LI8,2,145.0
head_diameter,2023,M2,LI8,2,18.0
plant_height,2023,M2,LI8,2,144.0
head_diameter,2023,M2,LI8,2,15.0
plant_height,2023,M2,LI8,2,144.0
head_diameter,2023,M2,LI8,2,18.0
plant_height,2023,M2,LI8,2,139.0
head_diameter,2023,M2,LI8,2,15.0
plant_height,2023,M2,LI8,2,141.0
head_diameter,2023,M2,LI8,2,17.0
plant_height,2023,M2,LI8,2,135.0
head_diameter,2023,M2,LI8,2,15.0
plant_height,2023,M2,LI8,2,139.0
head_diameter,2023,M2,LI8,2,23.0
plant_height,2023,M2,LI8,2,103.0
head_diameter,2023,M2,LI8,2,15.0
plant_height,2023,M2,LI8,2,127.0
head_diameter,2023,M2,LI8,2,18.0
plant_height,2023,M2,LI8,2,130.0
head_diameter,2023,M2,LI8,2,17.0
plant_height,2023,M2,LI8,2,130.0
head_diameter,2023,M2,LI8,2,17.0
plant_height,2023,M2,LI8,2,137.0
head_diameter,2023,M2,LI8,2,16.0
plant_height,2023,M2,LI8,2,138.0
head_diameter,2023,M2,LI8,2,15.0
plant_height,2023,M2,LI8,2,133.0
head_diameter,2023,M2,LI8,2,15.0
plant_height,2023,M2,LI8,3,155.0
head_diameter,2023,M2,LI8,3,18.0
plant_height,2023,M2,LI8,3,155.0
head_diameter,2023,M2,LI8,3,20.0
plant_height,2023,M2,LI8,3,153.0
head_diameter,2023,M2,LI8,3,21.0
plant_height,2023,M2,LI8,3,159.0
head_diameter,2023,M2,LI8,3,21.0
plant_height,2023,M2,LI8,3,162.0
head_diameter,2023,M2,LI8,3,19.0
plant_height,2023,M2,LI8,3,159.0
head_diameter,2023,M2,LI8,3,17.0
plant_height,2023,M2,LI8,3,154.0
head_diameter,2023,M2,LI8,3,20.0
plant_height,2023,M2,LI8,3,154.0
head_diameter,2023,M2,LI8,3,14.0
plant_height,2023,M2,LI8,3,161.0
head_diameter,2023,M2,LI8,3,18.0
plant_height,2023,M2,LI8,3,153.0
head_diameter,2023,M2,LI8,3,14.0
plant_height,2023,M2,LI8,3,161.0
head_diameter,2023,M2,LI8,3,18.0
plant_height,2023,M2,LI8,3,152.0
head_diameter,2023,M2,LI8,3,16.0
plant_height,2023,M2,LI8,3,162.0
head_diameter,2023,M2,LI8,3,22.0
plant_height,2023,M2,LI8,3,142.0
head_diameter,2023,M2,LI8,3,16.0
plant_height,2023,M2,LI8,3,152.0
head_diameter,2023,M2,LI8,3,20.0
plant_height,2023,M2,LI9,1,123.0
head_diameter,2023,M2,LI9,1,18.0
plant_height,2023,M2,LI9,1,127.0
head_diameter,2023,M2,LI9,1,18.0
plant_height,2023,M2,LI9,1,121.0
head_diameter,2023,M2,LI9,1,16.0
plant_height,2023,M2,LI9,1,121.0
head_diameter,2023,M2,LI9,1,16.0
plant_height,2023,M2,LI9,1,127.0
head_diameter,2023,M2,LI9,1,17.0
plant_height,2023,M2,LI9,1,117.0
head_diameter,2023,M2,LI9,1,20.0
plant_height,2023,M2,LI9,1,126.0
head_diameter,2023,M2,LI9,1,16.0
plant_height,2023,M2,LI9,1,137.0
head_diameter,2023,M2,LI9,1,17.0
plant_height,2023,M2,LI9,1,123.0
head_diameter,2023,M2,LI9,1,16.0
plant_height,2023,M2,LI9,1,132.0
head_diameter,2023,M2,LI9,1,17.0
plant_height,2023,M2,LI9,2,146.0
head_diameter,2023,M2,LI9,2,16.0
plant_height,2023,M2,LI9,2,151.0
head_diameter,2023,M2,LI9,2,15.0
plant_height,2023,M2,LI9,2,147.0
head_diameter,2023,M2,LI9,2,18.0
plant_height,2023,M2,LI9,2,131.0
head_diameter,2023,M2,LI9,2,15.0
plant_height,2023,M2,LI9,2,135.0
head_diameter,2023,M2,LI9,2,16.0
plant_height,2023,M2,LI9,2,136.0
head_diameter,2023,M2,LI9,2,14.0
plant_height,2023,M2,LI9,2,138.0
head_diameter,2023,M2,LI9,2,18.0
plant_height,2023,M2,LI9,2,142.0
head_diameter,2023,M2,LI9,2,21.0
plant_height,2023,M2,LI9,2,147.0
head_diameter,2023,M2,LI9,2,16.0
plant_height,2023,M2,LI9,2,146.0
head_diameter,2023,M2,LI9,2,17.0
plant_height,2023,M2,LI9,3,158.0
head_diameter,2023,M2,LI9,3,16.0
plant_height,2023,M2,LI9,3,160.0
head_diameter,2023,M2,LI9,3,15.0
plant_height,2023,M2,LI9,3,147.0
head_diameter,2023,M2,LI9,3,14.0
plant_height,2023,M2,LI9,3,157.0
head_diameter,2023,M2,LI9,3,19.0
plant_height,2023,M2,LI9,3,153.0
head_diameter,2023,M2,LI9,3,17.0
plant_height,2023,M2,LI9,3,151.0
head_diameter,2023,M2,LI9,3,17.0
plant_height,2023,M2,LI9,3,156.0
head_diameter,2023,M2,LI9,3,18.0
plant_height,2023,M2,LI9,3,153.0
head_diameter,2023,M2,LI9,3,17.0
plant_height,2023,M2,LI9,3,151.0
head_diameter,2023,M2,LI9,3,21.0
plant_height,2023,M2,LI9,3,155.0
head_diameter,2023,M2,LI9,3,18.0
plant_height,2023,M2,LI10,1,117.0
head_diameter,2023,M2,LI10,1,18.0
plant_height,2023,M2,LI10,1,120.0
head_diameter,2023,M2,LI10,1,15.0
plant_height,2023,M2,LI10,1,121.0
head_diameter,2023,M2,LI10,1,16.0
plant_height,2023,M2,LI10,1,125.0
head_diameter,2023,M2,LI10,1,16.0
plant_height,2023,M2,LI10,1,122.0
head_diameter,2023,M2,LI10,1,15.0
plant_height,2023,M2,LI10,1,123.0
head_diameter,2023,M2,LI10,1,16.0
plant_height,2023,M2,LI10,1,122.0
head_diameter,2023,M2,LI10,1,16.0
plant_height,2023,M2,LI10,1,122.0
head_diameter,2023,M2,LI10,1,17.0
plant_height,2023,M2,LI10,1,117.0
head_diameter,2023,M2,LI10,1,17.0
plant_height,2023,M2,LI10,1,126.0
head_diameter,2023,M2,LI10,1,17.0
plant_height,2023,M2,LI10,2,130.0
head_diameter,2023,M2,LI10,2,20.0
plant_height,2023,M2,LI10,2,123.0
head_diameter,2023,M2,LI10,2,17.0
plant_height,2023,M2,LI10,2,123.0
head_diameter,2023,M2,LI10,2,18.0
plant_height,2023,M2,LI10,2,129.0
head_diameter,2023,M2,LI10,2,15.0
plant_height,2023,M2,LI10,2,124.0
head_diameter,2023,M2,LI10,2,16.0
plant_height,2023,M2,LI10,2,128.0
head_diameter,2023,M2,LI10,2,17.0
plant_height,2023,M2,LI10,2,129.0
head_diameter,2023,M2,LI10,2,18.0
plant_height,2023,M2,LI10,2,125.0
head_diameter,2023,M2,LI10,2,18.0
plant_height,2023,M2,LI10,2,125.0
head_diameter,2023,M2,LI10,2,16.0
plant_height,2023,M2,LI10,2,126.0
head_diameter,2023,M2,LI10,2,17.0
plant_height,2023,M2,LI10,3,146.0
head_diameter,2023,M2,LI10,3,19.0
plant_height,2023,M2,LI10,3,149.0
head_diameter,2023,M2,LI10,3,21.0
plant_height,2023,M2,LI10,3,142.0
head_diameter,2023,M2,LI10,3,19.0
plant_height,2023,M2,LI10,3,145.0
head_diameter,2023,M2,LI10,3,16.0
plant_height,2023,M2,LI10,3,147.0
head_diameter,2023,M2,LI10,3,17.0
plant_height,2023,M2,LI10,3,132.0
head_diameter,2023,M2,LI10,3,19.0
plant_height,2023,M2,LI10,3,127.0
head_diameter,2023,M2,LI10,3,16.0
plant_height,2023,M2,LI10,3,129.0
head_diameter,2023,M2,LI10,3,13.0
plant_height,2023,M2,LI10,3,127.0
head_diameter,2023,M2,LI10,3,16.0
plant_height,2023,M2,LI10,3,127.0
head_diameter,2023,M2,LI10,3,17.0
plant_height,2023,M2,LI11,1,144.0
head_diameter,2023,M2,LI11,1,17.0
plant_height,2023,M2,LI11,1,142.0
head_diameter,2023,M2,LI11,1,21.0
plant_height,2023,M2,LI11,1,147.0
head_diameter,2023,M2,LI11,1,20.0
plant_height,2023,M2,LI11,1,131.0
head_diameter,2023,M2,LI11,1,17.0
plant_height,2023,M2,LI11,1,137.0
head_diameter,2023,M2,LI11,1,18.0
plant_height,2023,M2,LI11,1,145.0
head_diameter,2023,M2,LI11,1,19.0
plant_height,2023,M2,LI11,1,150.0
head_diameter,2023,M2,LI11,1,16.0
plant_height,2023,M2,LI11,1,143.0
head_diameter,2023,M2,LI11,1,19.0
plant_height,2023,M2,LI11,1,145.0
head_diameter,2023,M2,LI11,1,20.0
plant_height,2023,M2,LI11,1,143.0
head_diameter,2023,M2,LI11,1,20.0
plant_height,2023,M2,LI11,1,138.0
head_diameter,2023,M2,LI11,1,16.0
plant_height,2023,M2,LI11,1,140.0
head_diameter,2023,M2,LI11,1,19.0
plant_height,2023,M2,LI11,1,148.0
head_diameter,2023,M2,LI11,1,17.0
plant_height,2023,M2,LI11,1,156.0
head_diameter,2023,M2,LI11,1,20.0
plant_height,2023,M2,LI11,1,158.0
head_diameter,2023,M2,LI11,1,20.0
plant_height,2023,M2,LI11,2,138.0
head_diameter,2023,M2,LI11,2,14.0
plant_height,2023,M2,LI11,2,143.0
head_diameter,2023,M2,LI11,2,16.0
plant_height,2023,M2,LI11,2,147.0
head_diameter,2023,M2,LI11,2,17.0
plant_height,2023,M2,LI11,2,153.0
head_diameter,2023,M2,LI11,2,17.0
plant_height,2023,M2,LI11,2,159.0
head_diameter,2023,M2,LI11,2,16.0
plant_height,2023,M2,LI11,2,148.0
head_diameter,2023,M2,LI11,2,14.0
plant_height,2023,M2,LI11,2,159.0
head_diameter,2023,M2,LI11,2,17.0
plant_height,2023,M2,LI11,2,150.0
head_diameter,2023,M2,LI11,2,14.0
plant_height,2023,M2,LI11,2,155.0
head_diameter,2023,M2,LI11,2,17.0
plant_height,2023,M2,LI11,2,161.0
head_diameter,2023,M2,LI11,2,16.0
plant_height,2023,M2,LI11,2,159.0
head_diameter,2023,M2,LI11,2,18.0
plant_height,2023,M2,LI11,2,166.0
head_diameter,2023,M2,LI11,2,17.0
plant_height,2023,M2,LI11,2,167.0
head_diameter,2023,M2,LI11,2,20.0
plant_height,2023,M2,LI11,2,168.0
head_diameter,2023,M2,LI11,2,17.0
plant_height,2023,M2,LI11,2,159.0
head_diameter,2023,M2,LI11,2,17.0
plant_height,2023,M2,LI11,3,165.0
head_diameter,2023,M2,LI11,3,20.0
plant_height,2023,M2,LI11,3,168.0
head_diameter,2023,M2,LI11,3,21.0
plant_height,2023,M2,LI11,3,165.0
head_diameter,2023,M2,LI11,3,24.0
plant_height,2023,M2,LI11,3,163.0
head_diameter,2023,M2,LI11,3,22.0
plant_height,2023,M2,LI11,3,172.0
head_diameter,2023,M2,LI11,3,21.0
plant_height,2023,M2,LI11,3,173.0
head_diameter,2023,M2,LI11,3,20.0
plant_height,2023,M2,LI11,3,162.0
head_diameter,2023,M2,LI11,3,18.0
plant_height,2023,M2,LI11,3,151.0
head_diameter,2023,M2,LI11,3,20.0
plant_height,2023,M2,LI11,3,165.0
head_diameter,2023,M2,LI11,3,16.0
plant_height,2023,M2,LI11,3,173.0
head_diameter,2023,M2,LI11,3,20.0
plant_height,2023,M2,LI11,3,160.0
head_diameter,2023,M2,LI11,3,15.0
plant_height,2023,M2,LI11,3,158.0
head_diameter,2023,M2,LI11,3,21.0
plant_height,2023,M2,LI11,3,149.0
head_diameter,2023,M2,LI11,3,20.0
plant_height,2023,M2,LI11,3,154.0
head_diameter,2023,M2,LI11,3,19.0
plant_height,2023,M2,LI11,3,165.0
head_diameter,2023,M2,LI11,3,19.0
plant_height,2023,M2,LI12,1,138.0
head_diameter,2023,M2,LI12,1,14.0
plant_height,2023,M2,LI12,1,150.0
head_diameter,2023,M2,LI12,1,15.0
plant_height,2023,M2,LI12,1,135.0
head_diameter,2023,M2,LI12,1,15.0
plant_height,2023,M2,LI12,1,142.0
head_diameter,2023,M2,LI12,1,16.0
plant_height,2023,M2,LI12,1,151.0
head_diameter,2023,M2,LI12,1,16.0
plant_height,2023,M2,LI12,1,152.0
head_diameter,2023,M2,LI12,1,16.0
plant_height,2023,M2,LI12,1,150.0
head_diameter,2023,M2,LI12,1,15.0
plant_height,2023,M2,LI12,1,151.0
head_diameter,2023,M2,LI12,1,16.0
plant_height,2023,M2,LI12,1,157.0
head_diameter,2023,M2,LI12,1,17.0
plant_height,2023,M2,LI12,1,148.0
head_diameter,2023,M2,LI12,1,17.0
plant_height,2023,M2,LI12,2,158.0
head_diameter,2023,M2,LI12,2,15.0
plant_height,2023,M2,LI12,2,146.0
head_diameter,2023,M2,LI12,2,14.0
plant_height,2023,M2,LI12,2,156.0
head_diameter,2023,M2,LI12,2,13.0
plant_height,2023,M2,LI12,2,149.0
head_diameter,2023,M2,LI12,2,14.0
plant_height,2023,M2,LI12,2,148.0
head_diameter,2023,M2,LI12,2,15.0
plant_height,2023,M2,LI12,2,150.0
head_diameter,2023,M2,LI12,2,15.0
plant_height,2023,M2,LI12,2,142.0
head_diameter,2023,M2,LI12,2,13.0
plant_height,2023,M2,LI12,2,156.0
head_diameter,2023,M2,LI12,2,14.0
plant_height,2023,M2,LI12,2,166.0
head_diameter,2023,M2,LI12,2,15.0
plant_height,2023,M2,LI12,2,173.0
head_diameter,2023,M2,LI12,2,13.0
plant_height,2023,M2,LI12,3,158.0
head_diameter,2023,M2,LI12,3,22.0
plant_height,2023,M2,LI12,3,160.0
head_diameter,2023,M2,LI12,3,21.0
plant_height,2023,M2,LI12,3,169.0
head_diameter,2023,M2,LI12,3,18.0
plant_height,2023,M2,LI12,3,175.0
head_diameter,2023,M2,LI12,3,21.0
plant_height,2023,M2,LI12,3,175.0
head_diameter,2023,M2,LI12,3,19.0
plant_height,2023,M2,LI12,3,172.0
head_diameter,2023,M2,LI12,3,22.0
plant_height,2023,M2,LI12,3,151.0
head_diameter,2023,M2,LI12,3,22.0
plant_height,2023,M2,LI12,3,169.0
head_diameter,2023,M2,LI12,3,23.0
plant_height,2023,M2,LI12,3,176.0
head_diameter,2023,M2,LI12,3,21.0
plant_height,2023,M2,LI12,3,178.0
head_diameter,2023,M2,LI12,3,20.0
plant_height,2023,M2,LI13,1,134.0
head_diameter,2023,M2,LI13,1,16.0
plant_height,2023,M2,LI13,1,132.0
head_diameter,2023,M2,LI13,1,14.0
plant_height,2023,M2,LI13,1,132.0
head_diameter,2023,M2,LI13,1,14.0
plant_height,2023,M2,LI13,1,129.0
head_diameter,2023,M2,LI13,1,18.0
plant_height,2023,M2,LI13,1,132.0
head_diameter,2023,M2,LI13,1,19.0
plant_height,2023,M2,LI13,1,120.0
head_diameter,2023,M2,LI13,1,21.0
plant_height,2023,M2,LI13,1,116.0
head_diameter,2023,M2,LI13,1,13.0
plant_height,2023,M2,LI13,1,131.0
head_diameter,2023,M2,LI13,1,17.0
plant_height,2023,M2,LI13,1,135.0
head_diameter,2023,M2,LI13,1,19.0
plant_height,2023,M2,LI13,1,134.0
head_diameter,2023,M2,LI13,1,18.0
plant_height,2023,M2,LI13,1,135.0
head_diameter,2023,M2,LI13,1,19.0
plant_height,2023,M2,LI13,1,134.0
head_diameter,2023,M2,LI13,1,19.0
plant_height,2023,M2,LI13,1,133.0
head_diameter,2023,M2,LI13,1,20.0
plant_height,2023,M2,LI13,1,135.0
head_diameter,2023,M2,LI13,1,20.0
plant_height,2023,M2,LI13,1,131.0
head_diameter,2023,M2,LI13,1,18.0
plant_height,2023,M2,LI13,2,150.0
head_diameter,2023,M2,LI13,2,19.0
plant_height,2023,M2,LI13,2,151.0
head_diameter,2023,M2,LI13,2,18.0
plant_height,2023,M2,LI13,2,149.0
head_diameter,2023,M2,LI13,2,15.0
plant_height,2023,M2,LI13,2,147.0
head_diameter,2023,M2,LI13,2,17.0
plant_height,2023,M2,LI13,2,144.0
head_diameter,2023,M2,LI13,2,16.0
plant_height,2023,M2,LI13,2,144.0
head_diameter,2023,M2,LI13,2,17.0
plant_height,2023,M2,LI13,2,152.0
head_diameter,2023,M2,LI13,2,18.0
plant_height,2023,M2,LI13,2,151.0
head_diameter,2023,M2,LI13,2,18.0
plant_height,2023,M2,LI13,2,146.0
head_diameter,2023,M2,LI13,2,19.0
plant_height,2023,M2,LI13,2,158.0
head_diameter,2023,M2,LI13,2,19.0
plant_height,2023,M2,LI13,2,147.0
head_diameter,2023,M2,LI13,2,15.0
plant_height,2023,M2,LI13,2,151.0
head_diameter,2023,M2,LI13,2,21.0
plant_height,2023,M2,LI13,2,150.0
head_diameter,2023,M2,LI13,2,15.0
plant_height,2023,M2,LI13,2,148.0
head_diameter,2023,M2,LI13,2,17.0
plant_height,2023,M2,LI13,2,145.0
head_diameter,2023,M2,LI13,2,17.0
plant_height,2023,M2,LI13,3,125.0
head_diameter,2023,M2,LI13,3,16.0
plant_height,2023,M2,LI13,3,127.0
head_diameter,2023,M2,LI13,3,15.0
plant_height,2023,M2,LI13,3,137.0
head_diameter,2023,M2,LI13,3,18.0
plant_height,2023,M2,LI13,3,144.0
head_diameter,2023,M2,LI13,3,17.0
plant_height,2023,M2,LI13,3,155.0
head_diameter,2023,M2,LI13,3,17.0
plant_height,2023,M2,LI13,3,154.0
head_diameter,2023,M2,LI13,3,19.0
plant_height,2023,M2,LI13,3,148.0
head_diameter,2023,M2,LI13,3,22.0
plant_height,2023,M2,LI13,3,137.0
head_diameter,2023,M2,LI13,3,18.0
plant_height,2023,M2,LI13,3,151.0
head_diameter,2023,M2,LI13,3,20.0
plant_height,2023,M2,LI13,3,137.0
head_diameter,2023,M2,LI13,3,22.0
plant_height,2023,M2,LI13,3,166.0
head_diameter,2023,M2,LI13,3,22.0
plant_height,2023,M2,LI13,3,155.0
head_diameter,2023,M2,LI13,3,21.0
plant_height,2023,M2,LI13,3,157.0
head_diameter,2023,M2,LI13,3,19.0
plant_height,2023,M2,LI13,3,160.0
head_diameter,2023,M2,LI13,3,20.0
plant_height,2023,M2,LI13,3,150.0
head_diameter,2023,M2,LI13,3,15.0
plant_height,2023,M2,LI14,1,125.0
head_diameter,2023,M2,LI14,1,21.0
plant_height,2023,M2,LI14,1,116.0
head_diameter,2023,M2,LI14,1,17.0
plant_height,2023,M2,LI14,1,125.0
head_diameter,2023,M2,LI14,1,13.0
plant_height,2023,M2,LI14,1,117.0
head_diameter,2023,M2,LI14,1,19.0
plant_height,2023,M2,LI14,1,140.0
head_diameter,2023,M2,LI14,1,19.0
plant_height,2023,M2,LI14,1,135.0
head_diameter,2023,M2,LI14,1,14.0
plant_height,2023,M2,LI14,1,128.0
head_diameter,2023,M2,LI14,1,14.0
plant_height,2023,M2,LI14,1,132.0
head_diameter,2023,M2,LI14,1,19.0
plant_height,2023,M2,LI14,1,128.0
head_diameter,2023,M2,LI14,1,17.0
plant_height,2023,M2,LI14,1,132.0
head_diameter,2023,M2,LI14,1,20.0
plant_height,2023,M2,LI14,1,144.0
head_diameter,2023,M2,LI14,1,15.0
plant_height,2023,M2,LI14,1,142.0
head_diameter,2023,M2,LI14,1,16.0
plant_height,2023,M2,LI14,1,147.0
head_diameter,2023,M2,LI14,1,16.0
plant_height,2023,M2,LI14,1,134.0
head_diameter,2023,M2,LI14,1,22.0
plant_height,2023,M2,LI14,1,143.0
head_diameter,2023,M2,LI14,1,18.0
plant_height,2023,M2,LI14,2,147.0
head_diameter,2023,M2,LI14,2,22.0
plant_height,2023,M2,LI14,2,147.0
head_diameter,2023,M2,LI14,2,17.0
plant_height,2023,M2,LI14,2,157.0
head_diameter,2023,M2,LI14,2,17.0
plant_height,2023,M2,LI14,2,166.0
head_diameter,2023,M2,LI14,2,18.0
plant_height,2023,M2,LI14,2,165.0
head_diameter,2023,M2,LI14,2,16.0
plant_height,2023,M2,LI14,2,165.0
head_diameter,2023,M2,LI14,2,17.0
plant_height,2023,M2,LI14,2,153.0
head_diameter,2023,M2,LI14,2,20.0
plant_height,2023,M2,LI14,2,151.0
head_diameter,2023,M2,LI14,2,15.0
plant_height,2023,M2,LI14,2,154.0
head_diameter,2023,M2,LI14,2,16.0
plant_height,2023,M2,LI14,2,156.0
head_diameter,2023,M2,LI14,2,16.0
plant_height,2023,M2,LI14,2,151.0
head_diameter,2023,M2,LI14,2,17.0
plant_height,2023,M2,LI14,2,153.0
head_diameter,2023,M2,LI14,2,18.0
plant_height,2023,M2,LI14,2,140.0
head_diameter,2023,M2,LI14,2,18.0
plant_height,2023,M2,LI14,2,138.0
head_diameter,2023,M2,LI14,2,19.0
plant_height,2023,M2,LI14,2,139.0
head_diameter,2023,M2,LI14,2,21.0
plant_height,2023,M2,LI14,3,158.0
head_diameter,2023,M2,LI14,3,21.0
plant_height,2023,M2,LI14,3,159.0
head_diameter,2023,M2,LI14,3,19.0
plant_height,2023,M2,LI14,3,150.0
head_diameter,2023,M2,LI14,3,20.0
plant_height,2023,M2,LI14,3,147.0
head_diameter,2023,M2,LI14,3,19.0
plant_height,2023,M2,LI14,3,144.0
head_diameter,2023,M2,LI14,3,16.0
plant_height,2023,M2,LI14,3,140.0
head_diameter,2023,M2,LI14,3,15.0
plant_height,2023,M2,LI14,3,150.0
head_diameter,2023,M2,LI14,3,19.0
plant_height,2023,M2,LI14,3,165.0
head_diameter,2023,M2,LI14,3,19.0
plant_height,2023,M2,LI14,3,150.0
head_diameter,2023,M2,LI14,3,18.0
plant_height,2023,M2,LI14,3,153.0
head_diameter,2023,M2,LI14,3,16.0
plant_height,2023,M2,LI14,3,165.0
head_diameter,2023,M2,LI14,3,20.0
plant_height,2023,M2,LI14,3,146.0
head_diameter,2023,M2,LI14,3,19.0
plant_height,2023,M2,LI14,3,154.0
head_diameter,2023,M2,LI14,3,18.0
plant_height,2023,M2,LI14,3,147.0
head_diameter,2023,M2,LI14,3,16.0
plant_height,2023,M2,LI14,3,148.0
head_diameter,2023,M2,LI14,3,16.0
plant_height,2023,M2,LI15,1,139.0
head_diameter,2023,M2,LI15,1,18.0
plant_height,2023,M2,LI15,1,139.0
head_diameter,2023,M2,LI15,1,18.0
plant_height,2023,M2,LI15,1,144.0
head_diameter,2023,M2,LI15,1,22.0
plant_height,2023,M2,LI15,1,147.0
head_diameter,2023,M2,LI15,1,18.0
plant_height,2023,M2,LI15,1,148.0
head_diameter,2023,M2,LI15,1,19.0
plant_height,2023,M2,LI15,1,140.0
head_diameter,2023,M2,LI15,1,21.0
plant_height,2023,M2,LI15,1,153.0
head_diameter,2023,M2,LI15,1,18.0
plant_height,2023,M2,LI15,1,147.0
head_diameter,2023,M2,LI15,1,13.0
plant_height,2023,M2,LI15,1,142.0
head_diameter,2023,M2,LI15,1,17.0
plant_height,2023,M2,LI15,1,139.0
head_diameter,2023,M2,LI15,1,21.0
plant_height,2023,M2,LI15,1,138.0
head_diameter,2023,M2,LI15,1,23.0
plant_height,2023,M2,LI15,1,135.0
head_diameter,2023,M2,LI15,1,21.0
plant_height,2023,M2,LI15,1,133.0
head_diameter,2023,M2,LI15,1,19.0
plant_height,2023,M2,LI15,1,138.0
head_diameter,2023,M2,LI15,1,19.0
plant_height,2023,M2,LI15,1,135.0
head_diameter,2023,M2,LI15,1,18.0
plant_height,2023,M2,LI15,2,132.0
head_diameter,2023,M2,LI15,2,18.0
plant_height,2023,M2,LI15,2,145.0
head_diameter,2023,M2,LI15,2,15.0
plant_height,2023,M2,LI15,2,149.0
head_diameter,2023,M2,LI15,2,17.0
plant_height,2023,M2,LI15,2,151.0
head_diameter,2023,M2,LI15,2,16.0
plant_height,2023,M2,LI15,2,144.0
head_diameter,2023,M2,LI15,2,17.0
plant_height,2023,M2,LI15,2,145.0
head_diameter,2023,M2,LI15,2,18.0
plant_height,2023,M2,LI15,2,155.0
head_diameter,2023,M2,LI15,2,18.0
plant_height,2023,M2,LI15,2,149.0
head_diameter,2023,M2,LI15,2,18.0
plant_height,2023,M2,LI15,2,145.0
head_diameter,2023,M2,LI15,2,15.0
plant_height,2023,M2,LI15,2,146.0
head_diameter,2023,M2,LI15,2,13.0
plant_height,2023,M2,LI15,2,147.0
head_diameter,2023,M2,LI15,2,17.0
plant_height,2023,M2,LI15,2,154.0
head_diameter,2023,M2,LI15,2,17.0
plant_height,2023,M2,LI15,2,150.0
head_diameter,2023,M2,LI15,2,17.0
plant_height,2023,M2,LI15,2,145.0
head_diameter,2023,M2,LI15,2,19.0
plant_height,2023,M2,LI15,2,138.0
head_diameter,2023,M2,LI15,2,20.0
plant_height,2023,M2,LI15,3,150.0
head_diameter,2023,M2,LI15,3,21.0
plant_height,2023,M2,LI15,3,150.0
head_diameter,2023,M2,LI15,3,15.0
plant_height,2023,M2,LI15,3,144.0
head_diameter,2023,M2,LI15,3,16.0
plant_height,2023,M2,LI15,3,146.0
head_diameter,2023,M2,LI15,3,22.0
plant_height,2023,M2,LI15,3,143.0
head_diameter,2023,M2,LI15,3,18.0
plant_height,2023,M2,LI15,3,142.0
head_diameter,2023,M2,LI15,3,20.0
plant_height,2023,M2,LI15,3,156.0
head_diameter,2023,M2,LI15,3,20.0
plant_height,2023,M2,LI15,3,166.0
head_diameter,2023,M2,LI15,3,21.0
plant_height,2023,M2,LI15,3,166.0
head_diameter,2023,M2,LI15,3,20.0
plant_height,2023,M2,LI15,3,150.0
head_diameter,2023,M2,LI15,3,20.0
plant_height,2023,M2,LI15,3,148.0
head_diameter,2023,M2,LI15,3,21.0
plant_height,2023,M2,LI15,3,149.0
head_diameter,2023,M2,LI15,3,20.0
plant_height,2023,M2,LI15,3,159.0
head_diameter,2023,M2,LI15,3,19.0
plant_height,2023,M2,LI15,3,158.0
head_diameter,2023,M2,LI15,3,18.0
plant_height,2023,M2,LI15,3,163.0
head_diameter,2023,M2,LI15,3,20.0
plant_height,2023,M2,LI16,1,150.0
head_diameter,2023,M2,LI16,1,16.0
plant_height,2023,M2,LI16,1,157.0
head_diameter,2023,M2,LI16,1,21.0
plant_height,2023,M2,LI16,1,162.0
head_diameter,2023,M2,LI16,1,19.0
plant_height,2023,M2,LI16,1,152.0
head_diameter,2023,M2,LI16,1,18.0
plant_height,2023,M2,LI16,1,149.0
head_diameter,2023,M2,LI16,1,17.0
plant_height,2023,M2,LI16,1,151.0
head_diameter,2023,M2,LI16,1,24.0
plant_height,2023,M2,LI16,1,144.0
head_diameter,2023,M2,LI16,1,20.0
plant_height,2023,M2,LI16,1,138.0
head_diameter,2023,M2,LI16,1,15.0
plant_height,2023,M2,LI16,1,146.0
head_diameter,2023,M2,LI16,1,21.0
plant_height,2023,M2,LI16,1,159.0
head_diameter,2023,M2,LI16,1,22.0
plant_height,2023,M2,LI16,1,143.0
head_diameter,2023,M2,LI16,1,19.0
plant_height,2023,M2,LI16,1,156.0
head_diameter,2023,M2,LI16,1,20.0
plant_height,2023,M2,LI16,1,155.0
head_diameter,2023,M2,LI16,1,23.0
plant_height,2023,M2,LI16,1,152.0
head_diameter,2023,M2,LI16,1,19.0
plant_height,2023,M2,LI16,1,158.0
head_diameter,2023,M2,LI16,1,22.0
plant_height,2023,M2,LI16,2,148.0
head_diameter,2023,M2,LI16,2,18.0
plant_height,2023,M2,LI16,2,143.0
head_diameter,2023,M2,LI16,2,19.0
plant_height,2023,M2,LI16,2,152.0
head_diameter,2023,M2,LI16,2,21.0
plant_height,2023,M2,LI16,2,150.0
head_diameter,2023,M2,LI16,2,22.0
plant_height,2023,M2,LI16,2,147.0
head_diameter,2023,M2,LI16,2,21.0
plant_height,2023,M2,LI16,2,159.0
head_diameter,2023,M2,LI16,2,21.0
plant_height,2023,M2,LI16,2,157.0
head_diameter,2023,M2,LI16,2,20.0
plant_height,2023,M2,LI16,2,161.0
head_diameter,2023,M2,LI16,2,20.0
plant_height,2023,M2,LI16,2,161.0
head_diameter,2023,M2,LI16,2,22.0
plant_height,2023,M2,LI16,2,157.0
head_diameter,2023,M2,LI16,2,22.0
plant_height,2023,M2,LI16,2,165.0
head_diameter,2023,M2,LI16,2,22.0
plant_height,2023,M2,LI16,2,164.0
head_diameter,2023,M2,LI16,2,21.0
plant_height,2023,M2,LI16,2,159.0
head_diameter,2023,M2,LI16,2,18.0
plant_height,2023,M2,LI16,2,162.0
head_diameter,2023,M2,LI16,2,22.0
plant_height,2023,M2,LI16,2,164.0
head_diameter,2023,M2,LI16,2,18.0
plant_height,2023,M2,LI16,3,170.0
head_diameter,2023,M2,LI16,3,25.0
plant_height,2023,M2,LI16,3,167.0
head_diameter,2023,M2,LI16,3,18.0
plant_height,2023,M2,LI16,3,166.0
head_diameter,2023,M2,LI16,3,16.0
plant_height,2023,M2,LI16,3,172.0
head_diameter,2023,M2,LI16,3,22.0
plant_height,2023,M2,LI16,3,169.0
head_diameter,2023,M2,LI16,3,21.0
plant_height,2023,M2,LI16,3,170.0
head_diameter,2023,M2,LI16,3,19.0
plant_height,2023,M2,LI16,3,155.0
head_diameter,2023,M2,LI16,3,14.0
plant_height,2023,M2,LI16,3,159.0
head_diameter,2023,M2,LI16,3,14.0
plant_height,2023,M2,LI16,3,165.0
head_diameter,2023,M2,LI16,3,18.0
plant_height,2023,M2,LI16,3,170.0
head_diameter,2023,M2,LI16,3,15.0
plant_height,2023,M2,LI16,3,164.0
head_diameter,2023,M2,LI16,3,19.0
plant_height,2023,M2,LI16,3,164.0
head_diameter,2023,M2,LI16,3,19.0
plant_height,2023,M2,LI16,3,165.0
head_diameter,2023,M2,LI16,3,20.0
plant_height,2023,M2,LI16,3,163.0
head_diameter,2023,M2,LI16,3,21.0
plant_height,2023,M2,LI16,3,154.0
head_diameter,2023,M2,LI16,3,16.0
plant_height,2023,M2,LI17,1,142.0
head_diameter,2023,M2,LI17,1,20.0
plant_height,2023,M2,LI17,1,146.0
head_diameter,2023,M2,LI17,1,20.0
plant_height,2023,M2,LI17,1,136.0
head_diameter,2023,M2,LI17,1,19.0
plant_height,2023,M2,LI17,1,140.0
head_diameter,2023,M2,LI17,1,19.0
plant_height,2023,M2,LI17,1,143.0
head_diameter,2023,M2,LI17,1,16.0
plant_height,2023,M2,LI17,1,138.0
head_diameter,2023,M2,LI17,1,15.0
plant_height,2023,M2,LI17,1,143.0
head_diameter,2023,M2,LI17,1,18.0
plant_height,2023,M2,LI17,1,154.0
head_diameter,2023,M2,LI17,1,22.0
plant_height,2023,M2,LI17,1,144.0
head_diameter,2023,M2,LI17,1,17.0
plant_height,2023,M2,LI17,1,151.0
head_diameter,2023,M2,LI17,1,18.0
plant_height,2023,M2,LI17,1,144.0
head_diameter,2023,M2,LI17,1,15.0
plant_height,2023,M2,LI17,1,139.0
head_diameter,2023,M2,LI17,1,17.0
plant_height,2023,M2,LI17,1,141.0
head_diameter,2023,M2,LI17,1,15.0
plant_height,2023,M2,LI17,1,140.0
head_diameter,2023,M2,LI17,1,14.0
plant_height,2023,M2,LI17,1,139.0
head_diameter,2023,M2,LI17,1,18.0
plant_height,2023,M2,LI17,2,162.0
head_diameter,2023,M2,LI17,2,18.0
plant_height,2023,M2,LI17,2,162.0
head_diameter,2023,M2,LI17,2,17.0
plant_height,2023,M2,LI17,2,157.0
head_diameter,2023,M2,LI17,2,18.0
plant_height,2023,M2,LI17,2,161.0
head_diameter,2023,M2,LI17,2,24.0
plant_height,2023,M2,LI17,2,149.0
head_diameter,2023,M2,LI17,2,16.0
plant_height,2023,M2,LI17,2,144.0
head_diameter,2023,M2,LI17,2,17.0
plant_height,2023,M2,LI17,2,159.0
head_diameter,2023,M2,LI17,2,18.0
plant_height,2023,M2,LI17,2,158.0
head_diameter,2023,M2,LI17,2,21.0
plant_height,2023,M2,LI17,2,163.0
head_diameter,2023,M2,LI17,2,20.0
plant_height,2023,M2,LI17,2,153.0
head_diameter,2023,M2,LI17,2,20.0
plant_height,2023,M2,LI17,2,159.0
head_diameter,2023,M2,LI17,2,18.0
plant_height,2023,M2,LI17,2,164.0
head_diameter,2023,M2,LI17,2,18.0
plant_height,2023,M2,LI17,2,161.0
head_diameter,2023,M2,LI17,2,16.0
plant_height,2023,M2,LI17,2,153.0
head_diameter,2023,M2,LI17,2,23.0
plant_height,2023,M2,LI17,2,155.0
head_diameter,2023,M2,LI17,2,20.0
plant_height,2023,M2,LI17,3,162.0
head_diameter,2023,M2,LI17,3,20.0
plant_height,2023,M2,LI17,3,153.0
head_diameter,2023,M2,LI17,3,15.0
plant_height,2023,M2,LI17,3,164.0
head_diameter,2023,M2,LI17,3,16.0
plant_height,2023,M2,LI17,3,166.0
head_diameter,2023,M2,LI17,3,19.0
plant_height,2023,M2,LI17,3,168.0
head_diameter,2023,M2,LI17,3,19.0
plant_height,2023,M2,LI17,3,166.0
head_diameter,2023,M2,LI17,3,18.0
plant_height,2023,M2,LI17,3,173.0
head_diameter,2023,M2,LI17,3,22.0
plant_height,2023,M2,LI17,3,169.0
head_diameter,2023,M2,LI17,3,22.0
plant_height,2023,M2,LI17,3,168.0
head_diameter,2023,M2,LI17,3,16.0
plant_height,2023,M2,LI17,3,169.0
head_diameter,2023,M2,LI17,3,20.0
plant_height,2023,M2,LI17,3,169.0
head_diameter,2023,M2,LI17,3,20.0
plant_height,2023,M2,LI17,3,168.0
head_diameter,2023,M2,LI17,3,18.0
plant_height,2023,M2,LI17,3,166.0
head_diameter,2023,M2,LI17,3,16.0
plant_height,2023,M2,LI17,3,150.0
head_diameter,2023,M2,LI17,3,18.0
plant_height,2023,M2,LI17,3,156.0
head_diameter,2023,M2,LI17,3,19.0
plant_height,2023,M2,LI18,1,166.0
head_diameter,2023,M2,LI18,1,20.0
plant_height,2023,M2,LI18,1,161.0
head_diameter,2023,M2,LI18,1,16.0
plant_height,2023,M2,LI18,1,162.0
head_diameter,2023,M2,LI18,1,21.0
plant_height,2023,M2,LI18,1,159.0
head_diameter,2023,M2,LI18,1,19.0
plant_height,2023,M2,LI18,1,164.0
head_diameter,2023,M2,LI18,1,20.0
plant_height,2023,M2,LI18,1,160.0
head_diameter,2023,M2,LI18,1,20.0
plant_height,2023,M2,LI18,1,156.0
head_diameter,2023,M2,LI18,1,22.0
plant_height,2023,M2,LI18,1,149.0
head_diameter,2023,M2,LI18,1,22.0
plant_height,2023,M2,LI18,1,157.0
head_diameter,2023,M2,LI18,1,24.0
plant_height,2023,M2,LI18,1,158.0
head_diameter,2023,M2,LI18,1,19.0
plant_height,2023,M2,LI18,2,162.0
head_diameter,2023,M2,LI18,2,18.0
plant_height,2023,M2,LI18,2,154.0
head_diameter,2023,M2,LI18,2,18.0
plant_height,2023,M2,LI18,2,164.0
head_diameter,2023,M2,LI18,2,19.0
plant_height,2023,M2,LI18,2,169.0
head_diameter,2023,M2,LI18,2,21.0
plant_height,2023,M2,LI18,2,161.0
head_diameter,2023,M2,LI18,2,17.0
plant_height,2023,M2,LI18,2,165.0
head_diameter,2023,M2,LI18,2,19.0
plant_height,2023,M2,LI18,2,166.0
head_diameter,2023,M2,LI18,2,21.0
plant_height,2023,M2,LI18,2,164.0
head_diameter,2023,M2,LI18,2,18.5
plant_height,2023,M2,LI18,2,168.0
head_diameter,2023,M2,LI18,2,18.0
plant_height,2023,M2,LI18,2,163.0
head_diameter,2023,M2,LI18,2,21.0
plant_height,2023,M2,LI18,3,155.0
head_diameter,2023,M2,LI18,3,18.0
plant_height,2023,M2,LI18,3,155.0
head_diameter,2023,M2,LI18,3,19.0
plant_height,2023,M2,LI18,3,159.0
head_diameter,2023,M2,LI18,3,20.0
plant_height,2023,M2,LI18,3,158.0
head_diameter,2023,M2,LI18,3,21.0
plant_height,2023,M2,LI18,3,161.0
head_diameter,2023,M2,LI18,3,20.0
plant_height,2023,M2,LI18,3,171.0
head_diameter,2023,M2,LI18,3,0.0
plant_height,2023,M2,LI18,3,172.0
head_diameter,2023,M2,LI18,3,20.0
plant_height,2023,M2,LI18,3,167.0
head_diameter,2023,M2,LI18,3,17.0
plant_height,2023,M2,LI18,3,169.0
head_diameter,2023,M2,LI18,3,15.0
plant_height,2023,M2,LI18,3,168.0
head_diameter,2023,M2,LI18,3,20.0
plant_height,2023,M2,LI19,1,149.0
head_diameter,2023,M2,LI19,1,17.0
plant_height,2023,M2,LI19,1,141.0
head_diameter,2023,M2,LI19,1,12.0
plant_height,2023,M2,LI19,1,158.0
head_diameter,2023,M2,LI19,1,20.0
plant_height,2023,M2,LI19,1,161.0
head_diameter,2023,M2,LI19,1,17.0
plant_height,2023,M2,LI19,1,159.0
head_diameter,2023,M2,LI19,1,17.0
plant_height,2023,M2,LI19,1,150.0
head_diameter,2023,M2,LI19,1,16.0
plant_height,2023,M2,LI19,1,153.0
head_diameter,2023,M2,LI19,1,17.0
plant_height,2023,M2,LI19,1,152.0
head_diameter,2023,M2,LI19,1,15.0
plant_height,2023,M2,LI19,1,154.0
head_diameter,2023,M2,LI19,1,18.0
plant_height,2023,M2,LI19,1,153.0
head_diameter,2023,M2,LI19,1,18.0
plant_height,2023,M2,LI19,2,161.0
head_diameter,2023,M2,LI19,2,22.0
plant_height,2023,M2,LI19,2,157.0
head_diameter,2023,M2,LI19,2,13.0
plant_height,2023,M2,LI19,2,157.0
head_diameter,2023,M2,LI19,2,20.0
plant_height,2023,M2,LI19,2,154.0
head_diameter,2023,M2,LI19,2,15.0
plant_height,2023,M2,LI19,2,165.0
head_diameter,2023,M2,LI19,2,18.0
plant_height,2023,M2,LI19,2,156.0
head_diameter,2023,M2,LI19,2,21.0
plant_height,2023,M2,LI19,2,162.0
head_diameter,2023,M2,LI19,2,20.0
plant_height,2023,M2,LI19,2,160.0
head_diameter,2023,M2,LI19,2,21.0
plant_height,2023,M2,LI19,2,164.0
head_diameter,2023,M2,LI19,2,19.0
plant_height,2023,M2,LI19,2,168.0
head_diameter,2023,M2,LI19,2,18.0
plant_height,2023,M2,LI19,3,170.0
head_diameter,2023,M2,LI19,3,20.5
plant_height,2023,M2,LI19,3,179.0
head_diameter,2023,M2,LI19,3,20.0
plant_height,2023,M2,LI19,3,171.0
head_diameter,2023,M2,LI19,3,21.0
plant_height,2023,M2,LI19,3,170.0
head_diameter,2023,M2,LI19,3,20.0
plant_height,2023,M2,LI19,3,164.0
head_diameter,2023,M2,LI19,3,19.0
plant_height,2023,M2,LI19,3,171.0
head_diameter,2023,M2,LI19,3,18.0
plant_height,2023,M2,LI19,3,166.0
head_diameter,2023,M2,LI19,3,16.0
plant_height,2023,M2,LI19,3,166.0
head_diameter,2023,M2,LI19,3,19.5
plant_height,2023,M2,LI19,3,165.0
head_diameter,2023,M2,LI19,3,19.5
plant_height,2023,M2,LI19,3,158.0
head_diameter,2023,M2,LI19,3,17.0
plant_height,2023,M2,LI20,1,153.0
head_diameter,2023,M2,LI20,1,22.0
plant_height,2023,M2,LI20,1,152.0
head_diameter,2023,M2,LI20,1,23.5
plant_height,2023,M2,LI20,1,148.0
head_diameter,2023,M2,LI20,1,18.0
plant_height,2023,M2,LI20,1,157.0
head_diameter,2023,M2,LI20,1,21.0
plant_height,2023,M2,LI20,1,153.0
head_diameter,2023,M2,LI20,1,19.0
plant_height,2023,M2,LI20,1,151.0
head_diameter,2023,M2,LI20,1,19.0
plant_height,2023,M2,LI20,1,158.0
head_diameter,2023,M2,LI20,1,21.0
plant_height,2023,M2,LI20,1,159.0
head_diameter,2023,M2,LI20,1,21.0
plant_height,2023,M2,LI20,1,152.0
head_diameter,2023,M2,LI20,1,19.0
plant_height,2023,M2,LI20,1,153.0
head_diameter,2023,M2,LI20,1,17.0
plant_height,2023,M2,LI20,2,153.0
head_diameter,2023,M2,LI20,2,18.0
plant_height,2023,M2,LI20,2,150.0
head_diameter,2023,M2,LI20,2,19.0
plant_height,2023,M2,LI20,2,154.0
head_diameter,2023,M2,LI20,2,19.0
plant_height,2023,M2,LI20,2,155.0
head_diameter,2023,M2,LI20,2,18.0
plant_height,2023,M2,LI20,2,157.0
head_diameter,2023,M2,LI20,2,18.0
plant_height,2023,M2,LI20,2,155.0
head_diameter,2023,M2,LI20,2,18.0
plant_height,2023,M2,LI20,2,151.0
head_diameter,2023,M2,LI20,2,15.0
plant_height,2023,M2,LI20,2,152.0
head_diameter,2023,M2,LI20,2,18.0
plant_height,2023,M2,LI20,2,156.0
head_diameter,2023,M2,LI20,2,18.0
plant_height,2023,M2,LI20,2,146.0
head_diameter,2023,M2,LI20,2,16.0
plant_height,2023,M2,LI20,3,152.0
head_diameter,2023,M2,LI20,3,23.0
plant_height,2023,M2,LI20,3,160.0
head_diameter,2023,M2,LI20,3,23.5
plant_height,2023,M2,LI20,3,157.0
head_diameter,2023,M2,LI20,3,19.0
plant_height,2023,M2,LI20,3,167.0
head_diameter,2023,M2,LI20,3,20.0
plant_height,2023,M2,LI20,3,162.0
head_diameter,2023,M2,LI20,3,20.0
plant_height,2023,M2,LI20,3,167.0
head_diameter,2023,M2,LI20,3,18.0
plant_height,2023,M2,LI20,3,155.0
head_diameter,2023,M2,LI20,3,17.0
plant_height,2023,M2,LI20,3,159.0
head_diameter,2023,M2,LI20,3,18.0
plant_height,2023,M2,LI20,3,154.0
head_diameter,2023,M2,LI20,3,20.0
plant_height,2023,M2,LI20,3,167.0
head_diameter,2023,M2,LI20,3,19.0
plant_height,2023,M2,LI21,1,145.0
head_diameter,2023,M2,LI21,1,21.0
plant_height,2023,M2,LI21,1,136.0
head_diameter,2023,M2,LI21,1,20.0
plant_height,2023,M2,LI21,1,133.0
head_diameter,2023,M2,LI21,1,18.0
plant_height,2023,M2,LI21,1,138.0
head_diameter,2023,M2,LI21,1,21.0
plant_height,2023,M2,LI21,1,131.0
head_diameter,2023,M2,LI21,1,21.0
plant_height,2023,M2,LI21,1,126.0
head_diameter,2023,M2,LI21,1,18.0
plant_height,2023,M2,LI21,1,138.0
head_diameter,2023,M2,LI21,1,17.0
plant_height,2023,M2,LI21,1,125.0
head_diameter,2023,M2,LI21,1,19.0
plant_height,2023,M2,LI21,1,138.0
head_diameter,2023,M2,LI21,1,14.0
plant_height,2023,M2,LI21,1,136.0
head_diameter,2023,M2,LI21,1,16.0
plant_height,2023,M2,LI21,2,131.0
head_diameter,2023,M2,LI21,2,14.0
plant_height,2023,M2,LI21,2,135.0
head_diameter,2023,M2,LI21,2,13.0
plant_height,2023,M2,LI21,2,129.0
head_diameter,2023,M2,LI21,2,12.0
plant_height,2023,M2,LI21,2,139.0
head_diameter,2023,M2,LI21,2,19.0
plant_height,2023,M2,LI21,2,139.0
head_diameter,2023,M2,LI21,2,16.0
plant_height,2023,M2,LI21,2,142.0
head_diameter,2023,M2,LI21,2,15.0
plant_height,2023,M2,LI21,2,137.0
head_diameter,2023,M2,LI21,2,16.0
plant_height,2023,M2,LI21,2,144.0
head_diameter,2023,M2,LI21,2,15.0
plant_height,2023,M2,LI21,2,151.0
head_diameter,2023,M2,LI21,2,15.0
plant_height,2023,M2,LI21,2,154.0
head_diameter,2023,M2,LI21,2,18.0
plant_height,2023,M2,LI21,3,143.0
head_diameter,2023,M2,LI21,3,20.0
plant_height,2023,M2,LI21,3,148.0
head_diameter,2023,M2,LI21,3,18.0
plant_height,2023,M2,LI21,3,147.0
head_diameter,2023,M2,LI21,3,18.0
plant_height,2023,M2,LI21,3,148.0
head_diameter,2023,M2,LI21,3,18.0
plant_height,2023,M2,LI21,3,148.0
head_diameter,2023,M2,LI21,3,14.0
plant_height,2023,M2,LI21,3,150.0
head_diameter,2023,M2,LI21,3,18.0
plant_height,2023,M2,LI21,3,145.0
head_diameter,2023,M2,LI21,3,18.0
plant_height,2023,M2,LI21,3,158.0
head_diameter,2023,M2,LI21,3,16.0
plant_height,2023,M2,LI21,3,157.0
head_diameter,2023,M2,LI21,3,17.0
plant_height,2023,M2,LI21,3,155.0
head_diameter,2023,M2,LI21,3,17.0
plant_height,2023,M2,LI22,1,115.0
head_diameter,2023,M2,LI22,1,18.0
plant_height,2023,M2,LI22,1,125.0
head_diameter,2023,M2,LI22,1,17.0
plant_height,2023,M2,LI22,1,117.0
head_diameter,2023,M2,LI22,1,17.0
plant_height,2023,M2,LI22,1,129.0
head_diameter,2023,M2,LI22,1,17.0
plant_height,2023,M2,LI22,1,127.0
head_diameter,2023,M2,LI22,1,18.0
plant_height,2023,M2,LI22,1,122.0
head_diameter,2023,M2,LI22,1,12.0
plant_height,2023,M2,LI22,1,115.0
head_diameter,2023,M2,LI22,1,12.0
plant_height,2023,M2,LI22,1,116.0
head_diameter,2023,M2,LI22,1,12.0
plant_height,2023,M2,LI22,1,127.0
head_diameter,2023,M2,LI22,1,14.0
plant_height,2023,M2,LI22,1,118.0
head_diameter,2023,M2,LI22,1,17.0
plant_height,2023,M2,LI22,2,142.0
head_diameter,2023,M2,LI22,2,17.0
plant_height,2023,M2,LI22,2,131.0
head_diameter,2023,M2,LI22,2,15.0
plant_height,2023,M2,LI22,2,133.0
head_diameter,2023,M2,LI22,2,17.0
plant_height,2023,M2,LI22,2,136.0
head_diameter,2023,M2,LI22,2,13.0
plant_height,2023,M2,LI22,2,146.0
head_diameter,2023,M2,LI22,2,19.0
plant_height,2023,M2,LI22,2,140.0
head_diameter,2023,M2,LI22,2,19.0
plant_height,2023,M2,LI22,2,140.0
head_diameter,2023,M2,LI22,2,17.0
plant_height,2023,M2,LI22,2,139.0
head_diameter,2023,M2,LI22,2,17.0
plant_height,2023,M2,LI22,2,144.0
head_diameter,2023,M2,LI22,2,19.0
plant_height,2023,M2,LI22,2,139.0
head_diameter,2023,M2,LI22,2,16.0
plant_height,2023,M2,LI22,3,148.0
head_diameter,2023,M2,LI22,3,16.0
plant_height,2023,M2,LI22,3,158.0
head_diameter,2023,M2,LI22,3,18.0
plant_height,2023,M2,LI22,3,149.0
head_diameter,2023,M2,LI22,3,17.0
plant_height,2023,M2,LI22,3,150.0
head_diameter,2023,M2,LI22,3,16.0
plant_height,2023,M2,LI22,3,157.0
head_diameter,2023,M2,LI22,3,17.0
plant_height,2023,M2,LI22,3,144.0
head_diameter,2023,M2,LI22,3,17.5
plant_height,2023,M2,LI22,3,153.0
head_diameter,2023,M2,LI22,3,14.0
plant_height,2023,M2,LI22,3,147.0
head_diameter,2023,M2,LI22,3,19.0
plant_height,2023,M2,LI22,3,148.0
head_diameter,2023,M2,LI22,3,16.0
plant_height,2023,M2,LI22,3,147.0
head_diameter,2023,M2,LI22,3,17.0
plant_height,2023,M2,LI23,1,151.0
head_diameter,2023,M2,LI23,1,20.0
plant_height,2023,M2,LI23,1,158.0
head_diameter,2023,M2,LI23,1,18.0
plant_height,2023,M2,LI23,1,147.0
head_diameter,2023,M2,LI23,1,20.0
plant_height,2023,M2,LI23,1,150.0
head_diameter,2023,M2,LI23,1,20.0
plant_height,2023,M2,LI23,1,150.0
head_diameter,2023,M2,LI23,1,16.0
plant_height,2023,M2,LI23,1,150.0
head_diameter,2023,M2,LI23,1,15.0
plant_height,2023,M2,LI23,1,154.0
head_diameter,2023,M2,LI23,1,17.0
plant_height,2023,M2,LI23,1,154.0
head_diameter,2023,M2,LI23,1,17.0
plant_height,2023,M2,LI23,1,152.0
head_diameter,2023,M2,LI23,1,18.0
plant_height,2023,M2,LI23,1,159.0
head_diameter,2023,M2,LI23,1,18.0
plant_height,2023,M2,LI23,2,137.0
head_diameter,2023,M2,LI23,2,17.0
plant_height,2023,M2,LI23,2,134.0
head_diameter,2023,M2,LI23,2,18.0
plant_height,2023,M2,LI23,2,146.0
head_diameter,2023,M2,LI23,2,17.0
plant_height,2023,M2,LI23,2,129.0
head_diameter,2023,M2,LI23,2,18.0
plant_height,2023,M2,LI23,2,133.0
head_diameter,2023,M2,LI23,2,17.0
plant_height,2023,M2,LI23,2,146.0
head_diameter,2023,M2,LI23,2,17.0
plant_height,2023,M2,LI23,2,129.0
head_diameter,2023,M2,LI23,2,14.0
plant_height,2023,M2,LI23,2,146.0
head_diameter,2023,M2,LI23,2,16.0
plant_height,2023,M2,LI23,2,142.0
head_diameter,2023,M2,LI23,2,16.0
plant_height,2023,M2,LI23,2,140.0
head_diameter,2023,M2,LI23,2,16.0
plant_height,2023,M2,LI23,3,157.0
head_diameter,2023,M2,LI23,3,16.0
plant_height,2023,M2,LI23,3,163.0
head_diameter,2023,M2,LI23,3,14.0
plant_height,2023,M2,LI23,3,163.0
head_diameter,2023,M2,LI23,3,15.0
plant_height,2023,M2,LI23,3,170.0
head_diameter,2023,M2,LI23,3,14.0
plant_height,2023,M2,LI23,3,166.0
head_diameter,2023,M2,LI23,3,18.0
plant_height,2023,M2,LI23,3,163.0
head_diameter,2023,M2,LI23,3,17.0
plant_height,2023,M2,LI23,3,162.0
head_diameter,2023,M2,LI23,3,19.0
plant_height,2023,M2,LI23,3,161.0
head_diameter,2023,M2,LI23,3,17.0
plant_height,2023,M2,LI23,3,153.0
head_diameter,2023,M2,LI23,3,15.0
plant_height,2023,M2,LI23,3,157.0
head_diameter,2023,M2,LI23,3,12.0
plant_height,2023,M2,LI24,1,149.0
head_diameter,2023,M2,LI24,1,20.0
plant_height,2023,M2,LI24,1,142.0
head_diameter,2023,M2,LI24,1,20.0
plant_height,2023,M2,LI24,1,148.0
head_diameter,2023,M2,LI24,1,18.0
plant_height,2023,M2,LI24,1,152.0
head_diameter,2023,M2,LI24,1,19.0
plant_height,2023,M2,LI24,1,155.0
head_diameter,2023,M2,LI24,1,17.0
plant_height,2023,M2,LI24,1,152.0
head_diameter,2023,M2,LI24,1,21.0
plant_height,2023,M2,LI24,1,156.0
head_diameter,2023,M2,LI24,1,21.0
plant_height,2023,M2,LI24,1,148.0
head_diameter,2023,M2,LI24,1,17.0
plant_height,2023,M2,LI24,1,144.0
head_diameter,2023,M2,LI24,1,17.0
plant_height,2023,M2,LI24,1,135.0
head_diameter,2023,M2,LI24,1,17.0
plant_height,2023,M2,LI24,1,153.0
head_diameter,2023,M2,LI24,1,15.0
plant_height,2023,M2,LI24,1,134.0
head_diameter,2023,M2,LI24,1,15.0
plant_height,2023,M2,LI24,1,148.0
head_diameter,2023,M2,LI24,1,16.0
plant_height,2023,M2,LI24,1,153.0
head_diameter,2023,M2,LI24,1,19.0
plant_height,2023,M2,LI24,1,148.0
head_diameter,2023,M2,LI24,1,19.0
plant_height,2023,M2,LI24,2,163.0
head_diameter,2023,M2,LI24,2,21.0
plant_height,2023,M2,LI24,2,154.0
head_diameter,2023,M2,LI24,2,22.0
plant_height,2023,M2,LI24,2,160.0
head_diameter,2023,M2,LI24,2,20.0
plant_height,2023,M2,LI24,2,154.0
head_diameter,2023,M2,LI24,2,17.0
plant_height,2023,M2,LI24,2,154.0
head_diameter,2023,M2,LI24,2,18.0
plant_height,2023,M2,LI24,2,165.0
head_diameter,2023,M2,LI24,2,22.0
plant_height,2023,M2,LI24,2,163.0
head_diameter,2023,M2,LI24,2,21.0
plant_height,2023,M2,LI24,2,158.0
head_diameter,2023,M2,LI24,2,17.0
plant_height,2023,M2,LI24,2,157.0
head_diameter,2023,M2,LI24,2,19.0
plant_height,2023,M2,LI24,2,155.0
head_diameter,2023,M2,LI24,2,18.0
plant_height,2023,M2,LI24,2,160.0
head_diameter,2023,M2,LI24,2,17.0
plant_height,2023,M2,LI24,2,157.0
head_diameter,2023,M2,LI24,2,15.0
plant_height,2023,M2,LI24,2,155.0
head_diameter,2023,M2,LI24,2,19.0
plant_height,2023,M2,LI24,2,156.0
head_diameter,2023,M2,LI24,2,20.0
plant_height,2023,M2,LI24,2,150.0
head_diameter,2023,M2,LI24,2,17.0
plant_height,2023,M2,LI24,3,162.0
head_diameter,2023,M2,LI24,3,20.0
plant_height,2023,M2,LI24,3,170.0
head_diameter,2023,M2,LI24,3,20.0
plant_height,2023,M2,LI24,3,166.0
head_diameter,2023,M2,LI24,3,24.0
plant_height,2023,M2,LI24,3,149.0
head_diameter,2023,M2,LI24,3,15.0
plant_height,2023,M2,LI24,3,146.0
head_diameter,2023,M2,LI24,3,13.0
plant_height,2023,M2,LI24,3,165.0
head_diameter,2023,M2,LI24,3,19.0
plant_height,2023,M2,LI24,3,156.0
head_diameter,2023,M2,LI24,3,17.0
plant_height,2023,M2,LI24,3,165.0
head_diameter,2023,M2,LI24,3,20.0
plant_height,2023,M2,LI24,3,150.0
head_diameter,2023,M2,LI24,3,17.0
plant_height,2023,M2,LI24,3,150.0
head_diameter,2023,M2,LI24,3,15.0
plant_height,2023,M2,LI24,3,162.0
head_diameter,2023,M2,LI24,3,20.0
plant_height,2023,M2,LI24,3,163.0
head_diameter,2023,M2,LI24,3,17.0
plant_height,2023,M2,LI24,3,167.0
head_diameter,2023,M2,LI24,3,17.0
plant_height,2023,M2,LI24,3,166.0
head_diameter,2023,M2,LI24,3,16.0
plant_height,2023,M2,LI24,3,160.0
head_diameter,2023,M2,LI24,3,18.0
plant_height,2023,M2,LI25,1,153.0
head_diameter,2023,M2,LI25,1,15.0
plant_height,2023,M2,LI25,1,161.0
head_diameter,2023,M2,LI25,1,15.0
plant_height,2023,M2,LI25,1,161.0
head_diameter,2023,M2,LI25,1,15.0
plant_height,2023,M2,LI25,1,164.0
head_diameter,2023,M2,LI25,1,22.0
plant_height,2023,M2,LI25,1,162.0
head_diameter,2023,M2,LI25,1,17.0
plant_height,2023,M2,LI25,1,163.0
head_diameter,2023,M2,LI25,1,18.0
plant_height,2023,M2,LI25,1,162.0
head_diameter,2023,M2,LI25,1,15.0
plant_height,2023,M2,LI25,1,157.0
head_diameter,2023,M2,LI25,1,18.0
plant_height,2023,M2,LI25,1,143.0
head_diameter,2023,M2,LI25,1,15.0
plant_height,2023,M2,LI25,1,144.0
head_diameter,2023,M2,LI25,1,15.0
plant_height,2023,M2,LI25,2,157.0
head_diameter,2023,M2,LI25,2,19.0
plant_height,2023,M2,LI25,2,159.0
head_diameter,2023,M2,LI25,2,19.0
plant_height,2023,M2,LI25,2,152.0
head_diameter,2023,M2,LI25,2,16.0
plant_height,2023,M2,LI25,2,146.0
head_diameter,2023,M2,LI25,2,15.0
plant_height,2023,M2,LI25,2,149.0
head_diameter,2023,M2,LI25,2,19.0
plant_height,2023,M2,LI25,2,149.0
head_diameter,2023,M2,LI25,2,20.0
plant_height,2023,M2,LI25,2,153.0
head_diameter,2023,M2,LI25,2,17.0
plant_height,2023,M2,LI25,2,152.0
head_diameter,2023,M2,LI25,2,16.0
plant_height,2023,M2,LI25,2,144.0
head_diameter,2023,M2,LI25,2,18.0
plant_height,2023,M2,LI25,2,149.0
head_diameter,2023,M2,LI25,2,17.0
plant_height,2023,M2,LI25,3,164.0
head_diameter,2023,M2,LI25,3,16.0
plant_height,2023,M2,LI25,3,166.0
head_diameter,2023,M2,LI25,3,18.0
plant_height,2023,M2,LI25,3,167.0
head_diameter,2023,M2,LI25,3,18.0
plant_height,2023,M2,LI25,3,171.0
head_diameter,2023,M2,LI25,3,15.0
plant_height,2023,M2,LI25,3,172.0
head_diameter,2023,M2,LI25,3,14.0
plant_height,2023,M2,LI25,3,175.0
head_diameter,2023,M2,LI25,3,21.0
plant_height,2023,M2,LI25,3,164.0
head_diameter,2023,M2,LI25,3,14.0
plant_height,2023,M2,LI25,3,170.0
head_diameter,2023,M2,LI25,3,17.0
plant_height,2023,M2,LI25,3,163.0
head_diameter,2023,M2,LI25,3,16.0
plant_height,2023,M2,LI25,3,167.0
head_diameter,2023,M2,LI25,3,20.0
plant_height,2023,M2,LI26,1,147.0
head_diameter,2023,M2,LI26,1,20.0
plant_height,2023,M2,LI26,1,145.0
head_diameter,2023,M2,LI26,1,20.0
plant_height,2023,M2,LI26,1,157.0
head_diameter,2023,M2,LI26,1,16.0
plant_height,2023,M2,LI26,1,145.0
head_diameter,2023,M2,LI26,1,17.0
plant_height,2023,M2,LI26,1,162.0
head_diameter,2023,M2,LI26,1,17.0
plant_height,2023,M2,LI26,1,143.0
head_diameter,2023,M2,LI26,1,23.0
plant_height,2023,M2,LI26,1,159.0
head_diameter,2023,M2,LI26,1,21.0
plant_height,2023,M2,LI26,1,160.0
head_diameter,2023,M2,LI26,1,20.0
plant_height,2023,M2,LI26,1,157.0
head_diameter,2023,M2,LI26,1,23.0
plant_height,2023,M2,LI26,1,154.0
head_diameter,2023,M2,LI26,1,19.0
plant_height,2023,M2,LI26,2,165.0
head_diameter,2023,M2,LI26,2,19.0
plant_height,2023,M2,LI26,2,125.0
head_diameter,2023,M2,LI26,2,18.0
plant_height,2023,M2,LI26,2,123.0
head_diameter,2023,M2,LI26,2,15.0
plant_height,2023,M2,LI26,2,117.0
head_diameter,2023,M2,LI26,2,19.0
plant_height,2023,M2,LI26,2,130.0
head_diameter,2023,M2,LI26,2,16.0
plant_height,2023,M2,LI26,2,117.0
head_diameter,2023,M2,LI26,2,18.0
plant_height,2023,M2,LI26,2,126.0
head_diameter,2023,M2,LI26,2,19.0
plant_height,2023,M2,LI26,2,139.0
head_diameter,2023,M2,LI26,2,15.0
plant_height,2023,M2,LI26,2,133.0
head_diameter,2023,M2,LI26,2,19.0
plant_height,2023,M2,LI26,2,137.0
head_diameter,2023,M2,LI26,2,19.0
plant_height,2023,M2,LI26,3,124.0
head_diameter,2023,M2,LI26,3,22.0
plant_height,2023,M2,LI26,3,135.0
head_diameter,2023,M2,LI26,3,16.0
plant_height,2023,M2,LI26,3,134.0
head_diameter,2023,M2,LI26,3,16.0
plant_height,2023,M2,LI26,3,145.0
head_diameter,2023,M2,LI26,3,15.0
plant_height,2023,M2,LI26,3,142.0
head_diameter,2023,M2,LI26,3,16.0
plant_height,2023,M2,LI26,3,134.0
head_diameter,2023,M2,LI26,3,16.0
plant_height,2023,M2,LI26,3,140.0
head_diameter,2023,M2,LI26,3,20.0
plant_height,2023,M2,LI26,3,142.0
head_diameter,2023,M2,LI26,3,17.0
plant_height,2023,M2,LI26,3,135.0
head_diameter,2023,M2,LI26,3,19.0
plant_height,2023,M2,LI26,3,149.0
head_diameter,2023,M2,LI26,3,14.0
plant_height,2023,M2,LI27,1,138.0
head_diameter,2023,M2,LI27,1,19.0
plant_height,2023,M2,LI27,1,140.0
head_diameter,2023,M2,LI27,1,18.0
plant_height,2023,M2,LI27,1,135.0
head_diameter,2023,M2,LI27,1,19.0
plant_height,2023,M2,LI27,1,142.0
head_diameter,2023,M2,LI27,1,17.0
plant_height,2023,M2,LI27,1,153.0
head_diameter,2023,M2,LI27,1,20.0
plant_height,2023,M2,LI27,1,145.0
head_diameter,2023,M2,LI27,1,17.0
plant_height,2023,M2,LI27,1,145.0
head_diameter,2023,M2,LI27,1,17.0
plant_height,2023,M2,LI27,1,159.0
head_diameter,2023,M2,LI27,1,19.0
plant_height,2023,M2,LI27,1,148.0
head_diameter,2023,M2,LI27,1,19.0
plant_height,2023,M2,LI27,1,146.0
head_diameter,2023,M2,LI27,1,15.0
plant_height,2023,M2,LI27,2,138.0
head_diameter,2023,M2,LI27,2,20.0
plant_height,2023,M2,LI27,2,148.0
head_diameter,2023,M2,LI27,2,20.0
plant_height,2023,M2,LI27,2,145.0
head_diameter,2023,M2,LI27,2,14.0
plant_height,2023,M2,LI27,2,136.0
head_diameter,2023,M2,LI27,2,16.0
plant_height,2023,M2,LI27,2,142.0
head_diameter,2023,M2,LI27,2,15.0
plant_height,2023,M2,LI27,2,143.0
head_diameter,2023,M2,LI27,2,15.0
plant_height,2023,M2,LI27,2,139.0
head_diameter,2023,M2,LI27,2,20.0
plant_height,2023,M2,LI27,2,134.0
head_diameter,2023,M2,LI27,2,20.0
plant_height,2023,M2,LI27,2,142.0
head_diameter,2023,M2,LI27,2,18.0
plant_height,2023,M2,LI27,2,150.0
head_diameter,2023,M2,LI27,2,15.0
plant_height,2023,M2,LI27,3,147.0
head_diameter,2023,M2,LI27,3,21.0
plant_height,2023,M2,LI27,3,144.0
head_diameter,2023,M2,LI27,3,14.0
plant_height,2023,M2,LI27,3,146.0
head_diameter,2023,M2,LI27,3,22.0
plant_height,2023,M2,LI27,3,148.0
head_diameter,2023,M2,LI27,3,19.0
plant_height,2023,M2,LI27,3,153.0
head_diameter,2023,M2,LI27,3,18.0
plant_height,2023,M2,LI27,3,155.0
head_diameter,2023,M2,LI27,3,15.0
plant_height,2023,M2,LI27,3,158.0
head_diameter,2023,M2,LI27,3,17.0
plant_height,2023,M2,LI27,3,157.0
head_diameter,2023,M2,LI27,3,20.0
plant_height,2023,M2,LI27,3,148.0
head_diameter,2023,M2,LI27,3,17.0
plant_height,2023,M2,LI27,3,149.0
head_diameter,2023,M2,LI27,3,19.0
plant_height,2023,M2,LI28,1,141.0
head_diameter,2023,M2,LI28,1,17.0
plant_height,2023,M2,LI28,1,147.0
head_diameter,2023,M2,LI28,1,16.0
plant_height,2023,M2,LI28,1,148.0
head_diameter,2023,M2,LI28,1,16.0
plant_height,2023,M2,LI28,1,146.0
head_diameter,2023,M2,LI28,1,18.0
plant_height,2023,M2,LI28,1,151.0
head_diameter,2023,M2,LI28,1,16.0
plant_height,2023,M2,LI28,1,164.0
head_diameter,2023,M2,LI28,1,18.0
plant_height,2023,M2,LI28,1,142.0
head_diameter,2023,M2,LI28,1,18.0
plant_height,2023,M2,LI28,1,143.0
head_diameter,2023,M2,LI28,1,17.0
plant_height,2023,M2,LI28,1,140.0
head_diameter,2023,M2,LI28,1,19.0
plant_height,2023,M2,LI28,1,135.0
head_diameter,2023,M2,LI28,1,23.0
plant_height,2023,M2,LI28,2,107.0
head_diameter,2023,M2,LI28,2,16.0
plant_height,2023,M2,LI28,2,128.0
head_diameter,2023,M2,LI28,2,18.0
plant_height,2023,M2,LI28,2,127.0
head_diameter,2023,M2,LI28,2,21.0
plant_height,2023,M2,LI28,2,131.0
head_diameter,2023,M2,LI28,2,15.0
plant_height,2023,M2,LI28,2,140.0
head_diameter,2023,M2,LI28,2,21.0
plant_height,2023,M2,LI28,2,143.0
head_diameter,2023,M2,LI28,2,17.0
plant_height,2023,M2,LI28,2,147.0
head_diameter,2023,M2,LI28,2,18.0
plant_height,2023,M2,LI28,2,137.0
head_diameter,2023,M2,LI28,2,17.0
plant_height,2023,M2,LI28,2,132.0
head_diameter,2023,M2,LI28,2,18.0
plant_height,2023,M2,LI28,2,137.0
head_diameter,2023,M2,LI28,2,17.0
plant_height,2023,M2,LI28,3,149.0
head_diameter,2023,M2,LI28,3,16.0
plant_height,2023,M2,LI28,3,152.0
head_diameter,2023,M2,LI28,3,20.0
plant_height,2023,M2,LI28,3,149.0
head_diameter,2023,M2,LI28,3,21.0
plant_height,2023,M2,LI28,3,154.0
head_diameter,2023,M2,LI28,3,21.0
plant_height,2023,M2,LI28,3,153.0
head_diameter,2023,M2,LI28,3,17.0
plant_height,2023,M2,LI28,3,147.0
head_diameter,2023,M2,LI28,3,20.0
plant_height,2023,M2,LI28,3,149.0
head_diameter,2023,M2,LI28,3,19.0
plant_height,2023,M2,LI28,3,157.0
head_diameter,2023,M2,LI28,3,22.0
plant_height,2023,M2,LI28,3,158.0
head_diameter,2023,M2,LI28,3,20.0
plant_height,2023,M2,LI28,3,155.0
head_diameter,2023,M2,LI28,3,19.0
plant_height,2023,M2,LI29,1,162.0
head_diameter,2023,M2,LI29,1,19.0
plant_height,2023,M2,LI29,1,165.0
head_diameter,2023,M2,LI29,1,19.0
plant_height,2023,M2,LI29,1,161.0
head_diameter,2023,M2,LI29,1,19.0
plant_height,2023,M2,LI29,1,150.0
head_diameter,2023,M2,LI29,1,15.0
plant_height,2023,M2,LI29,1,163.0
head_diameter,2023,M2,LI29,1,18.0
plant_height,2023,M2,LI29,1,162.0
head_diameter,2023,M2,LI29,1,18.0
plant_height,2023,M2,LI29,1,158.0
head_diameter,2023,M2,LI29,1,17.0
plant_height,2023,M2,LI29,1,151.0
head_diameter,2023,M2,LI29,1,15.0
plant_height,2023,M2,LI29,1,156.0
head_diameter,2023,M2,LI29,1,17.0
plant_height,2023,M2,LI29,1,162.0
head_diameter,2023,M2,LI29,1,15.0
plant_height,2023,M2,LI29,1,159.0
head_diameter,2023,M2,LI29,1,17.0
plant_height,2023,M2,LI29,1,166.0
head_diameter,2023,M2,LI29,1,18.0
plant_height,2023,M2,LI29,1,160.0
head_diameter,2023,M2,LI29,1,17.0
plant_height,2023,M2,LI29,1,156.0
head_diameter,2023,M2,LI29,1,17.0
plant_height,2023,M2,LI29,1,151.0
head_diameter,2023,M2,LI29,1,15.0
plant_height,2023,M2,LI29,2,143.0
head_diameter,2023,M2,LI29,2,16.0
plant_height,2023,M2,LI29,2,139.0
head_diameter,2023,M2,LI29,2,14.0
plant_height,2023,M2,LI29,2,130.0
head_diameter,2023,M2,LI29,2,14.0
plant_height,2023,M2,LI29,2,140.0
head_diameter,2023,M2,LI29,2,15.0
plant_height,2023,M2,LI29,2,146.0
head_diameter,2023,M2,LI29,2,16.0
plant_height,2023,M2,LI29,2,137.0
head_diameter,2023,M2,LI29,2,17.0
plant_height,2023,M2,LI29,2,138.0
head_diameter,2023,M2,LI29,2,19.0
plant_height,2023,M2,LI29,2,139.0
head_diameter,2023,M2,LI29,2,17.0
plant_height,2023,M2,LI29,2,144.0
head_diameter,2023,M2,LI29,2,17.0
plant_height,2023,M2,LI29,2,145.0
head_diameter,2023,M2,LI29,2,14.0
plant_height,2023,M2,LI29,2,139.0
head_diameter,2023,M2,LI29,2,12.0
plant_height,2023,M2,LI29,2,147.0
head_diameter,2023,M2,LI29,2,14.0
plant_height,2023,M2,LI29,2,155.0
head_diameter,2023,M2,LI29,2,15.0
plant_height,2023,M2,LI29,2,151.0
head_diameter,2023,M2,LI29,2,15.0
plant_height,2023,M2,LI29,2,146.0
head_diameter,2023,M2,LI29,2,15.0
plant_height,2023,M2,LI29,3,152.0
head_diameter,2023,M2,LI29,3,17.0
plant_height,2023,M2,LI29,3,152.0
head_diameter,2023,M2,LI29,3,21.0
plant_height,2023,M2,LI29,3,152.0
head_diameter,2023,M2,LI29,3,17.0
plant_height,2023,M2,LI29,3,150.0
head_diameter,2023,M2,LI29,3,16.0
plant_height,2023,M2,LI29,3,160.0
head_diameter,2023,M2,LI29,3,22.0
plant_height,2023,M2,LI29,3,158.0
head_diameter,2023,M2,LI29,3,18.0
plant_height,2023,M2,LI29,3,155.0
head_diameter,2023,M2,LI29,3,19.0
plant_height,2023,M2,LI29,3,144.0
head_diameter,2023,M2,LI29,3,14.0
plant_height,2023,M2,LI29,3,145.0
head_diameter,2023,M2,LI29,3,18.0
plant_height,2023,M2,LI29,3,146.0
head_diameter,2023,M2,LI29,3,20.0
plant_height,2023,M2,LI29,3,150.0
head_diameter,2023,M2,LI29,3,17.0
plant_height,2023,M2,LI29,3,150.0
head_diameter,2023,M2,LI29,3,19.0
plant_height,2023,M2,LI29,3,145.0
head_diameter,2023,M2,LI29,3,17.0
plant_height,2023,M2,LI29,3,147.0
head_diameter,2023,M2,LI29,3,17.0
plant_height,2023,M2,LI29,3,147.0
head_diameter,2023,M2,LI29,3,17.0
plant_height,2023,M2,LI30,1,170.0
head_diameter,2023,M2,LI30,1,20.0
plant_height,2023,M2,LI30,1,167.0
head_diameter,2023,M2,LI30,1,19.0
plant_height,2023,M2,LI30,1,169.0
head_diameter,2023,M2,LI30,1,20.0
plant_height,2023,M2,LI30,1,178.0
head_diameter,2023,M2,LI30,1,17.5
plant_height,2023,M2,LI30,1,184.0
head_diameter,2023,M2,LI30,1,19.0
plant_height,2023,M2,LI30,1,178.0
head_diameter,2023,M2,LI30,1,16.0
plant_height,2023,M2,LI30,1,176.0
head_diameter,2023,M2,LI30,1,19.0
plant_height,2023,M2,LI30,1,180.0
head_diameter,2023,M2,LI30,1,19.0
plant_height,2023,M2,LI30,1,175.0
head_diameter,2023,M2,LI30,1,18.0
plant_height,2023,M2,LI30,1,184.0
head_diameter,2023,M2,LI30,1,22.0
plant_height,2023,M2,LI30,1,184.0
head_diameter,2023,M2,LI30,1,19.0
plant_height,2023,M2,LI30,1,180.0
head_diameter,2023,M2,LI30,1,23.0
plant_height,2023,M2,LI30,1,191.0
head_diameter,2023,M2,LI30,1,19.0
plant_height,2023,M2,LI30,1,175.0
head_diameter,2023,M2,LI30,1,19.0
plant_height,2023,M2,LI30,1,188.0
head_diameter,2023,M2,LI30,1,18.0
plant_height,2023,M2,LI30,2,147.0
head_diameter,2023,M2,LI30,2,18.0
plant_height,2023,M2,LI30,2,140.0
head_diameter,2023,M2,LI30,2,15.0
plant_height,2023,M2,LI30,2,146.0
head_diameter,2023,M2,LI30,2,18.0
plant_height,2023,M2,LI30,2,146.0
head_diameter,2023,M2,LI30,2,15.0
plant_height,2023,M2,LI30,2,156.0
head_diameter,2023,M2,LI30,2,19.0
plant_height,2023,M2,LI30,2,154.0
head_diameter,2023,M2,LI30,2,14.0
plant_height,2023,M2,LI30,2,154.0
head_diameter,2023,M2,LI30,2,17.0
plant_height,2023,M2,LI30,2,144.0
head_diameter,2023,M2,LI30,2,15.0
plant_height,2023,M2,LI30,2,147.0
head_diameter,2023,M2,LI30,2,15.0
plant_height,2023,M2,LI30,2,145.0
head_diameter,2023,M2,LI30,2,16.0
plant_height,2023,M2,LI30,2,135.0
head_diameter,2023,M2,LI30,2,15.0
plant_height,2023,M2,LI30,2,145.0
head_diameter,2023,M2,LI30,2,14.0
plant_height,2023,M2,LI30,2,139.0
head_diameter,2023,M2,LI30,2,13.0
plant_height,2023,M2,LI30,2,136.0
head_diameter,2023,M2,LI30,2,12.0
plant_height,2023,M2,LI30,2,137.0
head_diameter,2023,M2,LI30,2,12.0
plant_height,2023,M2,LI30,3,149.0
head_diameter,2023,M2,LI30,3,20.0
plant_height,2023,M2,LI30,3,168.0
head_diameter,2023,M2,LI30,3,24.0
plant_height,2023,M2,LI30,3,164.0
head_diameter,2023,M2,LI30,3,21.0
plant_height,2023,M2,LI30,3,144.0
head_diameter,2023,M2,LI30,3,14.0
plant_height,2023,M2,LI30,3,166.0
head_diameter,2023,M2,LI30,3,18.0
plant_height,2023,M2,LI30,3,175.0
head_diameter,2023,M2,LI30,3,18.0
plant_height,2023,M2,LI30,3,165.0
head_diameter,2023,M2,LI30,3,18.0
plant_height,2023,M2,LI30,3,163.0
head_diameter,2023,M2,LI30,3,14.0
plant_height,2023,M2,LI30,3,169.0
head_diameter,2023,M2,LI30,3,21.0
plant_height,2023,M2,LI30,3,169.0
head_diameter,2023,M2,LI30,3,22.0
plant_height,2023,M2,LI30,3,162.0
head_diameter,2023,M2,LI30,3,20.0
plant_height,2023,M2,LI30,3,169.0
head_diameter,2023,M2,LI30,3,20.0
plant_height,2023,M2,LI30,3,157.0
head_diameter,2023,M2,LI30,3,15.0
plant_height,2023,M2,LI30,3,164.0
head_diameter,2023,M2,LI30,3,18.0
plant_height,2023,M2,LI30,3,157.0
head_diameter,2023,M2,LI30,3,19.0
plant_height,2023,M2,LI31,1,150.0
head_diameter,2023,M2,LI31,1,22.0
plant_height,2023,M2,LI31,1,155.0
head_diameter,2023,M2,LI31,1,19.0
plant_height,2023,M2,LI31,1,163.0
head_diameter,2023,M2,LI31,1,19.0
plant_height,2023,M2,LI31,1,163.0
head_diameter,2023,M2,LI31,1,20.0
plant_height,2023,M2,LI31,1,165.0
head_diameter,2023,M2,LI31,1,18.0
plant_height,2023,M2,LI31,1,163.0
head_diameter,2023,M2,LI31,1,22.0
plant_height,2023,M2,LI31,1,159.0
head_diameter,2023,M2,LI31,1,17.0
plant_height,2023,M2,LI31,1,169.0
head_diameter,2023,M2,LI31,1,17.0
plant_height,2023,M2,LI31,1,166.0
head_diameter,2023,M2,LI31,1,18.0
plant_height,2023,M2,LI31,1,163.0
head_diameter,2023,M2,LI31,1,19.0
plant_height,2023,M2,LI31,2,146.0
head_diameter,2023,M2,LI31,2,18.0
plant_height,2023,M2,LI31,2,146.0
head_diameter,2023,M2,LI31,2,16.0
plant_height,2023,M2,LI31,2,147.0
head_diameter,2023,M2,LI31,2,15.0
plant_height,2023,M2,LI31,2,143.0
head_diameter,2023,M2,LI31,2,17.0
plant_height,2023,M2,LI31,2,155.0
head_diameter,2023,M2,LI31,2,16.0
plant_height,2023,M2,LI31,2,148.0
head_diameter,2023,M2,LI31,2,19.0
plant_height,2023,M2,LI31,2,149.0
head_diameter,2023,M2,LI31,2,17.0
plant_height,2023,M2,LI31,2,138.0
head_diameter,2023,M2,LI31,2,14.0
plant_height,2023,M2,LI31,2,141.0
head_diameter,2023,M2,LI31,2,13.0
plant_height,2023,M2,LI31,2,139.0
head_diameter,2023,M2,LI31,2,17.0
plant_height,2023,M2,LI31,3,153.0
head_diameter,2023,M2,LI31,3,17.0
plant_height,2023,M2,LI31,3,141.0
head_diameter,2023,M2,LI31,3,12.0
plant_height,2023,M2,LI31,3,153.0
head_diameter,2023,M2,LI31,3,17.0
plant_height,2023,M2,LI31,3,152.0
head_diameter,2023,M2,LI31,3,21.0
plant_height,2023,M2,LI31,3,158.0
head_diameter,2023,M2,LI31,3,14.0
plant_height,2023,M2,LI31,3,139.0
head_diameter,2023,M2,LI31,3,15.0
plant_height,2023,M2,LI31,3,158.0
head_diameter,2023,M2,LI31,3,19.0
plant_height,2023,M2,LI31,3,168.0
head_diameter,2023,M2,LI31,3,20.0
plant_height,2023,M2,LI31,3,145.0
head_diameter,2023,M2,LI31,3,12.0
plant_height,2023,M2,LI31,3,155.0
head_diameter,2023,M2,LI31,3,16.0
plant_height,2023,M2,LI32,1,164.0
head_diameter,2023,M2,LI32,1,21.0
plant_height,2023,M2,LI32,1,160.0
head_diameter,2023,M2,LI32,1,18.0
plant_height,2023,M2,LI32,1,158.0
head_diameter,2023,M2,LI32,1,18.0
plant_height,2023,M2,LI32,1,159.0
head_diameter,2023,M2,LI32,1,20.0
plant_height,2023,M2,LI32,1,168.0
head_diameter,2023,M2,LI32,1,20.0
plant_height,2023,M2,LI32,1,166.0
head_diameter,2023,M2,LI32,1,17.0
plant_height,2023,M2,LI32,1,160.0
head_diameter,2023,M2,LI32,1,21.0
plant_height,2023,M2,LI32,1,154.0
head_diameter,2023,M2,LI32,1,19.0
plant_height,2023,M2,LI32,1,162.0
head_diameter,2023,M2,LI32,1,19.0
plant_height,2023,M2,LI32,1,150.0
head_diameter,2023,M2,LI32,1,16.0
plant_height,2023,M2,LI32,1,158.0
head_diameter,2023,M2,LI32,1,19.0
plant_height,2023,M2,LI32,1,157.0
head_diameter,2023,M2,LI32,1,18.0
plant_height,2023,M2,LI32,1,163.0
head_diameter,2023,M2,LI32,1,18.0
plant_height,2023,M2,LI32,1,156.0
head_diameter,2023,M2,LI32,1,18.0
plant_height,2023,M2,LI32,1,157.0
head_diameter,2023,M2,LI32,1,20.0
plant_height,2023,M2,LI32,2,144.0
head_diameter,2023,M2,LI32,2,15.0
plant_height,2023,M2,LI32,2,147.0
head_diameter,2023,M2,LI32,2,18.0
plant_height,2023,M2,LI32,2,148.0
head_diameter,2023,M2,LI32,2,19.0
plant_height,2023,M2,LI32,2,140.0
head_diameter,2023,M2,LI32,2,17.0
plant_height,2023,M2,LI32,2,140.0
head_diameter,2023,M2,LI32,2,13.0
plant_height,2023,M2,LI32,2,146.0
head_diameter,2023,M2,LI32,2,17.0
plant_height,2023,M2,LI32,2,153.0
head_diameter,2023,M2,LI32,2,17.0
plant_height,2023,M2,LI32,2,154.0
head_diameter,2023,M2,LI32,2,18.0
plant_height,2023,M2,LI32,2,154.0
head_diameter,2023,M2,LI32,2,20.0
plant_height,2023,M2,LI32,2,150.0
head_diameter,2023,M2,LI32,2,18.0
plant_height,2023,M2,LI32,2,152.0
head_diameter,2023,M2,LI32,2,18.0
plant_height,2023,M2,LI32,2,159.0
head_diameter,2023,M2,LI32,2,20.0
plant_height,2023,M2,LI32,2,149.0
head_diameter,2023,M2,LI32,2,17.0
plant_height,2023,M2,LI32,2,147.0
head_diameter,2023,M2,LI32,2,16.0
plant_height,2023,M2,LI32,2,156.0
head_diameter,2023,M2,LI32,2,20.0
plant_height,2023,M2,LI32,3,138.0
head_diameter,2023,M2,LI32,3,18.0
plant_height,2023,M2,LI32,3,153.0
head_diameter,2023,M2,LI32,3,17.0
plant_height,2023,M2,LI32,3,149.0
head_diameter,2023,M2,LI32,3,19.0
plant_height,2023,M2,LI32,3,150.0
head_diameter,2023,M2,LI32,3,18.0
plant_height,2023,M2,LI32,3,150.0
head_diameter,2023,M2,LI32,3,23.0
plant_height,2023,M2,LI32,3,150.0
head_diameter,2023,M2,LI32,3,20.0
plant_height,2023,M2,LI32,3,157.0
head_diameter,2023,M2,LI32,3,18.0
plant_height,2023,M2,LI32,3,162.0
head_diameter,2023,M2,LI32,3,17.0
plant_height,2023,M2,LI32,3,156.0
head_diameter,2023,M2,LI32,3,21.0
plant_height,2023,M2,LI32,3,160.0
head_diameter,2023,M2,LI32,3,16.0
plant_height,2023,M2,LI32,3,145.0
head_diameter,2023,M2,LI32,3,18.0
plant_height,2023,M2,LI32,3,153.0
head_diameter,2023,M2,LI32,3,21.0
plant_height,2023,M2,LI32,3,145.0
head_diameter,2023,M2,LI32,3,21.0
plant_height,2023,M2,LI32,3,164.0
head_diameter,2023,M2,LI32,3,17.0
plant_height,2023,M2,LI32,3,153.0
head_diameter,2023,M2,LI32,3,18.0
plant_height,2023,M2,LI33,1,157.0
head_diameter,2023,M2,LI33,1,17.0
plant_height,2023,M2,LI33,1,156.0
head_diameter,2023,M2,LI33,1,17.0
plant_height,2023,M2,LI33,1,141.0
head_diameter,2023,M2,LI33,1,17.0
plant_height,2023,M2,LI33,1,147.0
head_diameter,2023,M2,LI33,1,15.0
plant_height,2023,M2,LI33,1,156.0
head_diameter,2023,M2,LI33,1,17.0
plant_height,2023,M2,LI33,1,152.0
head_diameter,2023,M2,LI33,1,15.0
plant_height,2023,M2,LI33,1,163.0
head_diameter,2023,M2,LI33,1,18.0
plant_height,2023,M2,LI33,1,156.0
head_diameter,2023,M2,LI33,1,16.0
plant_height,2023,M2,LI33,1,156.0
head_diameter,2023,M2,LI33,1,18.0
plant_height,2023,M2,LI33,1,161.0
head_diameter,2023,M2,LI33,1,17.0
plant_height,2023,M2,LI33,2,143.0
head_diameter,2023,M2,LI33,2,20.0
plant_height,2023,M2,LI33,2,135.0
head_diameter,2023,M2,LI33,2,18.0
plant_height,2023,M2,LI33,2,134.0
head_diameter,2023,M2,LI33,2,16.0
plant_height,2023,M2,LI33,2,144.0
head_diameter,2023,M2,LI33,2,16.0
plant_height,2023,M2,LI33,2,144.0
head_diameter,2023,M2,LI33,2,17.0
plant_height,2023,M2,LI33,2,140.0
head_diameter,2023,M2,LI33,2,17.0
plant_height,2023,M2,LI33,2,143.0
head_diameter,2023,M2,LI33,2,15.0
plant_height,2023,M2,LI33,2,144.0
head_diameter,2023,M2,LI33,2,16.0
plant_height,2023,M2,LI33,2,140.0
head_diameter,2023,M2,LI33,2,19.0
plant_height,2023,M2,LI33,2,132.0
head_diameter,2023,M2,LI33,2,16.0
plant_height,2023,M2,LI33,3,147.0
head_diameter,2023,M2,LI33,3,20.0
plant_height,2023,M2,LI33,3,157.0
head_diameter,2023,M2,LI33,3,21.0
plant_height,2023,M2,LI33,3,146.0
head_diameter,2023,M2,LI33,3,23.0
plant_height,2023,M2,LI33,3,154.0
head_diameter,2023,M2,LI33,3,22.0
plant_height,2023,M2,LI33,3,154.0
head_diameter,2023,M2,LI33,3,18.0
plant_height,2023,M2,LI33,3,158.0
head_diameter,2023,M2,LI33,3,17.0
plant_height,2023,M2,LI33,3,149.0
head_diameter,2023,M2,LI33,3,19.0
plant_height,2023,M2,LI33,3,143.0
head_diameter,2023,M2,LI33,3,21.0
plant_height,2023,M2,LI33,3,145.0
head_diameter,2023,M2,LI33,3,19.0
plant_height,2023,M2,LI33,3,157.0
head_diameter,2023,M2,LI33,3,19.0
plant_height,2023,M2,LI34,1,158.0
head_diameter,2023,M2,LI34,1,16.0
plant_height,2023,M2,LI34,1,159.0
head_diameter,2023,M2,LI34,1,15.0
plant_height,2023,M2,LI34,1,162.0
head_diameter,2023,M2,LI34,1,14.0
plant_height,2023,M2,LI34,1,151.0
head_diameter,2023,M2,LI34,1,17.0
plant_height,2023,M2,LI34,1,148.0
head_diameter,2023,M2,LI34,1,14.0
plant_height,2023,M2,LI34,1,143.0
head_diameter,2023,M2,LI34,1,14.0
plant_height,2023,M2,LI34,1,162.0
head_diameter,2023,M2,LI34,1,18.0
plant_height,2023,M2,LI34,1,166.0
head_diameter,2023,M2,LI34,1,19.0
plant_height,2023,M2,LI34,1,161.0
head_diameter,2023,M2,LI34,1,18.0
plant_height,2023,M2,LI34,1,164.0
head_diameter,2023,M2,LI34,1,14.0
plant_height,2023,M2,LI34,2,140.0
head_diameter,2023,M2,LI34,2,18.0
plant_height,2023,M2,LI34,2,147.0
head_diameter,2023,M2,LI34,2,17.0
plant_height,2023,M2,LI34,2,141.0
head_diameter,2023,M2,LI34,2,17.0
plant_height,2023,M2,LI34,2,149.0
head_diameter,2023,M2,LI34,2,17.0
plant_height,2023,M2,LI34,2,149.0
head_diameter,2023,M2,LI34,2,17.0
plant_height,2023,M2,LI34,2,145.0
head_diameter,2023,M2,LI34,2,13.0
plant_height,2023,M2,LI34,2,156.0
head_diameter,2023,M2,LI34,2,20.0
plant_height,2023,M2,LI34,2,143.0
head_diameter,2023,M2,LI34,2,16.0
plant_height,2023,M2,LI34,2,147.0
head_diameter,2023,M2,LI34,2,19.0
plant_height,2023,M2,LI34,2,144.0
head_diameter,2023,M2,LI34,2,15.0
plant_height,2023,M2,LI34,3,160.0
head_diameter,2023,M2,LI34,3,18.0
plant_height,2023,M2,LI34,3,172.0
head_diameter,2023,M2,LI34,3,19.0
plant_height,2023,M2,LI34,3,166.0
head_diameter,2023,M2,LI34,3,20.0
plant_height,2023,M2,LI34,3,159.0
head_diameter,2023,M2,LI34,3,23.0
plant_height,2023,M2,LI34,3,159.0
head_diameter,2023,M2,LI34,3,21.0
plant_height,2023,M2,LI34,3,161.0
head_diameter,2023,M2,LI34,3,15.0
plant_height,2023,M2,LI34,3,166.0
head_diameter,2023,M2,LI34,3,18.0
plant_height,2023,M2,LI34,3,168.0
head_diameter,2023,M2,LI34,3,22.0
plant_height,2023,M2,LI34,3,158.0
head_diameter,2023,M2,LI34,3,20.0
plant_height,2023,M2,LI34,3,161.0
head_diameter,2023,M2,LI34,3,23.0
plant_height,2023,M2,LI35,1,145.0
head_diameter,2023,M2,LI35,1,24.0
plant_height,2023,M2,LI35,1,147.0
head_diameter,2023,M2,LI35,1,20.0
plant_height,2023,M2,LI35,1,142.0
head_diameter,2023,M2,LI35,1,20.0
plant_height,2023,M2,LI35,1,138.0
head_diameter,2023,M2,LI35,1,19.0
plant_height,2023,M2,LI35,1,158.0
head_diameter,2023,M2,LI35,1,19.0
plant_height,2023,M2,LI35,1,144.0
head_diameter,2023,M2,LI35,1,16.0
plant_height,2023,M2,LI35,1,155.0
head_diameter,2023,M2,LI35,1,19.0
plant_height,2023,M2,LI35,1,153.0
head_diameter,2023,M2,LI35,1,20.0
plant_height,2023,M2,LI35,1,161.0
head_diameter,2023,M2,LI35,1,21.0
plant_height,2023,M2,LI35,1,158.0
head_diameter,2023,M2,LI35,1,20.0
plant_height,2023,M2,LI35,2,139.0
head_diameter,2023,M2,LI35,2,17.0
plant_height,2023,M2,LI35,2,149.0
head_diameter,2023,M2,LI35,2,16.0
plant_height,2023,M2,LI35,2,139.0
head_diameter,2023,M2,LI35,2,19.0
plant_height,2023,M2,LI35,2,146.0
head_diameter,2023,M2,LI35,2,13.0
plant_height,2023,M2,LI35,2,150.0
head_diameter,2023,M2,LI35,2,18.0
plant_height,2023,M2,LI35,2,145.0
head_diameter,2023,M2,LI35,2,18.0
plant_height,2023,M2,LI35,2,135.0
head_diameter,2023,M2,LI35,2,15.0
plant_height,2023,M2,LI35,2,145.0
head_diameter,2023,M2,LI35,2,16.0
plant_height,2023,M2,LI35,2,133.0
head_diameter,2023,M2,LI35,2,15.0
plant_height,2023,M2,LI35,2,133.0
head_diameter,2023,M2,LI35,2,11.0
plant_height,2023,M2,LI35,3,155.0
head_diameter,2023,M2,LI35,3,19.0
plant_height,2023,M2,LI35,3,165.0
head_diameter,2023,M2,LI35,3,18.0
plant_height,2023,M2,LI35,3,154.0
head_diameter,2023,M2,LI35,3,16.0
plant_height,2023,M2,LI35,3,171.0
head_diameter,2023,M2,LI35,3,19.0
plant_height,2023,M2,LI35,3,170.0
head_diameter,2023,M2,LI35,3,21.0
plant_height,2023,M2,LI35,3,167.0
head_diameter,2023,M2,LI35,3,14.0
plant_height,2023,M2,LI35,3,150.0
head_diameter,2023,M2,LI35,3,19.0
plant_height,2023,M2,LI35,3,165.0
head_diameter,2023,M2,LI35,3,16.0
plant_height,2023,M2,LI35,3,169.0
head_diameter,2023,M2,LI35,3,19.0
plant_height,2023,M2,LI35,3,162.0
head_diameter,2023,M2,LI35,3,22.0
plant_height,2023,M2,LI36,1,138.0
head_diameter,2023,M2,LI36,1,16.0
plant_height,2023,M2,LI36,1,140.0
head_diameter,2023,M2,LI36,1,18.0
plant_height,2023,M2,LI36,1,137.0
head_diameter,2023,M2,LI36,1,16.0
plant_height,2023,M2,LI36,1,141.0
head_diameter,2023,M2,LI36,1,15.0
plant_height,2023,M2,LI36,1,134.0
head_diameter,2023,M2,LI36,1,16.0
plant_height,2023,M2,LI36,1,136.0
head_diameter,2023,M2,LI36,1,19.0
plant_height,2023,M2,LI36,1,143.0
head_diameter,2023,M2,LI36,1,18.0
plant_height,2023,M2,LI36,1,133.0
head_diameter,2023,M2,LI36,1,20.0
plant_height,2023,M2,LI36,1,123.0
head_diameter,2023,M2,LI36,1,15.0
plant_height,2023,M2,LI36,1,128.0
head_diameter,2023,M2,LI36,1,16.0
plant_height,2023,M2,LI36,2,146.0
head_diameter,2023,M2,LI36,2,17.0
plant_height,2023,M2,LI36,2,145.0
head_diameter,2023,M2,LI36,2,17.0
plant_height,2023,M2,LI36,2,147.0
head_diameter,2023,M2,LI36,2,18.0
plant_height,2023,M2,LI36,2,148.0
head_diameter,2023,M2,LI36,2,19.0
plant_height,2023,M2,LI36,2,141.0
head_diameter,2023,M2,LI36,2,15.0
plant_height,2023,M2,LI36,2,145.0
head_diameter,2023,M2,LI36,2,24.0
plant_height,2023,M2,LI36,2,141.0
head_diameter,2023,M2,LI36,2,15.0
plant_height,2023,M2,LI36,2,146.0
head_diameter,2023,M2,LI36,2,21.0
plant_height,2023,M2,LI36,2,148.0
head_diameter,2023,M2,LI36,2,18.0
plant_height,2023,M2,LI36,2,153.0
head_diameter,2023,M2,LI36,2,20.0
plant_height,2023,M2,LI36,3,145.0
head_diameter,2023,M2,LI36,3,14.0
plant_height,2023,M2,LI36,3,153.0
head_diameter,2023,M2,LI36,3,16.0
plant_height,2023,M2,LI36,3,146.0
head_diameter,2023,M2,LI36,3,22.0
plant_height,2023,M2,LI36,3,147.0
head_diameter,2023,M2,LI36,3,21.0
plant_height,2023,M2,LI36,3,161.0
head_diameter,2023,M2,LI36,3,21.0
plant_height,2023,M2,LI36,3,158.0
head_diameter,2023,M2,LI36,3,21.0
plant_height,2023,M2,LI36,3,162.0
head_diameter,2023,M2,LI36,3,19.0
plant_height,2023,M2,LI36,3,153.0
head_diameter,2023,M2,LI36,3,17.0
plant_height,2023,M2,LI36,3,153.0
head_diameter,2023,M2,LI36,3,19.0
plant_height,2023,M2,LI36,3,161.0
head_diameter,2023,M2,LI36,3,17.0
plant_height,2023,M2,LI37,1,140.0
head_diameter,2023,M2,LI37,1,17.0
plant_height,2023,M2,LI37,1,139.0
head_diameter,2023,M2,LI37,1,16.0
plant_height,2023,M2,LI37,1,144.0
head_diameter,2023,M2,LI37,1,18.0
plant_height,2023,M2,LI37,1,144.0
head_diameter,2023,M2,LI37,1,18.0
plant_height,2023,M2,LI37,1,146.0
head_diameter,2023,M2,LI37,1,18.0
plant_height,2023,M2,LI37,1,140.0
head_diameter,2023,M2,LI37,1,19.0
plant_height,2023,M2,LI37,1,138.0
head_diameter,2023,M2,LI37,1,18.0
plant_height,2023,M2,LI37,1,126.0
head_diameter,2023,M2,LI37,1,13.0
plant_height,2023,M2,LI37,1,128.0
head_diameter,2023,M2,LI37,1,17.0
plant_height,2023,M2,LI37,1,129.0
head_diameter,2023,M2,LI37,1,15.0
plant_height,2023,M2,LI37,2,142.0
head_diameter,2023,M2,LI37,2,20.0
plant_height,2023,M2,LI37,2,149.0
head_diameter,2023,M2,LI37,2,18.0
plant_height,2023,M2,LI37,2,140.0
head_diameter,2023,M2,LI37,2,15.0
plant_height,2023,M2,LI37,2,135.0
head_diameter,2023,M2,LI37,2,21.0
plant_height,2023,M2,LI37,2,145.0
head_diameter,2023,M2,LI37,2,21.0
plant_height,2023,M2,LI37,2,139.0
head_diameter,2023,M2,LI37,2,19.0
plant_height,2023,M2,LI37,2,152.0
head_diameter,2023,M2,LI37,2,20.0
plant_height,2023,M2,LI37,2,156.0
head_diameter,2023,M2,LI37,2,20.0
plant_height,2023,M2,LI37,2,153.0
head_diameter,2023,M2,LI37,2,16.0
plant_height,2023,M2,LI37,2,144.0
head_diameter,2023,M2,LI37,2,19.0
plant_height,2023,M2,LI37,3,157.0
head_diameter,2023,M2,LI37,3,15.0
plant_height,2023,M2,LI37,3,150.0
head_diameter,2023,M2,LI37,3,19.0
plant_height,2023,M2,LI37,3,158.0
head_diameter,2023,M2,LI37,3,19.0
plant_height,2023,M2,LI37,3,162.0
head_diameter,2023,M2,LI37,3,24.0
plant_height,2023,M2,LI37,3,156.0
head_diameter,2023,M2,LI37,3,13.0
plant_height,2023,M2,LI37,3,158.0
head_diameter,2023,M2,LI37,3,20.0
plant_height,2023,M2,LI37,3,161.0
head_diameter,2023,M2,LI37,3,19.0
plant_height,2023,M2,LI37,3,161.0
head_diameter,2023,M2,LI37,3,16.0
plant_height,2023,M2,LI37,3,164.0
head_diameter,2023,M2,LI37,3,19.0
plant_height,2023,M2,LI37,3,166.0
head_diameter,2023,M2,LI37,3,18.0
plant_height,2023,M2,LI38,1,138.0
head_diameter,2023,M2,LI38,1,17.0
plant_height,2023,M2,LI38,1,137.0
head_diameter,2023,M2,LI38,1,22.0
plant_height,2023,M2,LI38,1,106.0
head_diameter,2023,M2,LI38,1,16.0
plant_height,2023,M2,LI38,1,120.0
head_diameter,2023,M2,LI38,1,13.0
plant_height,2023,M2,LI38,1,137.0
head_diameter,2023,M2,LI38,1,15.0
plant_height,2023,M2,LI38,1,136.0
head_diameter,2023,M2,LI38,1,13.0
plant_height,2023,M2,LI38,1,146.0
head_diameter,2023,M2,LI38,1,18.0
plant_height,2023,M2,LI38,1,137.0
head_diameter,2023,M2,LI38,1,16.0
plant_height,2023,M2,LI38,1,130.0
head_diameter,2023,M2,LI38,1,20.0
plant_height,2023,M2,LI38,1,136.0
head_diameter,2023,M2,LI38,1,18.0
plant_height,2023,M2,LI38,2,146.0
head_diameter,2023,M2,LI38,2,15.0
plant_height,2023,M2,LI38,2,155.0
head_diameter,2023,M2,LI38,2,19.0
plant_height,2023,M2,LI38,2,154.0
head_diameter,2023,M2,LI38,2,15.0
plant_height,2023,M2,LI38,2,155.0
head_diameter,2023,M2,LI38,2,18.0
plant_height,2023,M2,LI38,2,143.0
head_diameter,2023,M2,LI38,2,16.0
plant_height,2023,M2,LI38,2,144.0
head_diameter,2023,M2,LI38,2,17.0
plant_height,2023,M2,LI38,2,142.0
head_diameter,2023,M2,LI38,2,18.0
plant_height,2023,M2,LI38,2,144.0
head_diameter,2023,M2,LI38,2,16.0
plant_height,2023,M2,LI38,2,139.0
head_diameter,2023,M2,LI38,2,15.0
plant_height,2023,M2,LI38,2,138.0
head_diameter,2023,M2,LI38,2,21.0
plant_height,2023,M2,LI38,3,140.0
head_diameter,2023,M2,LI38,3,18.0
plant_height,2023,M2,LI38,3,167.0
head_diameter,2023,M2,LI38,3,17.0
plant_height,2023,M2,LI38,3,148.0
head_diameter,2023,M2,LI38,3,18.0
plant_height,2023,M2,LI38,3,158.0
head_diameter,2023,M2,LI38,3,20.0
plant_height,2023,M2,LI38,3,167.0
head_diameter,2023,M2,LI38,3,20.0
plant_height,2023,M2,LI38,3,163.0
head_diameter,2023,M2,LI38,3,15.0
plant_height,2023,M2,LI38,3,164.0
head_diameter,2023,M2,LI38,3,13.5
plant_height,2023,M2,LI38,3,149.0
head_diameter,2023,M2,LI38,3,13.5
plant_height,2023,M2,LI38,3,162.0
head_diameter,2023,M2,LI38,3,15.0
plant_height,2023,M2,LI38,3,166.0
head_diameter,2023,M2,LI38,3,16.0
plant_height,2023,M2,LI39,1,122.0
head_diameter,2023,M2,LI39,1,16.0
plant_height,2023,M2,LI39,1,125.0
head_diameter,2023,M2,LI39,1,15.0
plant_height,2023,M2,LI39,1,124.0
head_diameter,2023,M2,LI39,1,17.0
plant_height,2023,M2,LI39,1,135.0
head_diameter,2023,M2,LI39,1,18.0
plant_height,2023,M2,LI39,1,138.0
head_diameter,2023,M2,LI39,1,20.0
plant_height,2023,M2,LI39,1,144.0
head_diameter,2023,M2,LI39,1,18.0
plant_height,2023,M2,LI39,1,147.0
head_diameter,2023,M2,LI39,1,21.0
plant_height,2023,M2,LI39,1,135.0
head_diameter,2023,M2,LI39,1,21.0
plant_height,2023,M2,LI39,1,132.0
head_diameter,2023,M2,LI39,1,16.0
plant_height,2023,M2,LI39,1,124.0
head_diameter,2023,M2,LI39,1,15.0
plant_height,2023,M2,LI39,2,134.0
head_diameter,2023,M2,LI39,2,18.0
plant_height,2023,M2,LI39,2,127.0
head_diameter,2023,M2,LI39,2,14.0
plant_height,2023,M2,LI39,2,143.0
head_diameter,2023,M2,LI39,2,18.0
plant_height,2023,M2,LI39,2,137.0
head_diameter,2023,M2,LI39,2,16.0
plant_height,2023,M2,LI39,2,135.0
head_diameter,2023,M2,LI39,2,13.0
plant_height,2023,M2,LI39,2,140.0
head_diameter,2023,M2,LI39,2,15.0
plant_height,2023,M2,LI39,2,135.0
head_diameter,2023,M2,LI39,2,16.0
plant_height,2023,M2,LI39,2,143.0
head_diameter,2023,M2,LI39,2,20.0
plant_height,2023,M2,LI39,2,152.0
head_diameter,2023,M2,LI39,2,16.0
plant_height,2023,M2,LI39,2,146.0
head_diameter,2023,M2,LI39,2,17.0
plant_height,2023,M2,LI39,3,154.0
head_diameter,2023,M2,LI39,3,21.0
plant_height,2023,M2,LI39,3,150.0
head_diameter,2023,M2,LI39,3,20.0
plant_height,2023,M2,LI39,3,154.0
head_diameter,2023,M2,LI39,3,16.0
plant_height,2023,M2,LI39,3,157.0
head_diameter,2023,M2,LI39,3,17.0
plant_height,2023,M2,LI39,3,159.0
head_diameter,2023,M2,LI39,3,17.0
plant_height,2023,M2,LI39,3,170.0
head_diameter,2023,M2,LI39,3,16.0
plant_height,2023,M2,LI39,3,154.0
head_diameter,2023,M2,LI39,3,14.0
plant_height,2023,M2,LI39,3,159.0
head_diameter,2023,M2,LI39,3,19.0
plant_height,2023,M2,LI39,3,150.0
head_diameter,2023,M2,LI39,3,18.0
plant_height,2023,M2,LI39,3,156.0
head_diameter,2023,M2,LI39,3,18.0
plant_height,2023,M2,LI40,1,130.0
head_diameter,2023,M2,LI40,1,22.0
plant_height,2023,M2,LI40,1,132.0
head_diameter,2023,M2,LI40,1,22.0
plant_height,2023,M2,LI40,1,140.0
head_diameter,2023,M2,LI40,1,21.0
plant_height,2023,M2,LI40,1,141.0
head_diameter,2023,M2,LI40,1,19.0
plant_height,2023,M2,LI40,1,142.0
head_diameter,2023,M2,LI40,1,14.0
plant_height,2023,M2,LI40,1,142.0
head_diameter,2023,M2,LI40,1,18.0
plant_height,2023,M2,LI40,1,136.0
head_diameter,2023,M2,LI40,1,20.0
plant_height,2023,M2,LI40,1,130.0
head_diameter,2023,M2,LI40,1,19.0
plant_height,2023,M2,LI40,1,126.0
head_diameter,2023,M2,LI40,1,20.0
plant_height,2023,M2,LI40,1,123.0
head_diameter,2023,M2,LI40,1,15.0
plant_height,2023,M2,LI40,2,133.0
head_diameter,2023,M2,LI40,2,17.0
plant_height,2023,M2,LI40,2,137.0
head_diameter,2023,M2,LI40,2,16.0
plant_height,2023,M2,LI40,2,137.0
head_diameter,2023,M2,LI40,2,19.0
plant_height,2023,M2,LI40,2,134.0
head_diameter,2023,M2,LI40,2,16.0
plant_height,2023,M2,LI40,2,129.0
head_diameter,2023,M2,LI40,2,19.0
plant_height,2023,M2,LI40,2,139.0
head_diameter,2023,M2,LI40,2,16.0
plant_height,2023,M2,LI40,2,136.0
head_diameter,2023,M2,LI40,2,19.0
plant_height,2023,M2,LI40,2,136.0
head_diameter,2023,M2,LI40,2,19.0
plant_height,2023,M2,LI40,2,146.0
head_diameter,2023,M2,LI40,2,16.0
plant_height,2023,M2,LI40,2,145.0
head_diameter,2023,M2,LI40,2,14.0
plant_height,2023,M2,LI40,3,151.0
head_diameter,2023,M2,LI40,3,17.0
plant_height,2023,M2,LI40,3,148.0
head_diameter,2023,M2,LI40,3,16.0
plant_height,2023,M2,LI40,3,150.0
head_diameter,2023,M2,LI40,3,19.0
plant_height,2023,M2,LI40,3,151.0
head_diameter,2023,M2,LI40,3,16.0
plant_height,2023,M2,LI40,3,154.0
head_diameter,2023,M2,LI40,3,16.0
plant_height,2023,M2,LI40,3,149.0
head_diameter,2023,M2,LI40,3,18.0
plant_height,2023,M2,LI40,3,160.0
head_diameter,2023,M2,LI40,3,16.0
plant_height,2023,M2,LI40,3,157.0
head_diameter,2023,M2,LI40,3,19.5
plant_height,2023,M2,LI40,3,163.0
head_diameter,2023,M2,LI40,3,15.0
plant_height,2023,M2,LI40,3,155.0
head_diameter,2023,M2,LI40,3,19.0
plant_height,2023,M2,LI41,1,145.0
head_diameter,2023,M2,LI41,1,14.0
plant_height,2023,M2,LI41,1,149.0
head_diameter,2023,M2,LI41,1,19.0
plant_height,2023,M2,LI41,1,146.0
head_diameter,2023,M2,LI41,1,16.0
plant_height,2023,M2,LI41,1,143.0
head_diameter,2023,M2,LI41,1,17.0
plant_height,2023,M2,LI41,1,130.0
head_diameter,2023,M2,LI41,1,14.0
plant_height,2023,M2,LI41,1,132.0
head_diameter,2023,M2,LI41,1,15.0
plant_height,2023,M2,LI41,1,129.0
head_diameter,2023,M2,LI41,1,15.0
plant_height,2023,M2,LI41,1,135.0
head_diameter,2023,M2,LI41,1,14.0
plant_height,2023,M2,LI41,1,130.0
head_diameter,2023,M2,LI41,1,18.0
plant_height,2023,M2,LI41,1,131.0
head_diameter,2023,M2,LI41,1,13.0
plant_height,2023,M2,LI41,2,129.0
head_diameter,2023,M2,LI41,2,12.0
plant_height,2023,M2,LI41,2,136.0
head_diameter,2023,M2,LI41,2,14.0
plant_height,2023,M2,LI41,2,132.0
head_diameter,2023,M2,LI41,2,15.0
plant_height,2023,M2,LI41,2,133.0
head_diameter,2023,M2,LI41,2,20.0
plant_height,2023,M2,LI41,2,130.0
head_diameter,2023,M2,LI41,2,17.0
plant_height,2023,M2,LI41,2,157.0
head_diameter,2023,M2,LI41,2,15.0
plant_height,2023,M2,LI41,2,147.0
head_diameter,2023,M2,LI41,2,15.0
plant_height,2023,M2,LI41,2,149.0
head_diameter,2023,M2,LI41,2,16.0
plant_height,2023,M2,LI41,2,145.0
head_diameter,2023,M2,LI41,2,18.0
plant_height,2023,M2,LI41,2,148.0
head_diameter,2023,M2,LI41,2,18.0
plant_height,2023,M2,LI41,3,153.0
head_diameter,2023,M2,LI41,3,20.0
plant_height,2023,M2,LI41,3,160.0
head_diameter,2023,M2,LI41,3,15.0
plant_height,2023,M2,LI41,3,161.0
head_diameter,2023,M2,LI41,3,14.0
plant_height,2023,M2,LI41,3,154.0
head_diameter,2023,M2,LI41,3,18.0
plant_height,2023,M2,LI41,3,159.0
head_diameter,2023,M2,LI41,3,16.0
plant_height,2023,M2,LI41,3,160.0
head_diameter,2023,M2,LI41,3,17.0
plant_height,2023,M2,LI41,3,161.0
head_diameter,2023,M2,LI41,3,18.0
plant_height,2023,M2,LI41,3,165.0
head_diameter,2023,M2,LI41,3,13.0
plant_height,2023,M2,LI41,3,160.0
head_diameter,2023,M2,LI41,3,17.0
plant_height,2023,M2,LI41,3,164.0
head_diameter,2023,M2,LI41,3,19.0
plant_height,2023,M2,LI42,1,140.0
head_diameter,2023,M2,LI42,1,17.0
plant_height,2023,M2,LI42,1,134.0
head_diameter,2023,M2,LI42,1,18.0
plant_height,2023,M2,LI42,1,129.0
head_diameter,2023,M2,LI42,1,17.0
plant_height,2023,M2,LI42,1,119.0
head_diameter,2023,M2,LI42,1,18.0
plant_height,2023,M2,LI42,1,128.0
head_diameter,2023,M2,LI42,1,13.0
plant_height,2023,M2,LI42,1,126.0
head_diameter,2023,M2,LI42,1,16.0
plant_height,2023,M2,LI42,1,133.0
head_diameter,2023,M2,LI42,1,13.0
plant_height,2023,M2,LI42,1,131.0
head_diameter,2023,M2,LI42,1,14.0
plant_height,2023,M2,LI42,1,130.0
head_diameter,2023,M2,LI42,1,14.0
plant_height,2023,M2,LI42,1,137.0
head_diameter,2023,M2,LI42,1,15.0
plant_height,2023,M2,LI42,2,167.0
head_diameter,2023,M2,LI42,2,20.0
plant_height,2023,M2,LI42,2,168.0
head_diameter,2023,M2,LI42,2,17.0
plant_height,2023,M2,LI42,2,165.0
head_diameter,2023,M2,LI42,2,16.0
plant_height,2023,M2,LI42,2,167.0
head_diameter,2023,M2,LI42,2,20.0
plant_height,2023,M2,LI42,2,153.0
head_diameter,2023,M2,LI42,2,16.0
plant_height,2023,M2,LI42,2,152.0
head_diameter,2023,M2,LI42,2,18.0
plant_height,2023,M2,LI42,2,152.0
head_diameter,2023,M2,LI42,2,18.0
plant_height,2023,M2,LI42,2,140.0
head_diameter,2023,M2,LI42,2,16.0
plant_height,2023,M2,LI42,2,142.0
head_diameter,2023,M2,LI42,2,19.0
plant_height,2023,M2,LI42,2,153.0
head_diameter,2023,M2,LI42,2,20.0
plant_height,2023,M2,LI42,3,149.0
head_diameter,2023,M2,LI42,3,20.0
plant_height,2023,M2,LI42,3,151.0
head_diameter,2023,M2,LI42,3,26.0
plant_height,2023,M2,LI42,3,160.0
head_diameter,2023,M2,LI42,3,19.5
plant_height,2023,M2,LI42,3,166.0
head_diameter,2023,M2,LI42,3,20.0
plant_height,2023,M2,LI42,3,169.0
head_diameter,2023,M2,LI42,3,19.0
plant_height,2023,M2,LI42,3,179.0
head_diameter,2023,M2,LI42,3,20.0
plant_height,2023,M2,LI42,3,164.0
head_diameter,2023,M2,LI42,3,19.0
plant_height,2023,M2,LI42,3,151.0
head_diameter,2023,M2,LI42,3,16.0
plant_height,2023,M2,LI42,3,158.0
head_diameter,2023,M2,LI42,3,21.0
plant_height,2023,M2,LI42,3,171.0
head_diameter,2023,M2,LI42,3,21.0
plant_height,2023,M2,LI43,1,146.0
head_diameter,2023,M2,LI43,1,16.0
plant_height,2023,M2,LI43,1,129.0
head_diameter,2023,M2,LI43,1,15.0
plant_height,2023,M2,LI43,1,136.0
head_diameter,2023,M2,LI43,1,15.0
plant_height,2023,M2,LI43,1,145.0
head_diameter,2023,M2,LI43,1,17.0
plant_height,2023,M2,LI43,1,139.0
head_diameter,2023,M2,LI43,1,13.0
plant_height,2023,M2,LI43,1,137.0
head_diameter,2023,M2,LI43,1,13.0
plant_height,2023,M2,LI43,1,123.0
head_diameter,2023,M2,LI43,1,17.0
plant_height,2023,M2,LI43,1,132.0
head_diameter,2023,M2,LI43,1,16.0
plant_height,2023,M2,LI43,1,149.0
head_diameter,2023,M2,LI43,1,16.0
plant_height,2023,M2,LI43,1,151.0
head_diameter,2023,M2,LI43,1,18.0
plant_height,2023,M2,LI43,2,151.0
head_diameter,2023,M2,LI43,2,16.0
plant_height,2023,M2,LI43,2,165.0
head_diameter,2023,M2,LI43,2,17.0
plant_height,2023,M2,LI43,2,150.0
head_diameter,2023,M2,LI43,2,21.0
plant_height,2023,M2,LI43,2,162.0
head_diameter,2023,M2,LI43,2,17.0
plant_height,2023,M2,LI43,2,169.0
head_diameter,2023,M2,LI43,2,15.0
plant_height,2023,M2,LI43,2,151.0
head_diameter,2023,M2,LI43,2,19.0
plant_height,2023,M2,LI43,2,153.0
head_diameter,2023,M2,LI43,2,17.0
plant_height,2023,M2,LI43,2,150.0
head_diameter,2023,M2,LI43,2,18.0
plant_height,2023,M2,LI43,2,152.0
head_diameter,2023,M2,LI43,2,18.0
plant_height,2023,M2,LI43,2,151.0
head_diameter,2023,M2,LI43,2,16.0
plant_height,2023,M2,LI43,3,155.0
head_diameter,2023,M2,LI43,3,11.0
plant_height,2023,M2,LI43,3,162.0
head_diameter,2023,M2,LI43,3,20.0
plant_height,2023,M2,LI43,3,166.0
head_diameter,2023,M2,LI43,3,13.0
plant_height,2023,M2,LI43,3,168.0
head_diameter,2023,M2,LI43,3,16.0
plant_height,2023,M2,LI43,3,160.0
head_diameter,2023,M2,LI43,3,16.0
plant_height,2023,M2,LI43,3,163.0
head_diameter,2023,M2,LI43,3,19.0
plant_height,2023,M2,LI43,3,164.0
head_diameter,2023,M2,LI43,3,18.0
plant_height,2023,M2,LI43,3,165.0
head_diameter,2023,M2,LI43,3,17.0
plant_height,2023,M2,LI43,3,159.0
head_diameter,2023,M2,LI43,3,20.0
plant_height,2023,M2,LI43,3,160.0
head_diameter,2023,M2,LI43,3,23.0
plant_height,2023,M2,LI44,1,158.0
head_diameter,2023,M2,LI44,1,14.0
plant_height,2023,M2,LI44,1,160.0
head_diameter,2023,M2,LI44,1,18.0
plant_height,2023,M2,LI44,1,157.0
head_diameter,2023,M2,LI44,1,15.0
plant_height,2023,M2,LI44,1,149.0
head_diameter,2023,M2,LI44,1,15.0
plant_height,2023,M2,LI44,1,154.0
head_diameter,2023,M2,LI44,1,15.0
plant_height,2023,M2,LI44,1,147.0
head_diameter,2023,M2,LI44,1,13.0
plant_height,2023,M2,LI44,1,149.0
head_diameter,2023,M2,LI44,1,15.0
plant_height,2023,M2,LI44,1,156.0
head_diameter,2023,M2,LI44,1,13.0
plant_height,2023,M2,LI44,1,146.0
head_diameter,2023,M2,LI44,1,14.0
plant_height,2023,M2,LI44,1,159.0
head_diameter,2023,M2,LI44,1,17.0
plant_height,2023,M2,LI44,2,177.0
head_diameter,2023,M2,LI44,2,21.0
plant_height,2023,M2,LI44,2,175.0
head_diameter,2023,M2,LI44,2,18.0
plant_height,2023,M2,LI44,2,172.0
head_diameter,2023,M2,LI44,2,19.0
plant_height,2023,M2,LI44,2,166.0
head_diameter,2023,M2,LI44,2,17.0
plant_height,2023,M2,LI44,2,165.0
head_diameter,2023,M2,LI44,2,18.0
plant_height,2023,M2,LI44,2,169.0
head_diameter,2023,M2,LI44,2,17.0
plant_height,2023,M2,LI44,2,173.0
head_diameter,2023,M2,LI44,2,17.0
plant_height,2023,M2,LI44,2,174.0
head_diameter,2023,M2,LI44,2,17.0
plant_height,2023,M2,LI44,2,168.0
head_diameter,2023,M2,LI44,2,17.0
plant_height,2023,M2,LI44,2,168.0
head_diameter,2023,M2,LI44,2,13.0
plant_height,2023,M2,LI44,3,175.0
head_diameter,2023,M2,LI44,3,18.0
plant_height,2023,M2,LI44,3,188.0
head_diameter,2023,M2,LI44,3,23.0
plant_height,2023,M2,LI44,3,179.0
head_diameter,2023,M2,LI44,3,20.0
plant_height,2023,M2,LI44,3,178.0
head_diameter,2023,M2,LI44,3,24.0
plant_height,2023,M2,LI44,3,189.0
head_diameter,2023,M2,LI44,3,21.0
plant_height,2023,M2,LI44,3,180.0
head_diameter,2023,M2,LI44,3,23.0
plant_height,2023,M2,LI44,3,181.0
head_diameter,2023,M2,LI44,3,21.0
plant_height,2023,M2,LI44,3,182.0
head_diameter,2023,M2,LI44,3,18.0
plant_height,2023,M2,LI44,3,179.0
head_diameter,2023,M2,LI44,3,21.0
plant_height,2023,M2,LI44,3,176.0
head_diameter,2023,M2,LI44,3,17.0
plant_height,2023,M2,LI45,1,167.0
head_diameter,2023,M2,LI45,1,17.0
plant_height,2023,M2,LI45,1,165.0
head_diameter,2023,M2,LI45,1,16.0
plant_height,2023,M2,LI45,1,160.0
head_diameter,2023,M2,LI45,1,19.0
plant_height,2023,M2,LI45,1,149.0
head_diameter,2023,M2,LI45,1,19.0
plant_height,2023,M2,LI45,1,150.0
head_diameter,2023,M2,LI45,1,16.0
plant_height,2023,M2,LI45,1,159.0
head_diameter,2023,M2,LI45,1,16.0
plant_height,2023,M2,LI45,1,158.0
head_diameter,2023,M2,LI45,1,18.0
plant_height,2023,M2,LI45,1,155.0
head_diameter,2023,M2,LI45,1,16.0
plant_height,2023,M2,LI45,1,152.0
head_diameter,2023,M2,LI45,1,18.0
plant_height,2023,M2,LI45,1,151.0
head_diameter,2023,M2,LI45,1,15.0
plant_height,2023,M2,LI45,2,165.0
head_diameter,2023,M2,LI45,2,16.0
plant_height,2023,M2,LI45,2,162.0
head_diameter,2023,M2,LI45,2,16.0
plant_height,2023,M2,LI45,2,161.0
head_diameter,2023,M2,LI45,2,18.0
plant_height,2023,M2,LI45,2,162.0
head_diameter,2023,M2,LI45,2,15.0
plant_height,2023,M2,LI45,2,162.0
head_diameter,2023,M2,LI45,2,16.0
plant_height,2023,M2,LI45,2,160.0
head_diameter,2023,M2,LI45,2,16.0
plant_height,2023,M2,LI45,2,160.0
head_diameter,2023,M2,LI45,2,15.0
plant_height,2023,M2,LI45,2,162.0
head_diameter,2023,M2,LI45,2,16.0
plant_height,2023,M2,LI45,2,161.0
head_diameter,2023,M2,LI45,2,15.0
plant_height,2023,M2,LI45,2,161.0
head_diameter,2023,M2,LI45,2,20.0
plant_height,2023,M2,LI45,3,164.0
head_diameter,2023,M2,LI45,3,17.0
plant_height,2023,M2,LI45,3,161.0
head_diameter,2023,M2,LI45,3,18.0
plant_height,2023,M2,LI45,3,161.0
head_diameter,2023,M2,LI45,3,15.0
plant_height,2023,M2,LI45,3,163.0
head_diameter,2023,M2,LI45,3,15.0
plant_height,2023,M2,LI45,3,174.0
head_diameter,2023,M2,LI45,3,20.0
plant_height,2023,M2,LI45,3,171.0
head_diameter,2023,M2,LI45,3,16.0
plant_height,2023,M2,LI45,3,163.0
head_diameter,2023,M2,LI45,3,15.0
plant_height,2023,M2,LI45,3,162.0
head_diameter,2023,M2,LI45,3,15.0
plant_height,2023,M2,LI45,3,167.0
head_diameter,2023,M2,LI45,3,16.0
plant_height,2023,M2,LI45,3,170.0
head_diameter,2023,M2,LI45,3,20.0
plant_height,2023,M2,LI46,1,138.0
head_diameter,2023,M2,LI46,1,17.0
plant_height,2023,M2,LI46,1,140.0
head_diameter,2023,M2,LI46,1,16.0
plant_height,2023,M2,LI46,1,150.0
head_diameter,2023,M2,LI46,1,17.0
plant_height,2023,M2,LI46,1,134.0
head_diameter,2023,M2,LI46,1,15.0
plant_height,2023,M2,LI46,1,129.0
head_diameter,2023,M2,LI46,1,18.0
plant_height,2023,M2,LI46,1,141.0
head_diameter,2023,M2,LI46,1,18.0
plant_height,2023,M2,LI46,1,141.0
head_diameter,2023,M2,LI46,1,18.0
plant_height,2023,M2,LI46,1,133.0
head_diameter,2023,M2,LI46,1,16.0
plant_height,2023,M2,LI46,1,135.0
head_diameter,2023,M2,LI46,1,18.0
plant_height,2023,M2,LI46,1,139.0
head_diameter,2023,M2,LI46,1,17.0
plant_height,2023,M2,LI46,2,160.0
head_diameter,2023,M2,LI46,2,19.0
plant_height,2023,M2,LI46,2,142.0
head_diameter,2023,M2,LI46,2,12.0
plant_height,2023,M2,LI46,2,145.0
head_diameter,2023,M2,LI46,2,18.0
plant_height,2023,M2,LI46,2,145.0
head_diameter,2023,M2,LI46,2,17.0
plant_height,2023,M2,LI46,2,147.0
head_diameter,2023,M2,LI46,2,18.0
plant_height,2023,M2,LI46,2,149.0
head_diameter,2023,M2,LI46,2,19.0
plant_height,2023,M2,LI46,2,140.0
head_diameter,2023,M2,LI46,2,19.0
plant_height,2023,M2,LI46,2,145.0
head_diameter,2023,M2,LI46,2,18.0
plant_height,2023,M2,LI46,2,146.0
head_diameter,2023,M2,LI46,2,17.0
plant_height,2023,M2,LI46,2,147.0
head_diameter,2023,M2,LI46,2,17.0
plant_height,2023,M2,LI46,3,148.0
head_diameter,2023,M2,LI46,3,20.0
plant_height,2023,M2,LI46,3,153.0
head_diameter,2023,M2,LI46,3,15.0
plant_height,2023,M2,LI46,3,146.0
head_diameter,2023,M2,LI46,3,15.0
plant_height,2023,M2,LI46,3,144.0
head_diameter,2023,M2,LI46,3,17.0
plant_height,2023,M2,LI46,3,143.0
head_diameter,2023,M2,LI46,3,18.0
plant_height,2023,M2,LI46,3,145.0
head_diameter,2023,M2,LI46,3,13.0
plant_height,2023,M2,LI46,3,150.0
head_diameter,2023,M2,LI46,3,20.0
plant_height,2023,M2,LI46,3,154.0
head_diameter,2023,M2,LI46,3,21.0
plant_height,2023,M2,LI46,3,163.0
head_diameter,2023,M2,LI46,3,22.5
plant_height,2023,M2,LI46,3,157.0
head_diameter,2023,M2,LI46,3,22.0
plant_height,2023,M2,LI47,1,165.0
head_diameter,2023,M2,LI47,1,18.0
plant_height,2023,M2,LI47,1,168.0
head_diameter,2023,M2,LI47,1,18.0
plant_height,2023,M2,LI47,1,158.0
head_diameter,2023,M2,LI47,1,17.0
plant_height,2023,M2,LI47,1,162.0
head_diameter,2023,M2,LI47,1,19.0
plant_height,2023,M2,LI47,1,156.0
head_diameter,2023,M2,LI47,1,23.0
plant_height,2023,M2,LI47,1,148.0
head_diameter,2023,M2,LI47,1,21.0
plant_height,2023,M2,LI47,1,143.0
head_diameter,2023,M2,LI47,1,21.0
plant_height,2023,M2,LI47,1,153.0
head_diameter,2023,M2,LI47,1,21.0
plant_height,2023,M2,LI47,1,144.0
head_diameter,2023,M2,LI47,1,14.0
plant_height,2023,M2,LI47,1,156.0
head_diameter,2023,M2,LI47,1,18.0
plant_height,2023,M2,LI47,2,162.0
head_diameter,2023,M2,LI47,2,16.0
plant_height,2023,M2,LI47,2,164.0
head_diameter,2023,M2,LI47,2,18.0
plant_height,2023,M2,LI47,2,163.0
head_diameter,2023,M2,LI47,2,17.0
plant_height,2023,M2,LI47,2,157.0
head_diameter,2023,M2,LI47,2,17.0
plant_height,2023,M2,LI47,2,159.0
head_diameter,2023,M2,LI47,2,14.0
plant_height,2023,M2,LI47,2,155.0
head_diameter,2023,M2,LI47,2,19.0
plant_height,2023,M2,LI47,2,153.0
head_diameter,2023,M2,LI47,2,24.0
plant_height,2023,M2,LI47,2,163.0
head_diameter,2023,M2,LI47,2,20.0
plant_height,2023,M2,LI47,2,160.0
head_diameter,2023,M2,LI47,2,16.0
plant_height,2023,M2,LI47,2,158.0
head_diameter,2023,M2,LI47,2,19.0
plant_height,2023,M2,LI47,3,154.0
head_diameter,2023,M2,LI47,3,15.0
plant_height,2023,M2,LI47,3,166.0
head_diameter,2023,M2,LI47,3,20.0
plant_height,2023,M2,LI47,3,158.0
head_diameter,2023,M2,LI47,3,17.0
plant_height,2023,M2,LI47,3,164.0
head_diameter,2023,M2,LI47,3,15.0
plant_height,2023,M2,LI47,3,160.0
head_diameter,2023,M2,LI47,3,22.0
plant_height,2023,M2,LI47,3,173.0
head_diameter,2023,M2,LI47,3,20.0
plant_height,2023,M2,LI47,3,160.0
head_diameter,2023,M2,LI47,3,22.0
plant_height,2023,M2,LI47,3,158.0
head_diameter,2023,M2,LI47,3,13.0
plant_height,2023,M2,LI47,3,167.0
head_diameter,2023,M2,LI47,3,18.0
plant_height,2023,M2,LI47,3,175.0
head_diameter,2023,M2,LI47,3,20.0
plant_height,2023,M2,LI48,1,160.0
head_diameter,2023,M2,LI48,1,20.0
plant_height,2023,M2,LI48,1,162.0
head_diameter,2023,M2,LI48,1,17.0
plant_height,2023,M2,LI48,1,161.0
head_diameter,2023,M2,LI48,1,16.0
plant_height,2023,M2,LI48,1,163.0
head_diameter,2023,M2,LI48,1,17.0
plant_height,2023,M2,LI48,1,162.0
head_diameter,2023,M2,LI48,1,18.0
plant_height,2023,M2,LI48,1,155.0
head_diameter,2023,M2,LI48,1,17.0
plant_height,2023,M2,LI48,1,154.0
head_diameter,2023,M2,LI48,1,16.0
plant_height,2023,M2,LI48,1,148.0
head_diameter,2023,M2,LI48,1,18.0
plant_height,2023,M2,LI48,1,159.0
head_diameter,2023,M2,LI48,1,19.0
plant_height,2023,M2,LI48,1,163.0
head_diameter,2023,M2,LI48,1,18.0
plant_height,2023,M2,LI48,2,155.0
head_diameter,2023,M2,LI48,2,19.0
plant_height,2023,M2,LI48,2,152.0
head_diameter,2023,M2,LI48,2,17.0
plant_height,2023,M2,LI48,2,143.0
head_diameter,2023,M2,LI48,2,18.0
plant_height,2023,M2,LI48,2,148.0
head_diameter,2023,M2,LI48,2,17.0
plant_height,2023,M2,LI48,2,157.0
head_diameter,2023,M2,LI48,2,20.0
plant_height,2023,M2,LI48,2,151.0
head_diameter,2023,M2,LI48,2,12.0
plant_height,2023,M2,LI48,2,153.0
head_diameter,2023,M2,LI48,2,18.0
plant_height,2023,M2,LI48,2,152.0
head_diameter,2023,M2,LI48,2,14.0
plant_height,2023,M2,LI48,2,138.0
head_diameter,2023,M2,LI48,2,19.0
plant_height,2023,M2,LI48,2,148.0
head_diameter,2023,M2,LI48,2,15.0
plant_height,2023,M2,LI48,3,161.0
head_diameter,2023,M2,LI48,3,15.0
plant_height,2023,M2,LI48,3,155.0
head_diameter,2023,M2,LI48,3,22.0
plant_height,2023,M2,LI48,3,169.0
head_diameter,2023,M2,LI48,3,14.0
plant_height,2023,M2,LI48,3,160.0
head_diameter,2023,M2,LI48,3,20.0
plant_height,2023,M2,LI48,3,159.0
head_diameter,2023,M2,LI48,3,20.0
plant_height,2023,M2,LI48,3,151.0
head_diameter,2023,M2,LI48,3,19.0
plant_height,2023,M2,LI48,3,153.0
head_diameter,2023,M2,LI48,3,14.0
plant_height,2023,M2,LI48,3,158.0
head_diameter,2023,M2,LI48,3,13.0
plant_height,2023,M2,LI48,3,161.0
head_diameter,2023,M2,LI48,3,16.0
plant_height,2023,M2,LI48,3,163.0
head_diameter,2023,M2,LI48,3,15.0
plant_height,2023,M2,LI49,1,136.0
head_diameter,2023,M2,LI49,1,15.0
plant_height,2023,M2,LI49,1,134.0
head_diameter,2023,M2,LI49,1,18.0
plant_height,2023,M2,LI49,1,135.0
head_diameter,2023,M2,LI49,1,16.0
plant_height,2023,M2,LI49,1,135.0
head_diameter,2023,M2,LI49,1,14.0
plant_height,2023,M2,LI49,1,131.0
head_diameter,2023,M2,LI49,1,13.0
plant_height,2023,M2,LI49,1,129.0
head_diameter,2023,M2,LI49,1,16.0
plant_height,2023,M2,LI49,1,134.0
head_diameter,2023,M2,LI49,1,15.0
plant_height,2023,M2,LI49,1,138.0
head_diameter,2023,M2,LI49,1,13.0
plant_height,2023,M2,LI49,1,131.0
head_diameter,2023,M2,LI49,1,16.0
plant_height,2023,M2,LI49,1,138.0
head_diameter,2023,M2,LI49,1,17.0
plant_height,2023,M2,LI49,2,129.0
head_diameter,2023,M2,LI49,2,16.0
plant_height,2023,M2,LI49,2,133.0
head_diameter,2023,M2,LI49,2,16.0
plant_height,2023,M2,LI49,2,134.0
head_diameter,2023,M2,LI49,2,15.0
plant_height,2023,M2,LI49,2,132.0
head_diameter,2023,M2,LI49,2,16.0
plant_height,2023,M2,LI49,2,135.0
head_diameter,2023,M2,LI49,2,15.0
plant_height,2023,M2,LI49,2,128.0
head_diameter,2023,M2,LI49,2,15.0
plant_height,2023,M2,LI49,2,133.0
head_diameter,2023,M2,LI49,2,16.0
plant_height,2023,M2,LI49,2,138.0
head_diameter,2023,M2,LI49,2,14.0
plant_height,2023,M2,LI49,2,142.0
head_diameter,2023,M2,LI49,2,12.0
plant_height,2023,M2,LI49,2,135.0
head_diameter,2023,M2,LI49,2,18.0
plant_height,2023,M2,LI49,3,143.0
head_diameter,2023,M2,LI49,3,18.0
plant_height,2023,M2,LI49,3,134.0
head_diameter,2023,M2,LI49,3,20.0
plant_height,2023,M2,LI49,3,121.0
head_diameter,2023,M2,LI49,3,22.0
plant_height,2023,M2,LI49,3,137.0
head_diameter,2023,M2,LI49,3,21.0
plant_height,2023,M2,LI49,3,135.0
head_diameter,2023,M2,LI49,3,19.0
plant_height,2023,M2,LI49,3,151.0
head_diameter,2023,M2,LI49,3,18.0
plant_height,2023,M2,LI49,3,141.0
head_diameter,2023,M2,LI49,3,17.0
plant_height,2023,M2,LI49,3,142.0
head_diameter,2023,M2,LI49,3,14.0
plant_height,2023,M2,LI49,3,147.0
head_diameter,2023,M2,LI49,3,20.0
plant_height,2023,M2,LI49,3,147.0
head_diameter,2023,M2,LI49,3,21.0
plant_height,2023,M2,LI50,1,149.0
head_diameter,2023,M2,LI50,1,18.0
plant_height,2023,M2,LI50,1,155.0
head_diameter,2023,M2,LI50,1,18.0
plant_height,2023,M2,LI50,1,159.0
head_diameter,2023,M2,LI50,1,17.0
plant_height,2023,M2,LI50,1,158.0
head_diameter,2023,M2,LI50,1,16.0
plant_height,2023,M2,LI50,1,164.0
head_diameter,2023,M2,LI50,1,16.0
plant_height,2023,M2,LI50,1,159.0
head_diameter,2023,M2,LI50,1,20.0
plant_height,2023,M2,LI50,1,167.0
head_diameter,2023,M2,LI50,1,16.0
plant_height,2023,M2,LI50,1,157.0
head_diameter,2023,M2,LI50,1,21.0
plant_height,2023,M2,LI50,1,161.0
head_diameter,2023,M2,LI50,1,18.0
plant_height,2023,M2,LI50,1,151.0
head_diameter,2023,M2,LI50,1,16.0
plant_height,2023,M2,LI50,2,167.0
head_diameter,2023,M2,LI50,2,16.0
plant_height,2023,M2,LI50,2,163.0
head_diameter,2023,M2,LI50,2,18.0
plant_height,2023,M2,LI50,2,170.0
head_diameter,2023,M2,LI50,2,20.0
plant_height,2023,M2,LI50,2,164.0
head_diameter,2023,M2,LI50,2,17.0
plant_height,2023,M2,LI50,2,164.0
head_diameter,2023,M2,LI50,2,15.0
plant_height,2023,M2,LI50,2,163.0
head_diameter,2023,M2,LI50,2,18.0
plant_height,2023,M2,LI50,2,164.0
head_diameter,2023,M2,LI50,2,18.0
plant_height,2023,M2,LI50,2,165.0
head_diameter,2023,M2,LI50,2,19.0
plant_height,2023,M2,LI50,2,166.0
head_diameter,2023,M2,LI50,2,17.0
plant_height,2023,M2,LI50,2,158.0
head_diameter,2023,M2,LI50,2,20.0
plant_height,2023,M2,LI50,3,148.0
head_diameter,2023,M2,LI50,3,17.0
plant_height,2023,M2,LI50,3,167.0
head_diameter,2023,M2,LI50,3,19.0
plant_height,2023,M2,LI50,3,168.0
head_diameter,2023,M2,LI50,3,21.0
plant_height,2023,M2,LI50,3,157.0
head_diameter,2023,M2,LI50,3,15.0
plant_height,2023,M2,LI50,3,152.0
head_diameter,2023,M2,LI50,3,18.0
plant_height,2023,M2,LI50,3,170.0
head_diameter,2023,M2,LI50,3,20.0
plant_height,2023,M2,LI50,3,183.0
head_diameter,2023,M2,LI50,3,23.0
plant_height,2023,M2,LI50,3,185.0
head_diameter,2023,M2,LI50,3,21.0
plant_height,2023,M2,LI50,3,180.0
head_diameter,2023,M2,LI50,3,20.0
plant_height,2023,M2,LI50,3,190.0
head_diameter,2023,M2,LI50,3,17.0
plant_height,2023,M2,LI51,1,157.0
head_diameter,2023,M2,LI51,1,20.0
plant_height,2023,M2,LI51,1,156.0
head_diameter,2023,M2,LI51,1,20.0
plant_height,2023,M2,LI51,1,156.0
head_diameter,2023,M2,LI51,1,20.0
plant_height,2023,M2,LI51,1,155.0
head_diameter,2023,M2,LI51,1,22.0
plant_height,2023,M2,LI51,1,156.0
head_diameter,2023,M2,LI51,1,22.0
plant_height,2023,M2,LI51,1,152.0
head_diameter,2023,M2,LI51,1,21.0
plant_height,2023,M2,LI51,1,155.0
head_diameter,2023,M2,LI51,1,22.0
plant_height,2023,M2,LI51,1,153.0
head_diameter,2023,M2,LI51,1,23.0
plant_height,2023,M2,LI51,1,148.0
head_diameter,2023,M2,LI51,1,18.0
plant_height,2023,M2,LI51,1,144.0
head_diameter,2023,M2,LI51,1,17.0
plant_height,2023,M2,LI51,1,140.0
head_diameter,2023,M2,LI51,1,21.0
plant_height,2023,M2,LI51,1,154.0
head_diameter,2023,M2,LI51,1,21.0
plant_height,2023,M2,LI51,1,150.0
head_diameter,2023,M2,LI51,1,22.0
plant_height,2023,M2,LI51,1,150.0
head_diameter,2023,M2,LI51,1,19.0
plant_height,2023,M2,LI51,1,152.0
head_diameter,2023,M2,LI51,1,22.0
plant_height,2023,M2,LI51,2,157.0
head_diameter,2023,M2,LI51,2,21.0
plant_height,2023,M2,LI51,2,154.0
head_diameter,2023,M2,LI51,2,20.0
plant_height,2023,M2,LI51,2,151.0
head_diameter,2023,M2,LI51,2,18.0
plant_height,2023,M2,LI51,2,144.0
head_diameter,2023,M2,LI51,2,19.0
plant_height,2023,M2,LI51,2,148.0
head_diameter,2023,M2,LI51,2,17.0
plant_height,2023,M2,LI51,2,155.0
head_diameter,2023,M2,LI51,2,22.0
plant_height,2023,M2,LI51,2,150.0
head_diameter,2023,M2,LI51,2,19.0
plant_height,2023,M2,LI51,2,145.0
head_diameter,2023,M2,LI51,2,24.0
plant_height,2023,M2,LI51,2,145.0
head_diameter,2023,M2,LI51,2,15.0
plant_height,2023,M2,LI51,2,153.0
head_diameter,2023,M2,LI51,2,16.0
plant_height,2023,M2,LI51,2,157.0
head_diameter,2023,M2,LI51,2,16.0
plant_height,2023,M2,LI51,2,149.0
head_diameter,2023,M2,LI51,2,17.0
plant_height,2023,M2,LI51,2,157.0
head_diameter,2023,M2,LI51,2,20.0
plant_height,2023,M2,LI51,2,147.0
head_diameter,2023,M2,LI51,2,16.0
plant_height,2023,M2,LI51,2,146.0
head_diameter,2023,M2,LI51,2,19.0
plant_height,2023,M2,LI51,3,166.0
head_diameter,2023,M2,LI51,3,20.0
plant_height,2023,M2,LI51,3,159.0
head_diameter,2023,M2,LI51,3,20.0
plant_height,2023,M2,LI51,3,155.0
head_diameter,2023,M2,LI51,3,16.0
plant_height,2023,M2,LI51,3,171.0
head_diameter,2023,M2,LI51,3,19.0
plant_height,2023,M2,LI51,3,171.0
head_diameter,2023,M2,LI51,3,20.0
plant_height,2023,M2,LI51,3,175.0
head_diameter,2023,M2,LI51,3,21.0
plant_height,2023,M2,LI51,3,166.0
head_diameter,2023,M2,LI51,3,23.0
plant_height,2023,M2,LI51,3,174.0
head_diameter,2023,M2,LI51,3,21.0
plant_height,2023,M2,LI51,3,179.0
head_diameter,2023,M2,LI51,3,22.0
plant_height,2023,M2,LI51,3,178.0
head_diameter,2023,M2,LI51,3,23.0
plant_height,2023,M2,LI51,3,166.0
head_diameter,2023,M2,LI51,3,21.0
plant_height,2023,M2,LI51,3,166.0
head_diameter,2023,M2,LI51,3,16.0
plant_height,2023,M2,LI51,3,168.0
head_diameter,2023,M2,LI51,3,20.0
plant_height,2023,M2,LI51,3,168.0
head_diameter,2023,M2,LI51,3,20.0
plant_height,2023,M2,LI51,3,175.0
head_diameter,2023,M2,LI51,3,21.0
plant_height,2023,M2,LI52,1,146.0
head_diameter,2023,M2,LI52,1,16.0
plant_height,2023,M2,LI52,1,146.0
head_diameter,2023,M2,LI52,1,16.0
plant_height,2023,M2,LI52,1,148.0
head_diameter,2023,M2,LI52,1,14.0
plant_height,2023,M2,LI52,1,141.0
head_diameter,2023,M2,LI52,1,15.0
plant_height,2023,M2,LI52,1,146.0
head_diameter,2023,M2,LI52,1,18.0
plant_height,2023,M2,LI52,1,145.0
head_diameter,2023,M2,LI52,1,17.0
plant_height,2023,M2,LI52,1,142.0
head_diameter,2023,M2,LI52,1,18.0
plant_height,2023,M2,LI52,1,145.0
head_diameter,2023,M2,LI52,1,18.0
plant_height,2023,M2,LI52,1,139.0
head_diameter,2023,M2,LI52,1,14.0
plant_height,2023,M2,LI52,1,139.0
head_diameter,2023,M2,LI52,1,16.0
plant_height,2023,M2,LI52,2,151.0
head_diameter,2023,M2,LI52,2,18.0
plant_height,2023,M2,LI52,2,148.0
head_diameter,2023,M2,LI52,2,15.0
plant_height,2023,M2,LI52,2,152.0
head_diameter,2023,M2,LI52,2,15.0
plant_height,2023,M2,LI52,2,155.0
head_diameter,2023,M2,LI52,2,16.0
plant_height,2023,M2,LI52,2,156.0
head_diameter,2023,M2,LI52,2,14.0
plant_height,2023,M2,LI52,2,148.0
head_diameter,2023,M2,LI52,2,18.0
plant_height,2023,M2,LI52,2,145.0
head_diameter,2023,M2,LI52,2,15.0
plant_height,2023,M2,LI52,2,149.0
head_diameter,2023,M2,LI52,2,18.0
plant_height,2023,M2,LI52,2,151.0
head_diameter,2023,M2,LI52,2,17.0
plant_height,2023,M2,LI52,2,152.0
head_diameter,2023,M2,LI52,2,17.0
plant_height,2023,M2,LI52,3,153.0
head_diameter,2023,M2,LI52,3,21.0
plant_height,2023,M2,LI52,3,152.0
head_diameter,2023,M2,LI52,3,18.0
plant_height,2023,M2,LI52,3,160.0
head_diameter,2023,M2,LI52,3,15.0
plant_height,2023,M2,LI52,3,149.0
head_diameter,2023,M2,LI52,3,18.0
plant_height,2023,M2,LI52,3,159.0
head_diameter,2023,M2,LI52,3,21.0
plant_height,2023,M2,LI52,3,162.0
head_diameter,2023,M2,LI52,3,15.0
plant_height,2023,M2,LI52,3,151.0
head_diameter,2023,M2,LI52,3,22.0
plant_height,2023,M2,LI52,3,162.0
head_diameter,2023,M2,LI52,3,17.0
plant_height,2023,M2,LI52,3,167.0
head_diameter,2023,M2,LI52,3,18.0
plant_height,2023,M2,LI52,3,156.0
head_diameter,2023,M2,LI52,3,21.0
plant_height,2023,M2,LI53,1,163.0
head_diameter,2023,M2,LI53,1,21.0
plant_height,2023,M2,LI53,1,151.0
head_diameter,2023,M2,LI53,1,17.0
plant_height,2023,M2,LI53,1,159.0
head_diameter,2023,M2,LI53,1,20.0
plant_height,2023,M2,LI53,1,158.0
head_diameter,2023,M2,LI53,1,25.0
plant_height,2023,M2,LI53,1,149.0
head_diameter,2023,M2,LI53,1,17.0
plant_height,2023,M2,LI53,1,149.0
head_diameter,2023,M2,LI53,1,18.0
plant_height,2023,M2,LI53,1,152.0
head_diameter,2023,M2,LI53,1,22.0
plant_height,2023,M2,LI53,1,152.0
head_diameter,2023,M2,LI53,1,24.0
plant_height,2023,M2,LI53,1,149.0
head_diameter,2023,M2,LI53,1,19.0
plant_height,2023,M2,LI53,1,153.0
head_diameter,2023,M2,LI53,1,19.0
plant_height,2023,M2,LI53,1,155.0
head_diameter,2023,M2,LI53,1,20.0
plant_height,2023,M2,LI53,1,152.0
head_diameter,2023,M2,LI53,1,18.0
plant_height,2023,M2,LI53,1,144.0
head_diameter,2023,M2,LI53,1,19.0
plant_height,2023,M2,LI53,1,140.0
head_diameter,2023,M2,LI53,1,16.0
plant_height,2023,M2,LI53,1,147.0
head_diameter,2023,M2,LI53,1,21.0
plant_height,2023,M2,LI53,2,145.0
head_diameter,2023,M2,LI53,2,19.0
plant_height,2023,M2,LI53,2,147.0
head_diameter,2023,M2,LI53,2,20.0
plant_height,2023,M2,LI53,2,146.0
head_diameter,2023,M2,LI53,2,14.0
plant_height,2023,M2,LI53,2,145.0
head_diameter,2023,M2,LI53,2,21.0
plant_height,2023,M2,LI53,2,156.0
head_diameter,2023,M2,LI53,2,22.0
plant_height,2023,M2,LI53,2,148.0
head_diameter,2023,M2,LI53,2,15.0
plant_height,2023,M2,LI53,2,151.0
head_diameter,2023,M2,LI53,2,18.0
plant_height,2023,M2,LI53,2,153.0
head_diameter,2023,M2,LI53,2,19.0
plant_height,2023,M2,LI53,2,156.0
head_diameter,2023,M2,LI53,2,21.0
plant_height,2023,M2,LI53,2,150.0
head_diameter,2023,M2,LI53,2,21.0
plant_height,2023,M2,LI53,2,149.0
head_diameter,2023,M2,LI53,2,19.0
plant_height,2023,M2,LI53,2,156.0
head_diameter,2023,M2,LI53,2,23.0
plant_height,2023,M2,LI53,2,158.0
head_diameter,2023,M2,LI53,2,20.0
plant_height,2023,M2,LI53,2,146.0
head_diameter,2023,M2,LI53,2,20.0
plant_height,2023,M2,LI53,2,149.0
head_diameter,2023,M2,LI53,2,17.0
plant_height,2023,M2,LI53,3,160.0
head_diameter,2023,M2,LI53,3,18.0
plant_height,2023,M2,LI53,3,162.0
head_diameter,2023,M2,LI53,3,22.0
plant_height,2023,M2,LI53,3,167.0
head_diameter,2023,M2,LI53,3,20.0
plant_height,2023,M2,LI53,3,158.0
head_diameter,2023,M2,LI53,3,14.0
plant_height,2023,M2,LI53,3,154.0
head_diameter,2023,M2,LI53,3,21.0
plant_height,2023,M2,LI53,3,154.0
head_diameter,2023,M2,LI53,3,19.0
plant_height,2023,M2,LI53,3,151.0
head_diameter,2023,M2,LI53,3,20.0
plant_height,2023,M2,LI53,3,157.0
head_diameter,2023,M2,LI53,3,27.0
plant_height,2023,M2,LI53,3,162.0
head_diameter,2023,M2,LI53,3,21.0
plant_height,2023,M2,LI53,3,151.0
head_diameter,2023,M2,LI53,3,23.0
plant_height,2023,M2,LI53,3,175.0
head_diameter,2023,M2,LI53,3,23.0
plant_height,2023,M2,LI53,3,171.0
head_diameter,2023,M2,LI53,3,21.0
plant_height,2023,M2,LI53,3,168.0
head_diameter,2023,M2,LI53,3,22.0
plant_height,2023,M2,LI53,3,155.0
head_diameter,2023,M2,LI53,3,16.0
plant_height,2023,M2,LI53,3,171.0
head_diameter,2023,M2,LI53,3,23.0
plant_height,2023,M2,LI54,1,127.0
head_diameter,2023,M2,LI54,1,20.0
plant_height,2023,M2,LI54,1,134.0
head_diameter,2023,M2,LI54,1,17.0
plant_height,2023,M2,LI54,1,130.0
head_diameter,2023,M2,LI54,1,18.0
plant_height,2023,M2,LI54,1,134.0
head_diameter,2023,M2,LI54,1,16.0
plant_height,2023,M2,LI54,1,128.0
head_diameter,2023,M2,LI54,1,17.0
plant_height,2023,M2,LI54,1,132.0
head_diameter,2023,M2,LI54,1,17.0
plant_height,2023,M2,LI54,1,126.0
head_diameter,2023,M2,LI54,1,18.0
plant_height,2023,M2,LI54,1,120.0
head_diameter,2023,M2,LI54,1,16.0
plant_height,2023,M2,LI54,1,117.0
head_diameter,2023,M2,LI54,1,17.0
plant_height,2023,M2,LI54,1,138.0
head_diameter,2023,M2,LI54,1,18.0
plant_height,2023,M2,LI54,1,135.0
head_diameter,2023,M2,LI54,1,17.0
plant_height,2023,M2,LI54,1,136.0
head_diameter,2023,M2,LI54,1,16.0
plant_height,2023,M2,LI54,1,138.0
head_diameter,2023,M2,LI54,1,15.0
plant_height,2023,M2,LI54,1,137.0
head_diameter,2023,M2,LI54,1,16.0
plant_height,2023,M2,LI54,1,127.0
head_diameter,2023,M2,LI54,1,13.0
plant_height,2023,M2,LI54,2,133.0
head_diameter,2023,M2,LI54,2,20.0
plant_height,2023,M2,LI54,2,138.0
head_diameter,2023,M2,LI54,2,22.0
plant_height,2023,M2,LI54,2,143.0
head_diameter,2023,M2,LI54,2,16.0
plant_height,2023,M2,LI54,2,143.0
head_diameter,2023,M2,LI54,2,17.0
plant_height,2023,M2,LI54,2,137.0
head_diameter,2023,M2,LI54,2,16.0
plant_height,2023,M2,LI54,2,139.0
head_diameter,2023,M2,LI54,2,19.0
plant_height,2023,M2,LI54,2,136.0
head_diameter,2023,M2,LI54,2,18.0
plant_height,2023,M2,LI54,2,136.0
head_diameter,2023,M2,LI54,2,22.0
plant_height,2023,M2,LI54,2,136.0
head_diameter,2023,M2,LI54,2,17.0
plant_height,2023,M2,LI54,2,142.0
head_diameter,2023,M2,LI54,2,18.0
plant_height,2023,M2,LI54,2,145.0
head_diameter,2023,M2,LI54,2,15.0
plant_height,2023,M2,LI54,2,140.0
head_diameter,2023,M2,LI54,2,19.0
plant_height,2023,M2,LI54,2,147.0
head_diameter,2023,M2,LI54,2,18.0
plant_height,2023,M2,LI54,2,152.0
head_diameter,2023,M2,LI54,2,19.0
plant_height,2023,M2,LI54,2,155.0
head_diameter,2023,M2,LI54,2,16.0
plant_height,2023,M2,LI54,3,147.0
head_diameter,2023,M2,LI54,3,16.0
plant_height,2023,M2,LI54,3,144.0
head_diameter,2023,M2,LI54,3,16.0
plant_height,2023,M2,LI54,3,151.0
head_diameter,2023,M2,LI54,3,18.0
plant_height,2023,M2,LI54,3,145.0
head_diameter,2023,M2,LI54,3,19.0
plant_height,2023,M2,LI54,3,152.0
head_diameter,2023,M2,LI54,3,17.0
plant_height,2023,M2,LI54,3,154.0
head_diameter,2023,M2,LI54,3,19.0
plant_height,2023,M2,LI54,3,153.0
head_diameter,2023,M2,LI54,3,21.0
plant_height,2023,M2,LI54,3,141.0
head_diameter,2023,M2,LI54,3,19.0
plant_height,2023,M2,LI54,3,149.0
head_diameter,2023,M2,LI54,3,18.0
plant_height,2023,M2,LI54,3,137.0
head_diameter,2023,M2,LI54,3,15.0
plant_height,2023,M2,LI54,3,144.0
head_diameter,2023,M2,LI54,3,16.0
plant_height,2023,M2,LI54,3,145.0
head_diameter,2023,M2,LI54,3,19.0
plant_height,2023,M2,LI54,3,152.0
head_diameter,2023,M2,LI54,3,14.0
plant_height,2023,M2,LI54,3,151.0
head_diameter,2023,M2,LI54,3,18.0
plant_height,2023,M2,LI54,3,134.0
head_diameter,2023,M2,LI54,3,16.0
plant_height,2023,M3,LI1,1,147.0
head_diameter,2023,M3,LI1,1,17.0
plant_height,2023,M3,LI1,1,144.0
head_diameter,2023,M3,LI1,1,20.0
plant_height,2023,M3,LI1,1,134.0
head_diameter,2023,M3,LI1,1,14.0
plant_height,2023,M3,LI1,1,139.0
head_diameter,2023,M3,LI1,1,15.0
plant_height,2023,M3,LI1,1,137.0
head_diameter,2023,M3,LI1,1,17.0
plant_height,2023,M3,LI1,1,125.0
head_diameter,2023,M3,LI1,1,17.0
plant_height,2023,M3,LI1,1,157.0
head_diameter,2023,M3,LI1,1,22.0
plant_height,2023,M3,LI1,1,144.0
head_diameter,2023,M3,LI1,1,20.0
plant_height,2023,M3,LI1,1,156.0
head_diameter,2023,M3,LI1,1,19.0
plant_height,2023,M3,LI1,1,157.0
head_diameter,2023,M3,LI1,1,17.0
plant_height,2023,M3,LI1,2,172.0
head_diameter,2023,M3,LI1,2,18.0
plant_height,2023,M3,LI1,2,179.0
head_diameter,2023,M3,LI1,2,17.0
plant_height,2023,M3,LI1,2,175.0
head_diameter,2023,M3,LI1,2,21.0
plant_height,2023,M3,LI1,2,161.0
head_diameter,2023,M3,LI1,2,20.0
plant_height,2023,M3,LI1,2,153.0
head_diameter,2023,M3,LI1,2,21.0
plant_height,2023,M3,LI1,2,166.0
head_diameter,2023,M3,LI1,2,18.5
plant_height,2023,M3,LI1,2,168.0
head_diameter,2023,M3,LI1,2,21.0
plant_height,2023,M3,LI1,2,163.0
head_diameter,2023,M3,LI1,2,22.0
plant_height,2023,M3,LI1,2,161.0
head_diameter,2023,M3,LI1,2,20.0
plant_height,2023,M3,LI1,2,168.0
head_diameter,2023,M3,LI1,2,21.0
plant_height,2023,M3,LI1,3,180.0
head_diameter,2023,M3,LI1,3,23.0
plant_height,2023,M3,LI1,3,166.0
head_diameter,2023,M3,LI1,3,15.0
plant_height,2023,M3,LI1,3,171.0
head_diameter,2023,M3,LI1,3,15.0
plant_height,2023,M3,LI1,3,163.0
head_diameter,2023,M3,LI1,3,23.0
plant_height,2023,M3,LI1,3,160.0
head_diameter,2023,M3,LI1,3,25.0
plant_height,2023,M3,LI1,3,171.0
head_diameter,2023,M3,LI1,3,22.0
plant_height,2023,M3,LI1,3,170.0
head_diameter,2023,M3,LI1,3,17.0
plant_height,2023,M3,LI1,3,173.0
head_diameter,2023,M3,LI1,3,29.0
plant_height,2023,M3,LI1,3,174.0
head_diameter,2023,M3,LI1,3,24.0
plant_height,2023,M3,LI1,3,168.0
head_diameter,2023,M3,LI1,3,23.0
plant_height,2023,M3,LI2,1,165.0
head_diameter,2023,M3,LI2,1,16.0
plant_height,2023,M3,LI2,1,166.0
head_diameter,2023,M3,LI2,1,14.0
plant_height,2023,M3,LI2,1,165.0
head_diameter,2023,M3,LI2,1,15.0
plant_height,2023,M3,LI2,1,165.0
head_diameter,2023,M3,LI2,1,14.0
plant_height,2023,M3,LI2,1,161.0
head_diameter,2023,M3,LI2,1,16.0
plant_height,2023,M3,LI2,1,165.0
head_diameter,2023,M3,LI2,1,19.0
plant_height,2023,M3,LI2,1,163.0
head_diameter,2023,M3,LI2,1,21.0
plant_height,2023,M3,LI2,1,163.0
head_diameter,2023,M3,LI2,1,19.0
plant_height,2023,M3,LI2,1,165.0
head_diameter,2023,M3,LI2,1,16.0
plant_height,2023,M3,LI2,1,161.0
head_diameter,2023,M3,LI2,1,18.0
plant_height,2023,M3,LI2,2,175.0
head_diameter,2023,M3,LI2,2,14.0
plant_height,2023,M3,LI2,2,169.0
head_diameter,2023,M3,LI2,2,15.0
plant_height,2023,M3,LI2,2,163.0
head_diameter,2023,M3,LI2,2,13.0
plant_height,2023,M3,LI2,2,166.0
head_diameter,2023,M3,LI2,2,13.0
plant_height,2023,M3,LI2,2,167.0
head_diameter,2023,M3,LI2,2,15.0
plant_height,2023,M3,LI2,2,158.0
head_diameter,2023,M3,LI2,2,14.0
plant_height,2023,M3,LI2,2,166.0
head_diameter,2023,M3,LI2,2,16.0
plant_height,2023,M3,LI2,2,162.0
head_diameter,2023,M3,LI2,2,20.0
plant_height,2023,M3,LI2,2,159.0
head_diameter,2023,M3,LI2,2,18.0
plant_height,2023,M3,LI2,2,164.0
head_diameter,2023,M3,LI2,2,19.0
plant_height,2023,M3,LI2,3,169.0
head_diameter,2023,M3,LI2,3,16.0
plant_height,2023,M3,LI2,3,165.0
head_diameter,2023,M3,LI2,3,18.0
plant_height,2023,M3,LI2,3,163.0
head_diameter,2023,M3,LI2,3,18.0
plant_height,2023,M3,LI2,3,166.0
head_diameter,2023,M3,LI2,3,17.0
plant_height,2023,M3,LI2,3,168.0
head_diameter,2023,M3,LI2,3,12.0
plant_height,2023,M3,LI2,3,174.0
head_diameter,2023,M3,LI2,3,14.0
plant_height,2023,M3,LI2,3,169.0
head_diameter,2023,M3,LI2,3,23.0
plant_height,2023,M3,LI2,3,173.0
head_diameter,2023,M3,LI2,3,14.0
plant_height,2023,M3,LI2,3,165.0
head_diameter,2023,M3,LI2,3,20.0
plant_height,2023,M3,LI2,3,177.0
head_diameter,2023,M3,LI2,3,15.0
plant_height,2023,M3,LI3,1,153.0
head_diameter,2023,M3,LI3,1,17.0
plant_height,2023,M3,LI3,1,151.0
head_diameter,2023,M3,LI3,1,16.0
plant_height,2023,M3,LI3,1,152.0
head_diameter,2023,M3,LI3,1,15.0
plant_height,2023,M3,LI3,1,145.0
head_diameter,2023,M3,LI3,1,14.0
plant_height,2023,M3,LI3,1,140.0
head_diameter,2023,M3,LI3,1,17.0
plant_height,2023,M3,LI3,1,152.0
head_diameter,2023,M3,LI3,1,19.0
plant_height,2023,M3,LI3,1,151.0
head_diameter,2023,M3,LI3,1,14.0
plant_height,2023,M3,LI3,1,152.0
head_diameter,2023,M3,LI3,1,16.0
plant_height,2023,M3,LI3,1,144.0
head_diameter,2023,M3,LI3,1,16.0
plant_height,2023,M3,LI3,1,149.0
head_diameter,2023,M3,LI3,1,16.0
plant_height,2023,M3,LI3,1,156.0
head_diameter,2023,M3,LI3,1,17.0
plant_height,2023,M3,LI3,1,155.0
head_diameter,2023,M3,LI3,1,16.0
plant_height,2023,M3,LI3,1,153.0
head_diameter,2023,M3,LI3,1,19.0
plant_height,2023,M3,LI3,1,146.0
head_diameter,2023,M3,LI3,1,17.0
plant_height,2023,M3,LI3,1,151.0
head_diameter,2023,M3,LI3,1,18.0
plant_height,2023,M3,LI3,2,169.0
head_diameter,2023,M3,LI3,2,15.0
plant_height,2023,M3,LI3,2,170.0
head_diameter,2023,M3,LI3,2,20.0
plant_height,2023,M3,LI3,2,164.0
head_diameter,2023,M3,LI3,2,16.0
plant_height,2023,M3,LI3,2,162.0
head_diameter,2023,M3,LI3,2,19.0
plant_height,2023,M3,LI3,2,168.0
head_diameter,2023,M3,LI3,2,19.0
plant_height,2023,M3,LI3,2,166.0
head_diameter,2023,M3,LI3,2,18.0
plant_height,2023,M3,LI3,2,166.0
head_diameter,2023,M3,LI3,2,17.0
plant_height,2023,M3,LI3,2,170.0
head_diameter,2023,M3,LI3,2,15.0
plant_height,2023,M3,LI3,2,174.0
head_diameter,2023,M3,LI3,2,19.0
plant_height,2023,M3,LI3,2,172.0
head_diameter,2023,M3,LI3,2,16.0
plant_height,2023,M3,LI3,2,169.0
head_diameter,2023,M3,LI3,2,17.0
plant_height,2023,M3,LI3,2,168.0
head_diameter,2023,M3,LI3,2,15.0
plant_height,2023,M3,LI3,2,166.0
head_diameter,2023,M3,LI3,2,17.0
plant_height,2023,M3,LI3,2,169.0
head_diameter,2023,M3,LI3,2,20.0
plant_height,2023,M3,LI3,2,160.0
head_diameter,2023,M3,LI3,2,20.0
plant_height,2023,M3,LI3,3,171.0
head_diameter,2023,M3,LI3,3,20.0
plant_height,2023,M3,LI3,3,168.0
head_diameter,2023,M3,LI3,3,18.0
plant_height,2023,M3,LI3,3,157.0
head_diameter,2023,M3,LI3,3,17.0
plant_height,2023,M3,LI3,3,166.0
head_diameter,2023,M3,LI3,3,19.0
plant_height,2023,M3,LI3,3,166.0
head_diameter,2023,M3,LI3,3,17.0
plant_height,2023,M3,LI3,3,172.0
head_diameter,2023,M3,LI3,3,16.0
plant_height,2023,M3,LI3,3,165.0
head_diameter,2023,M3,LI3,3,17.0
plant_height,2023,M3,LI3,3,165.0
head_diameter,2023,M3,LI3,3,17.0
plant_height,2023,M3,LI3,3,168.0
head_diameter,2023,M3,LI3,3,19.0
plant_height,2023,M3,LI3,3,151.0
head_diameter,2023,M3,LI3,3,13.0
plant_height,2023,M3,LI3,3,176.0
head_diameter,2023,M3,LI3,3,19.0
plant_height,2023,M3,LI3,3,175.0
head_diameter,2023,M3,LI3,3,16.0
plant_height,2023,M3,LI3,3,179.0
head_diameter,2023,M3,LI3,3,18.0
plant_height,2023,M3,LI3,3,176.0
head_diameter,2023,M3,LI3,3,19.0
plant_height,2023,M3,LI3,3,175.0
head_diameter,2023,M3,LI3,3,17.0
plant_height,2023,M3,LI4,1,157.0
head_diameter,2023,M3,LI4,1,18.0
plant_height,2023,M3,LI4,1,160.0
head_diameter,2023,M3,LI4,1,13.0
plant_height,2023,M3,LI4,1,157.0
head_diameter,2023,M3,LI4,1,18.0
plant_height,2023,M3,LI4,1,160.0
head_diameter,2023,M3,LI4,1,18.0
plant_height,2023,M3,LI4,1,152.0
head_diameter,2023,M3,LI4,1,19.0
plant_height,2023,M3,LI4,1,165.0
head_diameter,2023,M3,LI4,1,18.0
plant_height,2023,M3,LI4,1,149.0
head_diameter,2023,M3,LI4,1,21.0
plant_height,2023,M3,LI4,1,157.0
head_diameter,2023,M3,LI4,1,17.0
plant_height,2023,M3,LI4,1,150.0
head_diameter,2023,M3,LI4,1,18.0
plant_height,2023,M3,LI4,1,153.0
head_diameter,2023,M3,LI4,1,22.0
plant_height,2023,M3,LI4,2,157.0
head_diameter,2023,M3,LI4,2,13.0
plant_height,2023,M3,LI4,2,148.0
head_diameter,2023,M3,LI4,2,15.0
plant_height,2023,M3,LI4,2,152.0
head_diameter,2023,M3,LI4,2,17.0
plant_height,2023,M3,LI4,2,146.0
head_diameter,2023,M3,LI4,2,19.0
plant_height,2023,M3,LI4,2,159.0
head_diameter,2023,M3,LI4,2,15.0
plant_height,2023,M3,LI4,2,154.0
head_diameter,2023,M3,LI4,2,18.0
plant_height,2023,M3,LI4,2,142.0
head_diameter,2023,M3,LI4,2,17.0
plant_height,2023,M3,LI4,2,146.0
head_diameter,2023,M3,LI4,2,18.0
plant_height,2023,M3,LI4,2,153.0
head_diameter,2023,M3,LI4,2,18.0
plant_height,2023,M3,LI4,2,161.0
head_diameter,2023,M3,LI4,2,16.0
plant_height,2023,M3,LI4,3,171.0
head_diameter,2023,M3,LI4,3,15.0
plant_height,2023,M3,LI4,3,154.0
head_diameter,2023,M3,LI4,3,21.0
plant_height,2023,M3,LI4,3,163.0
head_diameter,2023,M3,LI4,3,17.0
plant_height,2023,M3,LI4,3,167.0
head_diameter,2023,M3,LI4,3,20.0
plant_height,2023,M3,LI4,3,160.0
head_diameter,2023,M3,LI4,3,17.0
plant_height,2023,M3,LI4,3,157.0
head_diameter,2023,M3,LI4,3,19.5
plant_height,2023,M3,LI4,3,168.0
head_diameter,2023,M3,LI4,3,16.0
plant_height,2023,M3,LI4,3,173.0
head_diameter,2023,M3,LI4,3,19.0
plant_height,2023,M3,LI4,3,164.0
head_diameter,2023,M3,LI4,3,18.0
plant_height,2023,M3,LI4,3,168.0
head_diameter,2023,M3,LI4,3,16.0
plant_height,2023,M3,LI5,1,151.0
head_diameter,2023,M3,LI5,1,18.0
plant_height,2023,M3,LI5,1,155.0
head_diameter,2023,M3,LI5,1,16.0
plant_height,2023,M3,LI5,1,152.0
head_diameter,2023,M3,LI5,1,20.0
plant_height,2023,M3,LI5,1,151.0
head_diameter,2023,M3,LI5,1,20.0
plant_height,2023,M3,LI5,1,163.0
head_diameter,2023,M3,LI5,1,17.0
plant_height,2023,M3,LI5,1,151.0
head_diameter,2023,M3,LI5,1,20.0
plant_height,2023,M3,LI5,1,155.0
head_diameter,2023,M3,LI5,1,21.0
plant_height,2023,M3,LI5,1,147.0
head_diameter,2023,M3,LI5,1,23.0
plant_height,2023,M3,LI5,1,156.0
head_diameter,2023,M3,LI5,1,23.0
plant_height,2023,M3,LI5,1,156.0
head_diameter,2023,M3,LI5,1,17.0
plant_height,2023,M3,LI5,2,162.0
head_diameter,2023,M3,LI5,2,15.0
plant_height,2023,M3,LI5,2,172.0
head_diameter,2023,M3,LI5,2,17.0
plant_height,2023,M3,LI5,2,166.0
head_diameter,2023,M3,LI5,2,13.0
plant_height,2023,M3,LI5,2,165.0
head_diameter,2023,M3,LI5,2,19.0
plant_height,2023,M3,LI5,2,166.0
head_diameter,2023,M3,LI5,2,18.0
plant_height,2023,M3,LI5,2,161.0
head_diameter,2023,M3,LI5,2,19.5
plant_height,2023,M3,LI5,2,164.0
head_diameter,2023,M3,LI5,2,20.0
plant_height,2023,M3,LI5,2,166.0
head_diameter,2023,M3,LI5,2,20.0
plant_height,2023,M3,LI5,2,155.0
head_diameter,2023,M3,LI5,2,19.0
plant_height,2023,M3,LI5,2,151.0
head_diameter,2023,M3,LI5,2,21.0
plant_height,2023,M3,LI5,3,167.0
head_diameter,2023,M3,LI5,3,23.0
plant_height,2023,M3,LI5,3,166.0
head_diameter,2023,M3,LI5,3,25.0
plant_height,2023,M3,LI5,3,168.0
head_diameter,2023,M3,LI5,3,23.0
plant_height,2023,M3,LI5,3,168.0
head_diameter,2023,M3,LI5,3,17.0
plant_height,2023,M3,LI5,3,167.0
head_diameter,2023,M3,LI5,3,22.0
plant_height,2023,M3,LI5,3,151.0
head_diameter,2023,M3,LI5,3,15.0
plant_height,2023,M3,LI5,3,153.0
head_diameter,2023,M3,LI5,3,20.0
plant_height,2023,M3,LI5,3,154.0
head_diameter,2023,M3,LI5,3,24.0
plant_height,2023,M3,LI5,3,167.0
head_diameter,2023,M3,LI5,3,24.5
plant_height,2023,M3,LI5,3,169.0
head_diameter,2023,M3,LI5,3,21.0
plant_height,2023,M3,LI6,1,172.0
head_diameter,2023,M3,LI6,1,19.0
plant_height,2023,M3,LI6,1,165.0
head_diameter,2023,M3,LI6,1,23.5
plant_height,2023,M3,LI6,1,176.0
head_diameter,2023,M3,LI6,1,17.0
plant_height,2023,M3,LI6,1,179.0
head_diameter,2023,M3,LI6,1,21.0
plant_height,2023,M3,LI6,1,181.0
head_diameter,2023,M3,LI6,1,19.5
plant_height,2023,M3,LI6,1,175.0
head_diameter,2023,M3,LI6,1,17.5
plant_height,2023,M3,LI6,1,168.0
head_diameter,2023,M3,LI6,1,18.0
plant_height,2023,M3,LI6,1,176.0
head_diameter,2023,M3,LI6,1,22.0
plant_height,2023,M3,LI6,1,172.0
head_diameter,2023,M3,LI6,1,20.0
plant_height,2023,M3,LI6,1,177.0
head_diameter,2023,M3,LI6,1,24.0
plant_height,2023,M3,LI6,2,164.0
head_diameter,2023,M3,LI6,2,21.0
plant_height,2023,M3,LI6,2,172.0
head_diameter,2023,M3,LI6,2,22.0
plant_height,2023,M3,LI6,2,170.0
head_diameter,2023,M3,LI6,2,20.5
plant_height,2023,M3,LI6,2,172.0
head_diameter,2023,M3,LI6,2,18.0
plant_height,2023,M3,LI6,2,182.0
head_diameter,2023,M3,LI6,2,19.5
plant_height,2023,M3,LI6,2,183.0
head_diameter,2023,M3,LI6,2,19.5
plant_height,2023,M3,LI6,2,180.0
head_diameter,2023,M3,LI6,2,20.0
plant_height,2023,M3,LI6,2,174.0
head_diameter,2023,M3,LI6,2,17.0
plant_height,2023,M3,LI6,2,183.0
head_diameter,2023,M3,LI6,2,16.5
plant_height,2023,M3,LI6,2,188.0
head_diameter,2023,M3,LI6,2,18.5
plant_height,2023,M3,LI6,3,186.0
head_diameter,2023,M3,LI6,3,24.0
plant_height,2023,M3,LI6,3,181.0
head_diameter,2023,M3,LI6,3,18.5
plant_height,2023,M3,LI6,3,174.0
head_diameter,2023,M3,LI6,3,16.0
plant_height,2023,M3,LI6,3,180.0
head_diameter,2023,M3,LI6,3,18.0
plant_height,2023,M3,LI6,3,174.0
head_diameter,2023,M3,LI6,3,15.0
plant_height,2023,M3,LI6,3,187.0
head_diameter,2023,M3,LI6,3,17.0
plant_height,2023,M3,LI6,3,188.0
head_diameter,2023,M3,LI6,3,22.0
plant_height,2023,M3,LI6,3,189.0
head_diameter,2023,M3,LI6,3,19.0
plant_height,2023,M3,LI6,3,190.0
head_diameter,2023,M3,LI6,3,23.5
plant_height,2023,M3,LI6,3,180.0
head_diameter,2023,M3,LI6,3,20.0
plant_height,2023,M3,LI7,1,156.0
head_diameter,2023,M3,LI7,1,17.0
plant_height,2023,M3,LI7,1,166.0
head_diameter,2023,M3,LI7,1,19.0
plant_height,2023,M3,LI7,1,173.0
head_diameter,2023,M3,LI7,1,16.0
plant_height,2023,M3,LI7,1,176.0
head_diameter,2023,M3,LI7,1,15.0
plant_height,2023,M3,LI7,1,180.0
head_diameter,2023,M3,LI7,1,18.0
plant_height,2023,M3,LI7,1,180.0
head_diameter,2023,M3,LI7,1,18.0
plant_height,2023,M3,LI7,1,161.0
head_diameter,2023,M3,LI7,1,17.0
plant_height,2023,M3,LI7,1,168.0
head_diameter,2023,M3,LI7,1,18.0
plant_height,2023,M3,LI7,1,159.0
head_diameter,2023,M3,LI7,1,18.0
plant_height,2023,M3,LI7,1,159.0
head_diameter,2023,M3,LI7,1,17.0
plant_height,2023,M3,LI7,1,161.0
head_diameter,2023,M3,LI7,1,17.0
plant_height,2023,M3,LI7,1,165.0
head_diameter,2023,M3,LI7,1,21.0
plant_height,2023,M3,LI7,1,162.0
head_diameter,2023,M3,LI7,1,18.0
plant_height,2023,M3,LI7,1,172.0
head_diameter,2023,M3,LI7,1,14.0
plant_height,2023,M3,LI7,1,158.0
head_diameter,2023,M3,LI7,1,18.0
plant_height,2023,M3,LI7,2,170.0
head_diameter,2023,M3,LI7,2,17.0
plant_height,2023,M3,LI7,2,165.0
head_diameter,2023,M3,LI7,2,20.0
plant_height,2023,M3,LI7,2,168.0
head_diameter,2023,M3,LI7,2,21.0
plant_height,2023,M3,LI7,2,165.0
head_diameter,2023,M3,LI7,2,15.0
plant_height,2023,M3,LI7,2,159.0
head_diameter,2023,M3,LI7,2,18.0
plant_height,2023,M3,LI7,2,164.0
head_diameter,2023,M3,LI7,2,17.0
plant_height,2023,M3,LI7,2,175.0
head_diameter,2023,M3,LI7,2,17.0
plant_height,2023,M3,LI7,2,178.0
head_diameter,2023,M3,LI7,2,19.0
plant_height,2023,M3,LI7,2,172.0
head_diameter,2023,M3,LI7,2,17.0
plant_height,2023,M3,LI7,2,176.0
head_diameter,2023,M3,LI7,2,19.0
plant_height,2023,M3,LI7,2,177.0
head_diameter,2023,M3,LI7,2,20.0
plant_height,2023,M3,LI7,2,178.0
head_diameter,2023,M3,LI7,2,22.0
plant_height,2023,M3,LI7,2,177.0
head_diameter,2023,M3,LI7,2,20.0
plant_height,2023,M3,LI7,2,181.0
head_diameter,2023,M3,LI7,2,21.0
plant_height,2023,M3,LI7,2,181.0
head_diameter,2023,M3,LI7,2,20.0
plant_height,2023,M3,LI7,3,180.0
head_diameter,2023,M3,LI7,3,18.0
plant_height,2023,M3,LI7,3,181.0
head_diameter,2023,M3,LI7,3,16.0
plant_height,2023,M3,LI7,3,188.0
head_diameter,2023,M3,LI7,3,19.0
plant_height,2023,M3,LI7,3,184.0
head_diameter,2023,M3,LI7,3,19.0
plant_height,2023,M3,LI7,3,182.0
head_diameter,2023,M3,LI7,3,18.0
plant_height,2023,M3,LI7,3,184.0
head_diameter,2023,M3,LI7,3,17.0
plant_height,2023,M3,LI7,3,178.0
head_diameter,2023,M3,LI7,3,19.0
plant_height,2023,M3,LI7,3,186.0
head_diameter,2023,M3,LI7,3,19.0
plant_height,2023,M3,LI7,3,180.0
head_diameter,2023,M3,LI7,3,15.0
plant_height,2023,M3,LI7,3,181.0
head_diameter,2023,M3,LI7,3,17.0
plant_height,2023,M3,LI7,3,183.0
head_diameter,2023,M3,LI7,3,18.0
plant_height,2023,M3,LI7,3,182.0
head_diameter,2023,M3,LI7,3,19.0
plant_height,2023,M3,LI7,3,177.0
head_diameter,2023,M3,LI7,3,20.0
plant_height,2023,M3,LI7,3,182.0
head_diameter,2023,M3,LI7,3,18.0
plant_height,2023,M3,LI7,3,167.0
head_diameter,2023,M3,LI7,3,21.0
plant_height,2023,M3,LI8,1,160.0
head_diameter,2023,M3,LI8,1,18.0
plant_height,2023,M3,LI8,1,178.0
head_diameter,2023,M3,LI8,1,18.0
plant_height,2023,M3,LI8,1,172.0
head_diameter,2023,M3,LI8,1,22.0
plant_height,2023,M3,LI8,1,166.0
head_diameter,2023,M3,LI8,1,22.0
plant_height,2023,M3,LI8,1,173.0
head_diameter,2023,M3,LI8,1,17.0
plant_height,2023,M3,LI8,1,174.0
head_diameter,2023,M3,LI8,1,18.0
plant_height,2023,M3,LI8,1,174.0
head_diameter,2023,M3,LI8,1,19.0
plant_height,2023,M3,LI8,1,167.0
head_diameter,2023,M3,LI8,1,18.0
plant_height,2023,M3,LI8,1,171.0
head_diameter,2023,M3,LI8,1,17.0
plant_height,2023,M3,LI8,1,165.0
head_diameter,2023,M3,LI8,1,15.0
plant_height,2023,M3,LI8,1,168.0
head_diameter,2023,M3,LI8,1,16.0
plant_height,2023,M3,LI8,1,178.0
head_diameter,2023,M3,LI8,1,18.0
plant_height,2023,M3,LI8,1,182.0
head_diameter,2023,M3,LI8,1,21.0
plant_height,2023,M3,LI8,1,176.0
head_diameter,2023,M3,LI8,1,19.0
plant_height,2023,M3,LI8,1,170.0
head_diameter,2023,M3,LI8,1,19.0
plant_height,2023,M3,LI8,2,186.0
head_diameter,2023,M3,LI8,2,19.0
plant_height,2023,M3,LI8,2,181.0
head_diameter,2023,M3,LI8,2,20.0
plant_height,2023,M3,LI8,2,180.0
head_diameter,2023,M3,LI8,2,15.0
plant_height,2023,M3,LI8,2,181.0
head_diameter,2023,M3,LI8,2,18.0
plant_height,2023,M3,LI8,2,182.0
head_diameter,2023,M3,LI8,2,18.0
plant_height,2023,M3,LI8,2,183.0
head_diameter,2023,M3,LI8,2,17.0
plant_height,2023,M3,LI8,2,177.0
head_diameter,2023,M3,LI8,2,19.0
plant_height,2023,M3,LI8,2,162.0
head_diameter,2023,M3,LI8,2,19.0
plant_height,2023,M3,LI8,2,167.0
head_diameter,2023,M3,LI8,2,17.0
plant_height,2023,M3,LI8,2,170.0
head_diameter,2023,M3,LI8,2,18.0
plant_height,2023,M3,LI8,2,167.0
head_diameter,2023,M3,LI8,2,19.0
plant_height,2023,M3,LI8,2,166.0
head_diameter,2023,M3,LI8,2,15.0
plant_height,2023,M3,LI8,2,167.0
head_diameter,2023,M3,LI8,2,17.0
plant_height,2023,M3,LI8,2,161.0
head_diameter,2023,M3,LI8,2,19.0
plant_height,2023,M3,LI8,2,163.0
head_diameter,2023,M3,LI8,2,19.0
plant_height,2023,M3,LI8,3,172.0
head_diameter,2023,M3,LI8,3,18.0
plant_height,2023,M3,LI8,3,175.0
head_diameter,2023,M3,LI8,3,20.0
plant_height,2023,M3,LI8,3,172.0
head_diameter,2023,M3,LI8,3,23.0
plant_height,2023,M3,LI8,3,168.0
head_diameter,2023,M3,LI8,3,16.0
plant_height,2023,M3,LI8,3,175.0
head_diameter,2023,M3,LI8,3,18.0
plant_height,2023,M3,LI8,3,183.0
head_diameter,2023,M3,LI8,3,17.0
plant_height,2023,M3,LI8,3,172.0
head_diameter,2023,M3,LI8,3,21.0
plant_height,2023,M3,LI8,3,167.0
head_diameter,2023,M3,LI8,3,23.0
plant_height,2023,M3,LI8,3,173.0
head_diameter,2023,M3,LI8,3,18.0
plant_height,2023,M3,LI8,3,175.0
head_diameter,2023,M3,LI8,3,20.0
plant_height,2023,M3,LI8,3,170.0
head_diameter,2023,M3,LI8,3,19.0
plant_height,2023,M3,LI8,3,173.0
head_diameter,2023,M3,LI8,3,19.0
plant_height,2023,M3,LI8,3,169.0
head_diameter,2023,M3,LI8,3,23.0
plant_height,2023,M3,LI8,3,180.0
head_diameter,2023,M3,LI8,3,21.0
plant_height,2023,M3,LI8,3,174.0
head_diameter,2023,M3,LI8,3,20.0
plant_height,2023,M3,LI9,1,176.0
head_diameter,2023,M3,LI9,1,16.0
plant_height,2023,M3,LI9,1,160.0
head_diameter,2023,M3,LI9,1,22.0
plant_height,2023,M3,LI9,1,151.0
head_diameter,2023,M3,LI9,1,19.0
plant_height,2023,M3,LI9,1,161.0
head_diameter,2023,M3,LI9,1,18.0
plant_height,2023,M3,LI9,1,161.0
head_diameter,2023,M3,LI9,1,19.0
plant_height,2023,M3,LI9,1,164.0
head_diameter,2023,M3,LI9,1,18.0
plant_height,2023,M3,LI9,1,162.0
head_diameter,2023,M3,LI9,1,17.0
plant_height,2023,M3,LI9,1,152.0
head_diameter,2023,M3,LI9,1,18.0
plant_height,2023,M3,LI9,1,165.0
head_diameter,2023,M3,LI9,1,17.0
plant_height,2023,M3,LI9,1,164.0
head_diameter,2023,M3,LI9,1,18.0
plant_height,2023,M3,LI9,2,157.0
head_diameter,2023,M3,LI9,2,16.0
plant_height,2023,M3,LI9,2,159.0
head_diameter,2023,M3,LI9,2,16.0
plant_height,2023,M3,LI9,2,149.0
head_diameter,2023,M3,LI9,2,20.0
plant_height,2023,M3,LI9,2,143.0
head_diameter,2023,M3,LI9,2,20.0
plant_height,2023,M3,LI9,2,147.0
head_diameter,2023,M3,LI9,2,21.0
plant_height,2023,M3,LI9,2,151.0
head_diameter,2023,M3,LI9,2,15.0
plant_height,2023,M3,LI9,2,141.0
head_diameter,2023,M3,LI9,2,19.5
plant_height,2023,M3,LI9,2,151.0
head_diameter,2023,M3,LI9,2,20.0
plant_height,2023,M3,LI9,2,152.0
head_diameter,2023,M3,LI9,2,18.0
plant_height,2023,M3,LI9,2,142.0
head_diameter,2023,M3,LI9,2,18.0
plant_height,2023,M3,LI9,3,169.0
head_diameter,2023,M3,LI9,3,21.0
plant_height,2023,M3,LI9,3,171.0
head_diameter,2023,M3,LI9,3,22.0
plant_height,2023,M3,LI9,3,171.0
head_diameter,2023,M3,LI9,3,21.0
plant_height,2023,M3,LI9,3,170.0
head_diameter,2023,M3,LI9,3,18.0
plant_height,2023,M3,LI9,3,151.0
head_diameter,2023,M3,LI9,3,22.0
plant_height,2023,M3,LI9,3,162.0
head_diameter,2023,M3,LI9,3,18.0
plant_height,2023,M3,LI9,3,158.0
head_diameter,2023,M3,LI9,3,17.0
plant_height,2023,M3,LI9,3,161.0
head_diameter,2023,M3,LI9,3,13.0
plant_height,2023,M3,LI9,3,172.0
head_diameter,2023,M3,LI9,3,14.0
plant_height,2023,M3,LI9,3,172.0
head_diameter,2023,M3,LI9,3,16.0
plant_height,2023,M3,LI10,1,144.0
head_diameter,2023,M3,LI10,1,15.0
plant_height,2023,M3,LI10,1,147.0
head_diameter,2023,M3,LI10,1,16.0
plant_height,2023,M3,LI10,1,154.0
head_diameter,2023,M3,LI10,1,13.0
plant_height,2023,M3,LI10,1,146.0
head_diameter,2023,M3,LI10,1,13.0
plant_height,2023,M3,LI10,1,148.0
head_diameter,2023,M3,LI10,1,12.0
plant_height,2023,M3,LI10,1,147.0
head_diameter,2023,M3,LI10,1,16.0
plant_height,2023,M3,LI10,1,146.0
head_diameter,2023,M3,LI10,1,14.0
plant_height,2023,M3,LI10,1,151.0
head_diameter,2023,M3,LI10,1,15.0
plant_height,2023,M3,LI10,1,139.0
head_diameter,2023,M3,LI10,1,19.0
plant_height,2023,M3,LI10,1,132.0
head_diameter,2023,M3,LI10,1,15.0
plant_height,2023,M3,LI10,2,130.0
head_diameter,2023,M3,LI10,2,16.0
plant_height,2023,M3,LI10,2,135.0
head_diameter,2023,M3,LI10,2,17.0
plant_height,2023,M3,LI10,2,131.0
head_diameter,2023,M3,LI10,2,22.0
plant_height,2023,M3,LI10,2,137.0
head_diameter,2023,M3,LI10,2,21.0
plant_height,2023,M3,LI10,2,138.0
head_diameter,2023,M3,LI10,2,14.0
plant_height,2023,M3,LI10,2,144.0
head_diameter,2023,M3,LI10,2,14.0
plant_height,2023,M3,LI10,2,149.0
head_diameter,2023,M3,LI10,2,17.0
plant_height,2023,M3,LI10,2,151.0
head_diameter,2023,M3,LI10,2,17.0
plant_height,2023,M3,LI10,2,149.0
head_diameter,2023,M3,LI10,2,17.0
plant_height,2023,M3,LI10,2,148.0
head_diameter,2023,M3,LI10,2,17.0
plant_height,2023,M3,LI10,3,152.0
head_diameter,2023,M3,LI10,3,21.0
plant_height,2023,M3,LI10,3,129.0
head_diameter,2023,M3,LI10,3,18.0
plant_height,2023,M3,LI10,3,135.0
head_diameter,2023,M3,LI10,3,17.0
plant_height,2023,M3,LI10,3,144.0
head_diameter,2023,M3,LI10,3,20.0
plant_height,2023,M3,LI10,3,154.0
head_diameter,2023,M3,LI10,3,22.0
plant_height,2023,M3,LI10,3,143.0
head_diameter,2023,M3,LI10,3,20.0
plant_height,2023,M3,LI10,3,128.0
head_diameter,2023,M3,LI10,3,16.0
plant_height,2023,M3,LI10,3,139.0
head_diameter,2023,M3,LI10,3,17.0
plant_height,2023,M3,LI10,3,147.0
head_diameter,2023,M3,LI10,3,20.0
plant_height,2023,M3,LI10,3,141.0
head_diameter,2023,M3,LI10,3,16.0
plant_height,2023,M3,LI11,1,180.0
head_diameter,2023,M3,LI11,1,18.0
plant_height,2023,M3,LI11,1,178.0
head_diameter,2023,M3,LI11,1,21.0
plant_height,2023,M3,LI11,1,181.0
head_diameter,2023,M3,LI11,1,20.0
plant_height,2023,M3,LI11,1,181.0
head_diameter,2023,M3,LI11,1,17.0
plant_height,2023,M3,LI11,1,177.0
head_diameter,2023,M3,LI11,1,14.5
plant_height,2023,M3,LI11,1,187.0
head_diameter,2023,M3,LI11,1,20.5
plant_height,2023,M3,LI11,1,186.0
head_diameter,2023,M3,LI11,1,15.5
plant_height,2023,M3,LI11,1,192.0
head_diameter,2023,M3,LI11,1,19.5
plant_height,2023,M3,LI11,1,192.0
head_diameter,2023,M3,LI11,1,19.0
plant_height,2023,M3,LI11,1,184.0
head_diameter,2023,M3,LI11,1,22.0
plant_height,2023,M3,LI11,1,185.0
head_diameter,2023,M3,LI11,1,20.0
plant_height,2023,M3,LI11,1,187.0
head_diameter,2023,M3,LI11,1,17.0
plant_height,2023,M3,LI11,1,190.0
head_diameter,2023,M3,LI11,1,19.0
plant_height,2023,M3,LI11,1,184.0
head_diameter,2023,M3,LI11,1,23.0
plant_height,2023,M3,LI11,1,189.0
head_diameter,2023,M3,LI11,1,21.5
plant_height,2023,M3,LI11,2,169.0
head_diameter,2023,M3,LI11,2,17.0
plant_height,2023,M3,LI11,2,166.0
head_diameter,2023,M3,LI11,2,19.0
plant_height,2023,M3,LI11,2,174.0
head_diameter,2023,M3,LI11,2,19.0
plant_height,2023,M3,LI11,2,169.0
head_diameter,2023,M3,LI11,2,17.0
plant_height,2023,M3,LI11,2,172.0
head_diameter,2023,M3,LI11,2,20.0
plant_height,2023,M3,LI11,2,170.0
head_diameter,2023,M3,LI11,2,18.0
plant_height,2023,M3,LI11,2,169.0
head_diameter,2023,M3,LI11,2,18.0
plant_height,2023,M3,LI11,2,168.0
head_diameter,2023,M3,LI11,2,16.0
plant_height,2023,M3,LI11,2,167.0
head_diameter,2023,M3,LI11,2,18.0
plant_height,2023,M3,LI11,2,164.0
head_diameter,2023,M3,LI11,2,18.0
plant_height,2023,M3,LI11,2,167.0
head_diameter,2023,M3,LI11,2,19.0
plant_height,2023,M3,LI11,2,179.0
head_diameter,2023,M3,LI11,2,15.0
plant_height,2023,M3,LI11,2,173.0
head_diameter,2023,M3,LI11,2,17.0
plant_height,2023,M3,LI11,2,175.0
head_diameter,2023,M3,LI11,2,15.0
plant_height,2023,M3,LI11,2,173.0
head_diameter,2023,M3,LI11,2,17.0
plant_height,2023,M3,LI11,3,172.0
head_diameter,2023,M3,LI11,3,18.0
plant_height,2023,M3,LI11,3,173.0
head_diameter,2023,M3,LI11,3,17.0
plant_height,2023,M3,LI11,3,173.0
head_diameter,2023,M3,LI11,3,14.0
plant_height,2023,M3,LI11,3,176.0
head_diameter,2023,M3,LI11,3,19.0
plant_height,2023,M3,LI11,3,171.0
head_diameter,2023,M3,LI11,3,17.0
plant_height,2023,M3,LI11,3,172.0
head_diameter,2023,M3,LI11,3,19.0
plant_height,2023,M3,LI11,3,168.0
head_diameter,2023,M3,LI11,3,18.0
plant_height,2023,M3,LI11,3,167.0
head_diameter,2023,M3,LI11,3,15.0
plant_height,2023,M3,LI11,3,180.0
head_diameter,2023,M3,LI11,3,22.0
plant_height,2023,M3,LI11,3,174.0
head_diameter,2023,M3,LI11,3,18.0
plant_height,2023,M3,LI11,3,176.0
head_diameter,2023,M3,LI11,3,19.0
plant_height,2023,M3,LI11,3,176.0
head_diameter,2023,M3,LI11,3,20.0
plant_height,2023,M3,LI11,3,182.0
head_diameter,2023,M3,LI11,3,22.0
plant_height,2023,M3,LI11,3,178.0
head_diameter,2023,M3,LI11,3,20.0
plant_height,2023,M3,LI11,3,182.0
head_diameter,2023,M3,LI11,3,21.0
plant_height,2023,M3,LI12,1,188.0
head_diameter,2023,M3,LI12,1,16.0
plant_height,2023,M3,LI12,1,187.0
head_diameter,2023,M3,LI12,1,19.0
plant_height,2023,M3,LI12,1,198.0
head_diameter,2023,M3,LI12,1,19.0
plant_height,2023,M3,LI12,1,188.0
head_diameter,2023,M3,LI12,1,19.0
plant_height,2023,M3,LI12,1,187.0
head_diameter,2023,M3,LI12,1,20.5
plant_height,2023,M3,LI12,1,192.0
head_diameter,2023,M3,LI12,1,18.0
plant_height,2023,M3,LI12,1,186.0
head_diameter,2023,M3,LI12,1,19.0
plant_height,2023,M3,LI12,1,187.0
head_diameter,2023,M3,LI12,1,18.0
plant_height,2023,M3,LI12,1,183.0
head_diameter,2023,M3,LI12,1,21.0
plant_height,2023,M3,LI12,1,188.0
head_diameter,2023,M3,LI12,1,22.0
plant_height,2023,M3,LI12,2,183.0
head_diameter,2023,M3,LI12,2,20.0
plant_height,2023,M3,LI12,2,191.0
head_diameter,2023,M3,LI12,2,15.0
plant_height,2023,M3,LI12,2,188.0
head_diameter,2023,M3,LI12,2,16.0
plant_height,2023,M3,LI12,2,185.0
head_diameter,2023,M3,LI12,2,17.0
plant_height,2023,M3,LI12,2,174.0
head_diameter,2023,M3,LI12,2,10.5
plant_height,2023,M3,LI12,2,176.0
head_diameter,2023,M3,LI12,2,19.0
plant_height,2023,M3,LI12,2,180.0
head_diameter,2023,M3,LI12,2,14.5
plant_height,2023,M3,LI12,2,179.0
head_diameter,2023,M3,LI12,2,17.0
plant_height,2023,M3,LI12,2,176.0
head_diameter,2023,M3,LI12,2,18.0
plant_height,2023,M3,LI12,2,173.0
head_diameter,2023,M3,LI12,2,20.0
plant_height,2023,M3,LI12,2,178.0
head_diameter,2023,M3,LI12,2,13.5
plant_height,2023,M3,LI12,3,166.0
head_diameter,2023,M3,LI12,3,18.0
plant_height,2023,M3,LI12,3,164.0
head_diameter,2023,M3,LI12,3,18.0
plant_height,2023,M3,LI12,3,178.0
head_diameter,2023,M3,LI12,3,19.0
plant_height,2023,M3,LI12,3,176.0
head_diameter,2023,M3,LI12,3,15.5
plant_height,2023,M3,LI12,3,177.0
head_diameter,2023,M3,LI12,3,19.0
plant_height,2023,M3,LI12,3,171.0
head_diameter,2023,M3,LI12,3,16.0
plant_height,2023,M3,LI12,3,183.0
head_diameter,2023,M3,LI12,3,18.5
plant_height,2023,M3,LI12,3,181.0
head_diameter,2023,M3,LI12,3,18.0
plant_height,2023,M3,LI12,3,174.0
head_diameter,2023,M3,LI12,3,19.0
plant_height,2023,M3,LI12,3,175.0
head_diameter,2023,M3,LI12,3,20.0
plant_height,2023,M3,LI13,1,183.0
head_diameter,2023,M3,LI13,1,20.0
plant_height,2023,M3,LI13,1,178.0
head_diameter,2023,M3,LI13,1,16.0
plant_height,2023,M3,LI13,1,177.0
head_diameter,2023,M3,LI13,1,20.0
plant_height,2023,M3,LI13,1,173.0
head_diameter,2023,M3,LI13,1,16.0
plant_height,2023,M3,LI13,1,180.0
head_diameter,2023,M3,LI13,1,22.0
plant_height,2023,M3,LI13,1,180.0
head_diameter,2023,M3,LI13,1,17.0
plant_height,2023,M3,LI13,1,185.0
head_diameter,2023,M3,LI13,1,16.0
plant_height,2023,M3,LI13,1,182.0
head_diameter,2023,M3,LI13,1,20.0
plant_height,2023,M3,LI13,1,177.0
head_diameter,2023,M3,LI13,1,20.0
plant_height,2023,M3,LI13,1,180.0
head_diameter,2023,M3,LI13,1,19.0
plant_height,2023,M3,LI13,1,180.0
head_diameter,2023,M3,LI13,1,13.0
plant_height,2023,M3,LI13,1,178.0
head_diameter,2023,M3,LI13,1,16.0
plant_height,2023,M3,LI13,1,178.0
head_diameter,2023,M3,LI13,1,20.0
plant_height,2023,M3,LI13,1,182.0
head_diameter,2023,M3,LI13,1,20.0
plant_height,2023,M3,LI13,1,181.0
head_diameter,2023,M3,LI13,1,18.0
plant_height,2023,M3,LI13,2,186.0
head_diameter,2023,M3,LI13,2,19.0
plant_height,2023,M3,LI13,2,182.0
head_diameter,2023,M3,LI13,2,19.0
plant_height,2023,M3,LI13,2,185.0
head_diameter,2023,M3,LI13,2,17.0
plant_height,2023,M3,LI13,2,192.0
head_diameter,2023,M3,LI13,2,17.0
plant_height,2023,M3,LI13,2,196.0
head_diameter,2023,M3,LI13,2,13.0
plant_height,2023,M3,LI13,2,181.0
head_diameter,2023,M3,LI13,2,19.0
plant_height,2023,M3,LI13,2,189.0
head_diameter,2023,M3,LI13,2,15.0
plant_height,2023,M3,LI13,2,183.0
head_diameter,2023,M3,LI13,2,19.0
plant_height,2023,M3,LI13,2,183.0
head_diameter,2023,M3,LI13,2,16.0
plant_height,2023,M3,LI13,2,181.0
head_diameter,2023,M3,LI13,2,16.0
plant_height,2023,M3,LI13,2,179.0
head_diameter,2023,M3,LI13,2,18.0
plant_height,2023,M3,LI13,2,187.0
head_diameter,2023,M3,LI13,2,17.0
plant_height,2023,M3,LI13,2,174.0
head_diameter,2023,M3,LI13,2,16.0
plant_height,2023,M3,LI13,2,183.0
head_diameter,2023,M3,LI13,2,15.0
plant_height,2023,M3,LI13,2,170.0
head_diameter,2023,M3,LI13,2,20.0
plant_height,2023,M3,LI13,3,170.0
head_diameter,2023,M3,LI13,3,15.0
plant_height,2023,M3,LI13,3,172.0
head_diameter,2023,M3,LI13,3,17.0
plant_height,2023,M3,LI13,3,175.0
head_diameter,2023,M3,LI13,3,16.0
plant_height,2023,M3,LI13,3,173.0
head_diameter,2023,M3,LI13,3,22.0
plant_height,2023,M3,LI13,3,176.0
head_diameter,2023,M3,LI13,3,18.0
plant_height,2023,M3,LI13,3,177.0
head_diameter,2023,M3,LI13,3,18.0
plant_height,2023,M3,LI13,3,168.0
head_diameter,2023,M3,LI13,3,18.0
plant_height,2023,M3,LI13,3,172.0
head_diameter,2023,M3,LI13,3,19.0
plant_height,2023,M3,LI13,3,179.0
head_diameter,2023,M3,LI13,3,20.0
plant_height,2023,M3,LI13,3,167.0
head_diameter,2023,M3,LI13,3,15.0
plant_height,2023,M3,LI13,3,170.0
head_diameter,2023,M3,LI13,3,21.0
plant_height,2023,M3,LI13,3,177.0
head_diameter,2023,M3,LI13,3,18.0
plant_height,2023,M3,LI13,3,172.0
head_diameter,2023,M3,LI13,3,18.0
plant_height,2023,M3,LI13,3,167.0
head_diameter,2023,M3,LI13,3,16.0
plant_height,2023,M3,LI13,3,164.0
head_diameter,2023,M3,LI13,3,19.0
plant_height,2023,M3,LI14,1,166.0
head_diameter,2023,M3,LI14,1,15.0
plant_height,2023,M3,LI14,1,167.0
head_diameter,2023,M3,LI14,1,17.0
plant_height,2023,M3,LI14,1,171.0
head_diameter,2023,M3,LI14,1,15.0
plant_height,2023,M3,LI14,1,166.0
head_diameter,2023,M3,LI14,1,20.0
plant_height,2023,M3,LI14,1,166.0
head_diameter,2023,M3,LI14,1,14.0
plant_height,2023,M3,LI14,1,166.0
head_diameter,2023,M3,LI14,1,16.0
plant_height,2023,M3,LI14,1,167.0
head_diameter,2023,M3,LI14,1,13.0
plant_height,2023,M3,LI14,1,169.0
head_diameter,2023,M3,LI14,1,18.0
plant_height,2023,M3,LI14,1,172.0
head_diameter,2023,M3,LI14,1,15.0
plant_height,2023,M3,LI14,1,169.0
head_diameter,2023,M3,LI14,1,14.0
plant_height,2023,M3,LI14,1,167.0
head_diameter,2023,M3,LI14,1,14.0
plant_height,2023,M3,LI14,1,178.0
head_diameter,2023,M3,LI14,1,19.0
plant_height,2023,M3,LI14,1,174.0
head_diameter,2023,M3,LI14,1,17.0
plant_height,2023,M3,LI14,1,178.0
head_diameter,2023,M3,LI14,1,18.0
plant_height,2023,M3,LI14,1,176.0
head_diameter,2023,M3,LI14,1,17.0
plant_height,2023,M3,LI14,2,170.0
head_diameter,2023,M3,LI14,2,17.0
plant_height,2023,M3,LI14,2,169.0
head_diameter,2023,M3,LI14,2,19.0
plant_height,2023,M3,LI14,2,173.0
head_diameter,2023,M3,LI14,2,17.0
plant_height,2023,M3,LI14,2,166.0
head_diameter,2023,M3,LI14,2,15.0
plant_height,2023,M3,LI14,2,171.0
head_diameter,2023,M3,LI14,2,16.0
plant_height,2023,M3,LI14,2,169.0
head_diameter,2023,M3,LI14,2,16.0
plant_height,2023,M3,LI14,2,169.0
head_diameter,2023,M3,LI14,2,15.0
plant_height,2023,M3,LI14,2,174.0
head_diameter,2023,M3,LI14,2,20.0
plant_height,2023,M3,LI14,2,173.0
head_diameter,2023,M3,LI14,2,17.0
plant_height,2023,M3,LI14,2,180.0
head_diameter,2023,M3,LI14,2,16.0
plant_height,2023,M3,LI14,2,188.0
head_diameter,2023,M3,LI14,2,20.0
plant_height,2023,M3,LI14,2,185.0
head_diameter,2023,M3,LI14,2,18.0
plant_height,2023,M3,LI14,2,182.0
head_diameter,2023,M3,LI14,2,17.0
plant_height,2023,M3,LI14,2,183.0
head_diameter,2023,M3,LI14,2,18.0
plant_height,2023,M3,LI14,2,191.0
head_diameter,2023,M3,LI14,2,17.0
plant_height,2023,M3,LI14,3,163.0
head_diameter,2023,M3,LI14,3,21.0
plant_height,2023,M3,LI14,3,167.0
head_diameter,2023,M3,LI14,3,16.0
plant_height,2023,M3,LI14,3,165.0
head_diameter,2023,M3,LI14,3,20.0
plant_height,2023,M3,LI14,3,168.0
head_diameter,2023,M3,LI14,3,15.0
plant_height,2023,M3,LI14,3,162.0
head_diameter,2023,M3,LI14,3,22.0
plant_height,2023,M3,LI14,3,161.0
head_diameter,2023,M3,LI14,3,19.0
plant_height,2023,M3,LI14,3,172.0
head_diameter,2023,M3,LI14,3,14.0
plant_height,2023,M3,LI14,3,171.0
head_diameter,2023,M3,LI14,3,20.0
plant_height,2023,M3,LI14,3,180.0
head_diameter,2023,M3,LI14,3,18.0
plant_height,2023,M3,LI14,3,177.0
head_diameter,2023,M3,LI14,3,17.0
plant_height,2023,M3,LI14,3,171.0
head_diameter,2023,M3,LI14,3,19.0
plant_height,2023,M3,LI14,3,170.0
head_diameter,2023,M3,LI14,3,17.0
plant_height,2023,M3,LI14,3,172.0
head_diameter,2023,M3,LI14,3,17.0
plant_height,2023,M3,LI14,3,166.0
head_diameter,2023,M3,LI14,3,16.0
plant_height,2023,M3,LI14,3,173.0
head_diameter,2023,M3,LI14,3,18.0
plant_height,2023,M3,LI15,1,169.0
head_diameter,2023,M3,LI15,1,16.0
plant_height,2023,M3,LI15,1,162.0
head_diameter,2023,M3,LI15,1,17.0
plant_height,2023,M3,LI15,1,168.0
head_diameter,2023,M3,LI15,1,12.0
plant_height,2023,M3,LI15,1,170.0
head_diameter,2023,M3,LI15,1,16.0
plant_height,2023,M3,LI15,1,178.0
head_diameter,2023,M3,LI15,1,19.0
plant_height,2023,M3,LI15,1,170.0
head_diameter,2023,M3,LI15,1,14.0
plant_height,2023,M3,LI15,1,170.0
head_diameter,2023,M3,LI15,1,19.0
plant_height,2023,M3,LI15,1,172.0
head_diameter,2023,M3,LI15,1,15.0
plant_height,2023,M3,LI15,1,172.0
head_diameter,2023,M3,LI15,1,17.0
plant_height,2023,M3,LI15,1,174.0
head_diameter,2023,M3,LI15,1,16.0
plant_height,2023,M3,LI15,1,175.0
head_diameter,2023,M3,LI15,1,19.0
plant_height,2023,M3,LI15,1,185.0
head_diameter,2023,M3,LI15,1,16.0
plant_height,2023,M3,LI15,1,180.0
head_diameter,2023,M3,LI15,1,16.0
plant_height,2023,M3,LI15,1,177.0
head_diameter,2023,M3,LI15,1,17.0
plant_height,2023,M3,LI15,1,174.0
head_diameter,2023,M3,LI15,1,17.0
plant_height,2023,M3,LI15,2,189.0
head_diameter,2023,M3,LI15,2,20.0
plant_height,2023,M3,LI15,2,180.0
head_diameter,2023,M3,LI15,2,18.0
plant_height,2023,M3,LI15,2,199.0
head_diameter,2023,M3,LI15,2,20.0
plant_height,2023,M3,LI15,2,197.0
head_diameter,2023,M3,LI15,2,19.0
plant_height,2023,M3,LI15,2,197.0
head_diameter,2023,M3,LI15,2,17.0
plant_height,2023,M3,LI15,2,189.0
head_diameter,2023,M3,LI15,2,19.0
plant_height,2023,M3,LI15,2,192.0
head_diameter,2023,M3,LI15,2,16.0
plant_height,2023,M3,LI15,2,188.0
head_diameter,2023,M3,LI15,2,17.5
plant_height,2023,M3,LI15,2,192.0
head_diameter,2023,M3,LI15,2,20.0
plant_height,2023,M3,LI15,2,185.0
head_diameter,2023,M3,LI15,2,17.0
plant_height,2023,M3,LI15,2,181.0
head_diameter,2023,M3,LI15,2,16.0
plant_height,2023,M3,LI15,2,178.0
head_diameter,2023,M3,LI15,2,19.5
plant_height,2023,M3,LI15,2,181.0
head_diameter,2023,M3,LI15,2,16.0
plant_height,2023,M3,LI15,2,172.0
head_diameter,2023,M3,LI15,2,23.0
plant_height,2023,M3,LI15,2,168.0
head_diameter,2023,M3,LI15,2,21.5
plant_height,2023,M3,LI15,3,165.0
head_diameter,2023,M3,LI15,3,19.0
plant_height,2023,M3,LI15,3,167.0
head_diameter,2023,M3,LI15,3,20.0
plant_height,2023,M3,LI15,3,172.0
head_diameter,2023,M3,LI15,3,19.0
plant_height,2023,M3,LI15,3,167.0
head_diameter,2023,M3,LI15,3,19.0
plant_height,2023,M3,LI15,3,165.0
head_diameter,2023,M3,LI15,3,20.0
plant_height,2023,M3,LI15,3,163.0
head_diameter,2023,M3,LI15,3,20.0
plant_height,2023,M3,LI15,3,163.0
head_diameter,2023,M3,LI15,3,22.0
plant_height,2023,M3,LI15,3,166.0
head_diameter,2023,M3,LI15,3,19.0
plant_height,2023,M3,LI15,3,166.0
head_diameter,2023,M3,LI15,3,18.0
plant_height,2023,M3,LI15,3,169.0
head_diameter,2023,M3,LI15,3,17.0
plant_height,2023,M3,LI15,3,166.0
head_diameter,2023,M3,LI15,3,22.0
plant_height,2023,M3,LI15,3,163.0
head_diameter,2023,M3,LI15,3,18.0
plant_height,2023,M3,LI15,3,168.0
head_diameter,2023,M3,LI15,3,19.0
plant_height,2023,M3,LI15,3,170.0
head_diameter,2023,M3,LI15,3,14.0
plant_height,2023,M3,LI15,3,171.0
head_diameter,2023,M3,LI15,3,20.0
plant_height,2023,M3,LI16,1,174.0
head_diameter,2023,M3,LI16,1,15.0
plant_height,2023,M3,LI16,1,170.0
head_diameter,2023,M3,LI16,1,20.0
plant_height,2023,M3,LI16,1,182.0
head_diameter,2023,M3,LI16,1,25.0
plant_height,2023,M3,LI16,1,167.0
head_diameter,2023,M3,LI16,1,21.0
plant_height,2023,M3,LI16,1,179.0
head_diameter,2023,M3,LI16,1,21.0
plant_height,2023,M3,LI16,1,182.0
head_diameter,2023,M3,LI16,1,20.0
plant_height,2023,M3,LI16,1,180.0
head_diameter,2023,M3,LI16,1,18.0
plant_height,2023,M3,LI16,1,175.0
head_diameter,2023,M3,LI16,1,18.0
plant_height,2023,M3,LI16,1,160.0
head_diameter,2023,M3,LI16,1,17.0
plant_height,2023,M3,LI16,1,162.0
head_diameter,2023,M3,LI16,1,16.0
plant_height,2023,M3,LI16,1,169.0
head_diameter,2023,M3,LI16,1,20.0
plant_height,2023,M3,LI16,1,175.0
head_diameter,2023,M3,LI16,1,18.0
plant_height,2023,M3,LI16,1,183.0
head_diameter,2023,M3,LI16,1,18.0
plant_height,2023,M3,LI16,1,173.0
head_diameter,2023,M3,LI16,1,18.0
plant_height,2023,M3,LI16,1,176.0
head_diameter,2023,M3,LI16,1,16.0
plant_height,2023,M3,LI16,2,179.0
head_diameter,2023,M3,LI16,2,18.5
plant_height,2023,M3,LI16,2,170.0
head_diameter,2023,M3,LI16,2,19.5
plant_height,2023,M3,LI16,2,167.0
head_diameter,2023,M3,LI16,2,18.0
plant_height,2023,M3,LI16,2,171.0
head_diameter,2023,M3,LI16,2,19.0
plant_height,2023,M3,LI16,2,187.0
head_diameter,2023,M3,LI16,2,16.0
plant_height,2023,M3,LI16,2,184.0
head_diameter,2023,M3,LI16,2,20.5
plant_height,2023,M3,LI16,2,180.0
head_diameter,2023,M3,LI16,2,19.5
plant_height,2023,M3,LI16,2,164.0
head_diameter,2023,M3,LI16,2,16.0
plant_height,2023,M3,LI16,2,180.0
head_diameter,2023,M3,LI16,2,17.0
plant_height,2023,M3,LI16,2,186.0
head_diameter,2023,M3,LI16,2,21.5
plant_height,2023,M3,LI16,2,190.0
head_diameter,2023,M3,LI16,2,19.5
plant_height,2023,M3,LI16,2,183.0
head_diameter,2023,M3,LI16,2,15.5
plant_height,2023,M3,LI16,2,190.0
head_diameter,2023,M3,LI16,2,17.0
plant_height,2023,M3,LI16,2,194.0
head_diameter,2023,M3,LI16,2,23.5
plant_height,2023,M3,LI16,2,201.0
head_diameter,2023,M3,LI16,2,16.0
plant_height,2023,M3,LI16,3,172.0
head_diameter,2023,M3,LI16,3,20.0
plant_height,2023,M3,LI16,3,168.0
head_diameter,2023,M3,LI16,3,24.0
plant_height,2023,M3,LI16,3,170.0
head_diameter,2023,M3,LI16,3,24.0
plant_height,2023,M3,LI16,3,164.0
head_diameter,2023,M3,LI16,3,18.0
plant_height,2023,M3,LI16,3,167.0
head_diameter,2023,M3,LI16,3,20.0
plant_height,2023,M3,LI16,3,167.0
head_diameter,2023,M3,LI16,3,21.0
plant_height,2023,M3,LI16,3,168.0
head_diameter,2023,M3,LI16,3,14.0
plant_height,2023,M3,LI16,3,170.0
head_diameter,2023,M3,LI16,3,21.0
plant_height,2023,M3,LI16,3,176.0
head_diameter,2023,M3,LI16,3,18.0
plant_height,2023,M3,LI16,3,164.0
head_diameter,2023,M3,LI16,3,17.0
plant_height,2023,M3,LI16,3,172.0
head_diameter,2023,M3,LI16,3,21.0
plant_height,2023,M3,LI16,3,172.0
head_diameter,2023,M3,LI16,3,17.0
plant_height,2023,M3,LI16,3,172.0
head_diameter,2023,M3,LI16,3,20.0
plant_height,2023,M3,LI16,3,182.0
head_diameter,2023,M3,LI16,3,23.0
plant_height,2023,M3,LI16,3,185.0
head_diameter,2023,M3,LI16,3,20.0
plant_height,2023,M3,LI17,1,193.0
head_diameter,2023,M3,LI17,1,20.0
plant_height,2023,M3,LI17,1,190.0
head_diameter,2023,M3,LI17,1,21.0
plant_height,2023,M3,LI17,1,189.0
head_diameter,2023,M3,LI17,1,20.5
plant_height,2023,M3,LI17,1,185.0
head_diameter,2023,M3,LI17,1,19.0
plant_height,2023,M3,LI17,1,190.0
head_diameter,2023,M3,LI17,1,21.0
plant_height,2023,M3,LI17,1,194.0
head_diameter,2023,M3,LI17,1,20.0
plant_height,2023,M3,LI17,1,198.0
head_diameter,2023,M3,LI17,1,20.0
plant_height,2023,M3,LI17,1,194.0
head_diameter,2023,M3,LI17,1,20.0
plant_height,2023,M3,LI17,1,192.0
head_diameter,2023,M3,LI17,1,18.0
plant_height,2023,M3,LI17,1,187.0
head_diameter,2023,M3,LI17,1,21.0
plant_height,2023,M3,LI17,1,182.0
head_diameter,2023,M3,LI17,1,18.0
plant_height,2023,M3,LI17,1,171.0
head_diameter,2023,M3,LI17,1,19.0
plant_height,2023,M3,LI17,1,177.0
head_diameter,2023,M3,LI17,1,20.5
plant_height,2023,M3,LI17,1,181.0
head_diameter,2023,M3,LI17,1,15.0
plant_height,2023,M3,LI17,1,172.0
head_diameter,2023,M3,LI17,1,20.5
plant_height,2023,M3,LI17,2,202.0
head_diameter,2023,M3,LI17,2,20.0
plant_height,2023,M3,LI17,2,206.0
head_diameter,2023,M3,LI17,2,20.0
plant_height,2023,M3,LI17,2,201.0
head_diameter,2023,M3,LI17,2,16.0
plant_height,2023,M3,LI17,2,199.0
head_diameter,2023,M3,LI17,2,18.0
plant_height,2023,M3,LI17,2,198.0
head_diameter,2023,M3,LI17,2,16.5
plant_height,2023,M3,LI17,2,197.0
head_diameter,2023,M3,LI17,2,16.0
plant_height,2023,M3,LI17,2,200.0
head_diameter,2023,M3,LI17,2,25.5
plant_height,2023,M3,LI17,2,201.0
head_diameter,2023,M3,LI17,2,22.5
plant_height,2023,M3,LI17,2,193.0
head_diameter,2023,M3,LI17,2,17.0
plant_height,2023,M3,LI17,2,197.0
head_diameter,2023,M3,LI17,2,17.0
plant_height,2023,M3,LI17,2,191.0
head_diameter,2023,M3,LI17,2,18.0
plant_height,2023,M3,LI17,2,196.0
head_diameter,2023,M3,LI17,2,21.5
plant_height,2023,M3,LI17,2,190.0
head_diameter,2023,M3,LI17,2,18.5
plant_height,2023,M3,LI17,2,192.0
head_diameter,2023,M3,LI17,2,20.0
plant_height,2023,M3,LI17,2,185.0
head_diameter,2023,M3,LI17,2,20.5
plant_height,2023,M3,LI17,3,190.0
head_diameter,2023,M3,LI17,3,22.0
plant_height,2023,M3,LI17,3,194.0
head_diameter,2023,M3,LI17,3,20.0
plant_height,2023,M3,LI17,3,181.0
head_diameter,2023,M3,LI17,3,22.0
plant_height,2023,M3,LI17,3,184.0
head_diameter,2023,M3,LI17,3,19.0
plant_height,2023,M3,LI17,3,188.0
head_diameter,2023,M3,LI17,3,20.0
plant_height,2023,M3,LI17,3,187.0
head_diameter,2023,M3,LI17,3,19.0
plant_height,2023,M3,LI17,3,185.0
head_diameter,2023,M3,LI17,3,16.0
plant_height,2023,M3,LI17,3,180.0
head_diameter,2023,M3,LI17,3,18.0
plant_height,2023,M3,LI17,3,178.0
head_diameter,2023,M3,LI17,3,20.0
plant_height,2023,M3,LI17,3,183.0
head_diameter,2023,M3,LI17,3,21.0
plant_height,2023,M3,LI17,3,185.0
head_diameter,2023,M3,LI17,3,20.0
plant_height,2023,M3,LI17,3,176.0
head_diameter,2023,M3,LI17,3,20.0
plant_height,2023,M3,LI17,3,180.0
head_diameter,2023,M3,LI17,3,20.0
plant_height,2023,M3,LI17,3,185.0
head_diameter,2023,M3,LI17,3,17.0
plant_height,2023,M3,LI17,3,180.0
head_diameter,2023,M3,LI17,3,19.0
plant_height,2023,M3,LI18,1,186.0
head_diameter,2023,M3,LI18,1,19.0
plant_height,2023,M3,LI18,1,200.0
head_diameter,2023,M3,LI18,1,23.0
plant_height,2023,M3,LI18,1,194.0
head_diameter,2023,M3,LI18,1,20.0
plant_height,2023,M3,LI18,1,183.0
head_diameter,2023,M3,LI18,1,17.0
plant_height,2023,M3,LI18,1,188.0
head_diameter,2023,M3,LI18,1,16.0
plant_height,2023,M3,LI18,1,183.0
head_diameter,2023,M3,LI18,1,17.0
plant_height,2023,M3,LI18,1,186.0
head_diameter,2023,M3,LI18,1,18.5
plant_height,2023,M3,LI18,1,174.0
head_diameter,2023,M3,LI18,1,14.0
plant_height,2023,M3,LI18,1,175.0
head_diameter,2023,M3,LI18,1,16.0
plant_height,2023,M3,LI18,1,176.0
head_diameter,2023,M3,LI18,1,16.0
plant_height,2023,M3,LI18,2,175.0
head_diameter,2023,M3,LI18,2,19.0
plant_height,2023,M3,LI18,2,178.0
head_diameter,2023,M3,LI18,2,18.0
plant_height,2023,M3,LI18,2,173.0
head_diameter,2023,M3,LI18,2,15.0
plant_height,2023,M3,LI18,2,173.0
head_diameter,2023,M3,LI18,2,13.0
plant_height,2023,M3,LI18,2,180.0
head_diameter,2023,M3,LI18,2,18.0
plant_height,2023,M3,LI18,2,188.0
head_diameter,2023,M3,LI18,2,19.0
plant_height,2023,M3,LI18,2,187.0
head_diameter,2023,M3,LI18,2,17.0
plant_height,2023,M3,LI18,2,189.0
head_diameter,2023,M3,LI18,2,19.5
plant_height,2023,M3,LI18,2,192.0
head_diameter,2023,M3,LI18,2,22.0
plant_height,2023,M3,LI18,2,186.0
head_diameter,2023,M3,LI18,2,21.0
plant_height,2023,M3,LI18,3,182.0
head_diameter,2023,M3,LI18,3,22.5
plant_height,2023,M3,LI18,3,185.0
head_diameter,2023,M3,LI18,3,17.0
plant_height,2023,M3,LI18,3,205.0
head_diameter,2023,M3,LI18,3,18.0
plant_height,2023,M3,LI18,3,202.0
head_diameter,2023,M3,LI18,3,21.0
plant_height,2023,M3,LI18,3,197.0
head_diameter,2023,M3,LI18,3,21.0
plant_height,2023,M3,LI18,3,194.0
head_diameter,2023,M3,LI18,3,21.0
plant_height,2023,M3,LI18,3,189.0
head_diameter,2023,M3,LI18,3,18.0
plant_height,2023,M3,LI18,3,187.0
head_diameter,2023,M3,LI18,3,17.0
plant_height,2023,M3,LI18,3,192.0
head_diameter,2023,M3,LI18,3,24.0
plant_height,2023,M3,LI18,3,191.0
head_diameter,2023,M3,LI18,3,18.5
plant_height,2023,M3,LI19,1,172.0
head_diameter,2023,M3,LI19,1,18.0
plant_height,2023,M3,LI19,1,176.0
head_diameter,2023,M3,LI19,1,16.0
plant_height,2023,M3,LI19,1,181.0
head_diameter,2023,M3,LI19,1,16.0
plant_height,2023,M3,LI19,1,185.0
head_diameter,2023,M3,LI19,1,17.0
plant_height,2023,M3,LI19,1,176.0
head_diameter,2023,M3,LI19,1,16.0
plant_height,2023,M3,LI19,1,178.0
head_diameter,2023,M3,LI19,1,15.0
plant_height,2023,M3,LI19,1,189.0
head_diameter,2023,M3,LI19,1,21.0
plant_height,2023,M3,LI19,1,190.0
head_diameter,2023,M3,LI19,1,18.0
plant_height,2023,M3,LI19,1,189.0
head_diameter,2023,M3,LI19,1,18.5
plant_height,2023,M3,LI19,1,188.0
head_diameter,2023,M3,LI19,1,16.0
plant_height,2023,M3,LI19,2,204.0
head_diameter,2023,M3,LI19,2,21.0
plant_height,2023,M3,LI19,2,198.0
head_diameter,2023,M3,LI19,2,15.0
plant_height,2023,M3,LI19,2,195.0
head_diameter,2023,M3,LI19,2,19.0
plant_height,2023,M3,LI19,2,188.0
head_diameter,2023,M3,LI19,2,18.0
plant_height,2023,M3,LI19,2,190.0
head_diameter,2023,M3,LI19,2,21.0
plant_height,2023,M3,LI19,2,193.0
head_diameter,2023,M3,LI19,2,19.5
plant_height,2023,M3,LI19,2,183.0
head_diameter,2023,M3,LI19,2,16.5
plant_height,2023,M3,LI19,2,194.0
head_diameter,2023,M3,LI19,2,17.0
plant_height,2023,M3,LI19,2,190.0
head_diameter,2023,M3,LI19,2,21.0
plant_height,2023,M3,LI19,2,183.0
head_diameter,2023,M3,LI19,2,15.0
plant_height,2023,M3,LI19,3,188.0
head_diameter,2023,M3,LI19,3,19.0
plant_height,2023,M3,LI19,3,189.0
head_diameter,2023,M3,LI19,3,18.0
plant_height,2023,M3,LI19,3,187.0
head_diameter,2023,M3,LI19,3,21.0
plant_height,2023,M3,LI19,3,191.0
head_diameter,2023,M3,LI19,3,18.0
plant_height,2023,M3,LI19,3,195.0
head_diameter,2023,M3,LI19,3,24.0
plant_height,2023,M3,LI19,3,198.0
head_diameter,2023,M3,LI19,3,19.0
plant_height,2023,M3,LI19,3,195.0
head_diameter,2023,M3,LI19,3,20.0
plant_height,2023,M3,LI19,3,194.0
head_diameter,2023,M3,LI19,3,19.0
plant_height,2023,M3,LI19,3,207.0
head_diameter,2023,M3,LI19,3,19.0
plant_height,2023,M3,LI19,3,196.0
head_diameter,2023,M3,LI19,3,21.0
plant_height,2023,M3,LI20,1,155.0
head_diameter,2023,M3,LI20,1,13.0
plant_height,2023,M3,LI20,1,161.0
head_diameter,2023,M3,LI20,1,13.0
plant_height,2023,M3,LI20,1,167.0
head_diameter,2023,M3,LI20,1,14.0
plant_height,2023,M3,LI20,1,157.0
head_diameter,2023,M3,LI20,1,12.0
plant_height,2023,M3,LI20,1,154.0
head_diameter,2023,M3,LI20,1,14.5
plant_height,2023,M3,LI20,1,157.0
head_diameter,2023,M3,LI20,1,17.0
plant_height,2023,M3,LI20,1,159.0
head_diameter,2023,M3,LI20,1,16.0
plant_height,2023,M3,LI20,1,160.0
head_diameter,2023,M3,LI20,1,17.0
plant_height,2023,M3,LI20,1,140.0
head_diameter,2023,M3,LI20,1,20.0
plant_height,2023,M3,LI20,1,150.0
head_diameter,2023,M3,LI20,1,20.0
plant_height,2023,M3,LI20,2,151.0
head_diameter,2023,M3,LI20,2,16.0
plant_height,2023,M3,LI20,2,155.0
head_diameter,2023,M3,LI20,2,15.0
plant_height,2023,M3,LI20,2,157.0
head_diameter,2023,M3,LI20,2,18.0
plant_height,2023,M3,LI20,2,148.0
head_diameter,2023,M3,LI20,2,16.0
plant_height,2023,M3,LI20,2,135.0
head_diameter,2023,M3,LI20,2,13.5
plant_height,2023,M3,LI20,2,154.0
head_diameter,2023,M3,LI20,2,16.0
plant_height,2023,M3,LI20,2,152.0
head_diameter,2023,M3,LI20,2,11.0
plant_height,2023,M3,LI20,2,166.0
head_diameter,2023,M3,LI20,2,16.0
plant_height,2023,M3,LI20,2,160.0
head_diameter,2023,M3,LI20,2,17.0
plant_height,2023,M3,LI20,2,158.0
head_diameter,2023,M3,LI20,2,17.0
plant_height,2023,M3,LI20,3,180.0
head_diameter,2023,M3,LI20,3,15.0
plant_height,2023,M3,LI20,3,183.0
head_diameter,2023,M3,LI20,3,17.0
plant_height,2023,M3,LI20,3,172.0
head_diameter,2023,M3,LI20,3,12.0
plant_height,2023,M3,LI20,3,165.0
head_diameter,2023,M3,LI20,3,13.0
plant_height,2023,M3,LI20,3,159.0
head_diameter,2023,M3,LI20,3,11.0
plant_height,2023,M3,LI20,3,166.0
head_diameter,2023,M3,LI20,3,12.0
plant_height,2023,M3,LI20,3,163.0
head_diameter,2023,M3,LI20,3,13.0
plant_height,2023,M3,LI20,3,156.0
head_diameter,2023,M3,LI20,3,11.0
plant_height,2023,M3,LI20,3,156.0
head_diameter,2023,M3,LI20,3,12.0
plant_height,2023,M3,LI20,3,158.0
head_diameter,2023,M3,LI20,3,10.0
plant_height,2023,M3,LI21,1,154.0
head_diameter,2023,M3,LI21,1,17.0
plant_height,2023,M3,LI21,1,151.0
head_diameter,2023,M3,LI21,1,12.0
plant_height,2023,M3,LI21,1,164.0
head_diameter,2023,M3,LI21,1,18.0
plant_height,2023,M3,LI21,1,162.0
head_diameter,2023,M3,LI21,1,20.0
plant_height,2023,M3,LI21,1,166.0
head_diameter,2023,M3,LI21,1,20.0
plant_height,2023,M3,LI21,1,165.0
head_diameter,2023,M3,LI21,1,18.0
plant_height,2023,M3,LI21,1,163.0
head_diameter,2023,M3,LI21,1,13.0
plant_height,2023,M3,LI21,1,161.0
head_diameter,2023,M3,LI21,1,18.0
plant_height,2023,M3,LI21,1,161.0
head_diameter,2023,M3,LI21,1,18.0
plant_height,2023,M3,LI21,1,163.0
head_diameter,2023,M3,LI21,1,18.0
plant_height,2023,M3,LI21,2,164.0
head_diameter,2023,M3,LI21,2,19.0
plant_height,2023,M3,LI21,2,167.0
head_diameter,2023,M3,LI21,2,19.0
plant_height,2023,M3,LI21,2,167.0
head_diameter,2023,M3,LI21,2,14.0
plant_height,2023,M3,LI21,2,158.0
head_diameter,2023,M3,LI21,2,18.0
plant_height,2023,M3,LI21,2,159.0
head_diameter,2023,M3,LI21,2,16.0
plant_height,2023,M3,LI21,2,164.0
head_diameter,2023,M3,LI21,2,16.0
plant_height,2023,M3,LI21,2,160.0
head_diameter,2023,M3,LI21,2,17.0
plant_height,2023,M3,LI21,2,163.0
head_diameter,2023,M3,LI21,2,18.0
plant_height,2023,M3,LI21,2,161.0
head_diameter,2023,M3,LI21,2,18.0
plant_height,2023,M3,LI21,2,160.0
head_diameter,2023,M3,LI21,2,14.0
plant_height,2023,M3,LI21,3,169.0
head_diameter,2023,M3,LI21,3,15.0
plant_height,2023,M3,LI21,3,175.0
head_diameter,2023,M3,LI21,3,13.0
plant_height,2023,M3,LI21,3,168.0
head_diameter,2023,M3,LI21,3,19.0
plant_height,2023,M3,LI21,3,174.0
head_diameter,2023,M3,LI21,3,17.0
plant_height,2023,M3,LI21,3,169.0
head_diameter,2023,M3,LI21,3,20.0
plant_height,2023,M3,LI21,3,175.0
head_diameter,2023,M3,LI21,3,19.0
plant_height,2023,M3,LI21,3,174.0
head_diameter,2023,M3,LI21,3,19.0
plant_height,2023,M3,LI21,3,171.0
head_diameter,2023,M3,LI21,3,21.0
plant_height,2023,M3,LI21,3,182.0
head_diameter,2023,M3,LI21,3,16.0
plant_height,2023,M3,LI21,3,176.0
head_diameter,2023,M3,LI21,3,17.0
plant_height,2023,M3,LI22,1,149.0
head_diameter,2023,M3,LI22,1,17.0
plant_height,2023,M3,LI22,1,142.0
head_diameter,2023,M3,LI22,1,17.0
plant_height,2023,M3,LI22,1,149.0
head_diameter,2023,M3,LI22,1,16.0
plant_height,2023,M3,LI22,1,149.0
head_diameter,2023,M3,LI22,1,14.0
plant_height,2023,M3,LI22,1,149.0
head_diameter,2023,M3,LI22,1,15.0
plant_height,2023,M3,LI22,1,152.0
head_diameter,2023,M3,LI22,1,17.0
plant_height,2023,M3,LI22,1,158.0
head_diameter,2023,M3,LI22,1,16.0
plant_height,2023,M3,LI22,1,147.0
head_diameter,2023,M3,LI22,1,17.0
plant_height,2023,M3,LI22,1,141.0
head_diameter,2023,M3,LI22,1,18.5
plant_height,2023,M3,LI22,1,144.0
head_diameter,2023,M3,LI22,1,21.0
plant_height,2023,M3,LI22,2,166.0
head_diameter,2023,M3,LI22,2,14.0
plant_height,2023,M3,LI22,2,176.0
head_diameter,2023,M3,LI22,2,18.0
plant_height,2023,M3,LI22,2,177.0
head_diameter,2023,M3,LI22,2,17.5
plant_height,2023,M3,LI22,2,179.0
head_diameter,2023,M3,LI22,2,15.0
plant_height,2023,M3,LI22,2,170.0
head_diameter,2023,M3,LI22,2,12.0
plant_height,2023,M3,LI22,2,177.0
head_diameter,2023,M3,LI22,2,14.0
plant_height,2023,M3,LI22,2,186.0
head_diameter,2023,M3,LI22,2,19.0
plant_height,2023,M3,LI22,2,175.0
head_diameter,2023,M3,LI22,2,15.0
plant_height,2023,M3,LI22,2,186.0
head_diameter,2023,M3,LI22,2,17.0
plant_height,2023,M3,LI22,2,177.0
head_diameter,2023,M3,LI22,2,15.0
plant_height,2023,M3,LI22,3,201.0
head_diameter,2023,M3,LI22,3,18.0
plant_height,2023,M3,LI22,3,202.0
head_diameter,2023,M3,LI22,3,19.0
plant_height,2023,M3,LI22,3,203.0
head_diameter,2023,M3,LI22,3,18.0
plant_height,2023,M3,LI22,3,202.0
head_diameter,2023,M3,LI22,3,17.0
plant_height,2023,M3,LI22,3,200.0
head_diameter,2023,M3,LI22,3,16.0
plant_height,2023,M3,LI22,3,197.0
head_diameter,2023,M3,LI22,3,14.0
plant_height,2023,M3,LI22,3,207.0
head_diameter,2023,M3,LI22,3,16.0
plant_height,2023,M3,LI22,3,190.0
head_diameter,2023,M3,LI22,3,15.0
plant_height,2023,M3,LI22,3,197.0
head_diameter,2023,M3,LI22,3,18.0
plant_height,2023,M3,LI22,3,186.0
head_diameter,2023,M3,LI22,3,16.0
plant_height,2023,M3,LI23,1,157.0
head_diameter,2023,M3,LI23,1,17.0
plant_height,2023,M3,LI23,1,161.0
head_diameter,2023,M3,LI23,1,16.0
plant_height,2023,M3,LI23,1,162.0
head_diameter,2023,M3,LI23,1,17.0
plant_height,2023,M3,LI23,1,158.0
head_diameter,2023,M3,LI23,1,15.0
plant_height,2023,M3,LI23,1,154.0
head_diameter,2023,M3,LI23,1,18.0
plant_height,2023,M3,LI23,1,153.0
head_diameter,2023,M3,LI23,1,17.0
plant_height,2023,M3,LI23,1,151.0
head_diameter,2023,M3,LI23,1,17.0
plant_height,2023,M3,LI23,1,142.0
head_diameter,2023,M3,LI23,1,17.0
plant_height,2023,M3,LI23,1,144.0
head_diameter,2023,M3,LI23,1,16.5
plant_height,2023,M3,LI23,1,145.0
head_diameter,2023,M3,LI23,1,16.0
plant_height,2023,M3,LI23,2,170.0
head_diameter,2023,M3,LI23,2,18.0
plant_height,2023,M3,LI23,2,172.0
head_diameter,2023,M3,LI23,2,19.0
plant_height,2023,M3,LI23,2,170.0
head_diameter,2023,M3,LI23,2,18.0
plant_height,2023,M3,LI23,2,165.0
head_diameter,2023,M3,LI23,2,21.0
plant_height,2023,M3,LI23,2,171.0
head_diameter,2023,M3,LI23,2,19.0
plant_height,2023,M3,LI23,2,167.0
head_diameter,2023,M3,LI23,2,16.0
plant_height,2023,M3,LI23,2,167.0
head_diameter,2023,M3,LI23,2,17.0
plant_height,2023,M3,LI23,2,165.0
head_diameter,2023,M3,LI23,2,19.0
plant_height,2023,M3,LI23,2,168.0
head_diameter,2023,M3,LI23,2,18.0
plant_height,2023,M3,LI23,2,164.0
head_diameter,2023,M3,LI23,2,18.0
plant_height,2023,M3,LI23,3,173.0
head_diameter,2023,M3,LI23,3,19.0
plant_height,2023,M3,LI23,3,165.0
head_diameter,2023,M3,LI23,3,20.0
plant_height,2023,M3,LI23,3,164.0
head_diameter,2023,M3,LI23,3,18.0
plant_height,2023,M3,LI23,3,171.0
head_diameter,2023,M3,LI23,3,17.0
plant_height,2023,M3,LI23,3,180.0
head_diameter,2023,M3,LI23,3,19.0
plant_height,2023,M3,LI23,3,177.0
head_diameter,2023,M3,LI23,3,17.0
plant_height,2023,M3,LI23,3,175.0
head_diameter,2023,M3,LI23,3,21.0
plant_height,2023,M3,LI23,3,189.0
head_diameter,2023,M3,LI23,3,23.0
plant_height,2023,M3,LI23,3,188.0
head_diameter,2023,M3,LI23,3,22.0
plant_height,2023,M3,LI23,3,173.0
head_diameter,2023,M3,LI23,3,20.0
plant_height,2023,M3,LI24,1,160.0
head_diameter,2023,M3,LI24,1,14.0
plant_height,2023,M3,LI24,1,152.0
head_diameter,2023,M3,LI24,1,14.0
plant_height,2023,M3,LI24,1,158.0
head_diameter,2023,M3,LI24,1,20.0
plant_height,2023,M3,LI24,1,162.0
head_diameter,2023,M3,LI24,1,19.0
plant_height,2023,M3,LI24,1,157.0
head_diameter,2023,M3,LI24,1,23.0
plant_height,2023,M3,LI24,1,151.0
head_diameter,2023,M3,LI24,1,20.0
plant_height,2023,M3,LI24,1,150.0
head_diameter,2023,M3,LI24,1,17.0
plant_height,2023,M3,LI24,1,165.0
head_diameter,2023,M3,LI24,1,22.0
plant_height,2023,M3,LI24,1,161.0
head_diameter,2023,M3,LI24,1,15.0
plant_height,2023,M3,LI24,1,153.0
head_diameter,2023,M3,LI24,1,17.0
plant_height,2023,M3,LI24,1,143.0
head_diameter,2023,M3,LI24,1,16.0
plant_height,2023,M3,LI24,1,152.0
head_diameter,2023,M3,LI24,1,21.0
plant_height,2023,M3,LI24,1,152.0
head_diameter,2023,M3,LI24,1,14.0
plant_height,2023,M3,LI24,1,150.0
head_diameter,2023,M3,LI24,1,17.0
plant_height,2023,M3,LI24,1,148.0
head_diameter,2023,M3,LI24,1,19.0
plant_height,2023,M3,LI24,2,165.0
head_diameter,2023,M3,LI24,2,17.0
plant_height,2023,M3,LI24,2,160.0
head_diameter,2023,M3,LI24,2,15.0
plant_height,2023,M3,LI24,2,162.0
head_diameter,2023,M3,LI24,2,18.0
plant_height,2023,M3,LI24,2,162.0
head_diameter,2023,M3,LI24,2,15.0
plant_height,2023,M3,LI24,2,168.0
head_diameter,2023,M3,LI24,2,17.0
plant_height,2023,M3,LI24,2,171.0
head_diameter,2023,M3,LI24,2,18.0
plant_height,2023,M3,LI24,2,170.0
head_diameter,2023,M3,LI24,2,20.0
plant_height,2023,M3,LI24,2,166.0
head_diameter,2023,M3,LI24,2,17.0
plant_height,2023,M3,LI24,2,169.0
head_diameter,2023,M3,LI24,2,17.0
plant_height,2023,M3,LI24,2,174.0
head_diameter,2023,M3,LI24,2,19.0
plant_height,2023,M3,LI24,2,173.0
head_diameter,2023,M3,LI24,2,18.0
plant_height,2023,M3,LI24,2,177.0
head_diameter,2023,M3,LI24,2,21.0
plant_height,2023,M3,LI24,2,176.0
head_diameter,2023,M3,LI24,2,22.0
plant_height,2023,M3,LI24,2,164.0
head_diameter,2023,M3,LI24,2,15.0
plant_height,2023,M3,LI24,2,167.0
head_diameter,2023,M3,LI24,2,21.0
plant_height,2023,M3,LI24,3,156.0
head_diameter,2023,M3,LI24,3,15.0
plant_height,2023,M3,LI24,3,161.0
head_diameter,2023,M3,LI24,3,16.0
plant_height,2023,M3,LI24,3,163.0
head_diameter,2023,M3,LI24,3,21.0
plant_height,2023,M3,LI24,3,168.0
head_diameter,2023,M3,LI24,3,19.0
plant_height,2023,M3,LI24,3,168.0
head_diameter,2023,M3,LI24,3,17.0
plant_height,2023,M3,LI24,3,170.0
head_diameter,2023,M3,LI24,3,14.0
plant_height,2023,M3,LI24,3,162.0
head_diameter,2023,M3,LI24,3,21.0
plant_height,2023,M3,LI24,3,157.0
head_diameter,2023,M3,LI24,3,23.0
plant_height,2023,M3,LI24,3,167.0
head_diameter,2023,M3,LI24,3,19.0
plant_height,2023,M3,LI24,3,169.0
head_diameter,2023,M3,LI24,3,20.0
plant_height,2023,M3,LI24,3,166.0
head_diameter,2023,M3,LI24,3,20.0
plant_height,2023,M3,LI24,3,173.0
head_diameter,2023,M3,LI24,3,21.0
plant_height,2023,M3,LI24,3,175.0
head_diameter,2023,M3,LI24,3,22.0
plant_height,2023,M3,LI24,3,180.0
head_diameter,2023,M3,LI24,3,20.0
plant_height,2023,M3,LI24,3,180.0
head_diameter,2023,M3,LI24,3,20.0
plant_height,2023,M3,LI25,1,148.0
head_diameter,2023,M3,LI25,1,12.0
plant_height,2023,M3,LI25,1,146.0
head_diameter,2023,M3,LI25,1,13.0
plant_height,2023,M3,LI25,1,148.0
head_diameter,2023,M3,LI25,1,13.0
plant_height,2023,M3,LI25,1,143.0
head_diameter,2023,M3,LI25,1,15.0
plant_height,2023,M3,LI25,1,135.0
head_diameter,2023,M3,LI25,1,17.0
plant_height,2023,M3,LI25,1,128.0
head_diameter,2023,M3,LI25,1,15.0
plant_height,2023,M3,LI25,1,134.0
head_diameter,2023,M3,LI25,1,13.0
plant_height,2023,M3,LI25,1,136.0
head_diameter,2023,M3,LI25,1,14.0
plant_height,2023,M3,LI25,1,135.0
head_diameter,2023,M3,LI25,1,11.0
plant_height,2023,M3,LI25,1,132.0
head_diameter,2023,M3,LI25,1,13.0
plant_height,2023,M3,LI25,2,162.0
head_diameter,2023,M3,LI25,2,16.5
plant_height,2023,M3,LI25,2,164.0
head_diameter,2023,M3,LI25,2,16.0
plant_height,2023,M3,LI25,2,167.0
head_diameter,2023,M3,LI25,2,17.0
plant_height,2023,M3,LI25,2,168.0
head_diameter,2023,M3,LI25,2,16.0
plant_height,2023,M3,LI25,2,157.0
head_diameter,2023,M3,LI25,2,17.0
plant_height,2023,M3,LI25,2,157.0
head_diameter,2023,M3,LI25,2,12.0
plant_height,2023,M3,LI25,2,157.0
head_diameter,2023,M3,LI25,2,16.0
plant_height,2023,M3,LI25,2,161.0
head_diameter,2023,M3,LI25,2,17.0
plant_height,2023,M3,LI25,2,154.0
head_diameter,2023,M3,LI25,2,12.5
plant_height,2023,M3,LI25,2,158.0
head_diameter,2023,M3,LI25,2,18.0
plant_height,2023,M3,LI25,3,178.0
head_diameter,2023,M3,LI25,3,21.0
plant_height,2023,M3,LI25,3,180.0
head_diameter,2023,M3,LI25,3,16.0
plant_height,2023,M3,LI25,3,184.0
head_diameter,2023,M3,LI25,3,17.0
plant_height,2023,M3,LI25,3,180.0
head_diameter,2023,M3,LI25,3,21.0
plant_height,2023,M3,LI25,3,189.0
head_diameter,2023,M3,LI25,3,15.0
plant_height,2023,M3,LI25,3,183.0
head_diameter,2023,M3,LI25,3,21.0
plant_height,2023,M3,LI25,3,189.0
head_diameter,2023,M3,LI25,3,15.0
plant_height,2023,M3,LI25,3,183.0
head_diameter,2023,M3,LI25,3,19.0
plant_height,2023,M3,LI25,3,179.0
head_diameter,2023,M3,LI25,3,18.0
plant_height,2023,M3,LI25,3,172.0
head_diameter,2023,M3,LI25,3,17.0
plant_height,2023,M3,LI26,1,160.0
head_diameter,2023,M3,LI26,1,18.0
plant_height,2023,M3,LI26,1,157.0
head_diameter,2023,M3,LI26,1,20.5
plant_height,2023,M3,LI26,1,156.0
head_diameter,2023,M3,LI26,1,18.0
plant_height,2023,M3,LI26,1,153.0
head_diameter,2023,M3,LI26,1,20.0
plant_height,2023,M3,LI26,1,151.0
head_diameter,2023,M3,LI26,1,16.0
plant_height,2023,M3,LI26,1,152.0
head_diameter,2023,M3,LI26,1,15.0
plant_height,2023,M3,LI26,1,153.0
head_diameter,2023,M3,LI26,1,22.0
plant_height,2023,M3,LI26,1,149.0
head_diameter,2023,M3,LI26,1,16.0
plant_height,2023,M3,LI26,1,151.0
head_diameter,2023,M3,LI26,1,19.0
plant_height,2023,M3,LI26,1,153.0
head_diameter,2023,M3,LI26,1,18.0
plant_height,2023,M3,LI26,2,161.0
head_diameter,2023,M3,LI26,2,20.0
plant_height,2023,M3,LI26,2,169.0
head_diameter,2023,M3,LI26,2,19.5
plant_height,2023,M3,LI26,2,170.0
head_diameter,2023,M3,LI26,2,18.0
plant_height,2023,M3,LI26,2,157.0
head_diameter,2023,M3,LI26,2,19.0
plant_height,2023,M3,LI26,2,159.0
head_diameter,2023,M3,LI26,2,17.0
plant_height,2023,M3,LI26,2,164.0
head_diameter,2023,M3,LI26,2,16.0
plant_height,2023,M3,LI26,2,159.0
head_diameter,2023,M3,LI26,2,19.5
plant_height,2023,M3,LI26,2,147.0
head_diameter,2023,M3,LI26,2,22.0
plant_height,2023,M3,LI26,2,155.0
head_diameter,2023,M3,LI26,2,20.0
plant_height,2023,M3,LI26,2,155.0
head_diameter,2023,M3,LI26,2,16.0
plant_height,2023,M3,LI26,3,169.0
head_diameter,2023,M3,LI26,3,18.0
plant_height,2023,M3,LI26,3,175.0
head_diameter,2023,M3,LI26,3,20.0
plant_height,2023,M3,LI26,3,155.0
head_diameter,2023,M3,LI26,3,21.0
plant_height,2023,M3,LI26,3,158.0
head_diameter,2023,M3,LI26,3,19.0
plant_height,2023,M3,LI26,3,154.0
head_diameter,2023,M3,LI26,3,18.5
plant_height,2023,M3,LI26,3,179.0
head_diameter,2023,M3,LI26,3,19.5
plant_height,2023,M3,LI26,3,175.0
head_diameter,2023,M3,LI26,3,19.0
plant_height,2023,M3,LI26,3,174.0
head_diameter,2023,M3,LI26,3,19.0
plant_height,2023,M3,LI26,3,181.0
head_diameter,2023,M3,LI26,3,20.0
plant_height,2023,M3,LI26,3,168.0
head_diameter,2023,M3,LI26,3,21.0
plant_height,2023,M3,LI27,1,162.0
head_diameter,2023,M3,LI27,1,15.0
plant_height,2023,M3,LI27,1,165.0
head_diameter,2023,M3,LI27,1,16.0
plant_height,2023,M3,LI27,1,147.0
head_diameter,2023,M3,LI27,1,20.0
plant_height,2023,M3,LI27,1,146.0
head_diameter,2023,M3,LI27,1,16.0
plant_height,2023,M3,LI27,1,148.0
head_diameter,2023,M3,LI27,1,16.0
plant_height,2023,M3,LI27,1,142.0
head_diameter,2023,M3,LI27,1,16.0
plant_height,2023,M3,LI27,1,140.0
head_diameter,2023,M3,LI27,1,19.5
plant_height,2023,M3,LI27,1,145.0
head_diameter,2023,M3,LI27,1,16.0
plant_height,2023,M3,LI27,1,147.0
head_diameter,2023,M3,LI27,1,15.0
plant_height,2023,M3,LI27,1,147.0
head_diameter,2023,M3,LI27,1,19.0
plant_height,2023,M3,LI27,2,154.0
head_diameter,2023,M3,LI27,2,16.0
plant_height,2023,M3,LI27,2,165.0
head_diameter,2023,M3,LI27,2,14.0
plant_height,2023,M3,LI27,2,158.0
head_diameter,2023,M3,LI27,2,15.0
plant_height,2023,M3,LI27,2,164.0
head_diameter,2023,M3,LI27,2,21.0
plant_height,2023,M3,LI27,2,165.0
head_diameter,2023,M3,LI27,2,12.0
plant_height,2023,M3,LI27,2,160.0
head_diameter,2023,M3,LI27,2,13.5
plant_height,2023,M3,LI27,2,159.0
head_diameter,2023,M3,LI27,2,19.0
plant_height,2023,M3,LI27,2,162.0
head_diameter,2023,M3,LI27,2,15.0
plant_height,2023,M3,LI27,2,161.0
head_diameter,2023,M3,LI27,2,15.0
plant_height,2023,M3,LI27,2,165.0
head_diameter,2023,M3,LI27,2,20.0
plant_height,2023,M3,LI27,3,175.0
head_diameter,2023,M3,LI27,3,17.0
plant_height,2023,M3,LI27,3,172.0
head_diameter,2023,M3,LI27,3,17.0
plant_height,2023,M3,LI27,3,180.0
head_diameter,2023,M3,LI27,3,13.5
plant_height,2023,M3,LI27,3,166.0
head_diameter,2023,M3,LI27,3,19.0
plant_height,2023,M3,LI27,3,171.0
head_diameter,2023,M3,LI27,3,13.0
plant_height,2023,M3,LI27,3,166.0
head_diameter,2023,M3,LI27,3,16.0
plant_height,2023,M3,LI27,3,157.0
head_diameter,2023,M3,LI27,3,17.5
plant_height,2023,M3,LI27,3,162.0
head_diameter,2023,M3,LI27,3,18.0
plant_height,2023,M3,LI27,3,153.0
head_diameter,2023,M3,LI27,3,18.0
plant_height,2023,M3,LI27,3,164.0
head_diameter,2023,M3,LI27,3,21.0
plant_height,2023,M3,LI28,1,150.0
head_diameter,2023,M3,LI28,1,17.0
plant_height,2023,M3,LI28,1,149.0
head_diameter,2023,M3,LI28,1,22.0
plant_height,2023,M3,LI28,1,154.0
head_diameter,2023,M3,LI28,1,21.5
plant_height,2023,M3,LI28,1,161.0
head_diameter,2023,M3,LI28,1,19.0
plant_height,2023,M3,LI28,1,155.0
head_diameter,2023,M3,LI28,1,18.0
plant_height,2023,M3,LI28,1,150.0
head_diameter,2023,M3,LI28,1,14.0
plant_height,2023,M3,LI28,1,149.0
head_diameter,2023,M3,LI28,1,17.0
plant_height,2023,M3,LI28,1,148.0
head_diameter,2023,M3,LI28,1,14.0
plant_height,2023,M3,LI28,1,152.0
head_diameter,2023,M3,LI28,1,16.0
plant_height,2023,M3,LI28,1,153.0
head_diameter,2023,M3,LI28,1,20.0
plant_height,2023,M3,LI28,2,159.0
head_diameter,2023,M3,LI28,2,16.0
plant_height,2023,M3,LI28,2,156.0
head_diameter,2023,M3,LI28,2,13.0
plant_height,2023,M3,LI28,2,161.0
head_diameter,2023,M3,LI28,2,15.0
plant_height,2023,M3,LI28,2,154.0
head_diameter,2023,M3,LI28,2,12.0
plant_height,2023,M3,LI28,2,162.0
head_diameter,2023,M3,LI28,2,17.0
plant_height,2023,M3,LI28,2,161.0
head_diameter,2023,M3,LI28,2,16.0
plant_height,2023,M3,LI28,2,166.0
head_diameter,2023,M3,LI28,2,17.0
plant_height,2023,M3,LI28,2,168.0
head_diameter,2023,M3,LI28,2,18.0
plant_height,2023,M3,LI28,2,170.0
head_diameter,2023,M3,LI28,2,18.5
plant_height,2023,M3,LI28,2,168.0
head_diameter,2023,M3,LI28,2,15.0
plant_height,2023,M3,LI28,3,173.0
head_diameter,2023,M3,LI28,3,18.0
plant_height,2023,M3,LI28,3,172.0
head_diameter,2023,M3,LI28,3,19.0
plant_height,2023,M3,LI28,3,168.0
head_diameter,2023,M3,LI28,3,14.0
plant_height,2023,M3,LI28,3,170.0
head_diameter,2023,M3,LI28,3,12.0
plant_height,2023,M3,LI28,3,174.0
head_diameter,2023,M3,LI28,3,20.0
plant_height,2023,M3,LI28,3,173.0
head_diameter,2023,M3,LI28,3,14.0
plant_height,2023,M3,LI28,3,173.0
head_diameter,2023,M3,LI28,3,21.0
plant_height,2023,M3,LI28,3,174.0
head_diameter,2023,M3,LI28,3,13.0
plant_height,2023,M3,LI28,3,173.0
head_diameter,2023,M3,LI28,3,20.0
plant_height,2023,M3,LI28,3,169.0
head_diameter,2023,M3,LI28,3,16.0
plant_height,2023,M3,LI29,1,161.0
head_diameter,2023,M3,LI29,1,19.0
plant_height,2023,M3,LI29,1,158.0
head_diameter,2023,M3,LI29,1,18.0
plant_height,2023,M3,LI29,1,156.0
head_diameter,2023,M3,LI29,1,15.0
plant_height,2023,M3,LI29,1,170.0
head_diameter,2023,M3,LI29,1,19.0
plant_height,2023,M3,LI29,1,170.0
head_diameter,2023,M3,LI29,1,19.0
plant_height,2023,M3,LI29,1,166.0
head_diameter,2023,M3,LI29,1,15.0
plant_height,2023,M3,LI29,1,164.0
head_diameter,2023,M3,LI29,1,17.0
plant_height,2023,M3,LI29,1,163.0
head_diameter,2023,M3,LI29,1,17.0
plant_height,2023,M3,LI29,1,160.0
head_diameter,2023,M3,LI29,1,14.0
plant_height,2023,M3,LI29,1,157.0
head_diameter,2023,M3,LI29,1,16.0
plant_height,2023,M3,LI29,1,159.0
head_diameter,2023,M3,LI29,1,16.0
plant_height,2023,M3,LI29,1,160.0
head_diameter,2023,M3,LI29,1,17.0
plant_height,2023,M3,LI29,1,160.0
head_diameter,2023,M3,LI29,1,17.0
plant_height,2023,M3,LI29,1,158.0
head_diameter,2023,M3,LI29,1,14.0
plant_height,2023,M3,LI29,1,155.0
head_diameter,2023,M3,LI29,1,15.0
plant_height,2023,M3,LI29,2,168.0
head_diameter,2023,M3,LI29,2,18.0
plant_height,2023,M3,LI29,2,168.0
head_diameter,2023,M3,LI29,2,19.0
plant_height,2023,M3,LI29,2,168.0
head_diameter,2023,M3,LI29,2,18.0
plant_height,2023,M3,LI29,2,173.0
head_diameter,2023,M3,LI29,2,17.0
plant_height,2023,M3,LI29,2,172.0
head_diameter,2023,M3,LI29,2,15.0
plant_height,2023,M3,LI29,2,173.0
head_diameter,2023,M3,LI29,2,20.0
plant_height,2023,M3,LI29,2,176.0
head_diameter,2023,M3,LI29,2,19.0
plant_height,2023,M3,LI29,2,171.0
head_diameter,2023,M3,LI29,2,13.0
plant_height,2023,M3,LI29,2,168.0
head_diameter,2023,M3,LI29,2,16.0
plant_height,2023,M3,LI29,2,164.0
head_diameter,2023,M3,LI29,2,16.0
plant_height,2023,M3,LI29,2,167.0
head_diameter,2023,M3,LI29,2,14.0
plant_height,2023,M3,LI29,2,167.0
head_diameter,2023,M3,LI29,2,17.0
plant_height,2023,M3,LI29,2,157.0
head_diameter,2023,M3,LI29,2,14.0
plant_height,2023,M3,LI29,2,166.0
head_diameter,2023,M3,LI29,2,20.0
plant_height,2023,M3,LI29,2,163.0
head_diameter,2023,M3,LI29,2,15.0
plant_height,2023,M3,LI29,3,170.0
head_diameter,2023,M3,LI29,3,15.0
plant_height,2023,M3,LI29,3,169.0
head_diameter,2023,M3,LI29,3,19.0
plant_height,2023,M3,LI29,3,157.0
head_diameter,2023,M3,LI29,3,14.0
plant_height,2023,M3,LI29,3,156.0
head_diameter,2023,M3,LI29,3,16.0
plant_height,2023,M3,LI29,3,166.0
head_diameter,2023,M3,LI29,3,15.0
plant_height,2023,M3,LI29,3,171.0
head_diameter,2023,M3,LI29,3,13.0
plant_height,2023,M3,LI29,3,174.0
head_diameter,2023,M3,LI29,3,16.0
plant_height,2023,M3,LI29,3,170.0
head_diameter,2023,M3,LI29,3,14.0
plant_height,2023,M3,LI29,3,176.0
head_diameter,2023,M3,LI29,3,17.0
plant_height,2023,M3,LI29,3,174.0
head_diameter,2023,M3,LI29,3,14.0
plant_height,2023,M3,LI29,3,174.0
head_diameter,2023,M3,LI29,3,15.0
plant_height,2023,M3,LI29,3,168.0
head_diameter,2023,M3,LI29,3,16.0
plant_height,2023,M3,LI29,3,171.0
head_diameter,2023,M3,LI29,3,17.0
plant_height,2023,M3,LI29,3,174.0
head_diameter,2023,M3,LI29,3,17.0
plant_height,2023,M3,LI29,3,178.0
head_diameter,2023,M3,LI29,3,16.0
plant_height,2023,M3,LI30,1,164.0
head_diameter,2023,M3,LI30,1,14.0
plant_height,2023,M3,LI30,1,165.0
head_diameter,2023,M3,LI30,1,16.0
plant_height,2023,M3,LI30,1,161.0
head_diameter,2023,M3,LI30,1,13.0
plant_height,2023,M3,LI30,1,162.0
head_diameter,2023,M3,LI30,1,17.0
plant_height,2023,M3,LI30,1,161.0
head_diameter,2023,M3,LI30,1,16.0
plant_height,2023,M3,LI30,1,155.0
head_diameter,2023,M3,LI30,1,13.0
plant_height,2023,M3,LI30,1,160.0
head_diameter,2023,M3,LI30,1,11.0
plant_height,2023,M3,LI30,1,155.0
head_diameter,2023,M3,LI30,1,15.0
plant_height,2023,M3,LI30,1,152.0
head_diameter,2023,M3,LI30,1,14.0
plant_height,2023,M3,LI30,1,144.0
head_diameter,2023,M3,LI30,1,13.0
plant_height,2023,M3,LI30,1,155.0
head_diameter,2023,M3,LI30,1,11.0
plant_height,2023,M3,LI30,1,151.0
head_diameter,2023,M3,LI30,1,13.0
plant_height,2023,M3,LI30,1,148.0
head_diameter,2023,M3,LI30,1,15.0
plant_height,2023,M3,LI30,1,154.0
head_diameter,2023,M3,LI30,1,15.0
plant_height,2023,M3,LI30,1,157.0
head_diameter,2023,M3,LI30,1,17.0
plant_height,2023,M3,LI30,2,171.0
head_diameter,2023,M3,LI30,2,15.0
plant_height,2023,M3,LI30,2,167.0
head_diameter,2023,M3,LI30,2,16.0
plant_height,2023,M3,LI30,2,162.0
head_diameter,2023,M3,LI30,2,19.0
plant_height,2023,M3,LI30,2,168.0
head_diameter,2023,M3,LI30,2,17.0
plant_height,2023,M3,LI30,2,155.0
head_diameter,2023,M3,LI30,2,18.0
plant_height,2023,M3,LI30,2,160.0
head_diameter,2023,M3,LI30,2,15.0
plant_height,2023,M3,LI30,2,163.0
head_diameter,2023,M3,LI30,2,15.0
plant_height,2023,M3,LI30,2,162.0
head_diameter,2023,M3,LI30,2,16.0
plant_height,2023,M3,LI30,2,154.0
head_diameter,2023,M3,LI30,2,16.0
plant_height,2023,M3,LI30,2,157.0
head_diameter,2023,M3,LI30,2,16.0
plant_height,2023,M3,LI30,2,166.0
head_diameter,2023,M3,LI30,2,17.0
plant_height,2023,M3,LI30,2,167.0
head_diameter,2023,M3,LI30,2,16.0
plant_height,2023,M3,LI30,2,163.0
head_diameter,2023,M3,LI30,2,15.0
plant_height,2023,M3,LI30,2,166.0
head_diameter,2023,M3,LI30,2,22.0
plant_height,2023,M3,LI30,2,171.0
head_diameter,2023,M3,LI30,2,23.0
plant_height,2023,M3,LI30,3,162.0
head_diameter,2023,M3,LI30,3,17.0
plant_height,2023,M3,LI30,3,162.0
head_diameter,2023,M3,LI30,3,16.0
plant_height,2023,M3,LI30,3,165.0
head_diameter,2023,M3,LI30,3,17.0
plant_height,2023,M3,LI30,3,166.0
head_diameter,2023,M3,LI30,3,15.0
plant_height,2023,M3,LI30,3,173.0
head_diameter,2023,M3,LI30,3,16.0
plant_height,2023,M3,LI30,3,173.0
head_diameter,2023,M3,LI30,3,16.0
plant_height,2023,M3,LI30,3,177.0
head_diameter,2023,M3,LI30,3,15.0
plant_height,2023,M3,LI30,3,171.0
head_diameter,2023,M3,LI30,3,14.0
plant_height,2023,M3,LI30,3,171.0
head_diameter,2023,M3,LI30,3,14.0
plant_height,2023,M3,LI30,3,170.0
head_diameter,2023,M3,LI30,3,13.0
plant_height,2023,M3,LI30,3,167.0
head_diameter,2023,M3,LI30,3,17.0
plant_height,2023,M3,LI30,3,173.0
head_diameter,2023,M3,LI30,3,16.0
plant_height,2023,M3,LI30,3,171.0
head_diameter,2023,M3,LI30,3,21.0
plant_height,2023,M3,LI30,3,168.0
head_diameter,2023,M3,LI30,3,19.0
plant_height,2023,M3,LI30,3,178.0
head_diameter,2023,M3,LI30,3,18.0
plant_height,2023,M3,LI31,1,178.0
head_diameter,2023,M3,LI31,1,18.0
plant_height,2023,M3,LI31,1,178.0
head_diameter,2023,M3,LI31,1,20.0
plant_height,2023,M3,LI31,1,178.0
head_diameter,2023,M3,LI31,1,16.0
plant_height,2023,M3,LI31,1,175.0
head_diameter,2023,M3,LI31,1,21.0
plant_height,2023,M3,LI31,1,179.0
head_diameter,2023,M3,LI31,1,19.0
plant_height,2023,M3,LI31,1,179.0
head_diameter,2023,M3,LI31,1,18.0
plant_height,2023,M3,LI31,1,191.0
head_diameter,2023,M3,LI31,1,22.0
plant_height,2023,M3,LI31,1,187.0
head_diameter,2023,M3,LI31,1,22.0
plant_height,2023,M3,LI31,1,190.0
head_diameter,2023,M3,LI31,1,17.0
plant_height,2023,M3,LI31,1,193.0
head_diameter,2023,M3,LI31,1,20.0
plant_height,2023,M3,LI31,2,165.0
head_diameter,2023,M3,LI31,2,20.0
plant_height,2023,M3,LI31,2,178.0
head_diameter,2023,M3,LI31,2,20.0
plant_height,2023,M3,LI31,2,170.0
head_diameter,2023,M3,LI31,2,15.0
plant_height,2023,M3,LI31,2,167.0
head_diameter,2023,M3,LI31,2,21.0
plant_height,2023,M3,LI31,2,170.0
head_diameter,2023,M3,LI31,2,16.5
plant_height,2023,M3,LI31,2,175.0
head_diameter,2023,M3,LI31,2,18.0
plant_height,2023,M3,LI31,2,185.0
head_diameter,2023,M3,LI31,2,20.0
plant_height,2023,M3,LI31,2,187.0
head_diameter,2023,M3,LI31,2,20.0
plant_height,2023,M3,LI31,2,175.0
head_diameter,2023,M3,LI31,2,17.0
plant_height,2023,M3,LI31,2,176.0
head_diameter,2023,M3,LI31,2,20.0
plant_height,2023,M3,LI31,3,173.0
head_diameter,2023,M3,LI31,3,14.0
plant_height,2023,M3,LI31,3,177.0
head_diameter,2023,M3,LI31,3,21.0
plant_height,2023,M3,LI31,3,165.0
head_diameter,2023,M3,LI31,3,13.0
plant_height,2023,M3,LI31,3,173.0
head_diameter,2023,M3,LI31,3,15.0
plant_height,2023,M3,LI31,3,179.0
head_diameter,2023,M3,LI31,3,21.0
plant_height,2023,M3,LI31,3,169.0
head_diameter,2023,M3,LI31,3,16.0
plant_height,2023,M3,LI31,3,168.0
head_diameter,2023,M3,LI31,3,14.0
plant_height,2023,M3,LI31,3,169.0
head_diameter,2023,M3,LI31,3,15.0
plant_height,2023,M3,LI31,3,170.0
head_diameter,2023,M3,LI31,3,13.0
plant_height,2023,M3,LI31,3,165.0
head_diameter,2023,M3,LI31,3,14.0
plant_height,2023,M3,LI32,1,158.0
head_diameter,2023,M3,LI32,1,17.0
plant_height,2023,M3,LI32,1,158.0
head_diameter,2023,M3,LI32,1,16.0
plant_height,2023,M3,LI32,1,157.0
head_diameter,2023,M3,LI32,1,16.0
plant_height,2023,M3,LI32,1,154.0
head_diameter,2023,M3,LI32,1,13.0
plant_height,2023,M3,LI32,1,160.0
head_diameter,2023,M3,LI32,1,17.0
plant_height,2023,M3,LI32,1,162.0
head_diameter,2023,M3,LI32,1,17.0
plant_height,2023,M3,LI32,1,158.0
head_diameter,2023,M3,LI32,1,13.0
plant_height,2023,M3,LI32,1,158.0
head_diameter,2023,M3,LI32,1,17.0
plant_height,2023,M3,LI32,1,161.0
head_diameter,2023,M3,LI32,1,20.0
plant_height,2023,M3,LI32,1,161.0
head_diameter,2023,M3,LI32,1,16.0
plant_height,2023,M3,LI32,1,160.0
head_diameter,2023,M3,LI32,1,17.0
plant_height,2023,M3,LI32,1,159.0
head_diameter,2023,M3,LI32,1,16.0
plant_height,2023,M3,LI32,1,158.0
head_diameter,2023,M3,LI32,1,16.0
plant_height,2023,M3,LI32,1,166.0
head_diameter,2023,M3,LI32,1,16.0
plant_height,2023,M3,LI32,1,171.0
head_diameter,2023,M3,LI32,1,19.0
plant_height,2023,M3,LI32,2,166.0
head_diameter,2023,M3,LI32,2,16.0
plant_height,2023,M3,LI32,2,168.0
head_diameter,2023,M3,LI32,2,17.0
plant_height,2023,M3,LI32,2,169.0
head_diameter,2023,M3,LI32,2,15.0
plant_height,2023,M3,LI32,2,171.0
head_diameter,2023,M3,LI32,2,16.0
plant_height,2023,M3,LI32,2,165.0
head_diameter,2023,M3,LI32,2,15.0
plant_height,2023,M3,LI32,2,165.0
head_diameter,2023,M3,LI32,2,14.0
plant_height,2023,M3,LI32,2,165.0
head_diameter,2023,M3,LI32,2,12.0
plant_height,2023,M3,LI32,2,168.0
head_diameter,2023,M3,LI32,2,14.0
plant_height,2023,M3,LI32,2,168.0
head_diameter,2023,M3,LI32,2,15.0
plant_height,2023,M3,LI32,2,156.0
head_diameter,2023,M3,LI32,2,14.0
plant_height,2023,M3,LI32,2,156.0
head_diameter,2023,M3,LI32,2,15.0
plant_height,2023,M3,LI32,2,165.0
head_diameter,2023,M3,LI32,2,16.0
plant_height,2023,M3,LI32,2,162.0
head_diameter,2023,M3,LI32,2,14.0
plant_height,2023,M3,LI32,2,160.0
head_diameter,2023,M3,LI32,2,15.0
plant_height,2023,M3,LI32,2,167.0
head_diameter,2023,M3,LI32,2,15.0
plant_height,2023,M3,LI32,3,149.0
head_diameter,2023,M3,LI32,3,17.0
plant_height,2023,M3,LI32,3,160.0
head_diameter,2023,M3,LI32,3,19.0
plant_height,2023,M3,LI32,3,167.0
head_diameter,2023,M3,LI32,3,20.0
plant_height,2023,M3,LI32,3,171.0
head_diameter,2023,M3,LI32,3,18.0
plant_height,2023,M3,LI32,3,162.0
head_diameter,2023,M3,LI32,3,17.0
plant_height,2023,M3,LI32,3,168.0
head_diameter,2023,M3,LI32,3,16.0
plant_height,2023,M3,LI32,3,168.0
head_diameter,2023,M3,LI32,3,15.0
plant_height,2023,M3,LI32,3,178.0
head_diameter,2023,M3,LI32,3,17.0
plant_height,2023,M3,LI32,3,170.0
head_diameter,2023,M3,LI32,3,19.0
plant_height,2023,M3,LI32,3,170.0
head_diameter,2023,M3,LI32,3,18.0
plant_height,2023,M3,LI32,3,165.0
head_diameter,2023,M3,LI32,3,17.0
plant_height,2023,M3,LI32,3,167.0
head_diameter,2023,M3,LI32,3,17.0
plant_height,2023,M3,LI32,3,167.0
head_diameter,2023,M3,LI32,3,14.0
plant_height,2023,M3,LI32,3,168.0
head_diameter,2023,M3,LI32,3,15.0
plant_height,2023,M3,LI32,3,164.0
head_diameter,2023,M3,LI32,3,17.0
plant_height,2023,M3,LI33,1,172.0
head_diameter,2023,M3,LI33,1,17.0
plant_height,2023,M3,LI33,1,173.0
head_diameter,2023,M3,LI33,1,15.0
plant_height,2023,M3,LI33,1,173.0
head_diameter,2023,M3,LI33,1,19.0
plant_height,2023,M3,LI33,1,171.0
head_diameter,2023,M3,LI33,1,15.0
plant_height,2023,M3,LI33,1,162.0
head_diameter,2023,M3,LI33,1,19.0
plant_height,2023,M3,LI33,1,167.0
head_diameter,2023,M3,LI33,1,18.0
plant_height,2023,M3,LI33,1,166.0
head_diameter,2023,M3,LI33,1,18.0
plant_height,2023,M3,LI33,1,162.0
head_diameter,2023,M3,LI33,1,14.0
plant_height,2023,M3,LI33,1,161.0
head_diameter,2023,M3,LI33,1,17.0
plant_height,2023,M3,LI33,1,158.0
head_diameter,2023,M3,LI33,1,16.0
plant_height,2023,M3,LI33,2,165.0
head_diameter,2023,M3,LI33,2,20.5
plant_height,2023,M3,LI33,2,158.0
head_diameter,2023,M3,LI33,2,17.0
plant_height,2023,M3,LI33,2,171.0
head_diameter,2023,M3,LI33,2,18.0
plant_height,2023,M3,LI33,2,168.0
head_diameter,2023,M3,LI33,2,15.0
plant_height,2023,M3,LI33,2,163.0
head_diameter,2023,M3,LI33,2,15.0
plant_height,2023,M3,LI33,2,167.0
head_diameter,2023,M3,LI33,2,17.0
plant_height,2023,M3,LI33,2,158.0
head_diameter,2023,M3,LI33,2,16.0
plant_height,2023,M3,LI33,2,165.0
head_diameter,2023,M3,LI33,2,18.0
plant_height,2023,M3,LI33,2,162.0
head_diameter,2023,M3,LI33,2,18.0
plant_height,2023,M3,LI33,2,164.0
head_diameter,2023,M3,LI33,2,19.0
plant_height,2023,M3,LI33,3,164.0
head_diameter,2023,M3,LI33,3,20.0
plant_height,2023,M3,LI33,3,160.0
head_diameter,2023,M3,LI33,3,17.0
plant_height,2023,M3,LI33,3,162.0
head_diameter,2023,M3,LI33,3,17.0
plant_height,2023,M3,LI33,3,149.0
head_diameter,2023,M3,LI33,3,17.0
plant_height,2023,M3,LI33,3,148.0
head_diameter,2023,M3,LI33,3,20.0
plant_height,2023,M3,LI33,3,160.0
head_diameter,2023,M3,LI33,3,20.0
plant_height,2023,M3,LI33,3,159.0
head_diameter,2023,M3,LI33,3,16.0
plant_height,2023,M3,LI33,3,161.0
head_diameter,2023,M3,LI33,3,19.0
plant_height,2023,M3,LI33,3,164.0
head_diameter,2023,M3,LI33,3,17.0
plant_height,2023,M3,LI33,3,167.0
head_diameter,2023,M3,LI33,3,20.0
plant_height,2023,M3,LI34,1,180.0
head_diameter,2023,M3,LI34,1,18.0
plant_height,2023,M3,LI34,1,183.0
head_diameter,2023,M3,LI34,1,17.0
plant_height,2023,M3,LI34,1,181.0
head_diameter,2023,M3,LI34,1,16.0
plant_height,2023,M3,LI34,1,177.0
head_diameter,2023,M3,LI34,1,18.0
plant_height,2023,M3,LI34,1,172.0
head_diameter,2023,M3,LI34,1,16.0
plant_height,2023,M3,LI34,1,157.0
head_diameter,2023,M3,LI34,1,18.0
plant_height,2023,M3,LI34,1,165.0
head_diameter,2023,M3,LI34,1,16.0
plant_height,2023,M3,LI34,1,164.0
head_diameter,2023,M3,LI34,1,15.0
plant_height,2023,M3,LI34,1,162.0
head_diameter,2023,M3,LI34,1,14.0
plant_height,2023,M3,LI34,1,162.0
head_diameter,2023,M3,LI34,1,15.0
plant_height,2023,M3,LI34,2,172.0
head_diameter,2023,M3,LI34,2,16.0
plant_height,2023,M3,LI34,2,174.0
head_diameter,2023,M3,LI34,2,18.5
plant_height,2023,M3,LI34,2,173.0
head_diameter,2023,M3,LI34,2,19.0
plant_height,2023,M3,LI34,2,175.0
head_diameter,2023,M3,LI34,2,19.0
plant_height,2023,M3,LI34,2,169.0
head_diameter,2023,M3,LI34,2,17.0
plant_height,2023,M3,LI34,2,161.0
head_diameter,2023,M3,LI34,2,20.0
plant_height,2023,M3,LI34,2,167.0
head_diameter,2023,M3,LI34,2,13.0
plant_height,2023,M3,LI34,2,157.0
head_diameter,2023,M3,LI34,2,18.0
plant_height,2023,M3,LI34,2,164.0
head_diameter,2023,M3,LI34,2,11.5
plant_height,2023,M3,LI34,2,171.0
head_diameter,2023,M3,LI34,2,16.0
plant_height,2023,M3,LI34,3,156.0
head_diameter,2023,M3,LI34,3,17.0
plant_height,2023,M3,LI34,3,163.0
head_diameter,2023,M3,LI34,3,16.0
plant_height,2023,M3,LI34,3,165.0
head_diameter,2023,M3,LI34,3,15.0
plant_height,2023,M3,LI34,3,171.0
head_diameter,2023,M3,LI34,3,18.0
plant_height,2023,M3,LI34,3,163.0
head_diameter,2023,M3,LI34,3,18.0
plant_height,2023,M3,LI34,3,165.0
head_diameter,2023,M3,LI34,3,17.0
plant_height,2023,M3,LI34,3,172.0
head_diameter,2023,M3,LI34,3,18.0
plant_height,2023,M3,LI34,3,175.0
head_diameter,2023,M3,LI34,3,19.0
plant_height,2023,M3,LI34,3,172.0
head_diameter,2023,M3,LI34,3,15.0
plant_height,2023,M3,LI34,3,168.0
head_diameter,2023,M3,LI34,3,13.0
plant_height,2023,M3,LI35,1,168.0
head_diameter,2023,M3,LI35,1,17.0
plant_height,2023,M3,LI35,1,168.0
head_diameter,2023,M3,LI35,1,19.5
plant_height,2023,M3,LI35,1,172.0
head_diameter,2023,M3,LI35,1,17.0
plant_height,2023,M3,LI35,1,183.0
head_diameter,2023,M3,LI35,1,19.0
plant_height,2023,M3,LI35,1,174.0
head_diameter,2023,M3,LI35,1,17.0
plant_height,2023,M3,LI35,1,169.0
head_diameter,2023,M3,LI35,1,17.0
plant_height,2023,M3,LI35,1,173.0
head_diameter,2023,M3,LI35,1,17.5
plant_height,2023,M3,LI35,1,169.0
head_diameter,2023,M3,LI35,1,16.0
plant_height,2023,M3,LI35,1,168.0
head_diameter,2023,M3,LI35,1,16.0
plant_height,2023,M3,LI35,1,178.0
head_diameter,2023,M3,LI35,1,18.0
plant_height,2023,M3,LI35,2,169.0
head_diameter,2023,M3,LI35,2,18.0
plant_height,2023,M3,LI35,2,158.0
head_diameter,2023,M3,LI35,2,18.0
plant_height,2023,M3,LI35,2,175.0
head_diameter,2023,M3,LI35,2,19.0
plant_height,2023,M3,LI35,2,168.0
head_diameter,2023,M3,LI35,2,14.5
plant_height,2023,M3,LI35,2,161.0
head_diameter,2023,M3,LI35,2,18.5
plant_height,2023,M3,LI35,2,165.0
head_diameter,2023,M3,LI35,2,17.0
plant_height,2023,M3,LI35,2,156.0
head_diameter,2023,M3,LI35,2,16.0
plant_height,2023,M3,LI35,2,154.0
head_diameter,2023,M3,LI35,2,14.0
plant_height,2023,M3,LI35,2,154.0
head_diameter,2023,M3,LI35,2,15.0
plant_height,2023,M3,LI35,2,163.0
head_diameter,2023,M3,LI35,2,18.0
plant_height,2023,M3,LI35,3,167.0
head_diameter,2023,M3,LI35,3,15.0
plant_height,2023,M3,LI35,3,167.0
head_diameter,2023,M3,LI35,3,20.0
plant_height,2023,M3,LI35,3,170.0
head_diameter,2023,M3,LI35,3,22.0
plant_height,2023,M3,LI35,3,171.0
head_diameter,2023,M3,LI35,3,24.0
plant_height,2023,M3,LI35,3,177.0
head_diameter,2023,M3,LI35,3,23.0
plant_height,2023,M3,LI35,3,186.0
head_diameter,2023,M3,LI35,3,19.0
plant_height,2023,M3,LI35,3,171.0
head_diameter,2023,M3,LI35,3,17.0
plant_height,2023,M3,LI35,3,166.0
head_diameter,2023,M3,LI35,3,19.0
plant_height,2023,M3,LI35,3,188.0
head_diameter,2023,M3,LI35,3,17.0
plant_height,2023,M3,LI35,3,172.0
head_diameter,2023,M3,LI35,3,17.0
plant_height,2023,M3,LI36,1,156.0
head_diameter,2023,M3,LI36,1,19.0
plant_height,2023,M3,LI36,1,151.0
head_diameter,2023,M3,LI36,1,20.0
plant_height,2023,M3,LI36,1,156.0
head_diameter,2023,M3,LI36,1,17.0
plant_height,2023,M3,LI36,1,159.0
head_diameter,2023,M3,LI36,1,18.0
plant_height,2023,M3,LI36,1,158.0
head_diameter,2023,M3,LI36,1,20.0
plant_height,2023,M3,LI36,1,170.0
head_diameter,2023,M3,LI36,1,17.0
plant_height,2023,M3,LI36,1,166.0
head_diameter,2023,M3,LI36,1,18.0
plant_height,2023,M3,LI36,1,165.0
head_diameter,2023,M3,LI36,1,17.0
plant_height,2023,M3,LI36,1,158.0
head_diameter,2023,M3,LI36,1,18.0
plant_height,2023,M3,LI36,1,161.0
head_diameter,2023,M3,LI36,1,20.0
plant_height,2023,M3,LI36,2,156.0
head_diameter,2023,M3,LI36,2,16.5
plant_height,2023,M3,LI36,2,159.0
head_diameter,2023,M3,LI36,2,18.0
plant_height,2023,M3,LI36,2,149.0
head_diameter,2023,M3,LI36,2,17.5
plant_height,2023,M3,LI36,2,151.0
head_diameter,2023,M3,LI36,2,15.0
plant_height,2023,M3,LI36,2,156.0
head_diameter,2023,M3,LI36,2,20.0
plant_height,2023,M3,LI36,2,141.0
head_diameter,2023,M3,LI36,2,14.0
plant_height,2023,M3,LI36,2,156.0
head_diameter,2023,M3,LI36,2,18.0
plant_height,2023,M3,LI36,2,156.0
head_diameter,2023,M3,LI36,2,17.0
plant_height,2023,M3,LI36,2,151.0
head_diameter,2023,M3,LI36,2,17.0
plant_height,2023,M3,LI36,2,157.0
head_diameter,2023,M3,LI36,2,18.0
plant_height,2023,M3,LI36,3,162.0
head_diameter,2023,M3,LI36,3,15.0
plant_height,2023,M3,LI36,3,160.0
head_diameter,2023,M3,LI36,3,15.0
plant_height,2023,M3,LI36,3,155.0
head_diameter,2023,M3,LI36,3,16.0
plant_height,2023,M3,LI36,3,147.0
head_diameter,2023,M3,LI36,3,18.0
plant_height,2023,M3,LI36,3,151.0
head_diameter,2023,M3,LI36,3,20.0
plant_height,2023,M3,LI36,3,162.0
head_diameter,2023,M3,LI36,3,19.0
plant_height,2023,M3,LI36,3,166.0
head_diameter,2023,M3,LI36,3,15.0
plant_height,2023,M3,LI36,3,165.0
head_diameter,2023,M3,LI36,3,19.0
plant_height,2023,M3,LI36,3,162.0
head_diameter,2023,M3,LI36,3,15.0
plant_height,2023,M3,LI36,3,159.0
head_diameter,2023,M3,LI36,3,18.0
plant_height,2023,M3,LI37,1,197.0
head_diameter,2023,M3,LI37,1,18.0
plant_height,2023,M3,LI37,1,189.0
head_diameter,2023,M3,LI37,1,20.0
plant_height,2023,M3,LI37,1,185.0
head_diameter,2023,M3,LI37,1,19.0
plant_height,2023,M3,LI37,1,185.0
head_diameter,2023,M3,LI37,1,20.0
plant_height,2023,M3,LI37,1,180.0
head_diameter,2023,M3,LI37,1,20.0
plant_height,2023,M3,LI37,1,185.0
head_diameter,2023,M3,LI37,1,20.0
plant_height,2023,M3,LI37,1,178.0
head_diameter,2023,M3,LI37,1,16.0
plant_height,2023,M3,LI37,1,181.0
head_diameter,2023,M3,LI37,1,20.5
plant_height,2023,M3,LI37,1,183.0
head_diameter,2023,M3,LI37,1,18.0
plant_height,2023,M3,LI37,1,187.0
head_diameter,2023,M3,LI37,1,21.0
plant_height,2023,M3,LI37,2,164.0
head_diameter,2023,M3,LI37,2,20.0
plant_height,2023,M3,LI37,2,155.0
head_diameter,2023,M3,LI37,2,17.5
plant_height,2023,M3,LI37,2,158.0
head_diameter,2023,M3,LI37,2,16.5
plant_height,2023,M3,LI37,2,153.0
head_diameter,2023,M3,LI37,2,14.5
plant_height,2023,M3,LI37,2,163.0
head_diameter,2023,M3,LI37,2,13.5
plant_height,2023,M3,LI37,2,165.0
head_diameter,2023,M3,LI37,2,18.5
plant_height,2023,M3,LI37,2,172.0
head_diameter,2023,M3,LI37,2,20.5
plant_height,2023,M3,LI37,2,167.0
head_diameter,2023,M3,LI37,2,19.0
plant_height,2023,M3,LI37,2,165.0
head_diameter,2023,M3,LI37,2,18.5
plant_height,2023,M3,LI37,2,165.0
head_diameter,2023,M3,LI37,2,19.0
plant_height,2023,M3,LI37,3,175.0
head_diameter,2023,M3,LI37,3,19.0
plant_height,2023,M3,LI37,3,173.0
head_diameter,2023,M3,LI37,3,20.0
plant_height,2023,M3,LI37,3,167.0
head_diameter,2023,M3,LI37,3,18.0
plant_height,2023,M3,LI37,3,174.0
head_diameter,2023,M3,LI37,3,17.0
plant_height,2023,M3,LI37,3,171.0
head_diameter,2023,M3,LI37,3,19.5
plant_height,2023,M3,LI37,3,172.0
head_diameter,2023,M3,LI37,3,18.0
plant_height,2023,M3,LI37,3,172.0
head_diameter,2023,M3,LI37,3,19.0
plant_height,2023,M3,LI37,3,157.0
head_diameter,2023,M3,LI37,3,15.0
plant_height,2023,M3,LI37,3,175.0
head_diameter,2023,M3,LI37,3,22.5
plant_height,2023,M3,LI37,3,171.0
head_diameter,2023,M3,LI37,3,22.5
plant_height,2023,M3,LI38,1,173.0
head_diameter,2023,M3,LI38,1,21.0
plant_height,2023,M3,LI38,1,169.0
head_diameter,2023,M3,LI38,1,13.0
plant_height,2023,M3,LI38,1,176.0
head_diameter,2023,M3,LI38,1,17.0
plant_height,2023,M3,LI38,1,169.0
head_diameter,2023,M3,LI38,1,16.0
plant_height,2023,M3,LI38,1,162.0
head_diameter,2023,M3,LI38,1,16.0
plant_height,2023,M3,LI38,1,172.0
head_diameter,2023,M3,LI38,1,18.0
plant_height,2023,M3,LI38,1,168.0
head_diameter,2023,M3,LI38,1,15.0
plant_height,2023,M3,LI38,1,169.0
head_diameter,2023,M3,LI38,1,17.0
plant_height,2023,M3,LI38,1,167.0
head_diameter,2023,M3,LI38,1,15.0
plant_height,2023,M3,LI38,1,164.0
head_diameter,2023,M3,LI38,1,16.0
plant_height,2023,M3,LI38,2,165.0
head_diameter,2023,M3,LI38,2,18.0
plant_height,2023,M3,LI38,2,166.0
head_diameter,2023,M3,LI38,2,18.0
plant_height,2023,M3,LI38,2,160.0
head_diameter,2023,M3,LI38,2,16.5
plant_height,2023,M3,LI38,2,166.0
head_diameter,2023,M3,LI38,2,19.5
plant_height,2023,M3,LI38,2,172.0
head_diameter,2023,M3,LI38,2,21.0
plant_height,2023,M3,LI38,2,162.0
head_diameter,2023,M3,LI38,2,18.0
plant_height,2023,M3,LI38,2,160.0
head_diameter,2023,M3,LI38,2,16.0
plant_height,2023,M3,LI38,2,162.0
head_diameter,2023,M3,LI38,2,21.0
plant_height,2023,M3,LI38,2,169.0
head_diameter,2023,M3,LI38,2,16.5
plant_height,2023,M3,LI38,2,175.0
head_diameter,2023,M3,LI38,2,17.5
plant_height,2023,M3,LI38,3,169.0
head_diameter,2023,M3,LI38,3,20.0
plant_height,2023,M3,LI38,3,167.0
head_diameter,2023,M3,LI38,3,21.0
plant_height,2023,M3,LI38,3,175.0
head_diameter,2023,M3,LI38,3,15.0
plant_height,2023,M3,LI38,3,155.0
head_diameter,2023,M3,LI38,3,14.0
plant_height,2023,M3,LI38,3,168.0
head_diameter,2023,M3,LI38,3,17.0
plant_height,2023,M3,LI38,3,164.0
head_diameter,2023,M3,LI38,3,17.0
plant_height,2023,M3,LI38,3,165.0
head_diameter,2023,M3,LI38,3,16.0
plant_height,2023,M3,LI38,3,155.0
head_diameter,2023,M3,LI38,3,20.0
plant_height,2023,M3,LI38,3,157.0
head_diameter,2023,M3,LI38,3,14.0
plant_height,2023,M3,LI38,3,167.0
head_diameter,2023,M3,LI38,3,15.0
plant_height,2023,M3,LI39,1,174.0
head_diameter,2023,M3,LI39,1,20.0
plant_height,2023,M3,LI39,1,173.0
head_diameter,2023,M3,LI39,1,19.0
plant_height,2023,M3,LI39,1,170.0
head_diameter,2023,M3,LI39,1,19.0
plant_height,2023,M3,LI39,1,172.0
head_diameter,2023,M3,LI39,1,19.0
plant_height,2023,M3,LI39,1,167.0
head_diameter,2023,M3,LI39,1,18.0
plant_height,2023,M3,LI39,1,171.0
head_diameter,2023,M3,LI39,1,16.0
plant_height,2023,M3,LI39,1,169.0
head_diameter,2023,M3,LI39,1,17.0
plant_height,2023,M3,LI39,1,167.0
head_diameter,2023,M3,LI39,1,19.5
plant_height,2023,M3,LI39,1,172.0
head_diameter,2023,M3,LI39,1,17.0
plant_height,2023,M3,LI39,1,176.0
head_diameter,2023,M3,LI39,1,19.5
plant_height,2023,M3,LI39,2,173.0
head_diameter,2023,M3,LI39,2,18.0
plant_height,2023,M3,LI39,2,172.0
head_diameter,2023,M3,LI39,2,18.0
plant_height,2023,M3,LI39,2,174.0
head_diameter,2023,M3,LI39,2,19.5
plant_height,2023,M3,LI39,2,177.0
head_diameter,2023,M3,LI39,2,19.0
plant_height,2023,M3,LI39,2,167.0
head_diameter,2023,M3,LI39,2,19.5
plant_height,2023,M3,LI39,2,170.0
head_diameter,2023,M3,LI39,2,18.0
plant_height,2023,M3,LI39,2,171.0
head_diameter,2023,M3,LI39,2,20.0
plant_height,2023,M3,LI39,2,175.0
head_diameter,2023,M3,LI39,2,19.0
plant_height,2023,M3,LI39,2,166.0
head_diameter,2023,M3,LI39,2,20.5
plant_height,2023,M3,LI39,2,162.0
head_diameter,2023,M3,LI39,2,17.5
plant_height,2023,M3,LI39,3,162.0
head_diameter,2023,M3,LI39,3,15.0
plant_height,2023,M3,LI39,3,156.0
head_diameter,2023,M3,LI39,3,16.0
plant_height,2023,M3,LI39,3,160.0
head_diameter,2023,M3,LI39,3,16.0
plant_height,2023,M3,LI39,3,157.0
head_diameter,2023,M3,LI39,3,17.0
plant_height,2023,M3,LI39,3,160.0
head_diameter,2023,M3,LI39,3,16.0
plant_height,2023,M3,LI39,3,168.0
head_diameter,2023,M3,LI39,3,21.0
plant_height,2023,M3,LI39,3,172.0
head_diameter,2023,M3,LI39,3,14.5
plant_height,2023,M3,LI39,3,167.0
head_diameter,2023,M3,LI39,3,15.0
plant_height,2023,M3,LI39,3,169.0
head_diameter,2023,M3,LI39,3,17.0
plant_height,2023,M3,LI39,3,173.0
head_diameter,2023,M3,LI39,3,19.0
plant_height,2023,M3,LI40,1,163.0
head_diameter,2023,M3,LI40,1,12.0
plant_height,2023,M3,LI40,1,166.0
head_diameter,2023,M3,LI40,1,11.5
plant_height,2023,M3,LI40,1,155.0
head_diameter,2023,M3,LI40,1,18.0
plant_height,2023,M3,LI40,1,167.0
head_diameter,2023,M3,LI40,1,12.0
plant_height,2023,M3,LI40,1,167.0
head_diameter,2023,M3,LI40,1,14.0
plant_height,2023,M3,LI40,1,154.0
head_diameter,2023,M3,LI40,1,15.0
plant_height,2023,M3,LI40,1,164.0
head_diameter,2023,M3,LI40,1,15.0
plant_height,2023,M3,LI40,1,151.0
head_diameter,2023,M3,LI40,1,14.0
plant_height,2023,M3,LI40,1,155.0
head_diameter,2023,M3,LI40,1,15.0
plant_height,2023,M3,LI40,1,159.0
head_diameter,2023,M3,LI40,1,17.0
plant_height,2023,M3,LI40,2,176.0
head_diameter,2023,M3,LI40,2,16.0
plant_height,2023,M3,LI40,2,179.0
head_diameter,2023,M3,LI40,2,16.0
plant_height,2023,M3,LI40,2,165.0
head_diameter,2023,M3,LI40,2,20.0
plant_height,2023,M3,LI40,2,167.0
head_diameter,2023,M3,LI40,2,17.0
plant_height,2023,M3,LI40,2,166.0
head_diameter,2023,M3,LI40,2,16.0
plant_height,2023,M3,LI40,2,178.0
head_diameter,2023,M3,LI40,2,16.0
plant_height,2023,M3,LI40,2,167.0
head_diameter,2023,M3,LI40,2,16.0
plant_height,2023,M3,LI40,2,172.0
head_diameter,2023,M3,LI40,2,18.0
plant_height,2023,M3,LI40,2,172.0
head_diameter,2023,M3,LI40,2,17.5
plant_height,2023,M3,LI40,2,169.0
head_diameter,2023,M3,LI40,2,12.0
plant_height,2023,M3,LI40,3,156.0
head_diameter,2023,M3,LI40,3,15.0
plant_height,2023,M3,LI40,3,168.0
head_diameter,2023,M3,LI40,3,13.0
plant_height,2023,M3,LI40,3,171.0
head_diameter,2023,M3,LI40,3,15.0
plant_height,2023,M3,LI40,3,177.0
head_diameter,2023,M3,LI40,3,15.0
plant_height,2023,M3,LI40,3,166.0
head_diameter,2023,M3,LI40,3,14.0
plant_height,2023,M3,LI40,3,159.0
head_diameter,2023,M3,LI40,3,15.0
plant_height,2023,M3,LI40,3,167.0
head_diameter,2023,M3,LI40,3,13.0
plant_height,2023,M3,LI40,3,168.0
head_diameter,2023,M3,LI40,3,11.0
plant_height,2023,M3,LI40,3,156.0
head_diameter,2023,M3,LI40,3,12.0
plant_height,2023,M3,LI40,3,165.0
head_diameter,2023,M3,LI40,3,11.0
plant_height,2023,M3,LI41,1,162.0
head_diameter,2023,M3,LI41,1,20.0
plant_height,2023,M3,LI41,1,168.0
head_diameter,2023,M3,LI41,1,19.0
plant_height,2023,M3,LI41,1,165.0
head_diameter,2023,M3,LI41,1,18.0
plant_height,2023,M3,LI41,1,167.0
head_diameter,2023,M3,LI41,1,19.5
plant_height,2023,M3,LI41,1,168.0
head_diameter,2023,M3,LI41,1,20.5
plant_height,2023,M3,LI41,1,166.0
head_diameter,2023,M3,LI41,1,19.0
plant_height,2023,M3,LI41,1,156.0
head_diameter,2023,M3,LI41,1,20.0
plant_height,2023,M3,LI41,1,170.0
head_diameter,2023,M3,LI41,1,16.5
plant_height,2023,M3,LI41,1,166.0
head_diameter,2023,M3,LI41,1,20.0
plant_height,2023,M3,LI41,1,172.0
head_diameter,2023,M3,LI41,1,20.0
plant_height,2023,M3,LI41,2,162.0
head_diameter,2023,M3,LI41,2,21.5
plant_height,2023,M3,LI41,2,173.0
head_diameter,2023,M3,LI41,2,17.5
plant_height,2023,M3,LI41,2,171.0
head_diameter,2023,M3,LI41,2,17.0
plant_height,2023,M3,LI41,2,169.0
head_diameter,2023,M3,LI41,2,20.0
plant_height,2023,M3,LI41,2,163.0
head_diameter,2023,M3,LI41,2,13.0
plant_height,2023,M3,LI41,2,163.0
head_diameter,2023,M3,LI41,2,21.0
plant_height,2023,M3,LI41,2,164.0
head_diameter,2023,M3,LI41,2,18.0
plant_height,2023,M3,LI41,2,162.0
head_diameter,2023,M3,LI41,2,19.5
plant_height,2023,M3,LI41,2,171.0
head_diameter,2023,M3,LI41,2,17.0
plant_height,2023,M3,LI41,2,169.0
head_diameter,2023,M3,LI41,2,18.0
plant_height,2023,M3,LI41,3,167.0
head_diameter,2023,M3,LI41,3,17.5
plant_height,2023,M3,LI41,3,173.0
head_diameter,2023,M3,LI41,3,19.0
plant_height,2023,M3,LI41,3,171.0
head_diameter,2023,M3,LI41,3,19.5
plant_height,2023,M3,LI41,3,178.0
head_diameter,2023,M3,LI41,3,17.0
plant_height,2023,M3,LI41,3,172.0
head_diameter,2023,M3,LI41,3,18.0
plant_height,2023,M3,LI41,3,166.0
head_diameter,2023,M3,LI41,3,20.0
plant_height,2023,M3,LI41,3,180.0
head_diameter,2023,M3,LI41,3,15.5
plant_height,2023,M3,LI41,3,178.0
head_diameter,2023,M3,LI41,3,17.0
plant_height,2023,M3,LI41,3,173.0
head_diameter,2023,M3,LI41,3,16.0
plant_height,2023,M3,LI41,3,182.0
head_diameter,2023,M3,LI41,3,12.0
plant_height,2023,M3,LI42,1,182.0
head_diameter,2023,M3,LI42,1,18.0
plant_height,2023,M3,LI42,1,180.0
head_diameter,2023,M3,LI42,1,18.0
plant_height,2023,M3,LI42,1,172.0
head_diameter,2023,M3,LI42,1,14.0
plant_height,2023,M3,LI42,1,174.0
head_diameter,2023,M3,LI42,1,20.0
plant_height,2023,M3,LI42,1,168.0
head_diameter,2023,M3,LI42,1,14.0
plant_height,2023,M3,LI42,1,172.0
head_diameter,2023,M3,LI42,1,20.0
plant_height,2023,M3,LI42,1,177.0
head_diameter,2023,M3,LI42,1,22.0
plant_height,2023,M3,LI42,1,166.0
head_diameter,2023,M3,LI42,1,16.0
plant_height,2023,M3,LI42,1,174.0
head_diameter,2023,M3,LI42,1,19.0
plant_height,2023,M3,LI42,1,176.0
head_diameter,2023,M3,LI42,1,20.0
plant_height,2023,M3,LI42,2,164.0
head_diameter,2023,M3,LI42,2,13.0
plant_height,2023,M3,LI42,2,176.0
head_diameter,2023,M3,LI42,2,19.0
plant_height,2023,M3,LI42,2,182.0
head_diameter,2023,M3,LI42,2,19.5
plant_height,2023,M3,LI42,2,171.0
head_diameter,2023,M3,LI42,2,17.0
plant_height,2023,M3,LI42,2,178.0
head_diameter,2023,M3,LI42,2,18.0
plant_height,2023,M3,LI42,2,182.0
head_diameter,2023,M3,LI42,2,20.0
plant_height,2023,M3,LI42,2,186.0
head_diameter,2023,M3,LI42,2,21.0
plant_height,2023,M3,LI42,2,182.0
head_diameter,2023,M3,LI42,2,21.0
plant_height,2023,M3,LI42,2,167.0
head_diameter,2023,M3,LI42,2,17.0
plant_height,2023,M3,LI42,2,174.0
head_diameter,2023,M3,LI42,2,18.0
plant_height,2023,M3,LI42,3,198.0
head_diameter,2023,M3,LI42,3,18.0
plant_height,2023,M3,LI42,3,197.0
head_diameter,2023,M3,LI42,3,14.5
plant_height,2023,M3,LI42,3,187.0
head_diameter,2023,M3,LI42,3,17.0
plant_height,2023,M3,LI42,3,200.0
head_diameter,2023,M3,LI42,3,19.0
plant_height,2023,M3,LI42,3,192.0
head_diameter,2023,M3,LI42,3,20.5
plant_height,2023,M3,LI42,3,189.0
head_diameter,2023,M3,LI42,3,15.0
plant_height,2023,M3,LI42,3,185.0
head_diameter,2023,M3,LI42,3,15.0
plant_height,2023,M3,LI42,3,184.0
head_diameter,2023,M3,LI42,3,17.0
plant_height,2023,M3,LI42,3,189.0
head_diameter,2023,M3,LI42,3,19.0
plant_height,2023,M3,LI42,3,179.0
head_diameter,2023,M3,LI42,3,17.5
plant_height,2023,M3,LI43,1,178.0
head_diameter,2023,M3,LI43,1,21.0
plant_height,2023,M3,LI43,1,173.0
head_diameter,2023,M3,LI43,1,18.5
plant_height,2023,M3,LI43,1,174.0
head_diameter,2023,M3,LI43,1,20.0
plant_height,2023,M3,LI43,1,184.0
head_diameter,2023,M3,LI43,1,17.0
plant_height,2023,M3,LI43,1,181.0
head_diameter,2023,M3,LI43,1,15.0
plant_height,2023,M3,LI43,1,183.0
head_diameter,2023,M3,LI43,1,17.0
plant_height,2023,M3,LI43,1,170.0
head_diameter,2023,M3,LI43,1,14.5
plant_height,2023,M3,LI43,1,173.0
head_diameter,2023,M3,LI43,1,15.0
plant_height,2023,M3,LI43,1,170.0
head_diameter,2023,M3,LI43,1,21.5
plant_height,2023,M3,LI43,1,166.0
head_diameter,2023,M3,LI43,1,20.0
plant_height,2023,M3,LI43,2,177.0
head_diameter,2023,M3,LI43,2,21.0
plant_height,2023,M3,LI43,2,183.0
head_diameter,2023,M3,LI43,2,19.0
plant_height,2023,M3,LI43,2,178.0
head_diameter,2023,M3,LI43,2,18.5
plant_height,2023,M3,LI43,2,177.0
head_diameter,2023,M3,LI43,2,19.0
plant_height,2023,M3,LI43,2,182.0
head_diameter,2023,M3,LI43,2,20.0
plant_height,2023,M3,LI43,2,182.0
head_diameter,2023,M3,LI43,2,19.0
plant_height,2023,M3,LI43,2,179.0
head_diameter,2023,M3,LI43,2,21.0
plant_height,2023,M3,LI43,2,171.0
head_diameter,2023,M3,LI43,2,23.0
plant_height,2023,M3,LI43,2,175.0
head_diameter,2023,M3,LI43,2,21.0
plant_height,2023,M3,LI43,2,174.0
head_diameter,2023,M3,LI43,2,19.0
plant_height,2023,M3,LI43,3,183.0
head_diameter,2023,M3,LI43,3,21.0
plant_height,2023,M3,LI43,3,186.0
head_diameter,2023,M3,LI43,3,21.0
plant_height,2023,M3,LI43,3,185.0
head_diameter,2023,M3,LI43,3,23.0
plant_height,2023,M3,LI43,3,193.0
head_diameter,2023,M3,LI43,3,20.0
plant_height,2023,M3,LI43,3,201.0
head_diameter,2023,M3,LI43,3,20.0
plant_height,2023,M3,LI43,3,198.0
head_diameter,2023,M3,LI43,3,18.0
plant_height,2023,M3,LI43,3,201.0
head_diameter,2023,M3,LI43,3,19.5
plant_height,2023,M3,LI43,3,206.0
head_diameter,2023,M3,LI43,3,15.5
plant_height,2023,M3,LI43,3,198.0
head_diameter,2023,M3,LI43,3,19.0
plant_height,2023,M3,LI43,3,207.0
head_diameter,2023,M3,LI43,3,19.0
plant_height,2023,M3,LI44,1,171.0
head_diameter,2023,M3,LI44,1,20.0
plant_height,2023,M3,LI44,1,170.0
head_diameter,2023,M3,LI44,1,14.0
plant_height,2023,M3,LI44,1,164.0
head_diameter,2023,M3,LI44,1,15.0
plant_height,2023,M3,LI44,1,167.0
head_diameter,2023,M3,LI44,1,18.0
plant_height,2023,M3,LI44,1,168.0
head_diameter,2023,M3,LI44,1,15.0
plant_height,2023,M3,LI44,1,173.0
head_diameter,2023,M3,LI44,1,16.0
plant_height,2023,M3,LI44,1,174.0
head_diameter,2023,M3,LI44,1,14.0
plant_height,2023,M3,LI44,1,177.0
head_diameter,2023,M3,LI44,1,15.5
plant_height,2023,M3,LI44,1,175.0
head_diameter,2023,M3,LI44,1,17.0
plant_height,2023,M3,LI44,1,172.0
head_diameter,2023,M3,LI44,1,15.0
plant_height,2023,M3,LI44,2,168.0
head_diameter,2023,M3,LI44,2,20.0
plant_height,2023,M3,LI44,2,169.0
head_diameter,2023,M3,LI44,2,21.0
plant_height,2023,M3,LI44,2,168.0
head_diameter,2023,M3,LI44,2,16.0
plant_height,2023,M3,LI44,2,175.0
head_diameter,2023,M3,LI44,2,19.0
plant_height,2023,M3,LI44,2,181.0
head_diameter,2023,M3,LI44,2,20.0
plant_height,2023,M3,LI44,2,173.0
head_diameter,2023,M3,LI44,2,16.0
plant_height,2023,M3,LI44,2,174.0
head_diameter,2023,M3,LI44,2,17.0
plant_height,2023,M3,LI44,2,172.0
head_diameter,2023,M3,LI44,2,16.0
plant_height,2023,M3,LI44,2,167.0
head_diameter,2023,M3,LI44,2,17.0
plant_height,2023,M3,LI44,2,175.0
head_diameter,2023,M3,LI44,2,21.5
plant_height,2023,M3,LI44,3,200.0
head_diameter,2023,M3,LI44,3,19.0
plant_height,2023,M3,LI44,3,191.0
head_diameter,2023,M3,LI44,3,16.0
plant_height,2023,M3,LI44,3,187.0
head_diameter,2023,M3,LI44,3,17.0
plant_height,2023,M3,LI44,3,192.0
head_diameter,2023,M3,LI44,3,16.0
plant_height,2023,M3,LI44,3,201.0
head_diameter,2023,M3,LI44,3,23.0
plant_height,2023,M3,LI44,3,188.0
head_diameter,2023,M3,LI44,3,16.5
plant_height,2023,M3,LI44,3,199.0
head_diameter,2023,M3,LI44,3,15.0
plant_height,2023,M3,LI44,3,187.0
head_diameter,2023,M3,LI44,3,17.0
plant_height,2023,M3,LI44,3,184.0
head_diameter,2023,M3,LI44,3,19.0
plant_height,2023,M3,LI44,3,186.0
head_diameter,2023,M3,LI44,3,16.0
plant_height,2023,M3,LI45,1,178.0
head_diameter,2023,M3,LI45,1,20.0
plant_height,2023,M3,LI45,1,185.0
head_diameter,2023,M3,LI45,1,20.0
plant_height,2023,M3,LI45,1,173.0
head_diameter,2023,M3,LI45,1,14.0
plant_height,2023,M3,LI45,1,184.0
head_diameter,2023,M3,LI45,1,20.0
plant_height,2023,M3,LI45,1,188.0
head_diameter,2023,M3,LI45,1,17.0
plant_height,2023,M3,LI45,1,181.0
head_diameter,2023,M3,LI45,1,18.0
plant_height,2023,M3,LI45,1,180.0
head_diameter,2023,M3,LI45,1,15.0
plant_height,2023,M3,LI45,1,180.0
head_diameter,2023,M3,LI45,1,14.0
plant_height,2023,M3,LI45,1,186.0
head_diameter,2023,M3,LI45,1,16.0
plant_height,2023,M3,LI45,1,184.0
head_diameter,2023,M3,LI45,1,17.0
plant_height,2023,M3,LI45,2,171.0
head_diameter,2023,M3,LI45,2,19.0
plant_height,2023,M3,LI45,2,174.0
head_diameter,2023,M3,LI45,2,19.0
plant_height,2023,M3,LI45,2,171.0
head_diameter,2023,M3,LI45,2,17.5
plant_height,2023,M3,LI45,2,171.0
head_diameter,2023,M3,LI45,2,21.0
plant_height,2023,M3,LI45,2,181.0
head_diameter,2023,M3,LI45,2,23.0
plant_height,2023,M3,LI45,2,178.0
head_diameter,2023,M3,LI45,2,21.0
plant_height,2023,M3,LI45,2,173.0
head_diameter,2023,M3,LI45,2,13.0
plant_height,2023,M3,LI45,2,182.0
head_diameter,2023,M3,LI45,2,16.0
plant_height,2023,M3,LI45,2,181.0
head_diameter,2023,M3,LI45,2,17.0
plant_height,2023,M3,LI45,2,182.0
head_diameter,2023,M3,LI45,2,14.0
plant_height,2023,M3,LI45,3,182.0
head_diameter,2023,M3,LI45,3,16.0
plant_height,2023,M3,LI45,3,188.0
head_diameter,2023,M3,LI45,3,20.0
plant_height,2023,M3,LI45,3,182.0
head_diameter,2023,M3,LI45,3,18.5
plant_height,2023,M3,LI45,3,184.0
head_diameter,2023,M3,LI45,3,14.0
plant_height,2023,M3,LI45,3,186.0
head_diameter,2023,M3,LI45,3,18.0
plant_height,2023,M3,LI45,3,181.0
head_diameter,2023,M3,LI45,3,15.0
plant_height,2023,M3,LI45,3,187.0
head_diameter,2023,M3,LI45,3,16.0
plant_height,2023,M3,LI45,3,190.0
head_diameter,2023,M3,LI45,3,18.0
plant_height,2023,M3,LI45,3,189.0
head_diameter,2023,M3,LI45,3,17.0
plant_height,2023,M3,LI45,3,186.0
head_diameter,2023,M3,LI45,3,17.0
plant_height,2023,M3,LI46,1,186.0
head_diameter,2023,M3,LI46,1,20.0
plant_height,2023,M3,LI46,1,186.0
head_diameter,2023,M3,LI46,1,16.5
plant_height,2023,M3,LI46,1,188.0
head_diameter,2023,M3,LI46,1,17.5
plant_height,2023,M3,LI46,1,178.0
head_diameter,2023,M3,LI46,1,19.0
plant_height,2023,M3,LI46,1,169.0
head_diameter,2023,M3,LI46,1,20.0
plant_height,2023,M3,LI46,1,170.0
head_diameter,2023,M3,LI46,1,20.0
plant_height,2023,M3,LI46,1,172.0
head_diameter,2023,M3,LI46,1,22.0
plant_height,2023,M3,LI46,1,175.0
head_diameter,2023,M3,LI46,1,19.5
plant_height,2023,M3,LI46,1,182.0
head_diameter,2023,M3,LI46,1,21.5
plant_height,2023,M3,LI46,1,191.0
head_diameter,2023,M3,LI46,1,20.0
plant_height,2023,M3,LI46,2,179.0
head_diameter,2023,M3,LI46,2,19.0
plant_height,2023,M3,LI46,2,189.0
head_diameter,2023,M3,LI46,2,17.0
plant_height,2023,M3,LI46,2,195.0
head_diameter,2023,M3,LI46,2,20.0
plant_height,2023,M3,LI46,2,182.0
head_diameter,2023,M3,LI46,2,16.5
plant_height,2023,M3,LI46,2,187.0
head_diameter,2023,M3,LI46,2,17.0
plant_height,2023,M3,LI46,2,194.0
head_diameter,2023,M3,LI46,2,19.0
plant_height,2023,M3,LI46,2,193.0
head_diameter,2023,M3,LI46,2,18.5
plant_height,2023,M3,LI46,2,187.0
head_diameter,2023,M3,LI46,2,19.5
plant_height,2023,M3,LI46,2,183.0
head_diameter,2023,M3,LI46,2,19.0
plant_height,2023,M3,LI46,2,184.0
head_diameter,2023,M3,LI46,2,20.0
plant_height,2023,M3,LI46,3,195.0
head_diameter,2023,M3,LI46,3,17.0
plant_height,2023,M3,LI46,3,196.0
head_diameter,2023,M3,LI46,3,16.0
plant_height,2023,M3,LI46,3,198.0
head_diameter,2023,M3,LI46,3,18.0
plant_height,2023,M3,LI46,3,201.0
head_diameter,2023,M3,LI46,3,16.0
plant_height,2023,M3,LI46,3,188.0
head_diameter,2023,M3,LI46,3,17.0
plant_height,2023,M3,LI46,3,191.0
head_diameter,2023,M3,LI46,3,17.0
plant_height,2023,M3,LI46,3,189.0
head_diameter,2023,M3,LI46,3,19.0
plant_height,2023,M3,LI46,3,188.0
head_diameter,2023,M3,LI46,3,17.0
plant_height,2023,M3,LI46,3,202.0
head_diameter,2023,M3,LI46,3,18.0
plant_height,2023,M3,LI46,3,195.0
head_diameter,2023,M3,LI46,3,20.0
plant_height,2023,M3,LI47,1,182.0
head_diameter,2023,M3,LI47,1,17.0
plant_height,2023,M3,LI47,1,188.0
head_diameter,2023,M3,LI47,1,17.5
plant_height,2023,M3,LI47,1,186.0
head_diameter,2023,M3,LI47,1,17.0
plant_height,2023,M3,LI47,1,187.0
head_diameter,2023,M3,LI47,1,21.0
plant_height,2023,M3,LI47,1,185.0
head_diameter,2023,M3,LI47,1,20.0
plant_height,2023,M3,LI47,1,189.0
head_diameter,2023,M3,LI47,1,17.0
plant_height,2023,M3,LI47,1,192.0
head_diameter,2023,M3,LI47,1,20.0
plant_height,2023,M3,LI47,1,191.0
head_diameter,2023,M3,LI47,1,15.0
plant_height,2023,M3,LI47,1,183.0
head_diameter,2023,M3,LI47,1,19.5
plant_height,2023,M3,LI47,1,180.0
head_diameter,2023,M3,LI47,1,19.0
plant_height,2023,M3,LI47,2,180.0
head_diameter,2023,M3,LI47,2,22.0
plant_height,2023,M3,LI47,2,178.0
head_diameter,2023,M3,LI47,2,19.0
plant_height,2023,M3,LI47,2,182.0
head_diameter,2023,M3,LI47,2,13.0
plant_height,2023,M3,LI47,2,184.0
head_diameter,2023,M3,LI47,2,16.0
plant_height,2023,M3,LI47,2,185.0
head_diameter,2023,M3,LI47,2,16.0
plant_height,2023,M3,LI47,2,183.0
head_diameter,2023,M3,LI47,2,17.0
plant_height,2023,M3,LI47,2,182.0
head_diameter,2023,M3,LI47,2,19.0
plant_height,2023,M3,LI47,2,187.0
head_diameter,2023,M3,LI47,2,18.0
plant_height,2023,M3,LI47,2,182.0
head_diameter,2023,M3,LI47,2,16.0
plant_height,2023,M3,LI47,2,186.0
head_diameter,2023,M3,LI47,2,20.0
plant_height,2023,M3,LI47,3,193.0
head_diameter,2023,M3,LI47,3,16.5
plant_height,2023,M3,LI47,3,200.0
head_diameter,2023,M3,LI47,3,17.5
plant_height,2023,M3,LI47,3,207.0
head_diameter,2023,M3,LI47,3,19.0
plant_height,2023,M3,LI47,3,209.0
head_diameter,2023,M3,LI47,3,20.0
plant_height,2023,M3,LI47,3,204.0
head_diameter,2023,M3,LI47,3,15.0
plant_height,2023,M3,LI47,3,202.0
head_diameter,2023,M3,LI47,3,18.0
plant_height,2023,M3,LI47,3,210.0
head_diameter,2023,M3,LI47,3,15.0
plant_height,2023,M3,LI47,3,206.0
head_diameter,2023,M3,LI47,3,17.0
plant_height,2023,M3,LI47,3,205.0
head_diameter,2023,M3,LI47,3,20.0
plant_height,2023,M3,LI47,3,206.0
head_diameter,2023,M3,LI47,3,19.0
plant_height,2023,M3,LI48,1,190.0
head_diameter,2023,M3,LI48,1,16.5
plant_height,2023,M3,LI48,1,190.0
head_diameter,2023,M3,LI48,1,16.0
plant_height,2023,M3,LI48,1,183.0
head_diameter,2023,M3,LI48,1,14.0
plant_height,2023,M3,LI48,1,187.0
head_diameter,2023,M3,LI48,1,15.0
plant_height,2023,M3,LI48,1,189.0
head_diameter,2023,M3,LI48,1,18.5
plant_height,2023,M3,LI48,1,189.0
head_diameter,2023,M3,LI48,1,19.0
plant_height,2023,M3,LI48,1,194.0
head_diameter,2023,M3,LI48,1,21.0
plant_height,2023,M3,LI48,1,189.0
head_diameter,2023,M3,LI48,1,17.5
plant_height,2023,M3,LI48,1,188.0
head_diameter,2023,M3,LI48,1,20.0
plant_height,2023,M3,LI48,1,191.0
head_diameter,2023,M3,LI48,1,16.0
plant_height,2023,M3,LI48,2,193.0
head_diameter,2023,M3,LI48,2,17.0
plant_height,2023,M3,LI48,2,194.0
head_diameter,2023,M3,LI48,2,20.0
plant_height,2023,M3,LI48,2,191.0
head_diameter,2023,M3,LI48,2,15.5
plant_height,2023,M3,LI48,2,193.0
head_diameter,2023,M3,LI48,2,16.0
plant_height,2023,M3,LI48,2,200.0
head_diameter,2023,M3,LI48,2,19.0
plant_height,2023,M3,LI48,2,198.0
head_diameter,2023,M3,LI48,2,20.5
plant_height,2023,M3,LI48,2,195.0
head_diameter,2023,M3,LI48,2,18.5
plant_height,2023,M3,LI48,2,189.0
head_diameter,2023,M3,LI48,2,19.0
plant_height,2023,M3,LI48,2,196.0
head_diameter,2023,M3,LI48,2,23.0
plant_height,2023,M3,LI48,2,187.0
head_diameter,2023,M3,LI48,2,19.5
plant_height,2023,M3,LI48,3,186.0
head_diameter,2023,M3,LI48,3,20.0
plant_height,2023,M3,LI48,3,200.0
head_diameter,2023,M3,LI48,3,19.5
plant_height,2023,M3,LI48,3,196.0
head_diameter,2023,M3,LI48,3,16.5
plant_height,2023,M3,LI48,3,202.0
head_diameter,2023,M3,LI48,3,17.0
plant_height,2023,M3,LI48,3,192.0
head_diameter,2023,M3,LI48,3,17.5
plant_height,2023,M3,LI48,3,207.0
head_diameter,2023,M3,LI48,3,20.0
plant_height,2023,M3,LI48,3,187.0
head_diameter,2023,M3,LI48,3,18.5
plant_height,2023,M3,LI48,3,198.0
head_diameter,2023,M3,LI48,3,18.5
plant_height,2023,M3,LI48,3,202.0
head_diameter,2023,M3,LI48,3,19.0
plant_height,2023,M3,LI48,3,198.0
head_diameter,2023,M3,LI48,3,20.0
plant_height,2023,M3,LI49,1,171.0
head_diameter,2023,M3,LI49,1,17.0
plant_height,2023,M3,LI49,1,171.0
head_diameter,2023,M3,LI49,1,17.0
plant_height,2023,M3,LI49,1,170.0
head_diameter,2023,M3,LI49,1,18.0
plant_height,2023,M3,LI49,1,156.0
head_diameter,2023,M3,LI49,1,19.0
plant_height,2023,M3,LI49,1,156.0
head_diameter,2023,M3,LI49,1,19.0
plant_height,2023,M3,LI49,1,155.0
head_diameter,2023,M3,LI49,1,18.0
plant_height,2023,M3,LI49,1,153.0
head_diameter,2023,M3,LI49,1,18.0
plant_height,2023,M3,LI49,1,153.0
head_diameter,2023,M3,LI49,1,20.5
plant_height,2023,M3,LI49,1,159.0
head_diameter,2023,M3,LI49,1,17.0
plant_height,2023,M3,LI49,1,167.0
head_diameter,2023,M3,LI49,1,11.0
plant_height,2023,M3,LI49,2,180.0
head_diameter,2023,M3,LI49,2,18.0
plant_height,2023,M3,LI49,2,175.0
head_diameter,2023,M3,LI49,2,17.0
plant_height,2023,M3,LI49,2,181.0
head_diameter,2023,M3,LI49,2,15.0
plant_height,2023,M3,LI49,2,168.0
head_diameter,2023,M3,LI49,2,19.0
plant_height,2023,M3,LI49,2,165.0
head_diameter,2023,M3,LI49,2,21.0
plant_height,2023,M3,LI49,2,175.0
head_diameter,2023,M3,LI49,2,19.0
plant_height,2023,M3,LI49,2,176.0
head_diameter,2023,M3,LI49,2,17.0
plant_height,2023,M3,LI49,2,172.0
head_diameter,2023,M3,LI49,2,18.0
plant_height,2023,M3,LI49,2,160.0
head_diameter,2023,M3,LI49,2,16.0
plant_height,2023,M3,LI49,2,161.0
head_diameter,2023,M3,LI49,2,17.0
plant_height,2023,M3,LI49,3,156.0
head_diameter,2023,M3,LI49,3,19.0
plant_height,2023,M3,LI49,3,163.0
head_diameter,2023,M3,LI49,3,17.0
plant_height,2023,M3,LI49,3,170.0
head_diameter,2023,M3,LI49,3,13.0
plant_height,2023,M3,LI49,3,171.0
head_diameter,2023,M3,LI49,3,19.0
plant_height,2023,M3,LI49,3,173.0
head_diameter,2023,M3,LI49,3,18.0
plant_height,2023,M3,LI49,3,174.0
head_diameter,2023,M3,LI49,3,15.0
plant_height,2023,M3,LI49,3,180.0
head_diameter,2023,M3,LI49,3,19.5
plant_height,2023,M3,LI49,3,170.0
head_diameter,2023,M3,LI49,3,16.0
plant_height,2023,M3,LI49,3,161.0
head_diameter,2023,M3,LI49,3,16.0
plant_height,2023,M3,LI49,3,165.0
head_diameter,2023,M3,LI49,3,17.5
plant_height,2023,M3,LI50,1,191.0
head_diameter,2023,M3,LI50,1,15.0
plant_height,2023,M3,LI50,1,178.0
head_diameter,2023,M3,LI50,1,14.0
plant_height,2023,M3,LI50,1,178.0
head_diameter,2023,M3,LI50,1,17.0
plant_height,2023,M3,LI50,1,172.0
head_diameter,2023,M3,LI50,1,13.5
plant_height,2023,M3,LI50,1,187.0
head_diameter,2023,M3,LI50,1,12.0
plant_height,2023,M3,LI50,1,175.0
head_diameter,2023,M3,LI50,1,14.0
plant_height,2023,M3,LI50,1,190.0
head_diameter,2023,M3,LI50,1,15.0
plant_height,2023,M3,LI50,1,183.0
head_diameter,2023,M3,LI50,1,15.0
plant_height,2023,M3,LI50,1,179.0
head_diameter,2023,M3,LI50,1,14.0
plant_height,2023,M3,LI50,1,181.0
head_diameter,2023,M3,LI50,1,15.0
plant_height,2023,M3,LI50,2,198.0
head_diameter,2023,M3,LI50,2,18.0
plant_height,2023,M3,LI50,2,193.0
head_diameter,2023,M3,LI50,2,21.0
plant_height,2023,M3,LI50,2,181.0
head_diameter,2023,M3,LI50,2,18.0
plant_height,2023,M3,LI50,2,184.0
head_diameter,2023,M3,LI50,2,17.5
plant_height,2023,M3,LI50,2,186.0
head_diameter,2023,M3,LI50,2,18.5
plant_height,2023,M3,LI50,2,183.0
head_diameter,2023,M3,LI50,2,19.0
plant_height,2023,M3,LI50,2,187.0
head_diameter,2023,M3,LI50,2,15.0
plant_height,2023,M3,LI50,2,187.0
head_diameter,2023,M3,LI50,2,15.0
plant_height,2023,M3,LI50,2,194.0
head_diameter,2023,M3,LI50,2,20.0
plant_height,2023,M3,LI50,2,183.0
head_diameter,2023,M3,LI50,2,18.0
plant_height,2023,M3,LI50,3,180.0
head_diameter,2023,M3,LI50,3,16.0
plant_height,2023,M3,LI50,3,178.0
head_diameter,2023,M3,LI50,3,18.0
plant_height,2023,M3,LI50,3,193.0
head_diameter,2023,M3,LI50,3,16.0
plant_height,2023,M3,LI50,3,186.0
head_diameter,2023,M3,LI50,3,19.5
plant_height,2023,M3,LI50,3,185.0
head_diameter,2023,M3,LI50,3,17.5
plant_height,2023,M3,LI50,3,189.0
head_diameter,2023,M3,LI50,3,14.0
plant_height,2023,M3,LI50,3,189.0
head_diameter,2023,M3,LI50,3,20.0
plant_height,2023,M3,LI50,3,192.0
head_diameter,2023,M3,LI50,3,22.0
plant_height,2023,M3,LI50,3,188.0
head_diameter,2023,M3,LI50,3,22.0
plant_height,2023,M3,LI50,3,188.0
head_diameter,2023,M3,LI50,3,19.0
plant_height,2023,M3,LI51,1,182.0
head_diameter,2023,M3,LI51,1,18.0
plant_height,2023,M3,LI51,1,183.0
head_diameter,2023,M3,LI51,1,18.0
plant_height,2023,M3,LI51,1,183.0
head_diameter,2023,M3,LI51,1,19.0
plant_height,2023,M3,LI51,1,183.0
head_diameter,2023,M3,LI51,1,18.0
plant_height,2023,M3,LI51,1,173.0
head_diameter,2023,M3,LI51,1,19.0
plant_height,2023,M3,LI51,1,168.0
head_diameter,2023,M3,LI51,1,17.0
plant_height,2023,M3,LI51,1,175.0
head_diameter,2023,M3,LI51,1,18.0
plant_height,2023,M3,LI51,1,177.0
head_diameter,2023,M3,LI51,1,21.0
plant_height,2023,M3,LI51,1,175.0
head_diameter,2023,M3,LI51,1,20.0
plant_height,2023,M3,LI51,1,166.0
head_diameter,2023,M3,LI51,1,20.0
plant_height,2023,M3,LI51,1,177.0
head_diameter,2023,M3,LI51,1,20.0
plant_height,2023,M3,LI51,1,171.0
head_diameter,2023,M3,LI51,1,21.0
plant_height,2023,M3,LI51,1,170.0
head_diameter,2023,M3,LI51,1,19.0
plant_height,2023,M3,LI51,1,173.0
head_diameter,2023,M3,LI51,1,17.0
plant_height,2023,M3,LI51,1,172.0
head_diameter,2023,M3,LI51,1,16.0
plant_height,2023,M3,LI51,2,193.0
head_diameter,2023,M3,LI51,2,19.0
plant_height,2023,M3,LI51,2,192.0
head_diameter,2023,M3,LI51,2,20.0
plant_height,2023,M3,LI51,2,184.0
head_diameter,2023,M3,LI51,2,21.0
plant_height,2023,M3,LI51,2,181.0
head_diameter,2023,M3,LI51,2,22.0
plant_height,2023,M3,LI51,2,179.0
head_diameter,2023,M3,LI51,2,21.0
plant_height,2023,M3,LI51,2,180.0
head_diameter,2023,M3,LI51,2,20.0
plant_height,2023,M3,LI51,2,191.0
head_diameter,2023,M3,LI51,2,18.0
plant_height,2023,M3,LI51,2,176.0
head_diameter,2023,M3,LI51,2,17.0
plant_height,2023,M3,LI51,2,172.0
head_diameter,2023,M3,LI51,2,20.0
plant_height,2023,M3,LI51,2,188.0
head_diameter,2023,M3,LI51,2,16.0
plant_height,2023,M3,LI51,2,186.0
head_diameter,2023,M3,LI51,2,18.0
plant_height,2023,M3,LI51,2,177.0
head_diameter,2023,M3,LI51,2,22.0
plant_height,2023,M3,LI51,2,176.0
head_diameter,2023,M3,LI51,2,18.0
plant_height,2023,M3,LI51,2,176.0
head_diameter,2023,M3,LI51,2,20.0
plant_height,2023,M3,LI51,2,169.0
head_diameter,2023,M3,LI51,2,15.0
plant_height,2023,M3,LI51,3,175.0
head_diameter,2023,M3,LI51,3,19.0
plant_height,2023,M3,LI51,3,179.0
head_diameter,2023,M3,LI51,3,18.0
plant_height,2023,M3,LI51,3,190.0
head_diameter,2023,M3,LI51,3,22.0
plant_height,2023,M3,LI51,3,194.0
head_diameter,2023,M3,LI51,3,17.0
plant_height,2023,M3,LI51,3,188.0
head_diameter,2023,M3,LI51,3,15.0
plant_height,2023,M3,LI51,3,187.0
head_diameter,2023,M3,LI51,3,16.0
plant_height,2023,M3,LI51,3,193.0
head_diameter,2023,M3,LI51,3,16.0
plant_height,2023,M3,LI51,3,188.0
head_diameter,2023,M3,LI51,3,17.0
plant_height,2023,M3,LI51,3,190.0
head_diameter,2023,M3,LI51,3,19.0
plant_height,2023,M3,LI51,3,195.0
head_diameter,2023,M3,LI51,3,22.0
plant_height,2023,M3,LI51,3,205.0
head_diameter,2023,M3,LI51,3,22.0
plant_height,2023,M3,LI51,3,198.0
head_diameter,2023,M3,LI51,3,20.0
plant_height,2023,M3,LI51,3,203.0
head_diameter,2023,M3,LI51,3,20.0
plant_height,2023,M3,LI51,3,205.0
head_diameter,2023,M3,LI51,3,23.0
plant_height,2023,M3,LI51,3,199.0
head_diameter,2023,M3,LI51,3,27.0
plant_height,2023,M3,LI52,1,174.0
head_diameter,2023,M3,LI52,1,15.0
plant_height,2023,M3,LI52,1,173.0
head_diameter,2023,M3,LI52,1,15.0
plant_height,2023,M3,LI52,1,173.0
head_diameter,2023,M3,LI52,1,15.0
plant_height,2023,M3,LI52,1,170.0
head_diameter,2023,M3,LI52,1,14.0
plant_height,2023,M3,LI52,1,168.0
head_diameter,2023,M3,LI52,1,18.0
plant_height,2023,M3,LI52,1,166.0
head_diameter,2023,M3,LI52,1,15.0
plant_height,2023,M3,LI52,1,165.0
head_diameter,2023,M3,LI52,1,17.0
plant_height,2023,M3,LI52,1,161.0
head_diameter,2023,M3,LI52,1,17.0
plant_height,2023,M3,LI52,1,164.0
head_diameter,2023,M3,LI52,1,17.0
plant_height,2023,M3,LI52,1,163.0
head_diameter,2023,M3,LI52,1,14.0
plant_height,2023,M3,LI52,2,180.0
head_diameter,2023,M3,LI52,2,20.0
plant_height,2023,M3,LI52,2,181.0
head_diameter,2023,M3,LI52,2,20.0
plant_height,2023,M3,LI52,2,177.0
head_diameter,2023,M3,LI52,2,20.5
plant_height,2023,M3,LI52,2,173.0
head_diameter,2023,M3,LI52,2,24.0
plant_height,2023,M3,LI52,2,179.0
head_diameter,2023,M3,LI52,2,20.5
plant_height,2023,M3,LI52,2,177.0
head_diameter,2023,M3,LI52,2,21.0
plant_height,2023,M3,LI52,2,177.0
head_diameter,2023,M3,LI52,2,20.0
plant_height,2023,M3,LI52,2,178.0
head_diameter,2023,M3,LI52,2,17.0
plant_height,2023,M3,LI52,2,171.0
head_diameter,2023,M3,LI52,2,21.0
plant_height,2023,M3,LI52,2,175.0
head_diameter,2023,M3,LI52,2,21.0
plant_height,2023,M3,LI52,3,173.0
head_diameter,2023,M3,LI52,3,19.0
plant_height,2023,M3,LI52,3,178.0
head_diameter,2023,M3,LI52,3,19.0
plant_height,2023,M3,LI52,3,171.0
head_diameter,2023,M3,LI52,3,19.0
plant_height,2023,M3,LI52,3,173.0
head_diameter,2023,M3,LI52,3,20.0
plant_height,2023,M3,LI52,3,183.0
head_diameter,2023,M3,LI52,3,17.5
plant_height,2023,M3,LI52,3,181.0
head_diameter,2023,M3,LI52,3,18.0
plant_height,2023,M3,LI52,3,179.0
head_diameter,2023,M3,LI52,3,19.0
plant_height,2023,M3,LI52,3,178.0
head_diameter,2023,M3,LI52,3,18.0
plant_height,2023,M3,LI52,3,175.0
head_diameter,2023,M3,LI52,3,18.0
plant_height,2023,M3,LI52,3,164.0
head_diameter,2023,M3,LI52,3,18.0
plant_height,2023,M3,LI53,1,176.0
head_diameter,2023,M3,LI53,1,19.0
plant_height,2023,M3,LI53,1,181.0
head_diameter,2023,M3,LI53,1,21.0
plant_height,2023,M3,LI53,1,176.0
head_diameter,2023,M3,LI53,1,18.0
plant_height,2023,M3,LI53,1,179.0
head_diameter,2023,M3,LI53,1,22.0
plant_height,2023,M3,LI53,1,187.0
head_diameter,2023,M3,LI53,1,20.0
plant_height,2023,M3,LI53,1,182.0
head_diameter,2023,M3,LI53,1,17.0
plant_height,2023,M3,LI53,1,188.0
head_diameter,2023,M3,LI53,1,20.0
plant_height,2023,M3,LI53,1,187.0
head_diameter,2023,M3,LI53,1,22.0
plant_height,2023,M3,LI53,1,190.0
head_diameter,2023,M3,LI53,1,18.0
plant_height,2023,M3,LI53,1,191.0
head_diameter,2023,M3,LI53,1,20.0
plant_height,2023,M3,LI53,1,190.0
head_diameter,2023,M3,LI53,1,22.0
plant_height,2023,M3,LI53,1,177.0
head_diameter,2023,M3,LI53,1,19.0
plant_height,2023,M3,LI53,1,186.0
head_diameter,2023,M3,LI53,1,17.0
plant_height,2023,M3,LI53,1,194.0
head_diameter,2023,M3,LI53,1,18.0
plant_height,2023,M3,LI53,1,185.0
head_diameter,2023,M3,LI53,1,20.0
plant_height,2023,M3,LI53,2,177.0
head_diameter,2023,M3,LI53,2,19.0
plant_height,2023,M3,LI53,2,174.0
head_diameter,2023,M3,LI53,2,18.0
plant_height,2023,M3,LI53,2,173.0
head_diameter,2023,M3,LI53,2,15.0
plant_height,2023,M3,LI53,2,178.0
head_diameter,2023,M3,LI53,2,17.0
plant_height,2023,M3,LI53,2,177.0
head_diameter,2023,M3,LI53,2,17.0
plant_height,2023,M3,LI53,2,172.0
head_diameter,2023,M3,LI53,2,19.0
plant_height,2023,M3,LI53,2,181.0
head_diameter,2023,M3,LI53,2,18.0
plant_height,2023,M3,LI53,2,176.0
head_diameter,2023,M3,LI53,2,19.0
plant_height,2023,M3,LI53,2,180.0
head_diameter,2023,M3,LI53,2,21.0
plant_height,2023,M3,LI53,2,177.0
head_diameter,2023,M3,LI53,2,16.0
plant_height,2023,M3,LI53,2,187.0
head_diameter,2023,M3,LI53,2,21.0
plant_height,2023,M3,LI53,2,184.0
head_diameter,2023,M3,LI53,2,21.0
plant_height,2023,M3,LI53,2,182.0
head_diameter,2023,M3,LI53,2,21.0
plant_height,2023,M3,LI53,2,186.0
head_diameter,2023,M3,LI53,2,18.0
plant_height,2023,M3,LI53,2,187.0
head_diameter,2023,M3,LI53,2,19.0
plant_height,2023,M3,LI53,3,177.0
head_diameter,2023,M3,LI53,3,22.0
plant_height,2023,M3,LI53,3,180.0
head_diameter,2023,M3,LI53,3,24.0
plant_height,2023,M3,LI53,3,178.0
head_diameter,2023,M3,LI53,3,21.0
plant_height,2023,M3,LI53,3,175.0
head_diameter,2023,M3,LI53,3,18.0
plant_height,2023,M3,LI53,3,177.0
head_diameter,2023,M3,LI53,3,19.0
plant_height,2023,M3,LI53,3,178.0
head_diameter,2023,M3,LI53,3,16.0
plant_height,2023,M3,LI53,3,180.0
head_diameter,2023,M3,LI53,3,20.0
plant_height,2023,M3,LI53,3,180.0
head_diameter,2023,M3,LI53,3,15.0
plant_height,2023,M3,LI53,3,183.0
head_diameter,2023,M3,LI53,3,21.0
plant_height,2023,M3,LI53,3,180.0
head_diameter,2023,M3,LI53,3,22.0
plant_height,2023,M3,LI53,3,173.0
head_diameter,2023,M3,LI53,3,15.0
plant_height,2023,M3,LI53,3,187.0
head_diameter,2023,M3,LI53,3,19.0
plant_height,2023,M3,LI53,3,188.0
head_diameter,2023,M3,LI53,3,17.0
plant_height,2023,M3,LI53,3,190.0
head_diameter,2023,M3,LI53,3,20.0
plant_height,2023,M3,LI53,3,197.0
head_diameter,2023,M3,LI53,3,20.0
plant_height,2023,M3,LI54,1,173.0
head_diameter,2023,M3,LI54,1,18.0
plant_height,2023,M3,LI54,1,170.0
head_diameter,2023,M3,LI54,1,19.0
plant_height,2023,M3,LI54,1,162.0
head_diameter,2023,M3,LI54,1,19.0
plant_height,2023,M3,LI54,1,166.0
head_diameter,2023,M3,LI54,1,16.0
plant_height,2023,M3,LI54,1,170.0
head_diameter,2023,M3,LI54,1,18.0
plant_height,2023,M3,LI54,1,160.0
head_diameter,2023,M3,LI54,1,22.0
plant_height,2023,M3,LI54,1,167.0
head_diameter,2023,M3,LI54,1,19.0
plant_height,2023,M3,LI54,1,167.0
head_diameter,2023,M3,LI54,1,19.0
plant_height,2023,M3,LI54,1,178.0
head_diameter,2023,M3,LI54,1,19.0
plant_height,2023,M3,LI54,1,169.0
head_diameter,2023,M3,LI54,1,20.0
plant_height,2023,M3,LI54,1,163.0
head_diameter,2023,M3,LI54,1,19.0
plant_height,2023,M3,LI54,1,171.0
head_diameter,2023,M3,LI54,1,15.0
plant_height,2023,M3,LI54,1,167.0
head_diameter,2023,M3,LI54,1,20.0
plant_height,2023,M3,LI54,1,175.0
head_diameter,2023,M3,LI54,1,19.0
plant_height,2023,M3,LI54,1,164.0
head_diameter,2023,M3,LI54,1,21.0
plant_height,2023,M3,LI54,2,170.0
head_diameter,2023,M3,LI54,2,19.0
plant_height,2023,M3,LI54,2,163.0
head_diameter,2023,M3,LI54,2,20.0
plant_height,2023,M3,LI54,2,175.0
head_diameter,2023,M3,LI54,2,15.0
plant_height,2023,M3,LI54,2,170.0
head_diameter,2023,M3,LI54,2,18.0
plant_height,2023,M3,LI54,2,162.0
head_diameter,2023,M3,LI54,2,18.0
plant_height,2023,M3,LI54,2,170.0
head_diameter,2023,M3,LI54,2,19.0
plant_height,2023,M3,LI54,2,162.0
head_diameter,2023,M3,LI54,2,20.0
plant_height,2023,M3,LI54,2,163.0
head_diameter,2023,M3,LI54,2,22.0
plant_height,2023,M3,LI54,2,163.0
head_diameter,2023,M3,LI54,2,22.0
plant_height,2023,M3,LI54,2,159.0
head_diameter,2023,M3,LI54,2,20.0
plant_height,2023,M3,LI54,2,160.0
head_diameter,2023,M3,LI54,2,20.0
plant_height,2023,M3,LI54,2,164.0
head_diameter,2023,M3,LI54,2,19.0
plant_height,2023,M3,LI54,2,167.0
head_diameter,2023,M3,LI54,2,18.0
plant_height,2023,M3,LI54,2,167.0
head_diameter,2023,M3,LI54,2,21.0
plant_height,2023,M3,LI54,2,166.0
head_diameter,2023,M3,LI54,2,18.0
plant_height,2023,M3,LI54,3,172.0
head_diameter,2023,M3,LI54,3,17.0
plant_height,2023,M3,LI54,3,170.0
head_diameter,2023,M3,LI54,3,19.0
plant_height,2023,M3,LI54,3,164.0
head_diameter,2023,M3,LI54,3,19.0
plant_height,2023,M3,LI54,3,161.0
head_diameter,2023,M3,LI54,3,23.0
plant_height,2023,M3,LI54,3,161.0
head_diameter,2023,M3,LI54,3,17.0
plant_height,2023,M3,LI54,3,163.0
head_diameter,2023,M3,LI54,3,21.0
plant_height,2023,M3,LI54,3,168.0
head_diameter,2023,M3,LI54,3,18.0
plant_height,2023,M3,LI54,3,167.0
head_diameter,2023,M3,LI54,3,17.0
plant_height,2023,M3,LI54,3,160.0
head_diameter,2023,M3,LI54,3,20.0
plant_height,2023,M3,LI54,3,162.0
head_diameter,2023,M3,LI54,3,15.0
plant_height,2023,M3,LI54,3,164.0
head_diameter,2023,M3,LI54,3,20.0
plant_height,2023,M3,LI54,3,162.0
head_diameter,2023,M3,LI54,3,18.0
plant_height,2023,M3,LI54,3,164.0
head_diameter,2023,M3,LI54,3,17.0
plant_height,2023,M3,LI54,3,155.0
head_diameter,2023,M3,LI54,3,24.0
plant_height,2023,M3,LI54,3,165.0
head_diameter,2023,M3,LI54,3,17.0
