rs	alleles	chrom	pos	strand	assembly	center	protLSID	assayLSID	panel	QCcode	1.0	2.0	3.0	4.0	5.0	6.0	7.0	8.0	9.0	10.0	11.0	12.0	13.0	14.0	15.0	16.0	17.0	18.0	19.0	20.0	21.0	22.0	23.0	24.0	25.0	26.0	27.0	28.0	31.0	32.0	33.0	34.0	35.0	36.0	37.0	38.0	39.0	40.0	41.0	42.0	43.0	44.0	45.0	46.0	47.0	48.0	49.0	50.0	51.0	52.0	53.0	54.0
CM007890.2_1727449_T_C		1	1727449								0	2	0	2	0	0	0	0	2	0	0	0	0	2	2	2	2	2	2	0	2	2	0	2	0	2	2	0	0	2	0	0	0	2	0	0	2	0	0	2	1	0	2	0	2	2	2	2	2	2	0	0
CM007890.2_1925807_A_G		1	1925807								0	2	2	2	0	0	0	0	2	0	2	2	0	2	2	2	2	2	2	0	2	2	2	2	0	2	2	2	2	0	0	2	1	2	0	2	0	2	0	2	2	2	0	0	0	0	2	2	0	2	2	0
CM007890.2_2045965_T_C		1	2045965								2	2	2	2	2	2	0	0	2	2	2	2	0	2	2	2	0	2	0	2	2	2	2	0	2	2	2	0	2	2	2	2	2	2	2	2	2	2	2	2	2	2	2	2	2	2	2	2	2	2	2	2
CM007890.2_4349720_C_G		1	4349720								0	2	0	2	0	2	0	0	2	2	2	2	0	2	2	1	2	0	0	2	2	2	0	0	0	2	2	2	0	2	0	2	2	0	2	0	0	2	0	2	0	2	0	0	0	0	2	2	2	2	0	0
CM007890.2_4421520_A_C		1	4421520								2	0	2	0	2	2	0	2	0	0	2	2	2	0	0	0	0	0	0	2	2	2	0	0	0	0	0	0	0	0	0	2	2	2	2	0	0	0	0	2	0	2	0	0	0	1	1	2	0	2	0	2
CM007890.2_6313579_A_G		1	6313579								2	2	2	2	0	0	2	2	2	2	1	0	2	2	2	2	0	2	0	2	2	2	2	0	2	2	2	0	0	2	2	0	2	2	2	2	0	2	0	2	2	2	0	0	0	0	2	2	2	2	2	0
CM007890.2_7083965_C_T		1	7083965								0	2	0	2	0	0	2	2	2	2	2	2	0	2	0	2	2	2	2	0	0	0	2	2	2	0	2	2	0	2	2	0	0	0	0	0	0	2	0	2	0	0	2	0	0	2	2	2	2	0	0	2
CM007890.2_10717434_T_A		1	10717434								0	0	0	0	0	2	2	0	0	0	0	0	0	0	2	0	0	0	0	2	0	0	0	0	0	2	2	2	2	2	0	2	2	2	0	2	2	2	2	0	2	2	2	2	2	2	2	0	2	0	2	0
CM007890.2_11892194_G_A		1	11892194								2	2	2	2	2	0	2	2	2	2	0	0	2	2	2	2	2	2	2	0	0	0	0	2	0	0	0	2	0	2	0	2	0	2	0	2	0	2	0	0	2	0	0	0	0	0	2	0	2	0	2	0
CM007890.2_12031628_T_C		1	12031628								0	2	2	2	0	0	0	2	0	0	0	2	0	2	2	2	0	0	0	2	0	0	2	0	0	2	2	0	2	2	2	0	2	2	0	0	0	2	2	0	0	2	2	2	0	2	2	2	0	0	2	0
CM007890.2_31517689_T_C		1	31517689								2	2	2	2	0	2	0	2	2	2	2	2	2	2	2	2	0	2	2	2	2	2	2	0	0	2	2	2	2	2	2	2	2	2	1	2	0	2	2	1	2	0	2	2	0	2	2	2	2	0	2	2
CM007890.2_35371715_T_C		1	35371715								2	1	2	1	2	2	0	2	2	2	2	2	2	2	2	2	0	0	0	2	2	2	2	2	0	2	2	0	2	2	2	2	2	2	2	2	2	0	2	2	0	2	2	2	0	2	2	2	2	0	2	0
CM007890.2_38699717_G_T		1	38699717								2	2	0	0	2	2	2	0	2	2	2	2	2	2	2	2	2	2	2	2	2	2	2	0	1	2	2	2	2	2	2	2	2	2	2	2	2	2	2	2	2	2	2	2	2	2	2	2	2	2	2	2
CM007890.2_46428207_A_T		1	46428207								0	0	0	0	0	0	0	0	0	0	0	0	0	0	0	0	0	0	0	0	0	0	0	0	0	0	0	0	0	2	0	0	0	0	0	0	0	2	0	0	0	0	0	0	2	0	0	0	0	0	0	0
CM007890.2_51853907_G_A		1	51853907								0	0	0	0	1	0	0	0	0	0	0	0	0	0	0	0	0	0	0	0	2	2	0	0	0	0	0	0	0	0	0	0	0	0	2	0	0	0	0	0	0	0	0	0	0	0	0	0	1	0	0	0
CM007890.2_53353671_A_C		1	53353671								2	0	0	0	0	0	0	0	2	0	0	0	0	0	0	0	0	0	0	0	0	0	0	2	0	0	0	0	2	0	0	0	0	0	0	0	0	0	0	0	0	0	0	0	0	0	0	0	0	0	0	0
CM007890.2_54034686_T_C		1	54034686								2	0	2	0	0	0	0	0	0	2	0	0	0	0	0	0	0	0	0	0	0	0	0	0	2	0	0	0	0	0	0	0	0	0	0	0	0	2	0	0	0	0	0	0	0	0	0	2	0	0	0	0
CM007890.2_57643095_A_G		1	57643095								0	2	0	2	2	1	2	2	2	2	2	2	2	2	2	2	2	2	2	0	0	0	0	2	0	0	0	0	0	2	0	2	0	0	2	0	0	2	0	2	0	2	0	0	0	0	2	2	0	2	0	0
CM007890.2_61813365_C_T		1	61813365								0	0	2	0	0	0	0	0	0	0	0	0	2	0	0	0	0	0	0	0	1	0	0	0	0	0	0	0	0	0	0	0	0	2	0	0	0	0	2	0	0	0	2	2	0	0	0	0	0	0	0	0
CM007890.2_62307491_T_C		1	62307491								0	0	0	0	0	0	0	0	0	0	0	0	2	0	0	0	0	0	0	2	0	0	0	0	0	0	2	0	0	0	0	0	2	0	0	0	0	0	0	0	0	0	0	0	0	1	2	0	0	0	0	0
CM007890.2_63488450_T_C		1	63488450								2	2	2	2	0	2	2	2	2	2	0	0	0	2	2	2	2	2	2	2	2	2	2	2	0	2	2	2	2	2	0	2	2	2	2	2	2	2	2	0	2	2	2	2	1	1	2	2	2	2	2	2
CM007890.2_66080798_T_G		1	66080798								0	0	2	0	0	0	0	0	0	0	0	0	0	0	2	0	0	0	0	0	2	0	2	0	0	0	0	0	2	0	0	2	0	2	2	0	2	0	0	0	0	0	0	0	2	2	2	0	0	2	2	0
CM007890.2_67100668_G_A		1	67100668								0	2	0	2	0	0	2	2	2	2	0	0	0	2	0	2	2	2	2	0	0	2	0	2	2	2	2	0	0	2	2	2	2	2	0	2	0	0	0	2	0	2	2	0	0	0	2	2	2	0	0	2
CM007890.2_71914212_T_C		1	71914212								2	0	2	2	2	0	0	2	2	2	2	2	2	2	0	2	2	2	2	0	0	2	0	0	0	0	0	2	0	2	0	2	0	0	2	0	0	2	2	0	0	0	1	2	0	0	2	0	2	2	0	0
CM007890.2_74470915_C_T		1	74470915								0	0	0	0	0	1	0	0	0	0	2	2	0	2	0	2	0	0	0	0	2	0	0	0	0	0	2	0	2	2	2	0	2	2	0	0	2	0	0	2	2	1	0	0	0	0	2	0	0	0	2	2
CM007890.2_75316615_C_T		1	75316615								0	0	2	0	2	0	2	2	0	2	2	0	0	0	2	0	0	0	0	2	0	2	0	2	0	2	2	0	0	0	0	0	2	0	2	2	2	2	2	0	0	2	2	2	2	1	2	2	2	2	0	2
CM007890.2_76858921_A_G		1	76858921								2	0	2	0	2	0	0	2	0	2	0	0	2	2	1	2	2	2	2	0	0	0	2	2	2	2	2	2	0	0	2	0	2	0	0	0	0	2	0	0	0	2	0	0	0	0	2	2	2	0	0	2
CM007890.2_81503556_G_C		1	81503556								1	2	2	2	0	0	2	2	2	2	2	2	2	2	0	2	0	0	0	0	2	0	2	0	0	0	0	0	2	2	2	2	2	2	1	0	0	0	0	2	0	0	0	0	0	2	2	2	0	0	0	2
CM007890.2_82687726_A_T		1	82687726								2	0	2	0	2	2	0	0	0	2	2	2	1	2	2	2	0	2	0	0	2	2	0	2	2	2	0	2	0	0	2	0	2	0	2	0	0	2	0	0	0	0	0	0	0	2	2	2	0	2	0	0
CM007890.2_82974275_G_A		1	82974275								0	0	0	0	2	0	0	2	0	2	2	2	2	1	2	2	0	1	0	2	2	2	0	0	0	2	2	0	0	0	2	0	2	0	2	0	0	2	0	2	0	2	0	0	0	2	2	2	2	2	0	2
CM007890.2_87438000_T_G		1	87438000								2	2	2	2	2	0	0	2	0	2	2	2	2	2	0	2	2	2	0	2	0	0	0	0	0	2	2	2	2	2	2	2	2	2	2	2	0	2	0	2	2	2	2	2	0	1	2	0	0	0	0	0
CM007890.2_87554436_A_T		1	87554436								0	2	2	2	2	2	0	0	2	2	2	2	0	2	2	2	2	2	2	2	0	0	0	2	2	2	2	2	2	0	2	2	2	2	2	2	0	2	2	2	2	2	2	0	0	0	2	0	0	2	0	2
CM007890.2_87689594_T_G		1	87689594								2	2	2	2	0	0	0	2	2	2	2	2	2	2	2	2	2	2	2	0	0	0	2	2	2	0	0	0	2	0	0	0	0	0	0	2	0	0	2	0	2	0	0	2	0	0	0	0	0	2	0	0
CM007890.2_88228329_G_A		1	88228329								2	0	0	2	0	0	2	0	0	0	0	0	0	0	0	0	0	0	0	0	0	0	0	0	0	2	0	0	0	0	0	0	0	0	0	2	0	0	0	0	0	0	0	0	2	2	0	2	0	0	0	0
CM007890.2_89185917_T_C		1	89185917								0	2	2	2	0	0	2	0	2	2	0	0	2	2	2	2	0	2	0	2	2	2	0	0	0	2	0	2	0	2	2	2	2	0	2	2	0	2	0	2	2	0	0	2	2	2	2	0	2	2	2	0
CM007890.2_93531207_A_G		1	93531207								0	2	0	2	0	2	0	0	2	0	2	2	0	0	2	0	0	0	0	2	2	0	0	0	0	2	2	0	2	2	0	2	2	2	2	0	0	0	2	2	0	2	2	2	0	0	2	2	0	2	0	0
CM007890.2_102499192_A_C		1	102499192								0	0	0	0	0	2	0	0	0	0	0	0	0	2	2	0	0	0	0	0	0	0	0	2	0	2	0	2	0	0	2	0	0	0	0	0	0	0	2	0	0	0	0	2	0	0	2	0	2	0	0	0
CM007890.2_102499258_A_C		1	102499258								2	2	2	2	0	2	0	2	0	2	2	2	2	2	2	2	2	2	2	2	0	2	2	2	2	2	0	2	2	0	2	2	0	2	2	2	0	2	2	0	2	0	2	2	1	0	2	2	2	0	0	2
CM007890.2_102499292_T_C		1	102499292								2	0	2	2	0	0	0	0	0	0	2	2	0	0	0	0	0	0	0	2	0	2	2	0	0	0	0	0	2	0	0	0	0	2	2	2	0	2	0	0	0	0	0	0	0	0	0	2	0	0	0	0
CM007890.2_105802023_A_C		1	105802023								2	2	0	2	2	0	0	0	2	0	2	2	2	0	2	0	0	0	0	0	0	0	2	0	2	0	0	0	0	2	2	2	0	0	0	0	0	0	0	0	2	0	0	0	2	2	0	0	0	0	0	0
CM007890.2_105804740_T_G		1	105804740								0	0	2	0	0	0	2	0	0	0	0	0	0	0	0	0	0	0	0	0	0	0	0	0	0	0	0	0	0	0	0	0	0	0	0	2	0	0	0	0	0	0	2	0	0	0	0	0	0	0	0	0
CM007890.2_105805084_A_G		1	105805084								2	2	2	2	1	0	2	0	2	0	0	0	0	0	2	2	0	0	0	0	0	0	2	0	2	0	0	0	0	2	2	0	0	0	0	2	0	0	2	0	0	2	2	2	2	2	0	2	0	2	0	2
CM007890.2_106355353_C_T		1	106355353								0	0	2	2	2	0	2	2	0	2	2	0	2	2	2	2	2	2	2	0	2	0	2	0	0	0	0	2	2	0	0	0	0	2	2	0	2	0	0	0	0	0	0	0	0	2	2	2	0	2	0	0
CM007890.2_107386726_T_C		1	107386726								0	2	0	0	2	0	2	0	2	0	2	2	0	0	2	0	0	0	0	0	0	2	2	0	2	0	0	2	2	2	2	2	0	2	2	0	2	2	0	0	0	0	0	0	2	2	2	2	2	2	0	0
CM007890.2_107479664_A_C		1	107479664								0	2	2	0	0	0	0	2	2	2	0	2	0	2	0	2	2	2	2	0	2	2	0	2	2	0	0	2	2	2	2	0	0	2	0	0	0	2	0	0	2	0	0	0	0	0	2	0	2	0	0	0
CM007890.2_109136748_T_C		1	109136748								2	0	2	2	2	2	2	0	2	2	2	2	2	2	2	2	0	0	0	0	0	2	0	0	0	2	2	0	2	0	2	0	2	2	2	2	2	2	2	2	2	2	2	2	0	2	2	2	2	2	2	0
CM007890.2_109136822_C_T		1	109136822								0	0	0	2	0	0	2	0	0	2	1	0	0	0	2	0	0	0	0	0	0	2	0	0	0	0	0	0	0	0	0	0	0	0	2	0	2	2	0	0	0	1	0	0	0	2	0	2	0	2	0	0
CM007890.2_109299525_G_A		1	109299525								2	2	2	2	2	2	2	2	2	2	2	2	2	2	2	2	2	2	2	2	2	2	2	2	2	2	2	2	2	2	2	2	2	2	2	2	2	2	0	2	0	0	2	2	2	2	2	2	2	2	0	2
CM007890.2_110676449_T_C		1	110676449								2	2	2	2	2	0	2	2	2	2	2	2	2	2	2	2	0	2	0	2	2	0	2	2	2	2	2	2	2	2	2	2	2	2	2	2	2	2	2	2	2	2	2	2	2	2	2	2	2	2	0	2
CM007890.2_110676506_C_T		1	110676506								0	2	0	0	0	0	2	0	0	0	0	0	0	0	2	0	0	0	0	2	0	0	0	0	0	2	0	2	2	2	2	0	2	0	0	2	2	2	2	2	2	2	2	2	2	2	0	2	2	2	0	0
CM007890.2_114527239_C_A		1	114527239								0	0	0	0	0	0	0	0	0	0	0	0	0	0	0	0	0	0	0	0	0	0	0	0	0	0	0	1	2	0	0	2	0	0	0	2	0	0	0	0	0	0	2	2	0	0	0	0	2	0	0	0
CM007890.2_116021293_T_A		1	116021293								0	2	0	2	2	0	2	0	2	0	2	2	2	0	0	0	0	0	0	2	0	2	0	0	2	2	0	0	0	2	2	2	2	0	0	2	2	0	2	0	2	2	0	2	2	2	0	0	2	0	0	0
CM007890.2_117932023_T_C		1	117932023								2	2	0	0	0	2	2	0	2	0	0	2	2	0	2	0	0	0	0	2	0	0	2	0	2	2	2	0	0	2	2	0	2	0	2	0	0	0	0	2	1	2	0	0	2	2	1	2	0	2	0	2
CM007890.2_121938939_A_G		1	121938939								2	0	0	0	0	0	0	0	0	2	2	2	2	0	0	2	0	2	2	0	2	2	2	0	2	0	0	2	2	0	2	2	0	1	2	2	0	2	2	0	0	0	2	2	0	1	2	2	2	2	0	0
CM007890.2_121966642_T_A		1	121966642								2	2	0	0	0	0	0	0	2	0	2	0	0	0	2	0	0	0	0	2	0	0	2	0	2	2	2	0	2	2	2	2	2	2	2	2	0	0	2	2	2	2	2	2	0	0	0	2	0	2	0	2
CM007890.2_122983820_T_C		1	122983820								2	2	2	2	2	0	2	0	2	2	2	2	1	2	2	2	0	2	2	0	2	2	0	2	0	2	2	0	2	2	2	2	2	2	0	2	2	0	2	2	2	2	2	2	2	2	2	0	2	0	2	2
CM007890.2_123182654_C_T		1	123182654								0	2	2	2	2	2	0	0	2	2	0	2	0	2	2	2	2	2	2	2	2	0	0	2	0	2	2	2	0	2	0	0	0	2	0	0	0	2	0	2	0	0	0	0	0	2	2	0	2	0	0	0
CM007890.2_123493023_A_C		1	123493023								0	0	0	0	0	0	0	0	0	0	0	0	0	0	0	0	0	0	0	2	0	0	0	0	2	0	0	0	0	2	0	0	2	0	0	0	0	0	0	0	0	0	0	0	0	0	0	2	2	0	0	0
CM007890.2_126467520_G_A		1	126467520								0	0	0	2	0	0	0	0	0	0	0	0	0	2	0	0	0	2	0	0	0	0	2	0	0	0	0	2	0	2	0	0	0	0	0	0	0	0	0	0	0	0	2	0	0	0	0	0	0	0	0	0
CM007890.2_126553263_C_G		1	126553263								2	2	2	0	2	0	2	2	2	2	0	0	2	2	0	0	0	2	2	0	2	0	2	2	2	0	0	2	2	2	2	0	0	2	0	0	0	2	2	0	2	0	2	2	2	1	2	0	0	2	0	0
CM007890.2_126899873_A_G		1	126899873								2	2	0	2	0	0	2	0	0	0	0	0	2	2	0	2	0	2	0	0	2	0	2	0	0	0	0	2	2	2	0	2	0	2	2	0	0	2	2	0	2	0	2	2	2	2	2	2	2	2	0	0
CM007890.2_128571443_G_A		1	128571443								0	2	2	2	2	0	2	0	2	2	0	2	0	2	2	0	0	0	2	0	2	0	2	0	0	0	2	2	2	0	0	2	0	0	2	0	2	0	2	0	0	2	0	2	2	2	2	0	0	0	0	0
CM007890.2_128602505_A_G		1	128602505								0	0	0	0	0	2	2	0	0	0	0	0	2	0	2	0	0	0	0	2	0	0	0	0	2	0	2	2	2	0	0	2	2	2	2	0	2	2	2	2	2	2	2	2	2	2	2	0	2	2	0	2
CM007890.2_129146318_G_T		1	129146318								0	2	0	0	0	0	0	0	0	0	0	0	0	2	0	0	0	0	0	0	0	0	0	0	2	2	0	0	0	0	0	0	0	0	0	0	0	2	0	0	0	0	0	0	0	0	2	0	0	0	0	0
CM007890.2_129146700_T_A		1	129146700								2	2	0	0	0	2	2	0	0	2	0	0	2	0	2	0	0	0	0	0	0	2	2	0	0	2	2	0	2	0	0	2	0	0	2	0	2	0	2	2	2	2	2	2	2	2	2	2	0	0	0	2
CM007890.2_129673916_C_A		1	129673916								2	2	0	2	0	2	2	2	2	2	0	2	0	2	2	2	0	2	0	2	2	2	2	0	2	0	2	2	2	2	2	2	2	2	2	0	2	2	0	2	2	0	2	0	2	2	2	2	2	2	0	2
CM007890.2_129699282_A_G		1	129699282								2	2	2	2	2	0	2	2	2	2	0	2	2	2	2	2	2	2	2	2	2	2	2	2	2	0	2	2	2	2	2	2	2	2	0	0	2	2	2	2	2	2	2	2	2	2	2	2	2	2	0	2
CM007890.2_129896724_T_C		1	129896724								0	2	0	2	2	2	0	0	2	2	0	2	0	2	0	2	0	0	0	2	0	2	0	0	2	0	0	0	0	2	0	0	0	0	0	0	2	2	0	2	2	0	0	0	0	2	2	0	0	0	0	0
CM007890.2_130586352_A_G		1	130586352								0	2	2	2	2	2	2	2	2	2	2	0	0	2	2	2	0	2	2	2	2	2	2	0	0	0	0	0	0	2	2	2	2	2	2	2	0	2	2	2	2	2	2	2	2	2	2	2	2	0	2	0
CM007890.2_130606707_C_T		1	130606707								0	2	2	2	2	0	0	2	2	2	2	1	2	2	2	2	2	2	2	2	2	2	2	2	2	0	2	2	2	0	2	2	0	2	2	2	0	2	2	0	0	0	2	2	0	2	1	2	2	2	2	0
CM007890.2_130696356_C_G		1	130696356								0	2	2	2	0	0	0	0	2	2	0	0	0	2	0	2	2	0	0	2	0	0	2	2	0	2	2	0	2	2	2	0	2	2	0	0	0	2	0	2	2	2	0	0	0	0	2	0	2	2	0	0
CM007890.2_130696461_T_A		1	130696461								0	2	2	0	2	2	0	0	0	2	0	0	0	2	2	0	0	2	0	2	2	0	0	0	0	2	2	2	2	0	0	0	2	2	2	0	0	2	0	2	2	2	0	0	0	2	2	0	2	2	0	0
CM007890.2_130748491_G_A		1	130748491								0	0	0	0	0	0	0	0	2	0	0	0	0	0	0	0	0	0	0	0	0	0	0	0	0	0	2	0	0	0	0	0	0	0	0	0	0	0	0	0	0	0	0	0	0	0	0	0	0	2	0	0
CM007890.2_131961506_C_T		1	131961506								0	2	0	2	2	0	0	0	2	2	0	0	0	2	0	2	2	2	0	2	0	2	0	2	2	2	2	2	0	0	0	0	2	2	0	0	0	2	2	0	2	0	2	2	0	0	2	2	2	2	0	0
CM007890.2_132822298_A_T		1	132822298								0	2	0	2	2	2	2	0	2	2	1	2	2	2	2	2	0	2	2	2	2	2	2	0	0	2	2	2	2	2	2	2	2	2	0	2	0	2	0	2	2	2	0	0	2	2	2	2	2	2	0	2
CM007890.2_133595913_G_A		1	133595913								0	0	0	0	0	0	0	0	0	0	0	0	0	0	0	0	0	0	0	0	0	0	0	0	0	0	0	0	0	2	0	2	2	0	0	0	0	0	0	0	0	0	0	0	0	0	0	0	0	0	0	0
CM007890.2_133596349_A_G		1	133596349								0	2	0	0	0	2	0	0	2	0	0	2	1	0	2	2	0	0	0	2	0	2	0	2	2	2	2	2	0	2	0	2	2	0	0	2	0	0	2	2	2	2	2	2	0	0	0	2	0	2	0	0
CM007890.2_133768647_T_C		1	133768647								2	2	0	2	0	2	0	2	2	0	2	2	0	2	2	2	2	2	2	2	2	2	2	2	0	2	2	2	2	2	2	2	2	2	2	2	2	2	2	2	0	2	2	2	2	2	2	2	0	2	2	2
CM007890.2_133769416_C_G		1	133769416								0	2	0	2	2	0	0	0	2	2	0	0	2	2	2	2	2	2	2	0	2	2	2	2	0	0	0	2	0	2	0	0	0	2	0	0	0	2	0	0	2	0	0	0	0	2	1	2	2	2	0	0
CM007890.2_134358321_A_T		1	134358321								2	2	0	2	2	0	0	0	2	2	0	0	2	2	2	0	0	2	0	2	2	2	0	0	2	2	2	2	0	2	0	0	2	0	2	2	0	0	2	2	2	2	2	2	0	2	2	2	2	2	0	0
CM007890.2_134428106_A_C		1	134428106								2	2	0	2	2	0	0	0	2	2	0	0	2	2	2	2	2	2	2	0	2	0	2	2	2	2	0	2	0	0	0	2	2	0	0	2	0	0	0	2	2	2	0	0	0	2	2	0	2	1	0	0
CM007890.2_134490309_C_T		1	134490309								0	0	0	2	0	2	0	0	2	0	0	0	0	2	2	0	2	2	0	2	2	0	2	0	2	2	0	0	0	2	0	2	0	2	0	2	0	2	0	2	1	2	0	0	0	2	2	0	2	2	0	0
CM007890.2_134719546_G_T		1	134719546								2	0	0	0	2	2	2	2	0	2	2	2	2	2	2	0	0	0	2	2	0	2	2	0	0	2	2	2	2	2	2	2	0	2	2	2	2	0	0	2	2	2	0	0	2	1	2	2	2	0	2	2
CM007890.2_134873432_T_C		1	134873432								0	2	0	0	2	2	2	0	0	2	0	0	0	0	1	0	0	2	0	2	2	2	2	0	0	2	2	0	2	2	2	2	2	0	0	0	0	2	2	2	2	2	2	2	0	2	2	2	0	2	2	2
CM007890.2_135111271_T_C		1	135111271								0	0	0	0	0	0	0	0	0	0	0	0	0	0	0	0	0	0	0	0	2	0	0	0	0	0	0	0	0	0	0	0	2	0	0	0	0	0	2	0	0	0	2	2	0	0	0	2	0	2	0	0
CM007890.2_135522889_A_G		1	135522889								0	0	2	2	0	0	2	0	2	0	2	2	0	2	2	2	2	2	2	2	0	2	0	2	2	2	2	2	2	2	2	0	0	2	2	2	2	0	0	2	0	2	0	2	2	2	2	2	2	0	2	2
CM007890.2_135522918_A_G		1	135522918								0	0	0	0	0	0	2	0	0	0	0	0	0	0	0	0	0	0	0	0	0	0	0	0	0	0	0	2	2	2	0	0	0	0	0	2	0	0	0	2	0	0	0	0	0	0	0	2	0	0	2	0
CM007890.2_137207302_T_G		1	137207302								0	0	2	2	2	2	2	2	2	2	2	2	2	2	2	2	0	2	2	2	2	2	0	2	0	2	0	0	2	2	2	2	2	2	2	2	2	0	2	2	0	2	2	2	2	2	2	2	2	0	2	2
CM007890.2_137922084_G_A		1	137922084								0	0	0	2	2	2	0	0	2	2	0	2	2	2	0	2	2	2	2	0	0	0	0	2	0	0	2	2	0	0	0	1	0	1	2	0	0	0	0	2	0	0	0	0	0	0	2	2	2	0	0	0
CM007890.2_138429564_A_G		1	138429564								1	0	2	2	2	2	0	0	2	2	0	2	2	2	2	2	0	0	0	0	0	0	2	2	0	2	2	2	2	2	0	2	2	0	0	0	0	0	2	0	0	2	2	1	0	2	0	2	0	2	0	0
CM007890.2_138452727_A_C		1	138452727								0	0	0	2	0	2	2	0	0	0	0	0	0	2	2	2	0	0	0	2	0	0	0	0	0	2	2	2	2	2	0	2	2	2	2	2	2	0	2	0	0	2	2	2	2	1	0	2	0	2	0	0
CM007890.2_138903117_A_G		1	138903117								0	2	0	0	0	0	0	0	0	0	0	2	1	0	0	2	2	2	2	0	0	0	2	2	2	0	0	2	2	2	0	1	0	0	2	2	0	0	0	0	2	0	0	0	0	0	2	0	2	2	0	0
CM007890.2_139305398_G_A		1	139305398								0	0	2	2	0	2	2	0	2	0	2	0	0	0	0	0	2	0	0	2	0	0	0	0	2	0	0	0	0	0	0	0	0	2	0	0	0	0	2	0	0	2	1	0	2	0	0	2	2	0	2	0
CM007890.2_139772607_G_A		1	139772607								2	0	2	2	2	0	2	2	2	2	2	2	0	2	2	2	2	2	2	2	2	2	2	2	2	2	2	2	0	2	2	0	0	2	2	2	2	0	2	0	0	0	2	0	2	2	2	2	2	2	2	2
CM007890.2_139774673_A_G		1	139774673								0	0	0	0	0	0	0	0	0	0	2	0	0	0	2	0	0	0	0	0	2	2	0	2	2	0	0	0	0	2	2	0	0	0	2	2	0	0	0	0	0	0	2	0	0	0	0	2	0	0	0	0
CM007890.2_139814401_T_G		1	139814401								0	2	2	0	0	0	2	2	0	0	1	2	0	0	2	2	0	0	0	2	2	2	2	2	2	0	0	2	2	2	0	2	0	2	2	0	0	0	2	0	2	2	2	2	2	2	0	2	0	0	0	0
CM007890.2_139902906_G_A		1	139902906								2	0	2	0	0	2	2	2	0	2	0	0	0	2	2	0	0	0	0	2	0	2	2	0	2	2	2	0	2	2	2	2	2	2	0	2	1	0	2	0	0	0	2	2	2	2	0	2	0	0	0	0
CM007890.2_140238893_C_G		1	140238893								2	0	2	0	0	0	2	2	0	0	0	0	0	0	2	2	2	2	2	0	0	2	0	2	2	0	0	2	2	2	0	2	0	0	2	0	0	0	2	0	0	2	2	2	2	0	2	2	2	0	0	2
CM007890.2_140811128_T_A		1	140811128								0	0	0	2	0	0	2	0	0	0	0	0	0	0	2	0	0	0	0	0	0	0	0	0	0	0	0	0	2	0	0	0	0	2	0	0	0	0	0	0	0	0	2	0	2	0	0	0	0	0	0	0
CM007890.2_141257099_A_T		1	141257099								2	0	0	0	2	2	0	0	2	2	0	2	0	2	0	2	2	2	2	2	2	2	2	1	0	2	2	0	0	0	0	2	2	2	0	2	2	2	0	0	0	1	0	0	0	2	2	0	2	0	0	0
CM007890.2_141353959_A_G		1	141353959								2	0	0	0	0	0	0	0	0	2	2	0	0	2	2	0	0	2	2	2	0	0	0	0	0	2	2	0	2	0	2	0	2	2	2	0	2	0	2	2	0	0	2	2	0	2	2	2	2	2	0	0
CM007890.2_141718185_A_G		1	141718185								0	0	0	2	2	0	0	0	0	2	2	2	2	2	0	2	0	0	0	2	2	0	0	1	2	2	0	0	2	0	0	0	2	2	0	0	2	0	2	1	0	0	2	0	0	2	0	0	2	0	0	0
CM007890.2_141945036_C_T		1	141945036								0	0	0	0	0	0	0	0	0	0	0	0	0	0	2	2	0	0	0	0	0	0	2	2	0	0	0	2	0	0	2	0	0	0	2	0	0	0	0	0	0	2	0	0	0	0	0	0	0	2	0	0
CM007890.2_142178847_A_G		1	142178847								0	0	2	0	0	0	2	0	0	2	0	0	0	2	2	0	2	2	2	2	0	0	0	2	0	2	2	2	0	0	2	2	2	2	2	2	2	0	0	0	0	2	0	0	2	2	2	2	2	0	0	0
CM007890.2_142270529_C_T		1	142270529								2	2	0	2	2	0	2	0	2	2	0	0	2	2	0	2	2	0	0	2	2	2	2	0	2	2	2	0	1	0	0	0	2	2	0	0	2	0	0	2	2	0	0	0	2	2	2	2	2	2	2	0
CM007890.2_143824372_G_A		1	143824372								2	1	0	0	0	0	0	0	0	0	0	0	0	0	2	0	0	0	0	0	0	2	0	0	0	0	0	0	0	2	0	0	2	0	0	0	0	0	2	0	2	0	0	0	0	0	2	2	0	2	2	0
CM007890.2_144082670_G_A		1	144082670								2	1	2	2	2	0	0	0	2	0	0	0	2	2	2	2	0	2	0	0	2	2	0	2	0	0	0	0	2	2	0	2	0	2	2	0	0	0	0	0	2	2	2	0	0	2	2	0	2	2	2	2
CM007890.2_144086523_G_A		1	144086523								2	2	0	2	2	0	0	0	2	2	0	0	2	2	2	0	2	2	2	1	0	0	0	2	0	0	0	0	2	1	0	0	2	2	2	0	0	0	2	0	2	0	2	2	0	2	2	0	2	0	0	2
CM007890.2_144611549_G_T		1	144611549								0	0	0	0	0	0	0	2	0	0	2	2	2	0	0	2	2	0	2	0	0	0	2	0	0	0	0	0	0	0	0	0	0	0	0	2	0	0	0	0	0	0	0	0	0	0	0	0	0	0	0	0
CM007890.2_144753696_T_A		1	144753696								2	2	2	2	2	0	0	2	2	2	2	2	1	2	2	0	2	2	2	2	2	2	2	0	0	0	0	0	0	2	2	0	2	2	0	0	0	0	2	2	0	2	2	2	0	2	2	2	2	0	2	0
CM007890.2_145060215_C_T		1	145060215								2	2	2	2	2	2	2	0	2	2	2	2	2	2	2	2	0	2	2	0	2	2	0	2	0	0	2	2	2	2	2	2	2	2	2	2	2	0	0	0	2	2	2	2	2	2	2	2	2	2	2	0
CM007890.2_145088462_T_G		1	145088462								0	0	2	0	0	2	0	0	0	2	0	0	1	2	2	0	2	2	2	2	2	0	0	0	2	0	0	0	2	2	2	2	2	2	2	0	0	0	2	0	0	2	2	2	0	2	2	2	2	0	0	0
CM007890.2_145864590_C_G		1	145864590								0	0	0	0	0	0	0	1	0	2	2	2	0	2	0	2	2	2	0	0	0	0	0	2	2	0	0	0	0	0	2	2	0	0	0	0	0	0	0	0	0	0	0	0	0	0	2	0	0	0	0	0
CM007890.2_146770523_C_G		1	146770523								2	0	0	0	0	0	2	2	0	0	2	2	2	2	2	0	1	0	1	2	2	2	2	0	0	0	0	0	2	2	2	2	2	2	2	0	2	0	2	2	2	0	2	2	0	2	2	2	0	0	2	2
CM007890.2_147317011_C_T		1	147317011								2	0	2	0	0	2	0	0	0	2	2	2	2	2	2	0	2	2	2	0	2	2	2	0	2	2	0	0	2	0	2	0	2	0	0	2	0	0	2	2	0	0	1	0	0	0	2	0	0	2	2	2
CM007890.2_147964260_G_A		1	147964260								0	0	0	0	0	0	0	0	0	0	0	0	0	0	0	0	0	0	0	0	0	2	2	0	0	0	0	0	0	2	0	0	2	2	2	0	0	0	0	0	0	0	0	2	0	0	2	2	0	0	2	0
CM007890.2_148183859_C_G		1	148183859								0	0	2	2	0	2	0	0	2	0	0	0	2	0	2	0	2	2	2	2	0	2	0	0	2	2	2	2	0	2	0	0	2	2	0	2	0	1	0	2	0	2	2	0	2	0	2	1	2	0	2	2
CM007890.2_148233802_A_G		1	148233802								0	0	0	2	0	2	2	0	2	0	0	0	0	2	2	0	2	2	2	2	2	0	0	0	2	2	2	2	2	0	0	0	2	2	2	0	0	0	0	0	0	2	2	2	0	2	0	2	2	2	0	2
CM007890.2_148901546_C_T		1	148901546								0	2	0	2	1	0	2	2	2	0	0	0	2	0	0	2	0	0	0	0	0	2	2	2	2	0	1	2	0	0	2	0	0	0	0	0	0	0	0	0	0	2	0	2	0	0	2	0	0	2	2	0
CM007890.2_149450437_C_A		1	149450437								0	2	0	2	2	0	0	0	2	0	0	0	1	0	0	0	0	0	0	0	0	0	0	0	0	0	0	0	0	0	2	0	0	0	0	0	0	0	0	0	2	0	0	0	0	0	0	0	0	0	0	0
CM007891.2_340434_G_C		2	340434								0	0	0	0	0	0	0	0	2	0	0	0	0	0	2	2	0	0	0	0	0	0	0	0	0	0	0	0	0	0	0	0	0	0	0	0	0	0	0	0	0	0	0	0	0	0	2	2	0	0	0	2
CM007891.2_3212115_G_C		2	3212115								0	2	0	2	2	0	2	2	2	0	0	0	0	0	2	2	0	0	0	2	0	0	0	2	2	2	2	2	0	2	0	2	1	0	2	2	2	2	0	0	2	2	0	0	0	0	2	2	0	0	0	2
CM007891.2_4176976_T_A		2	4176976								2	2	0	2	2	0	2	2	0	2	2	2	2	2	2	2	2	2	2	2	2	2	0	2	2	2	2	0	2	2	2	1	2	2	2	0	2	2	2	2	2	2	2	2	0	1	2	2	2	2	2	2
CM007891.2_4273729_A_G		2	4273729								2	0	0	0	0	0	0	0	0	2	2	2	2	2	1	1	0	0	0	2	2	2	0	0	2	2	2	2	2	0	2	0	2	2	2	0	2	2	2	2	0	0	2	2	0	2	2	0	0	2	2	0
CM007891.2_7716558_T_G		2	7716558								2	2	0	2	2	2	2	2	2	2	2	2	2	2	2	2	2	2	2	2	2	2	0	1	0	2	2	2	2	2	2	2	2	2	2	2	0	2	2	2	2	2	2	2	0	2	2	0	2	0	2	0
CM007891.2_8731230_A_T		2	8731230								1	0	0	0	0	0	0	0	0	0	0	0	0	0	0	0	0	0	0	0	0	0	0	0	0	0	0	0	0	0	0	0	0	0	2	0	0	0	0	0	0	0	1	2	0	0	0	0	0	2	0	0
CM007891.2_10480260_C_T		2	10480260								0	0	0	0	0	0	0	0	0	0	0	0	0	0	0	1	0	0	0	0	0	0	0	0	2	2	2	2	0	0	0	0	0	0	0	0	0	0	2	2	0	0	0	2	0	0	0	2	0	2	0	0
CM007891.2_12827463_G_A		2	12827463								1	1	0	2	2	2	0	0	2	2	2	2	2	2	2	2	0	2	2	0	2	2	2	0	2	2	2	0	2	2	2	2	0	2	2	0	2	2	0	0	0	2	0	2	0	2	2	0	2	0	2	2
CM007891.2_12827934_G_C		2	12827934								2	2	2	2	2	0	0	0	2	2	2	2	2	2	2	2	0	2	2	2	2	2	2	2	2	2	2	2	2	2	2	2	2	2	2	2	0	2	2	2	2	2	0	2	0	2	2	2	2	0	2	2
CM007891.2_13311333_T_A		2	13311333								0	2	0	0	0	0	2	0	0	0	0	0	0	0	0	0	0	0	0	0	0	2	0	0	2	2	2	2	2	2	2	0	0	2	2	0	0	2	2	2	2	2	2	2	2	2	2	2	2	2	2	2
CM007891.2_13311571_G_A		2	13311571								0	2	1	2	2	0	2	0	2	2	2	2	2	2	2	2	2	2	2	0	0	2	2	2	2	2	2	0	2	2	2	0	2	2	2	0	0	2	2	2	1	2	2	2	2	2	2	2	0	2	2	0
CM007891.2_13650895_A_G		2	13650895								2	2	2	0	0	2	2	0	2	2	2	0	0	2	2	0	0	0	0	2	1	2	0	0	0	2	2	0	2	2	2	2	2	2	2	2	2	0	0	2	2	2	2	2	0	2	2	1	0	2	2	0
CM007891.2_16961809_G_T		2	16961809								0	0	0	0	0	0	0	0	0	0	0	0	0	0	0	0	0	0	0	0	0	0	0	0	0	0	0	0	0	0	0	0	0	0	0	2	0	0	0	0	0	0	0	0	2	0	2	0	2	0	0	0
CM007891.2_18760896_A_G		2	18760896								0	2	2	2	0	0	0	0	2	0	2	2	2	2	2	0	2	2	2	2	0	2	2	0	0	0	0	0	0	2	2	2	2	2	0	2	0	2	2	0	0	0	2	2	0	2	2	1	2	0	0	0
CM007891.2_20762201_G_T		2	20762201								0	0	2	0	2	0	0	0	0	0	0	0	0	0	0	2	2	2	2	0	0	0	0	0	2	0	0	0	2	0	0	0	0	0	0	2	0	0	0	0	0	0	0	0	0	0	2	0	2	0	0	0
CM007891.2_23036400_G_A		2	23036400								2	0	2	0	0	2	2	2	2	2	2	2	0	2	2	2	2	2	2	2	2	2	2	2	2	2	2	2	0	0	2	1	2	2	2	0	2	2	0	0	0	2	2	2	0	2	2	2	2	2	2	2
CM007891.2_23365160_A_C		2	23365160								0	0	2	0	0	2	0	0	0	0	0	0	0	0	2	2	0	2	0	0	0	0	0	0	2	0	0	0	0	0	0	1	0	0	0	0	0	0	0	0	0	0	0	0	0	2	2	0	2	2	2	0
CM007891.2_23484477_A_G		2	23484477								0	0	1	0	2	0	0	0	0	2	2	0	0	2	0	0	0	0	0	0	0	0	0	0	0	0	0	0	0	0	2	0	0	2	0	0	0	0	0	0	0	0	2	0	0	0	0	0	0	0	1	0
CM007891.2_25774018_C_T		2	25774018								2	2	0	1	2	2	0	0	2	2	2	2	0	2	2	0	2	2	2	0	0	2	0	0	0	2	0	0	0	1	2	2	0	2	2	0	0	0	2	0	2	0	2	2	0	0	2	0	2	0	0	2
CM007891.2_27515865_A_G		2	27515865								2	2	2	2	0	0	0	0	2	2	2	2	0	2	2	2	0	0	0	0	2	2	0	0	2	2	0	2	2	0	2	0	0	2	0	0	0	0	2	0	2	0	2	2	0	0	2	2	0	2	2	0
CM007891.2_36781811_A_T		2	36781811								2	0	0	0	0	0	0	0	0	0	0	0	0	0	0	0	0	0	0	0	0	0	0	0	0	0	0	0	0	0	2	0	0	0	0	0	0	0	0	0	2	0	2	0	0	2	0	0	0	2	0	0
CM007891.2_37989080_T_C		2	37989080								0	0	0	0	0	0	0	0	0	0	0	0	0	0	0	0	0	0	0	2	0	0	0	0	1	0	0	0	0	0	0	2	0	2	0	0	0	0	0	0	0	0	0	0	0	0	0	0	0	2	0	0
CM007891.2_38649324_A_G		2	38649324								0	0	0	0	0	0	0	1	0	0	0	0	0	0	0	0	0	0	0	0	0	2	0	0	2	0	0	0	0	0	0	0	0	1	0	0	0	0	0	0	2	0	0	0	0	0	0	0	0	0	0	0
CM007891.2_39119249_C_T		2	39119249								2	2	0	2	2	0	2	2	2	2	2	2	2	2	2	2	2	2	2	2	2	2	2	2	2	2	2	2	0	2	2	2	2	2	2	2	2	2	2	2	0	2	2	2	0	2	2	2	2	2	2	2
CM007891.2_40882584_T_C		2	40882584								2	2	2	2	0	2	2	2	2	2	2	2	2	2	2	2	2	2	2	0	2	2	2	2	0	2	2	0	2	2	2	2	0	2	2	2	2	2	2	0	0	0	2	2	0	2	2	2	2	2	2	2
CM007891.2_42344209_A_G		2	42344209								2	0	2	2	2	0	2	2	2	2	2	2	2	2	2	2	2	2	0	0	2	2	2	2	2	2	0	2	2	2	2	2	2	2	2	2	2	2	0	2	2	0	2	2	2	2	2	2	2	2	2	2
CM007891.2_44686471_C_A		2	44686471								0	0	2	0	2	0	2	0	2	0	0	0	2	2	2	2	0	0	0	2	0	2	0	2	2	0	2	2	2	1	2	0	2	2	2	0	0	2	2	0	1	2	2	2	0	2	2	2	0	0	2	0
CM007891.2_44736734_C_T		2	44736734								2	0	0	0	2	0	0	2	0	0	0	0	0	0	0	2	0	0	0	0	0	0	0	0	2	0	2	0	0	0	0	0	2	0	0	0	0	0	0	0	0	0	0	0	0	0	0	2	0	2	0	0
CM007891.2_49649134_A_T		2	49649134								0	0	0	0	2	0	0	1	0	0	0	0	0	0	0	0	0	2	0	0	2	0	0	0	0	2	0	0	0	0	0	0	0	0	0	0	0	0	0	0	0	0	0	0	0	0	0	0	0	0	0	0
CM007891.2_52624136_A_G		2	52624136								0	0	0	0	2	0	0	2	2	2	2	2	0	2	2	2	0	2	0	0	2	2	2	2	0	2	2	0	0	1	2	1	2	2	0	0	0	0	0	0	0	0	2	2	0	2	2	0	0	0	0	0
CM007891.2_53600940_A_G		2	53600940								0	0	0	0	2	2	0	0	2	2	2	2	0	2	2	2	2	0	0	0	2	2	0	0	0	2	2	0	2	0	2	1	2	2	0	2	0	2	2	0	2	0	0	2	0	2	0	1	0	2	0	2
CM007891.2_55337588_C_A		2	55337588								0	2	0	0	0	0	2	2	0	0	0	0	0	0	0	0	0	0	0	0	0	0	2	0	0	0	0	0	0	0	0	0	0	0	0	0	0	0	0	0	2	0	0	0	0	0	0	0	0	0	0	0
CM007891.2_59219219_C_A		2	59219219								0	0	0	0	0	2	0	0	0	0	0	0	0	0	0	0	0	0	0	0	0	0	0	0	0	0	0	0	0	0	0	2	0	0	0	0	0	0	0	2	0	0	0	0	0	0	0	0	0	0	0	0
CM007891.2_74480118_T_C		2	74480118								2	2	0	2	2	1	0	2	2	2	2	2	2	2	2	2	2	2	2	2	2	2	2	0	0	2	2	0	2	2	2	0	2	2	2	2	2	2	2	0	2	2	2	2	0	2	2	2	0	0	1	0
CM007891.2_82048218_G_A		2	82048218								0	0	0	0	0	0	0	0	0	0	0	0	0	0	0	0	0	0	0	0	0	0	0	0	0	0	2	0	2	0	2	0	2	0	0	0	0	0	0	0	0	0	2	0	2	0	0	0	0	2	0	0
CM007891.2_82519711_T_C		2	82519711								2	2	2	2	2	0	2	2	2	2	2	2	2	2	2	2	2	2	2	2	2	2	2	2	2	0	2	0	2	2	2	2	2	2	2	1	2	2	0	2	2	0	2	2	0	2	2	0	0	2	2	0
CM007891.2_96815506_G_A		2	96815506								0	2	2	0	0	0	2	0	2	2	2	2	0	2	2	2	0	0	0	2	2	0	0	2	2	0	2	0	2	0	2	0	2	2	0	0	0	2	2	0	0	2	2	0	0	0	2	0	0	2	0	0
CM007891.2_107007863_T_A		2	107007863								0	0	2	2	2	0	2	2	2	2	0	2	2	2	2	2	2	2	2	0	0	2	0	0	2	0	0	0	0	1	2	0	0	2	0	2	0	2	2	2	0	0	2	2	0	2	2	0	0	0	0	0
CM007891.2_128536379_G_A		2	128536379								0	0	2	0	0	2	0	2	0	0	0	0	2	0	1	2	2	2	0	2	0	0	2	2	2	0	2	0	2	1	0	2	2	0	2	0	2	2	0	0	0	2	0	0	0	0	2	2	2	2	0	2
CM007891.2_128704863_T_C		2	128704863								0	0	2	2	2	0	2	2	0	0	0	0	2	0	1	2	2	2	2	2	0	0	2	2	2	0	2	0	2	0	0	0	2	0	0	2	2	0	0	2	0	2	0	0	0	2	2	2	0	1	2	0
CM007891.2_128894635_G_T		2	128894635								0	2	0	2	2	0	0	0	0	0	0	0	0	0	1	0	0	2	2	2	0	0	0	0	0	0	0	2	2	0	0	0	2	0	0	0	2	0	0	0	0	0	0	0	0	2	2	2	0	0	2	0
CM007891.2_131861467_T_A		2	131861467								0	0	0	0	2	0	0	0	2	2	1	2	0	2	0	2	2	2	2	2	0	0	2	0	2	1	0	0	2	2	0	2	0	0	2	0	2	0	2	2	0	2	0	0	2	2	2	2	2	0	0	2
CM007891.2_134490792_A_G		2	134490792								2	0	0	0	0	2	2	2	2	0	2	1	2	0	2	2	0	0	0	2	2	2	0	2	2	2	2	2	2	0	1	0	2	0	0	2	2	2	2	0	0	2	2	0	2	0	0	0	0	2	0	0
CM007891.2_136090393_T_G		2	136090393								0	2	2	2	2	2	2	2	2	2	2	2	2	1	2	2	2	2	2	2	2	2	2	2	2	2	2	2	2	2	1	0	2	0	2	2	2	2	0	2	2	2	2	0	2	2	2	2	2	2	2	2
CM007891.2_136929249_G_T		2	136929249								0	0	0	0	0	0	0	0	0	0	0	0	2	0	0	0	2	0	2	0	2	0	2	0	0	0	0	0	0	0	0	0	0	0	0	0	0	0	0	0	0	0	0	0	0	0	2	0	0	0	0	0
CM007891.2_137515384_C_T		2	137515384								2	0	0	2	0	2	0	0	0	0	0	0	2	0	0	0	2	2	2	2	2	0	2	0	0	0	2	2	0	0	0	2	2	0	0	0	2	2	0	2	0	2	0	0	0	2	2	2	2	2	2	2
CM007891.2_137715038_G_A		2	137715038								0	0	0	2	0	0	2	0	0	0	0	0	0	0	0	2	0	0	0	0	0	0	0	2	0	0	0	0	0	0	0	0	0	0	0	0	0	0	0	2	0	0	0	0	0	0	0	0	0	0	2	0
CM007891.2_138203577_G_T		2	138203577								2	2	2	2	2	0	0	2	2	2	2	2	2	2	2	2	2	2	2	0	2	0	2	2	2	0	0	2	0	0	2	0	0	2	0	0	2	0	2	2	2	0	0	2	0	0	2	0	0	0	0	0
CM007891.2_138289279_A_G		2	138289279								0	0	2	0	0	0	0	0	2	0	0	0	0	0	2	0	0	0	0	0	0	0	0	0	0	0	0	0	0	0	0	0	0	0	0	0	0	0	0	0	0	0	0	0	0	0	2	0	0	0	2	0
CM007891.2_138289425_T_C		2	138289425								2	2	2	2	0	0	0	2	2	0	0	0	0	0	2	0	0	2	0	2	2	2	0	2	0	2	2	0	0	2	0	2	2	2	2	2	0	2	2	0	0	0	2	2	0	0	2	0	0	2	2	0
CM007891.2_138289537_A_G		2	138289537								0	0	0	2	0	0	0	0	2	0	2	0	0	0	2	2	2	0	0	0	0	2	0	0	2	0	0	0	0	0	0	0	0	0	0	2	0	0	0	2	2	0	2	0	0	0	2	0	0	2	0	0
CM007891.2_146194880_C_G		2	146194880								0	0	2	0	2	0	1	0	2	2	2	0	2	0	0	1	0	0	0	0	0	0	0	0	0	0	0	0	0	0	0	0	0	0	0	0	0	0	0	2	0	0	0	0	0	0	0	0	0	2	0	0
CM007891.2_147112172_A_G		2	147112172								0	0	2	0	0	0	1	0	0	0	2	0	0	2	2	2	0	0	0	0	0	0	0	0	0	0	0	0	0	0	0	0	0	0	0	0	0	0	0	0	0	0	0	0	0	0	0	2	0	0	0	0
CM007891.2_147832471_T_C		2	147832471								1	2	0	0	1	0	0	0	2	2	2	2	2	2	2	0	0	0	0	0	0	2	2	0	0	2	0	2	0	0	2	2	2	0	2	0	2	2	2	0	2	2	0	2	0	2	2	0	0	0	2	0
CM007891.2_147937120_T_A		2	147937120								0	2	2	2	2	0	0	0	2	2	2	2	2	2	2	2	2	2	2	2	2	2	0	2	2	1	2	2	2	2	2	2	2	2	2	2	0	2	2	0	2	2	2	2	2	2	2	2	2	2	2	0
CM007891.2_148484827_T_C		2	148484827								0	0	2	0	2	0	0	2	2	2	2	2	2	2	2	2	2	2	2	2	2	2	0	2	2	2	2	2	2	2	2	0	2	2	2	2	2	2	2	0	0	2	2	2	0	0	0	2	2	2	2	2
CM007891.2_148622269_T_A		2	148622269								0	0	0	0	0	2	2	0	2	2	1	2	0	2	2	2	2	2	2	2	0	2	0	2	2	0	2	0	0	0	2	0	1	0	0	0	0	2	2	0	0	2	2	2	0	0	2	2	2	2	0	0
CM007891.2_151985872_A_G		2	151985872								0	0	0	0	2	0	0	0	2	2	2	2	2	2	2	0	2	2	2	0	0	2	0	0	0	2	0	2	0	0	0	0	0	2	0	0	0	0	2	0	0	0	2	2	1	2	2	2	2	2	0	2
CM007891.2_152597890_C_T		2	152597890								2	0	2	2	2	0	0	0	2	2	2	2	2	2	2	0	0	0	0	0	0	2	2	0	2	0	0	0	2	0	0	0	0	2	2	0	0	0	2	0	0	0	2	2	2	0	2	2	0	2	2	0
CM007891.2_153042944_G_A		2	153042944								2	2	0	0	2	0	1	0	1	0	2	2	0	0	2	0	2	2	2	0	0	2	2	2	0	0	0	0	0	0	2	2	0	2	0	0	0	0	0	2	2	0	2	2	0	2	2	2	2	0	0	2
CM007891.2_154494428_C_A		2	154494428								2	0	0	0	2	0	0	0	2	0	2	0	0	0	0	0	0	0	0	0	0	0	0	0	0	0	0	0	0	0	0	0	0	0	0	0	0	0	0	0	0	0	0	0	0	0	0	2	0	0	0	0
CM007891.2_156148120_A_G		2	156148120								0	0	2	0	0	2	0	0	2	2	2	2	2	2	2	0	0	0	0	2	0	2	2	0	2	0	2	0	2	0	0	0	2	2	0	2	2	2	2	2	0	2	2	2	0	0	2	1	0	0	2	0
CM007891.2_156255120_A_G		2	156255120								0	0	0	2	0	0	0	0	0	0	0	0	0	0	0	0	0	0	0	0	0	0	0	0	0	0	0	0	0	0	0	0	0	0	0	0	0	0	0	0	0	0	0	0	0	1	0	0	2	2	0	0
CM007891.2_156754279_C_A		2	156754279								0	0	0	2	0	0	0	0	0	0	0	0	0	0	0	0	0	0	0	0	0	0	0	0	0	2	0	2	0	0	0	0	0	0	0	0	0	0	0	0	0	0	0	0	0	0	0	2	0	2	0	2
CM007891.2_156755188_C_A		2	156755188								0	0	2	0	0	0	0	2	2	2	2	2	2	2	2	2	2	2	2	2	0	2	0	2	2	2	2	2	2	0	2	0	2	2	0	0	0	2	2	2	0	0	0	0	2	0	1	1	2	0	0	0
CM007891.2_157032163_T_A		2	157032163								0	0	0	0	2	0	2	0	2	2	2	2	2	2	2	2	0	0	2	0	0	2	0	2	2	0	0	0	0	0	2	0	0	2	0	2	0	0	2	2	0	2	1	0	2	0	2	0	1	0	2	0
CM007891.2_159561958_A_C		2	159561958								2	0	0	0	0	0	0	0	0	0	0	0	0	0	0	0	0	0	0	0	0	0	0	0	0	0	0	0	0	0	2	0	0	0	0	0	0	2	0	0	0	1	0	0	0	0	0	0	2	0	0	0
CM007891.2_161337014_C_T		2	161337014								0	0	0	0	0	0	0	0	0	0	0	0	0	0	0	0	0	0	0	2	0	0	0	0	0	1	0	0	0	0	0	0	2	0	0	0	2	0	2	0	0	0	2	2	0	0	0	0	0	1	0	0
CM007891.2_163365791_C_A		2	163365791								0	2	0	2	0	0	0	0	1	0	0	0	0	0	0	0	0	0	0	0	0	0	0	0	0	2	0	2	0	2	0	0	0	0	2	0	0	0	0	0	2	0	0	0	0	0	0	0	0	0	0	0
CM007891.2_165569116_T_C		2	165569116								0	0	2	0	2	0	2	2	2	0	0	0	2	0	2	0	2	2	2	0	0	2	2	2	0	2	2	0	2	2	2	0	0	0	0	2	0	0	2	0	2	2	2	2	0	0	0	2	0	2	2	2
CM007891.2_165786511_T_C		2	165786511								0	2	2	2	0	0	2	2	2	0	2	2	2	2	2	2	2	2	2	2	2	2	2	2	0	0	2	0	2	2	2	0	2	2	0	2	2	2	2	0	2	0	2	2	0	0	2	2	2	0	0	2
CM007891.2_166287914_C_T		2	166287914								0	0	0	2	0	0	2	2	2	2	2	0	2	2	2	2	0	2	0	2	2	2	0	2	0	0	2	0	0	0	0	0	2	2	0	0	0	0	2	0	0	0	2	2	2	0	2	0	2	0	2	0
CM007891.2_166771736_G_A		2	166771736								0	0	0	0	0	0	0	0	2	0	2	0	0	2	0	0	0	0	0	0	2	0	0	0	0	0	0	0	0	0	2	0	0	0	0	0	0	0	0	0	0	2	0	0	0	0	0	0	0	0	0	0
CM007891.2_167345840_T_C		2	167345840								0	0	2	0	0	2	0	0	0	2	2	0	2	0	0	0	0	0	0	2	0	0	0	0	1	0	0	0	0	0	2	0	2	0	0	0	0	0	0	0	0	0	0	0	0	0	0	0	0	1	0	0
CM007891.2_167542580_A_G		2	167542580								0	0	0	2	0	0	0	2	0	0	0	0	2	2	0	2	2	0	0	0	0	0	0	2	0	0	0	0	0	0	0	0	0	0	0	0	0	0	0	0	0	0	0	0	0	0	0	0	0	0	0	0
CM007891.2_167544469_A_T		2	167544469								0	2	0	0	0	2	2	0	2	0	0	0	0	0	2	0	0	0	0	2	0	2	0	0	0	2	2	0	0	2	2	0	2	2	2	0	2	0	2	0	2	2	2	2	0	0	2	0	2	2	2	2
CM007891.2_167705801_T_A		2	167705801								0	0	2	2	0	0	0	0	2	0	2	2	2	2	2	0	0	0	0	0	2	2	0	0	0	0	2	0	2	2	0	2	0	2	0	0	2	2	2	0	0	0	2	2	1	2	2	2	0	2	2	0
CM007891.2_167945838_C_T		2	167945838								0	0	0	0	2	0	0	0	0	0	0	0	0	0	0	0	0	0	0	0	2	0	2	0	0	0	0	2	0	0	2	0	0	0	0	2	0	0	0	2	0	0	0	0	0	0	0	0	0	0	0	2
CM007891.2_169170999_T_C		2	169170999								0	2	0	0	0	0	2	0	2	0	2	2	2	2	2	2	0	0	0	2	0	2	0	2	0	0	2	0	0	0	2	2	2	2	1	0	0	0	2	0	2	2	2	2	0	2	2	2	0	0	2	0
CM007891.2_169545172_T_G		2	169545172								2	0	0	0	0	0	2	0	2	0	2	0	0	2	2	2	0	0	0	2	0	2	2	0	0	2	2	2	0	0	0	2	0	2	0	2	0	0	2	2	0	2	2	2	0	2	2	0	0	2	0	0
CM007891.2_169816854_A_G		2	169816854								0	2	2	0	0	1	2	0	2	0	2	0	2	2	2	2	0	0	0	0	2	2	2	0	0	0	0	0	2	0	2	0	2	2	0	2	0	2	2	2	2	2	2	2	0	2	2	2	2	2	2	1
CM007891.2_170013280_T_C		2	170013280								0	2	0	0	0	0	2	2	2	0	2	0	2	2	2	2	2	2	2	0	0	0	0	2	2	0	0	2	0	0	0	0	0	2	2	0	0	0	2	0	2	1	2	2	0	2	2	2	2	2	0	0
CM007891.2_170424713_T_C		2	170424713								0	2	0	0	0	0	0	0	0	2	0	0	0	0	0	0	0	0	0	0	2	0	0	0	2	0	0	0	2	0	0	0	0	0	0	0	0	0	0	0	2	0	0	0	0	0	0	0	0	0	0	0
CM007891.2_171703788_A_G		2	171703788								2	0	2	0	0	2	2	2	2	2	2	2	2	2	2	2	2	2	2	2	2	2	0	2	2	2	2	2	2	1	2	2	2	2	1	2	0	0	2	2	0	2	2	2	0	2	2	0	2	2	0	2
CM007891.2_172177968_C_T		2	172177968								0	0	2	0	0	2	0	0	2	2	2	2	0	2	2	2	2	2	2	2	0	0	0	2	0	2	2	0	0	2	2	2	2	2	0	1	0	0	0	0	0	0	2	2	0	2	2	0	0	2	2	0
CM007891.2_173093207_T_C		2	173093207								2	0	0	0	0	2	2	2	2	2	0	2	0	0	2	2	0	0	0	2	2	2	0	0	0	2	2	0	2	0	2	2	2	2	2	2	0	0	0	0	0	2	2	2	0	2	2	0	2	0	2	0
CM007891.2_173311636_T_G		2	173311636								0	0	2	2	2	0	0	0	0	0	2	0	0	2	0	0	0	0	0	0	0	0	0	0	2	0	0	0	0	0	0	0	0	0	0	0	0	0	0	0	0	0	0	0	0	0	0	0	0	0	0	0
CM007891.2_173587484_A_C		2	173587484								2	2	0	2	2	0	0	0	0	2	0	0	0	0	2	0	0	0	0	0	2	2	0	0	0	0	0	0	0	1	0	0	0	0	0	2	0	0	0	0	2	0	0	0	0	0	2	0	0	0	2	1
CM007891.2_174020059_C_G		2	174020059								0	0	0	0	0	2	2	0	2	2	0	0	2	0	2	2	2	2	0	2	2	2	0	2	0	2	2	2	2	2	0	2	2	0	0	0	0	0	2	2	0	2	0	2	0	0	2	0	2	0	2	0
CM007891.2_174592224_G_A		2	174592224								2	0	0	0	0	0	2	0	2	0	0	0	2	0	1	2	2	2	2	0	2	2	0	2	2	0	0	2	0	1	2	0	0	0	2	2	0	0	2	2	0	2	0	2	0	0	2	2	2	0	2	0
CM007891.2_174602538_C_T		2	174602538								0	2	0	0	0	2	2	0	0	0	0	0	0	0	2	2	2	2	0	2	0	2	0	2	2	2	2	0	2	2	2	2	0	2	2	2	0	0	2	2	0	2	0	2	0	0	2	2	2	2	2	0
CM007891.2_174619908_C_A		2	174619908								2	2	2	2	2	2	2	0	2	0	2	2	2	2	2	2	2	2	2	2	2	2	0	2	2	2	2	2	2	2	2	2	2	2	2	2	0	0	2	2	2	2	2	2	0	2	2	2	2	2	2	2
CM007892.2_667515_G_A		3	667515								2	0	0	0	0	0	2	0	0	0	0	0	0	0	2	0	0	0	0	0	0	0	0	0	0	0	0	0	0	1	0	2	0	0	0	0	0	0	2	0	1	2	2	2	0	2	2	0	0	0	0	0
CM007892.2_1130169_T_C		3	1130169								0	2	0	2	2	0	2	2	0	0	2	0	0	0	2	0	0	2	0	0	2	0	0	0	0	2	2	2	0	2	0	2	0	1	2	0	0	0	2	0	2	2	2	2	2	2	2	2	2	2	0	2
CM007892.2_1836202_A_G		3	1836202								0	2	2	2	0	0	0	0	0	2	1	2	0	2	0	0	0	0	0	0	0	2	0	0	2	2	2	2	0	0	0	0	0	0	0	0	0	0	0	2	2	0	0	0	0	0	1	2	0	0	2	0
CM007892.2_2936707_G_A		3	2936707								0	0	2	0	0	0	0	0	0	2	0	0	0	0	0	0	0	0	0	0	0	0	0	0	0	0	0	0	0	0	2	0	0	0	0	0	0	0	0	2	2	0	0	0	0	0	0	2	0	2	0	2
CM007892.2_3172743_G_A		3	3172743								0	0	2	0	2	0	0	0	0	2	2	2	0	0	2	0	0	0	0	0	0	2	2	0	2	0	0	0	2	0	2	0	0	2	1	0	0	0	2	2	2	2	2	2	0	2	2	2	0	2	2	2
CM007892.2_4689019_T_C		3	4689019								2	2	2	2	0	2	2	0	2	2	2	2	2	2	0	2	2	2	2	2	2	2	0	2	0	2	2	2	2	2	2	2	2	2	2	2	2	2	0	2	2	2	2	2	2	2	2	2	2	0	2	2
CM007892.2_5401180_A_T		3	5401180								0	0	2	0	0	0	0	0	0	2	2	2	2	1	1	2	2	2	0	2	0	2	0	2	0	0	0	0	2	2	0	2	2	2	0	0	2	0	0	2	0	0	0	0	2	0	2	2	2	2	2	2
CM007892.2_6506132_C_G		3	6506132								0	0	2	2	0	2	2	2	2	2	2	2	2	2	2	2	2	2	2	2	2	2	0	2	2	0	0	2	2	2	0	0	2	2	2	2	2	0	2	2	0	2	2	0	0	2	2	2	2	2	2	0
CM007892.2_8569967_A_G		3	8569967								0	0	2	0	2	2	0	0	0	2	2	0	2	2	2	2	2	2	2	2	2	2	2	2	0	2	2	2	2	2	2	2	2	0	2	2	2	2	2	2	0	2	2	2	2	2	2	2	2	2	2	2
CM007892.2_9123811_A_G		3	9123811								0	2	0	0	0	0	0	0	0	0	0	2	0	0	0	0	0	0	0	0	2	0	0	0	0	0	0	0	2	0	0	0	0	0	0	0	0	0	0	0	2	0	0	2	0	0	0	0	0	0	0	0
CM007892.2_9833702_T_C		3	9833702								0	0	0	0	0	2	0	0	0	0	2	2	0	1	0	0	0	2	1	2	0	0	0	0	0	0	0	2	2	2	2	0	2	2	0	2	2	2	2	2	0	2	2	2	0	2	2	2	2	2	0	0
CM007892.2_9850095_G_C		3	9850095								0	0	2	0	0	2	0	0	0	2	2	0	0	2	0	2	2	2	2	2	0	0	0	0	0	2	2	2	2	2	2	2	2	2	0	0	2	1	0	2	0	0	0	0	0	0	2	2	2	0	0	0
CM007892.2_12568730_G_T		3	12568730								2	0	0	2	0	0	0	0	0	0	0	0	0	0	0	0	0	0	0	0	0	0	0	0	0	0	0	0	2	0	2	1	0	0	0	0	0	0	0	0	0	0	1	0	0	0	0	0	0	0	0	0
CM007892.2_14711759_A_G		3	14711759								0	0	2	2	2	2	2	0	0	0	2	2	0	2	0	2	0	2	2	2	0	2	0	0	0	2	0	0	0	2	0	0	2	0	2	0	0	0	0	2	0	2	0	0	0	2	2	2	2	2	0	0
CM007892.2_16959732_A_G		3	16959732								2	0	0	0	0	0	0	0	0	0	0	0	0	2	0	0	0	0	0	0	0	0	0	0	0	0	0	0	0	0	0	0	2	0	0	0	0	0	0	0	0	0	2	2	0	0	0	0	0	0	0	0
CM007892.2_17095373_T_A		3	17095373								0	0	0	0	0	2	2	2	0	0	2	2	0	2	0	2	2	2	2	2	0	0	0	2	0	2	2	2	2	0	0	1	2	1	0	2	2	2	2	0	0	0	2	2	0	0	2	2	2	0	0	0
CM007892.2_19996173_A_C		3	19996173								2	2	2	2	2	0	2	2	0	2	0	0	0	0	2	2	0	2	2	0	0	2	0	0	0	0	2	0	0	2	0	1	0	0	2	0	0	0	2	2	2	2	2	2	0	0	2	0	2	2	2	0
CM007892.2_20612627_A_G		3	20612627								2	2	0	2	0	0	0	0	0	0	0	0	0	0	1	0	0	0	2	0	0	2	2	0	0	0	0	0	0	0	2	0	0	0	0	0	0	0	0	0	0	0	0	0	0	0	2	2	0	0	2	0
CM007892.2_23319706_A_C		3	23319706								2	0	0	2	0	0	2	0	0	0	0	0	0	0	0	0	0	0	0	0	2	0	0	0	0	2	2	2	0	2	0	2	0	0	0	0	0	0	0	0	0	0	0	0	0	0	0	0	0	2	2	0
CM007892.2_27898029_C_G		3	27898029								0	0	2	2	2	0	2	2	0	2	1	0	0	1	2	2	2	2	2	0	2	2	0	2	0	2	2	2	0	2	0	0	0	0	2	0	0	2	0	0	0	2	0	0	0	2	2	0	2	2	2	0
CM007892.2_31291237_T_A		3	31291237								0	2	0	2	2	0	0	0	0	0	2	2	0	2	2	2	2	2	2	2	2	2	0	0	0	2	2	0	0	2	0	1	2	2	0	0	2	2	2	0	2	0	2	0	0	2	2	0	0	2	2	2
CM007892.2_46357091_C_T		3	46357091								0	2	0	2	0	0	0	0	0	0	0	0	0	2	0	0	0	0	0	1	0	0	0	0	0	0	0	2	0	0	0	2	0	0	2	0	0	0	0	0	0	0	0	0	0	0	0	0	2	0	2	0
CM007892.2_46357150_T_G		3	46357150								0	0	0	0	0	0	0	0	0	0	0	0	0	2	0	0	0	0	0	2	0	0	0	0	0	0	2	0	0	2	0	0	0	0	0	0	0	0	0	0	0	0	0	0	0	0	0	0	2	2	0	0
CM007892.2_50206326_A_G		3	50206326								0	2	2	2	2	0	2	0	2	2	0	2	2	2	2	1	0	2	0	0	0	2	2	0	0	2	0	0	2	0	2	2	2	0	0	2	0	0	2	2	2	2	2	2	0	2	2	2	0	0	2	0
CM007892.2_51789869_T_C		3	51789869								0	2	0	0	2	2	0	2	0	1	2	1	2	2	2	2	2	2	2	2	0	2	2	0	0	2	2	2	0	0	2	0	2	2	2	2	0	0	2	2	2	2	2	0	0	0	2	0	2	2	0	2
CM007892.2_52074468_A_G		3	52074468								2	2	2	2	0	0	2	2	2	2	2	2	2	2	2	2	0	2	2	2	0	2	2	2	2	1	2	0	2	2	2	2	2	2	2	2	2	0	2	0	0	2	2	2	2	2	2	2	2	0	2	0
CM007892.2_52380578_G_C		3	52380578								1	2	0	2	2	0	2	2	2	2	2	2	2	2	2	2	2	2	2	2	0	2	2	2	2	2	2	2	2	2	2	2	2	2	0	1	0	0	0	2	2	2	2	2	2	2	2	2	2	2	2	0
CM007892.2_52823317_A_T		3	52823317								0	0	0	2	0	0	2	0	2	2	1	2	0	2	2	0	0	0	0	0	0	2	0	0	2	0	0	2	2	2	2	2	2	2	2	0	0	0	0	0	2	2	2	2	0	2	2	2	1	2	2	0
CM007892.2_55935078_A_G		3	55935078								0	0	0	2	0	0	0	0	2	0	2	0	0	0	2	2	0	0	0	0	0	0	0	0	0	0	0	0	0	2	0	2	0	0	2	0	0	0	0	0	2	0	0	0	0	0	0	0	0	2	0	2
CM007892.2_61373801_C_A		3	61373801								2	2	2	0	2	0	0	0	0	0	0	0	0	0	0	0	2	0	0	2	2	0	0	2	0	0	0	0	0	0	0	0	0	0	0	0	0	0	2	0	0	0	0	0	0	0	0	0	0	2	0	0
CM007892.2_63820864_G_A		3	63820864								0	2	0	0	0	0	0	0	0	0	0	0	1	0	0	0	0	0	0	0	0	0	0	0	0	0	1	0	0	0	0	0	0	0	0	0	0	0	0	2	2	0	0	0	0	0	0	0	0	0	0	0
CM007892.2_63820952_C_T		3	63820952								2	2	2	2	2	0	0	2	2	2	2	2	2	2	2	0	0	2	0	2	2	2	2	2	2	2	2	2	2	2	2	2	2	0	0	2	2	2	2	2	2	2	2	2	0	0	2	0	0	0	2	0
CM007892.2_71237389_C_A		3	71237389								2	0	2	2	2	0	0	2	0	0	0	0	0	0	0	0	0	0	2	0	0	0	0	0	0	0	0	0	0	0	0	0	0	0	0	0	0	0	0	0	0	0	0	0	0	0	0	0	0	0	0	0
CM007892.2_74897125_A_G		3	74897125								0	0	2	2	0	2	2	0	2	2	2	2	0	2	2	2	0	2	0	2	0	2	0	0	0	2	2	0	2	2	2	2	2	2	0	2	1	0	0	2	0	2	1	2	2	2	2	2	2	0	0	0
CM007892.2_75443119_C_G		3	75443119								2	2	0	2	0	0	2	2	0	0	2	2	2	2	2	2	0	0	2	2	0	0	2	2	0	2	2	0	2	2	2	2	2	2	0	0	0	0	2	0	2	2	0	2	2	2	2	2	2	0	2	2
CM007892.2_76521546_G_A		3	76521546								0	0	2	0	2	2	0	0	0	0	0	2	0	0	2	2	0	0	0	2	0	2	0	0	2	2	2	2	2	2	2	0	2	0	2	2	2	0	2	2	2	0	2	0	2	0	2	0	0	2	0	0
CM007892.2_76669636_T_A		3	76669636								0	2	2	2	2	0	2	2	2	2	0	2	2	2	2	2	2	2	0	2	0	2	0	0	2	2	0	2	0	0	2	2	0	2	2	0	0	0	0	2	2	0	2	2	2	0	2	2	0	0	2	0
CM007892.2_76970150_A_C		3	76970150								2	0	2	2	0	0	2	2	2	2	2	2	2	2	2	2	2	2	0	2	0	2	2	2	2	2	2	0	2	2	2	0	2	0	0	0	0	0	2	2	2	2	2	2	0	2	2	0	2	2	2	2
CM007892.2_77156117_C_G		3	77156117								2	2	0	2	0	0	2	2	2	0	2	2	2	2	0	2	2	2	0	2	0	2	0	2	0	0	1	0	0	2	2	0	0	2	0	0	0	1	2	0	2	0	2	0	0	2	2	2	0	2	2	2
CM007892.2_77682592_G_A		3	77682592								0	2	0	0	2	0	2	0	0	2	0	0	0	0	0	0	2	0	2	2	0	2	0	0	2	2	0	0	2	2	2	0	2	0	2	2	2	0	2	2	0	0	0	2	0	2	0	0	2	0	2	0
CM007892.2_77717998_A_G		3	77717998								0	0	0	0	0	0	0	0	0	0	0	0	0	0	0	0	0	0	0	0	0	0	0	0	2	0	0	0	2	2	0	0	0	0	0	0	0	0	0	2	0	0	0	2	0	0	0	0	0	0	0	0
CM007892.2_78382779_T_A		3	78382779								0	0	0	2	0	0	0	0	0	0	0	0	2	0	2	2	0	2	0	0	0	0	0	0	2	0	0	0	0	0	0	2	0	0	0	0	0	0	0	2	2	2	0	0	0	1	2	0	0	2	0	0
CM007892.2_78484806_A_C		3	78484806								0	0	0	0	0	0	0	0	0	0	0	0	0	0	2	0	0	0	0	0	0	0	0	0	0	0	0	2	0	0	0	0	0	0	0	2	2	0	2	0	2	2	2	2	2	0	0	0	0	0	0	0
CM007892.2_79272390_G_A		3	79272390								2	2	0	2	2	2	2	2	2	0	2	2	0	2	2	2	2	2	2	2	0	2	0	2	2	2	2	2	2	2	2	2	2	2	2	2	2	0	2	2	2	2	2	2	0	2	2	2	2	2	2	2
CM007892.2_83387069_A_T		3	83387069								0	0	0	0	0	0	0	0	0	0	0	0	0	0	0	2	0	0	2	0	0	0	0	0	0	0	0	0	1	0	0	0	0	0	0	0	0	0	0	1	2	0	0	0	0	2	0	0	0	0	2	0
CM007892.2_97237716_T_G		3	97237716								2	0	2	2	0	0	0	0	2	2	2	2	2	1	2	2	0	0	2	2	2	2	0	0	0	2	2	0	0	0	2	1	2	2	0	2	0	0	2	0	2	2	2	0	2	2	2	2	2	0	2	2
CM007892.2_100927680_A_C		3	100927680								0	2	0	2	2	0	2	0	0	2	2	2	0	2	2	0	2	0	0	2	2	1	0	0	0	2	2	2	0	2	2	0	2	2	0	2	2	2	0	2	1	2	0	2	0	2	2	0	2	2	2	0
CM007892.2_103697496_C_T		3	103697496								0	0	0	0	2	2	2	2	0	0	0	2	2	0	2	2	0	0	0	2	0	2	0	2	0	2	2	0	0	2	2	0	2	2	2	0	2	0	0	0	0	2	2	0	0	2	2	0	2	2	2	0
CM007892.2_104018212_C_A		3	104018212								0	0	2	2	2	0	0	2	2	2	2	2	2	0	2	2	2	2	0	0	0	0	0	2	0	2	0	0	0	2	2	0	0	2	2	0	2	0	0	2	0	2	2	2	0	2	0	0	2	0	0	2
CM007892.2_105212139_T_G		3	105212139								2	0	2	2	2	2	0	2	2	2	2	2	1	2	2	2	0	2	0	0	2	2	2	0	0	2	0	2	2	2	2	0	2	2	2	2	2	0	2	2	2	1	2	2	0	2	2	2	2	2	2	2
CM007892.2_106416094_G_A		3	106416094								0	0	0	0	0	2	2	0	0	0	0	0	0	0	2	0	0	0	0	2	0	2	0	0	0	2	2	2	0	2	0	2	0	0	1	0	2	2	2	1	2	0	2	2	0	2	2	2	2	2	2	2
CM007892.2_106970798_C_T		3	106970798								2	0	0	2	1	0	2	0	2	0	0	0	2	0	2	2	0	2	2	0	0	2	2	2	0	2	2	0	2	2	0	0	0	0	0	0	0	0	2	0	2	2	2	2	1	2	2	2	0	2	2	0
CM007892.2_110498479_G_T		3	110498479								0	0	0	0	0	0	0	0	0	0	0	0	0	0	0	0	0	0	0	0	0	0	0	0	0	0	0	0	0	0	0	0	0	2	2	0	0	0	0	0	0	0	2	0	0	0	0	0	2	0	0	0
CM007892.2_111102485_A_G		3	111102485								0	2	0	0	0	0	0	0	0	0	0	0	0	0	0	0	0	0	0	0	0	0	2	0	0	0	2	0	0	2	0	0	0	0	0	0	1	0	0	2	0	0	0	0	0	2	1	2	0	0	2	2
CM007892.2_117557483_G_A		3	117557483								0	0	0	2	0	0	0	2	0	0	0	0	0	0	0	2	2	2	2	0	0	0	2	2	0	0	0	0	0	0	0	0	0	0	0	0	0	0	0	0	2	2	0	0	2	0	2	0	2	0	2	0
CM007892.2_120735855_C_A		3	120735855								0	0	0	0	0	0	0	0	0	0	0	0	2	0	0	0	0	0	0	0	0	0	0	0	0	0	0	0	0	0	0	0	0	0	0	0	0	0	0	0	0	0	2	0	0	2	0	0	0	0	0	0
CM007892.2_122557042_T_G		3	122557042								0	0	0	0	2	0	2	2	2	0	2	0	0	0	2	0	0	0	0	0	0	2	0	0	0	0	2	0	2	0	1	0	0	0	1	0	0	0	0	0	2	0	0	2	2	0	2	2	0	0	2	0
CM007892.2_129230537_G_T		3	129230537								0	2	0	0	2	2	2	0	0	0	0	0	2	2	2	0	2	0	2	2	0	0	0	0	2	2	2	2	2	2	2	2	2	0	0	0	2	2	2	0	2	2	2	2	2	2	2	2	2	0	0	2
CM007892.2_129433751_A_C		3	129433751								0	0	0	0	0	0	2	0	0	0	0	0	0	0	2	0	0	0	0	0	0	0	0	0	0	0	0	0	0	1	0	2	0	0	0	0	0	0	0	0	2	0	0	0	2	0	2	0	0	0	0	0
CM007892.2_129763032_G_T		3	129763032								2	2	0	2	2	0	2	0	2	0	0	0	0	0	2	2	2	0	0	2	2	0	0	0	2	2	0	2	2	1	0	2	0	0	0	0	0	0	0	0	2	2	0	2	2	2	2	2	2	0	0	0
CM007892.2_129772899_G_A		3	129772899								0	0	0	0	0	0	0	0	0	0	0	0	0	0	0	0	0	0	0	0	0	2	0	0	0	2	2	0	0	0	0	0	2	0	2	0	0	0	0	2	0	0	0	2	0	0	2	0	0	2	2	0
CM007892.2_129921172_A_G		3	129921172								0	2	0	0	2	0	2	0	2	0	0	0	0	0	2	2	0	0	2	2	2	2	0	0	2	0	0	2	0	2	0	2	0	0	2	0	2	2	0	2	0	2	0	2	0	2	2	2	2	0	2	2
CM007892.2_130873658_A_G		3	130873658								2	0	0	0	2	0	0	0	0	0	0	0	2	0	2	0	0	0	0	0	2	2	0	0	2	0	0	0	2	1	2	2	0	0	2	2	0	1	2	2	0	2	2	2	2	2	2	2	0	2	2	2
CM007892.2_132395069_A_C		3	132395069								0	0	0	0	0	0	0	0	0	0	0	0	0	0	0	0	0	0	0	1	0	0	0	0	0	2	0	2	2	0	0	0	1	0	0	0	0	0	0	0	0	0	0	0	0	0	0	0	0	0	0	0
CM007892.2_135482284_C_A		3	135482284								0	2	0	2	2	2	2	0	2	2	2	1	2	0	2	0	0	0	0	2	2	0	2	0	2	2	2	2	2	2	2	2	2	2	0	0	2	2	2	2	2	2	2	2	0	2	2	2	2	2	0	2
CM007892.2_135858523_C_A		3	135858523								2	0	2	0	0	0	0	0	0	0	0	0	0	0	0	0	0	0	0	0	0	0	0	0	0	0	0	0	0	0	0	2	0	0	0	0	0	0	0	0	0	0	0	0	0	0	0	0	0	2	0	0
CM007892.2_135965538_A_G		3	135965538								2	2	2	2	2	0	2	2	2	2	2	2	2	2	2	2	2	2	2	2	2	0	2	2	2	2	2	2	2	2	2	2	0	2	0	0	2	0	2	2	0	2	0	0	0	2	2	0	2	0	0	2
CM007892.2_136354159_C_T		3	136354159								2	0	2	2	0	0	2	2	2	2	2	2	2	2	2	2	0	2	0	0	2	1	0	0	2	0	0	0	2	2	2	0	0	2	0	0	2	2	2	2	0	2	2	2	0	0	2	2	0	2	0	2
CM007892.2_138937625_A_G		3	138937625								2	0	2	2	2	0	0	0	2	2	2	2	2	2	2	2	2	2	2	0	2	0	2	2	2	0	2	2	0	2	0	2	2	0	0	0	0	2	0	0	0	0	0	0	0	2	2	2	0	0	0	0
CM007892.2_139621394_C_A		3	139621394								2	2	0	2	2	2	2	0	2	2	2	2	2	2	2	2	2	2	2	2	2	0	1	0	0	1	2	0	0	2	0	0	0	2	0	2	2	2	2	0	2	2	2	2	2	2	2	2	2	2	0	2
CM007892.2_148085923_G_A		3	148085923								2	0	2	2	0	0	0	0	0	2	0	2	0	0	0	0	0	0	0	0	0	0	0	0	0	0	0	0	2	2	1	0	0	0	0	1	0	0	0	0	0	0	0	0	0	0	0	0	0	0	0	0
CM007892.2_148118296_G_A		3	148118296								0	0	2	0	2	0	0	0	0	0	2	0	0	2	2	0	2	0	0	0	0	0	2	0	0	0	2	0	0	0	0	0	2	0	0	0	0	0	0	0	0	2	2	2	0	2	2	2	2	0	0	0
CM007892.2_148120337_G_A		3	148120337								0	0	0	0	0	0	2	0	0	0	0	0	2	0	0	0	0	0	0	0	2	0	0	0	0	0	0	0	0	0	0	0	0	0	0	0	0	0	0	0	0	0	0	2	0	0	0	0	2	0	2	0
CM007892.2_148730309_G_C		3	148730309								2	2	0	2	0	0	0	0	2	0	2	2	0	2	2	2	2	2	0	0	2	2	0	0	2	0	2	2	2	2	2	2	2	2	0	0	0	0	2	0	2	0	2	0	0	2	2	2	2	0	2	0
CM007892.2_148773436_A_G		3	148773436								2	2	0	2	2	0	2	0	2	0	2	2	2	2	2	0	0	0	1	0	2	2	1	0	0	0	0	0	2	2	2	2	2	2	2	2	2	0	0	2	2	0	2	2	0	2	2	2	2	0	2	2
CM007892.2_149136279_G_T		3	149136279								0	0	0	0	0	0	0	0	0	0	0	0	0	0	2	0	0	0	0	0	0	0	0	0	0	0	0	0	0	2	0	0	2	0	2	0	2	0	0	0	2	0	2	2	0	2	2	2	2	0	0	0
CM007892.2_149136541_C_G		3	149136541								0	2	0	0	0	2	0	0	0	0	0	0	0	0	0	0	0	0	0	0	0	0	0	0	0	0	2	2	0	2	0	0	0	0	0	0	0	0	0	0	0	2	0	0	0	0	0	0	0	0	0	0
CM007892.2_149273733_T_C		3	149273733								0	0	0	2	0	2	0	0	2	0	2	0	0	2	1	2	0	0	0	2	2	2	0	0	0	2	0	2	2	0	0	0	0	2	0	0	0	0	2	0	0	2	0	2	0	2	2	2	2	1	2	0
CM007892.2_150121779_T_C		3	150121779								0	2	0	0	0	0	0	0	0	0	0	0	0	0	0	0	0	0	0	0	0	2	0	0	0	0	0	0	0	0	0	0	0	0	0	0	0	0	2	0	2	0	1	0	0	0	0	0	0	0	0	2
CM007892.2_150719210_T_C		3	150719210								2	0	0	2	2	0	0	2	2	0	2	2	0	2	2	2	2	2	2	2	2	0	2	2	2	0	2	0	0	2	2	0	2	2	2	0	0	0	0	0	0	2	0	2	2	0	2	0	2	0	0	0
CM007892.2_150744560_G_T		3	150744560								0	2	0	0	0	0	2	0	0	0	0	0	0	0	2	2	0	0	0	2	0	2	2	0	0	2	2	2	0	2	2	0	2	2	2	0	0	2	2	2	0	2	2	0	0	2	2	0	2	2	2	0
CM007892.2_151539946_G_A		3	151539946								0	2	0	2	0	0	2	0	2	0	0	2	2	2	2	2	0	2	0	0	0	2	2	2	0	0	2	0	2	0	2	2	0	2	2	0	2	0	2	2	2	2	2	2	0	2	2	2	2	0	2	2
CM007892.2_151840247_T_C		3	151840247								2	2	2	2	2	2	2	2	2	2	2	2	2	2	2	2	0	2	0	2	2	2	2	2	2	2	2	0	2	0	2	2	2	2	1	2	2	2	2	2	0	2	2	2	2	2	2	2	2	0	0	2
CM007892.2_152183086_T_C		3	152183086								2	2	2	2	2	0	2	2	2	2	2	2	2	2	2	0	0	2	0	2	2	2	0	2	0	0	2	0	0	2	2	2	0	2	2	2	2	0	2	0	2	0	2	2	2	2	2	2	0	2	2	2
CM007892.2_154550628_G_A		3	154550628								0	0	0	0	2	0	2	2	0	0	2	2	2	0	2	0	0	0	0	0	2	2	0	0	2	0	0	0	2	1	2	1	0	2	2	0	0	2	2	2	0	0	2	2	2	2	2	2	0	2	2	2
CM007892.2_156367682_C_T		3	156367682								0	2	0	2	0	0	0	2	2	2	1	2	2	2	2	0	2	2	0	2	2	0	0	0	0	0	0	0	2	0	2	0	0	0	0	0	0	0	2	0	0	0	2	0	0	2	2	0	0	2	0	0
CM007892.2_156613285_T_C		3	156613285								0	0	2	2	2	2	0	0	2	2	2	2	0	2	2	2	0	2	0	0	2	2	2	2	0	2	2	2	0	0	0	0	2	2	0	0	2	2	2	0	2	2	2	2	0	2	2	2	0	2	2	0
CM007892.2_156884973_A_G		3	156884973								2	2	2	2	2	2	2	2	2	2	2	2	2	2	2	2	0	2	2	2	2	2	0	2	0	2	2	0	2	2	2	2	2	2	2	2	2	2	2	2	2	2	2	2	2	2	2	2	2	2	2	0
CM007892.2_157375234_C_T		3	157375234								0	2	2	2	2	0	0	0	2	2	2	2	0	2	2	2	2	2	2	2	2	2	0	2	2	0	2	2	0	2	0	2	2	2	2	2	0	0	0	0	2	2	2	2	0	2	2	2	2	2	2	0
CM007892.2_159833683_A_T		3	159833683								0	0	0	0	0	0	0	1	0	0	0	0	0	0	2	0	0	0	0	0	0	0	0	1	0	0	0	0	0	0	0	2	0	0	0	0	0	0	0	0	0	0	0	0	0	0	0	0	0	0	0	0
CM007892.2_160573253_T_C		3	160573253								2	2	0	2	2	2	2	0	2	0	1	2	2	2	2	2	2	2	2	2	2	2	2	0	2	2	2	0	0	2	0	0	2	0	2	2	2	2	2	2	1	2	2	2	2	2	2	2	2	2	2	2
CM007892.2_160731595_G_C		3	160731595								0	2	0	2	2	2	2	2	2	0	2	2	2	2	2	2	2	2	2	2	2	2	2	2	0	2	2	2	0	2	0	1	2	2	2	2	2	0	2	0	2	2	2	2	2	2	2	2	2	2	2	2
CM007892.2_160997591_A_G		3	160997591								2	2	0	2	0	0	0	0	2	0	2	2	2	2	2	2	2	2	2	2	2	1	2	0	0	2	2	0	0	0	0	0	2	1	0	2	0	0	2	0	0	0	2	2	0	0	2	2	2	2	2	0
CM007892.2_161028558_T_C		3	161028558								0	2	0	0	0	0	0	0	0	0	2	0	2	0	2	0	0	0	0	0	0	2	0	0	0	2	0	0	0	0	0	0	0	0	2	0	0	0	2	2	0	0	2	2	0	0	0	0	0	0	2	0
CM007892.2_161792444_A_C		3	161792444								0	0	2	2	0	2	0	0	2	2	2	2	2	2	2	2	2	2	2	2	0	0	2	2	2	0	0	2	2	2	0	2	2	0	0	0	2	2	0	0	0	0	0	0	0	0	2	0	2	0	0	0
CM007892.2_163141881_A_T		3	163141881								2	0	0	2	2	0	0	0	2	0	2	2	2	2	2	2	0	2	2	0	0	2	2	0	2	0	0	2	0	1	2	2	0	0	0	2	2	2	0	2	0	2	2	2	0	2	2	0	2	2	2	0
CM007892.2_163361199_G_A		3	163361199								0	0	2	0	2	2	0	0	0	2	2	2	0	0	2	0	0	0	0	2	0	2	2	0	0	0	0	0	0	0	2	0	2	2	2	2	2	2	2	2	0	0	2	2	0	2	2	2	0	2	2	0
CM007892.2_165545236_A_C		3	165545236								2	2	2	2	2	0	2	2	2	2	2	2	2	2	2	2	2	2	0	2	2	2	2	2	2	2	2	0	2	2	2	2	2	2	2	2	2	2	2	0	0	2	2	2	0	2	2	2	0	2	2	0
CM007892.2_167493652_G_T		3	167493652								2	2	2	2	2	2	0	0	2	2	2	2	0	2	2	2	0	2	2	0	2	2	2	0	0	2	2	0	2	2	2	0	0	2	2	2	0	0	2	2	2	2	2	2	0	2	2	2	2	2	2	2
CM007892.2_169877591_A_T		3	169877591								2	0	0	2	0	0	2	2	2	2	0	2	0	2	2	2	2	2	0	2	2	2	2	2	2	0	0	0	0	0	0	0	0	2	2	0	0	0	0	2	0	0	0	0	2	0	2	0	0	0	2	0
CM007892.2_170449950_G_C		3	170449950								0	2	2	2	0	0	2	2	2	0	2	0	0	2	0	2	2	2	2	2	0	0	0	2	0	2	2	0	0	2	0	2	2	2	2	0	2	2	2	0	2	0	2	2	2	2	2	2	2	2	2	0
CM007892.2_170621148_C_T		3	170621148								0	0	2	2	0	0	2	2	2	2	2	2	0	2	0	2	2	2	2	0	0	2	2	2	0	0	0	0	0	2	0	2	0	2	0	2	0	0	0	2	0	0	0	0	0	0	2	2	0	2	2	2
CM007892.2_170636798_T_C		3	170636798								2	0	2	0	0	0	2	2	0	2	2	2	2	2	2	0	0	0	0	0	2	2	0	0	2	0	0	0	0	2	2	0	0	2	0	2	0	0	2	0	0	0	2	2	2	0	2	0	0	2	2	2
CM007892.2_171162140_C_T		3	171162140								2	2	2	0	2	2	2	2	2	0	2	0	2	2	2	0	0	2	0	2	2	2	0	0	0	2	2	2	2	2	2	2	2	2	2	0	2	2	2	0	2	2	2	0	2	2	2	2	2	0	2	0
CM007892.2_171223612_T_C		3	171223612								0	0	0	0	0	0	0	0	2	0	0	0	0	0	2	0	0	0	0	0	2	0	2	0	0	0	0	0	0	0	0	0	0	0	0	0	0	0	0	0	2	0	0	0	0	0	1	0	0	0	0	0
CM007892.2_171368270_T_C		3	171368270								0	2	0	2	0	2	0	0	2	2	0	2	0	0	2	2	2	2	2	0	2	0	0	2	0	2	1	0	2	0	0	2	2	2	0	0	0	0	0	0	0	0	0	2	2	0	1	2	0	0	0	0
CM007892.2_172084140_G_C		3	172084140								0	2	2	2	2	2	0	2	2	2	2	2	2	2	2	2	2	2	2	2	2	2	2	2	2	2	2	2	0	0	2	2	2	2	0	2	0	2	2	2	2	2	2	2	2	2	2	2	2	2	2	2
CM007892.2_172358161_G_A		3	172358161								0	2	0	2	0	2	0	0	2	2	0	0	0	0	0	2	2	2	2	2	0	2	2	2	0	2	2	2	0	0	0	2	2	0	0	2	0	0	2	0	2	2	1	2	0	0	2	0	2	2	2	0
CM007892.2_172675752_G_C		3	172675752								0	2	2	2	0	0	0	0	2	2	2	0	0	2	0	2	2	0	0	0	2	2	2	2	2	0	0	0	2	0	0	2	0	2	0	2	0	2	2	2	2	2	2	0	0	0	2	0	0	2	2	0
CM007892.2_172676186_G_C		3	172676186								0	0	0	0	0	0	0	0	0	2	0	0	0	0	0	0	0	0	0	0	2	2	0	0	2	0	0	0	2	0	0	0	0	0	0	0	0	2	0	2	0	0	0	0	0	0	0	0	0	0	2	0
CM007892.2_173050414_G_C		3	173050414								0	2	2	2	0	2	0	0	2	0	0	2	0	2	0	2	2	2	2	2	0	2	0	0	0	0	0	0	2	0	0	0	2	2	2	0	0	0	1	0	2	2	2	0	2	0	2	2	2	2	2	0
CM007892.2_173172470_T_C		3	173172470								0	2	0	0	0	2	2	2	0	0	0	0	2	0	0	2	0	0	0	0	0	0	2	0	0	0	0	0	0	0	2	0	2	2	0	0	0	0	0	0	2	0	0	0	0	0	2	0	0	0	0	0
CM007892.2_173172501_G_A		3	173172501								2	2	0	2	2	2	2	2	2	2	0	2	2	2	2	0	1	2	0	2	2	0	2	0	2	2	2	2	0	2	2	2	2	2	0	2	0	2	2	2	2	2	2	2	0	2	2	0	2	2	0	0
CM007892.2_173284367_C_T		3	173284367								0	2	2	2	0	2	0	0	2	2	0	2	2	2	2	2	0	2	0	2	0	0	2	0	0	0	0	0	0	0	2	0	2	2	0	2	0	0	2	0	2	2	2	2	0	2	2	0	2	2	0	0
CM007892.2_173836483_T_G		3	173836483								0	2	2	2	2	0	0	0	2	2	2	2	2	2	2	2	2	2	2	2	2	2	2	2	2	2	2	2	2	2	2	2	2	0	0	2	0	2	2	2	2	2	2	2	2	2	2	2	0	2	2	0
CM007892.2_173838294_T_G		3	173838294								2	2	2	2	2	2	2	0	2	2	0	2	2	2	2	2	2	2	2	0	0	2	2	0	0	1	2	0	2	2	2	2	2	2	2	2	2	0	2	0	2	2	2	0	2	0	2	2	2	0	2	2
CM007892.2_173938953_A_G		3	173938953								2	0	2	2	0	2	2	0	2	2	2	2	2	2	0	2	2	2	2	0	2	2	0	2	0	2	2	2	2	2	0	2	0	2	2	0	2	2	0	0	0	2	1	1	2	0	2	2	2	0	2	2
CM007892.2_173939002_C_T		3	173939002								0	0	0	0	0	2	1	0	0	0	0	0	0	0	0	0	0	0	0	0	0	0	0	0	0	2	2	0	2	0	0	0	0	2	0	0	0	0	0	0	0	0	0	0	0	0	0	0	2	0	0	0
CM007892.2_175368963_T_C		3	175368963								0	2	2	2	2	0	2	2	2	0	2	2	2	2	0	2	0	2	1	2	0	2	0	0	0	0	0	0	0	2	0	0	2	2	0	2	2	0	0	2	2	2	0	0	0	0	2	2	1	0	2	0
CM007892.2_175523107_T_C		3	175523107								0	0	2	2	0	0	0	0	2	0	0	2	2	0	0	0	0	2	1	0	0	0	0	0	0	0	0	0	0	0	0	0	0	2	0	0	0	0	0	0	0	2	0	0	0	0	0	0	0	0	0	0
CM007892.2_175527509_C_T		3	175527509								0	2	2	2	2	2	0	0	2	2	2	2	2	2	2	2	2	2	2	2	0	0	0	2	0	0	0	0	0	2	0	0	2	2	0	0	0	2	0	0	0	2	0	0	2	0	2	0	2	2	0	0
CM007892.2_175530250_A_G		3	175530250								2	0	2	2	0	0	0	0	2	2	0	2	2	0	0	0	0	2	1	0	2	0	0	0	2	0	0	0	2	0	2	2	0	0	0	0	0	0	0	0	0	0	0	0	0	0	0	0	0	0	0	2
CM007892.2_175558035_T_G		3	175558035								0	2	0	0	0	0	2	0	0	0	0	0	0	1	0	0	0	0	0	0	2	2	0	0	2	0	0	0	0	2	0	2	0	2	2	2	0	0	0	0	2	2	0	2	0	0	0	2	1	0	0	0
CM007892.2_175975065_A_T		3	175975065								0	0	0	0	0	0	0	0	0	2	0	0	0	0	2	0	0	0	0	0	0	0	0	0	0	0	0	0	2	0	2	0	0	0	0	0	0	0	0	0	0	0	0	0	0	0	2	0	0	0	2	2
CM007892.2_176043681_A_G		3	176043681								0	2	2	2	0	2	0	2	2	0	2	2	2	1	0	2	0	2	0	2	2	0	0	0	0	0	0	0	0	0	0	2	2	2	2	0	0	0	2	2	0	2	2	0	2	2	2	0	2	0	2	0
CM007892.2_176093028_C_T		3	176093028								0	2	2	2	2	0	2	2	2	0	2	0	2	2	0	2	2	2	2	2	0	0	0	2	2	0	0	0	0	0	0	0	2	2	0	0	0	0	0	2	0	2	2	2	0	2	2	0	2	2	2	0
CM007892.2_176103336_C_A		3	176103336								0	2	0	2	0	0	2	0	2	0	0	2	0	2	0	2	0	2	1	2	2	0	0	0	2	0	0	0	0	0	0	2	2	2	0	0	2	2	2	0	0	2	2	2	2	2	2	0	0	2	2	0
CM007893.2_232879_T_G		4	232879								0	0	0	0	2	0	2	0	0	2	2	2	0	2	0	0	2	2	2	2	0	2	2	0	0	2	2	2	0	0	0	2	2	0	2	0	0	0	0	0	0	2	0	0	2	2	2	2	2	2	0	0
CM007893.2_319486_T_G		4	319486								0	0	0	0	0	0	2	2	2	2	2	2	0	2	2	0	0	2	0	2	2	2	2	2	0	2	2	0	2	0	2	0	0	2	2	0	0	2	0	0	0	0	0	0	2	2	2	2	2	0	0	0
CM007893.2_874339_G_T		4	874339								0	0	0	0	0	0	0	2	0	0	0	0	0	2	2	2	0	2	0	0	0	0	0	0	0	0	0	0	0	0	0	0	0	0	0	0	0	0	0	0	0	0	0	0	0	0	0	0	0	0	0	0
CM007893.2_906925_T_A		4	906925								0	0	0	0	0	0	2	0	0	0	0	2	0	2	0	2	2	0	0	2	0	2	0	0	2	2	2	2	2	0	2	0	2	2	2	2	0	2	0	2	2	2	0	0	2	0	0	2	2	2	0	2
CM007893.2_979114_T_A		4	979114								2	0	0	0	2	0	0	2	2	2	2	1	0	2	2	2	2	2	2	2	2	0	2	2	2	0	0	0	0	0	2	0	0	2	0	0	0	2	0	0	2	0	0	0	2	2	1	2	2	2	0	2
CM007893.2_1038031_C_T		4	1038031								0	0	0	0	0	0	2	0	0	0	0	1	0	0	2	0	0	0	0	0	0	0	0	0	0	0	0	0	0	0	2	0	0	0	0	0	0	0	0	0	2	2	0	0	2	0	0	0	0	0	0	2
CM007893.2_1185247_C_A		4	1185247								2	2	2	1	0	0	0	2	0	2	2	2	2	2	0	0	2	2	2	0	2	0	2	2	0	0	0	0	2	0	0	2	0	0	2	0	0	0	0	0	0	0	0	0	0	0	0	0	0	0	0	0
CM007893.2_1601053_A_G		4	1601053								0	0	0	2	0	2	2	0	2	2	2	2	0	2	2	0	1	2	0	2	0	2	1	0	0	2	2	0	0	2	0	0	2	0	0	0	2	0	2	0	0	2	2	2	2	2	0	2	2	2	2	2
CM007893.2_2053550_C_G		4	2053550								0	0	0	0	0	0	0	1	2	0	0	0	0	0	0	0	0	2	0	0	0	0	0	0	2	0	0	0	0	0	0	0	0	0	0	0	0	0	0	0	0	0	0	0	0	0	0	0	0	0	0	0
CM007893.2_5120170_T_C		4	5120170								2	0	0	2	0	2	0	0	0	2	2	2	0	0	2	0	0	0	0	2	2	0	0	0	0	2	2	0	0	2	2	0	2	2	2	2	2	0	2	2	0	0	2	2	0	2	2	0	0	0	2	2
CM007893.2_5173390_A_G		4	5173390								0	0	0	2	0	2	2	2	2	0	0	0	0	2	2	1	2	2	2	0	0	2	2	2	0	0	0	0	2	0	2	0	0	0	2	2	2	0	2	0	0	2	2	2	0	2	2	2	2	2	0	0
CM007893.2_5934891_T_C		4	5934891								2	0	2	2	2	0	0	0	0	2	2	2	2	2	2	2	2	2	2	2	2	2	2	2	0	2	2	2	1	2	0	2	2	2	0	0	0	2	0	2	2	0	0	0	2	2	2	2	0	0	2	0
CM007893.2_6113880_T_C		4	6113880								0	0	2	2	0	0	0	0	2	0	0	0	2	2	2	1	2	2	2	0	0	0	0	2	2	0	0	2	0	0	0	2	0	0	0	2	0	2	2	0	0	2	2	2	2	2	2	2	2	2	2	2
CM007893.2_6213822_C_T		4	6213822								0	0	0	2	0	0	0	0	0	0	0	0	0	0	2	0	1	2	0	0	0	0	0	0	0	0	0	0	0	0	0	0	0	0	0	0	0	2	2	0	0	0	0	0	0	0	2	0	2	0	0	0
CM007893.2_6257646_G_A		4	6257646								0	0	0	0	0	2	2	2	0	2	2	2	1	2	2	0	0	0	0	0	2	2	2	2	0	0	0	0	0	0	2	0	0	2	0	0	2	2	2	0	0	2	2	2	0	2	2	2	2	2	2	0
CM007893.2_6560478_C_G		4	6560478								0	0	0	2	0	0	0	0	2	0	0	0	0	0	0	0	0	0	0	0	0	0	2	0	0	0	0	0	0	0	0	0	0	0	2	0	0	0	0	0	0	0	0	0	0	0	0	0	0	0	0	0
CM007893.2_7585830_T_C		4	7585830								2	2	2	0	2	0	2	2	2	2	2	2	2	0	2	0	2	2	0	2	2	2	0	0	2	2	2	0	0	2	2	2	2	2	0	0	0	1	0	2	0	2	2	0	0	2	2	2	0	2	2	0
CM007893.2_8326245_C_T		4	8326245								2	2	2	0	0	2	2	2	2	2	2	2	2	2	2	0	0	0	0	2	2	2	0	2	2	2	2	2	2	2	0	2	2	2	2	0	1	2	2	2	0	2	2	2	0	2	2	2	0	2	2	0
CM007893.2_8333124_G_A		4	8333124								2	2	2	0	0	2	0	0	2	2	1	0	2	0	2	0	0	0	0	0	2	0	0	0	0	0	0	0	0	0	0	2	0	2	2	0	0	0	0	0	0	0	0	0	0	0	0	0	0	0	2	0
CM007893.2_11396267_A_G		4	11396267								2	0	0	0	2	0	0	0	0	2	2	2	2	0	2	0	2	2	2	0	2	0	2	0	0	0	0	0	2	0	0	2	0	2	2	2	0	2	2	0	0	2	2	2	0	2	2	2	2	0	0	1
CM007893.2_12259166_G_A		4	12259166								0	2	0	2	2	2	2	0	2	2	2	2	2	2	2	2	2	2	2	2	2	2	2	0	0	0	2	2	2	2	2	2	0	1	2	0	0	2	2	2	2	2	2	2	2	2	2	0	2	2	2	0
CM007893.2_12339169_A_T		4	12339169								0	2	2	2	0	0	2	0	2	2	1	0	2	2	2	2	2	2	0	2	1	0	2	0	2	0	0	2	2	2	2	2	2	2	2	2	2	2	0	2	2	2	2	2	2	0	2	2	2	0	2	2
CM007893.2_13957301_G_C		4	13957301								2	2	0	2	2	2	2	0	2	0	2	0	2	2	2	2	2	0	2	2	2	2	2	2	0	0	0	2	0	2	0	2	2	2	0	2	2	2	0	0	0	2	0	0	0	0	2	2	2	0	2	0
CM007893.2_14361064_C_T		4	14361064								0	0	0	0	0	0	0	0	0	0	0	0	0	0	0	0	0	0	0	0	0	2	0	0	2	2	2	2	0	0	2	0	0	2	2	0	0	0	2	0	0	0	2	2	0	2	0	2	0	0	0	0
CM007893.2_14361067_C_T		4	14361067								0	0	0	2	2	0	0	0	0	0	0	0	2	0	0	2	2	0	2	0	2	0	0	2	0	0	0	0	0	1	0	0	0	0	0	0	2	2	0	0	0	2	0	0	0	0	2	0	1	0	0	0
CM007893.2_21137176_T_C		4	21137176								0	2	0	0	0	0	0	1	2	0	0	0	0	0	2	0	0	0	0	0	0	2	0	0	0	0	0	0	0	2	2	0	0	2	0	2	0	0	0	1	2	2	0	0	2	0	2	0	0	0	2	0
CM007893.2_24075255_A_T		4	24075255								2	0	2	0	0	0	0	0	0	2	0	0	0	2	0	2	2	2	2	2	0	2	0	2	0	2	2	0	0	2	0	0	2	2	2	2	0	2	0	2	0	2	0	0	2	0	2	0	2	0	2	0
CM007893.2_25810932_C_T		4	25810932								2	2	2	2	0	0	0	2	2	2	2	2	2	2	0	0	0	0	0	0	0	2	2	0	0	0	0	0	0	0	0	2	0	2	0	2	0	0	2	0	2	0	2	2	0	0	2	2	0	2	0	2
CM007893.2_26988919_G_A		4	26988919								2	0	0	0	2	0	0	0	0	0	2	2	0	0	2	2	2	2	2	2	0	0	0	0	2	2	2	2	2	2	2	0	2	0	0	0	0	2	0	2	0	2	0	0	2	0	2	0	2	0	0	2
CM007893.2_28338736_G_A		4	28338736								0	0	2	2	2	0	0	0	2	2	2	2	2	2	0	2	2	2	0	0	1	2	0	0	0	2	0	0	0	2	0	2	0	2	0	0	2	2	0	0	2	0	0	0	0	2	0	2	0	2	2	0
CM007893.2_30569353_C_A		4	30569353								2	0	0	0	0	0	2	2	0	2	0	0	2	2	2	2	2	2	2	2	2	0	0	0	0	2	2	0	0	2	2	2	2	2	2	1	2	0	2	2	0	2	2	2	2	0	2	0	2	2	2	0
CM007893.2_36929604_A_G		4	36929604								0	0	0	2	0	0	0	0	0	0	0	0	0	0	0	0	0	0	0	0	0	0	0	2	0	2	0	2	2	0	0	0	2	0	2	0	0	2	0	2	0	0	0	0	0	0	0	0	1	0	2	0
CM007893.2_39954966_C_T		4	39954966								2	1	2	2	0	0	0	0	2	2	2	2	0	2	1	2	0	0	0	2	2	2	0	2	2	0	2	2	2	2	2	0	0	0	2	0	2	2	0	0	0	2	0	0	0	0	2	0	0	0	2	0
CM007893.2_40179335_A_C		4	40179335								0	0	0	0	0	0	0	0	0	0	0	0	0	0	0	0	0	0	0	0	0	0	0	0	0	0	0	0	0	2	0	0	0	0	0	0	0	2	0	2	0	0	0	0	0	0	2	0	0	0	2	0
CM007893.2_40553585_C_G		4	40553585								0	2	2	2	2	0	0	0	2	2	2	2	0	2	2	2	2	2	2	2	2	2	0	2	2	2	0	2	2	0	0	2	0	2	1	2	2	0	0	2	0	2	0	0	2	0	2	0	2	0	2	2
CM007893.2_42877178_A_G		4	42877178								2	0	2	2	2	0	0	0	2	2	2	2	0	0	2	2	0	2	0	0	2	2	2	2	0	0	0	0	0	0	2	0	2	2	0	2	0	0	0	0	2	2	0	0	2	0	2	0	2	0	2	0
CM007893.2_42988222_A_T		4	42988222								0	2	0	2	2	1	2	2	2	2	0	2	0	2	2	2	2	2	2	2	2	2	0	2	0	0	2	2	2	2	2	2	2	2	2	2	0	1	0	2	2	0	2	2	0	2	2	2	2	0	2	0
CM007893.2_43820714_T_C		4	43820714								0	0	0	0	0	0	0	0	0	0	0	0	0	0	0	0	0	0	0	0	0	0	0	0	0	0	0	0	0	0	0	0	2	2	0	2	0	0	0	0	0	0	0	0	0	0	0	0	0	0	0	0
CM007893.2_44996179_A_C		4	44996179								2	2	2	2	2	0	0	0	2	2	2	2	0	2	2	2	0	2	0	1	2	2	2	0	0	2	2	2	2	0	2	1	2	0	0	0	2	2	0	2	2	0	0	0	0	0	2	0	2	2	2	2
CM007893.2_49015541_A_G		4	49015541								2	2	0	2	2	0	0	0	2	0	2	2	2	0	2	2	2	2	0	2	2	0	0	2	0	0	2	0	0	2	2	0	2	0	0	0	0	2	2	0	2	0	0	0	2	0	2	0	2	2	0	0
CM007893.2_51288716_C_A		4	51288716								2	2	0	1	0	0	0	0	2	0	2	2	2	0	2	0	0	2	2	0	2	0	0	0	0	0	2	0	0	2	2	0	0	0	2	0	2	2	2	2	2	2	2	2	0	0	2	2	0	2	0	0
CM007893.2_54525827_G_T		4	54525827								0	0	0	0	0	0	0	2	0	2	2	2	2	1	0	2	2	2	2	0	0	0	0	0	0	0	0	0	0	0	0	0	0	0	0	0	0	0	0	0	0	0	0	0	0	0	0	0	0	0	0	0
CM007893.2_57151020_T_C		4	57151020								0	0	2	2	2	1	2	0	2	2	2	2	0	2	2	2	2	2	2	0	2	2	2	1	0	2	2	0	2	0	0	2	0	2	0	2	0	0	2	0	0	0	0	0	0	2	2	0	0	0	2	0
CM007893.2_60526081_T_C		4	60526081								2	0	0	2	2	0	0	0	2	2	0	0	0	2	2	2	2	2	0	1	2	0	2	2	2	0	2	2	2	0	2	0	2	2	2	1	2	0	0	2	0	2	2	2	2	0	2	2	2	0	0	0
CM007893.2_61205334_C_A		4	61205334								2	2	2	2	2	0	2	0	2	2	0	0	0	2	2	2	2	2	2	2	2	0	2	2	2	0	0	0	2	2	2	2	0	2	0	2	0	2	0	2	0	2	2	2	2	0	2	2	2	2	0	0
CM007893.2_61579298_G_T		4	61579298								0	0	0	2	0	2	0	2	2	2	2	2	0	2	2	2	2	2	0	2	2	2	0	0	2	2	0	2	2	2	2	0	0	2	0	2	2	1	2	2	0	2	2	2	2	2	2	2	2	1	2	2
CM007893.2_62901373_G_A		4	62901373								2	0	0	0	0	0	0	0	2	0	0	0	2	2	0	0	2	2	0	0	2	0	0	0	2	0	0	0	2	0	0	0	0	0	0	0	0	0	0	0	0	0	0	0	0	0	0	0	0	0	0	0
CM007893.2_62976378_A_G		4	62976378								2	2	2	2	2	0	2	2	2	2	0	0	2	2	2	2	2	2	2	2	2	2	2	2	2	2	2	2	2	2	2	2	2	2	2	0	2	2	2	2	2	2	2	2	0	0	2	2	0	2	0	0
CM007893.2_62980868_T_C		4	62980868								2	2	2	2	0	2	0	0	2	2	0	0	2	2	2	2	2	2	0	2	2	2	0	2	0	2	2	0	2	2	2	2	2	2	0	0	0	0	0	2	2	2	2	0	2	0	2	2	2	0	0	0
CM007893.2_63893919_C_T		4	63893919								2	2	2	2	2	0	2	2	2	2	2	2	2	2	2	2	0	2	2	0	2	2	2	2	2	2	2	0	2	2	2	2	2	2	2	0	0	2	0	0	2	0	2	0	2	2	2	2	0	2	2	0
CM007893.2_64051110_A_C		4	64051110								0	2	2	2	2	2	2	2	2	0	0	2	0	2	2	2	2	2	2	2	2	2	2	2	2	2	2	2	2	2	2	2	2	2	2	2	2	0	0	2	2	2	2	2	2	0	2	2	2	2	0	2
CM007893.2_64503123_A_C		4	64503123								2	0	2	2	0	2	0	2	2	0	2	2	2	2	2	2	2	2	0	0	2	0	2	2	0	2	0	2	2	0	0	0	2	2	2	0	0	2	0	0	2	0	2	0	0	0	0	2	0	2	0	0
CM007893.2_64660477_T_C		4	64660477								0	0	2	2	2	0	2	0	2	2	2	2	0	2	2	2	2	2	2	2	2	2	2	0	2	2	0	2	2	0	2	2	2	2	2	2	2	2	2	2	2	2	2	2	2	2	2	2	2	0	2	2
CM007893.2_69181762_T_C		4	69181762								0	0	1	0	0	0	0	2	0	0	0	0	0	0	2	0	0	0	0	0	0	0	0	0	0	0	0	0	0	0	2	1	0	0	0	0	0	2	0	0	0	0	0	0	0	0	0	0	0	0	0	0
CM007893.2_71589116_A_C		4	71589116								2	2	2	2	2	0	0	2	2	2	2	2	2	2	2	2	0	2	2	2	2	2	2	2	2	2	2	0	2	2	2	0	2	2	2	2	2	2	2	2	0	0	0	2	0	2	2	2	2	2	0	0
CM007893.2_78520973_T_C		4	78520973								0	0	0	0	0	2	0	0	0	0	0	0	0	0	0	0	0	0	0	2	0	0	0	0	0	0	0	0	0	0	2	0	0	2	0	0	0	2	0	0	0	2	0	0	0	0	2	2	0	2	2	0
CM007893.2_89902180_C_A		4	89902180								0	2	0	0	0	0	0	0	0	0	0	0	0	0	0	0	0	0	0	0	0	0	0	0	0	2	2	0	2	2	0	0	0	0	0	0	0	2	2	0	2	0	0	0	0	0	2	0	0	0	0	0
CM007893.2_106063757_A_G		4	106063757								2	2	2	2	2	2	0	2	2	2	2	2	2	2	2	2	0	2	0	2	0	2	0	2	0	2	0	0	2	2	2	2	0	0	0	2	0	0	0	0	2	0	2	2	2	1	2	2	2	0	2	0
CM007893.2_107549671_G_A		4	107549671								0	0	2	0	0	0	0	2	0	0	0	0	0	2	0	0	0	0	0	0	0	0	0	2	0	0	0	0	0	0	0	2	1	0	0	0	0	2	0	2	0	0	0	0	0	1	2	0	0	2	0	2
CM007893.2_119503356_T_A		4	119503356								0	0	0	2	0	0	0	0	2	0	0	2	0	0	0	2	0	2	0	0	0	2	0	2	2	0	0	2	2	0	0	0	2	0	0	0	0	0	0	0	0	0	0	0	0	0	2	0	2	0	0	0
CM007893.2_131035657_G_A		4	131035657								0	2	2	2	2	0	2	2	2	2	2	2	2	2	2	2	2	2	2	2	2	2	2	2	2	2	2	2	2	2	2	2	2	2	0	2	0	2	2	2	2	2	2	2	2	0	2	2	2	2	2	2
CM007893.2_140426342_G_A		4	140426342								2	0	0	0	0	2	2	2	1	0	0	0	2	2	2	0	0	0	2	0	0	0	0	0	0	0	0	0	0	0	0	2	0	0	0	0	0	1	0	0	0	0	0	0	0	2	2	0	2	2	2	0
CM007893.2_150327294_A_G		4	150327294								0	2	2	2	0	0	0	0	2	2	0	0	2	2	2	2	0	2	2	2	0	0	2	2	0	0	2	2	2	2	2	0	2	2	0	2	2	2	0	2	2	0	0	0	0	0	2	0	2	2	2	0
CM007893.2_152758095_G_A		4	152758095								0	0	2	2	0	2	2	2	2	2	2	2	2	2	2	2	2	2	2	2	2	2	0	2	0	2	2	2	0	2	2	0	2	2	2	2	2	2	2	2	0	2	2	2	2	2	2	2	2	2	2	2
CM007893.2_153168568_T_C		4	153168568								0	0	0	0	0	2	2	0	0	0	0	0	2	0	0	0	0	0	0	2	0	2	2	0	0	2	2	0	2	2	2	2	2	2	2	2	2	0	2	2	0	2	2	2	2	2	2	2	2	2	2	2
CM007893.2_154751909_T_C		4	154751909								2	2	2	2	2	2	2	0	2	2	2	2	2	2	2	2	2	2	2	0	2	2	2	0	2	2	0	2	2	2	2	2	0	2	2	2	2	0	2	2	2	2	2	2	2	2	2	2	2	0	2	2
CM007893.2_159358964_A_G		4	159358964								2	2	2	2	2	2	2	0	2	2	2	0	2	2	2	2	0	1	2	2	2	2	0	2	0	2	2	0	2	2	2	2	2	2	2	2	2	2	2	2	2	0	2	2	2	2	2	2	2	2	2	2
CM007893.2_160203332_T_C		4	160203332								2	0	2	0	0	0	2	0	2	2	2	0	0	2	0	2	0	0	0	0	0	2	0	0	0	2	2	0	2	2	2	2	2	2	2	2	0	0	0	2	0	2	0	0	0	2	2	0	0	0	2	0
CM007893.2_162377334_G_T		4	162377334								2	2	0	2	2	0	2	0	0	0	0	0	0	0	2	0	0	0	0	0	2	0	0	0	0	2	2	0	2	0	0	2	2	0	0	2	0	0	2	0	0	0	1	0	2	2	2	0	2	0	2	0
CM007893.2_167597753_T_C		4	167597753								0	2	0	2	2	0	2	2	0	0	2	2	0	0	2	0	0	0	0	0	2	0	2	0	2	0	0	0	2	0	0	1	0	0	0	0	0	0	2	2	2	0	2	2	0	0	2	1	0	0	2	2
CM007893.2_168742438_C_A		4	168742438								2	0	0	2	0	0	2	0	2	2	2	2	0	2	0	2	2	0	0	2	2	0	2	0	1	2	0	2	0	0	0	0	0	0	2	0	0	0	0	0	0	2	0	0	0	0	2	0	2	0	2	0
CM007893.2_169364382_G_T		4	169364382								2	0	0	0	0	2	2	0	2	0	2	2	0	0	0	2	0	2	0	2	0	0	2	0	0	2	2	2	0	2	2	2	2	0	2	0	2	2	0	0	0	2	0	0	2	0	2	0	2	2	2	0
CM007893.2_170821641_A_G		4	170821641								2	0	0	0	0	0	0	2	2	0	2	0	0	0	0	0	2	2	0	0	0	0	2	2	0	0	0	0	0	0	0	0	0	0	0	0	2	0	0	0	0	0	0	0	0	0	0	0	0	0	0	0
CM007893.2_171009612_T_C		4	171009612								2	2	2	2	2	2	2	0	2	2	2	2	2	2	2	2	0	2	2	2	2	2	0	0	2	2	2	0	2	2	2	0	2	2	2	2	2	0	2	2	2	2	2	2	2	2	2	2	2	2	0	0
CM007893.2_172687434_G_T		4	172687434								0	0	0	2	2	0	0	0	2	0	0	0	0	0	0	2	2	1	2	0	2	0	0	2	0	0	0	0	0	0	0	0	0	0	0	0	0	0	0	0	0	0	0	0	0	0	2	0	0	0	2	0
CM007893.2_172770872_G_T		4	172770872								0	0	0	0	0	0	0	0	0	0	0	0	0	0	0	0	0	0	0	0	0	0	0	0	0	0	0	2	0	0	0	0	0	0	2	0	0	0	0	0	0	2	0	2	0	0	2	0	0	0	2	0
CM007893.2_173479891_C_T		4	173479891								0	0	0	2	2	0	0	0	2	0	0	0	0	0	2	2	2	2	0	2	2	0	0	2	0	2	2	0	2	2	2	0	2	0	0	0	0	2	2	2	2	0	2	2	0	0	2	0	2	2	2	0
CM007893.2_175186638_G_T		4	175186638								0	0	0	0	0	0	0	0	1	0	0	0	0	0	0	0	0	0	0	0	0	0	2	0	0	0	2	0	0	2	0	0	0	0	2	0	0	2	0	0	2	0	0	0	0	0	0	0	0	2	0	0
CM007893.2_175544441_G_A		4	175544441								0	0	0	0	0	2	0	0	0	0	0	0	0	0	0	0	0	0	0	0	0	0	0	0	0	0	0	0	2	0	2	0	0	0	0	0	0	2	0	0	0	0	0	2	0	0	0	0	2	0	0	0
CM007893.2_175547322_G_A		4	175547322								2	0	2	0	0	2	0	0	2	2	2	2	2	2	2	2	2	2	2	0	2	2	0	2	0	0	0	0	2	0	2	1	0	2	0	2	0	2	2	0	0	2	2	2	0	0	2	0	0	0	0	0
CM007893.2_175548115_C_T		4	175548115								0	0	0	0	0	0	0	0	0	2	2	2	0	2	2	2	0	0	0	2	0	2	0	0	0	2	2	2	2	2	2	0	2	0	0	2	2	0	0	2	0	2	2	2	2	0	2	0	2	2	0	0
CM007893.2_175745398_A_C		4	175745398								0	0	0	0	0	2	0	0	2	0	0	0	0	0	0	0	0	0	0	0	0	0	0	0	0	0	0	0	0	0	2	0	0	0	0	0	2	0	2	0	0	2	0	2	2	0	0	0	2	0	0	0
CM007893.2_176187006_C_T		4	176187006								0	0	0	0	0	2	0	0	2	0	0	0	0	0	0	2	2	0	2	0	2	0	2	2	0	2	2	2	2	2	2	0	2	0	2	0	2	2	2	0	0	2	2	0	2	0	2	0	2	2	2	0
CM007893.2_178736725_A_G		4	178736725								0	2	0	2	0	0	0	0	2	0	0	0	0	2	2	2	2	2	2	2	2	2	0	2	0	0	0	2	2	2	0	0	0	2	0	2	2	2	0	2	0	2	2	2	0	0	2	0	2	2	2	2
CM007893.2_179230422_T_G		4	179230422								2	2	2	2	2	2	0	0	2	2	2	2	0	2	2	2	2	2	2	2	2	2	2	2	2	2	2	2	2	2	2	0	2	2	0	2	2	2	2	2	2	2	2	2	2	0	2	0	0	2	2	2
CM007893.2_179266382_T_C		4	179266382								2	0	2	0	0	2	0	0	2	2	2	2	0	2	0	2	2	2	2	2	2	0	2	2	0	2	2	2	2	0	2	0	2	2	1	0	2	0	0	0	0	0	2	2	2	0	0	0	2	0	0	0
CM007893.2_179548373_G_A		4	179548373								2	2	2	2	2	0	0	0	2	2	2	2	0	2	2	2	2	2	2	0	2	0	2	2	2	2	2	0	0	0	2	0	0	2	0	0	0	0	0	2	2	0	0	0	0	0	2	0	0	0	0	2
CM007893.2_179551766_C_A		4	179551766								2	2	0	2	0	0	0	0	2	0	2	2	0	0	2	2	0	2	0	2	2	0	0	2	2	2	2	0	0	2	0	0	2	0	1	2	2	0	2	0	0	0	2	2	0	0	2	0	2	0	2	2
CM007893.2_179552729_T_A		4	179552729								0	0	0	0	0	0	0	0	0	0	0	0	0	0	0	0	0	0	0	0	0	2	0	0	0	0	0	0	2	2	0	0	0	2	0	2	0	2	0	2	0	0	0	0	0	0	0	0	0	0	2	0
CM007893.2_180412063_C_A		4	180412063								0	0	0	0	0	0	0	0	0	0	0	0	0	0	1	0	0	2	0	0	0	0	0	0	0	0	2	0	0	0	2	0	2	0	0	0	0	0	0	0	0	0	0	0	0	0	0	0	0	0	0	2
CM007893.2_180455973_C_T		4	180455973								0	0	0	2	0	0	0	0	0	0	0	0	0	0	0	0	0	0	0	2	0	0	0	0	0	0	0	0	0	0	0	0	0	0	0	0	2	0	0	2	0	0	0	0	0	0	0	0	2	0	0	0
CM007893.2_183374932_A_C		4	183374932								0	0	0	0	0	2	0	0	0	0	0	0	0	0	2	0	0	0	0	0	0	0	0	0	0	0	0	0	0	0	0	1	0	0	0	0	0	0	0	2	0	0	2	0	0	0	0	0	0	1	0	2
CM007893.2_185570736_G_T		4	185570736								0	2	0	0	0	0	2	0	0	0	0	0	0	0	0	0	0	1	0	2	0	2	0	0	2	2	2	0	2	2	2	0	2	2	2	0	0	2	0	2	0	0	2	0	0	2	2	0	0	0	0	2
CM007893.2_185570881_C_A		4	185570881								0	0	0	0	0	0	0	0	0	0	0	0	0	0	0	0	0	0	0	0	0	0	0	0	0	0	0	0	0	0	0	0	0	0	0	2	0	0	0	0	0	0	0	2	2	0	0	0	2	0	0	0
CM007893.2_186018857_T_A		4	186018857								2	0	0	2	2	0	0	2	2	2	0	0	0	0	2	2	2	1	2	2	2	0	2	2	2	2	0	0	2	2	2	0	2	0	2	2	0	0	0	2	0	2	0	2	2	0	2	0	2	2	0	0
CM007893.2_188274040_T_A		4	188274040								2	0	2	2	2	0	0	2	2	2	2	2	2	2	2	2	2	2	2	0	2	0	0	2	2	0	0	2	2	0	0	1	0	2	0	0	0	0	0	0	0	0	0	2	0	2	2	0	0	2	2	0
CM007893.2_190453564_T_C		4	190453564								0	0	0	2	0	0	2	0	0	0	0	0	0	0	0	0	0	0	0	0	0	0	0	0	0	0	0	2	1	0	0	0	0	0	0	0	0	0	0	0	0	0	2	0	2	0	0	0	0	0	0	0
CM007893.2_190459628_G_A		4	190459628								2	2	0	2	0	0	2	2	0	0	0	0	0	0	2	2	2	2	2	0	2	0	0	2	2	0	0	2	2	0	0	2	0	0	2	0	0	2	2	0	2	2	2	2	2	2	2	0	2	0	0	0
CM007893.2_190484917_T_G		4	190484917								2	2	0	2	2	2	2	1	0	0	0	0	2	0	2	0	0	0	0	2	0	0	2	0	0	2	2	2	2	2	2	2	2	0	2	0	2	2	2	2	2	0	2	2	0	2	2	0	0	0	2	2
CM007893.2_191564147_T_C		4	191564147								0	0	0	2	2	2	2	2	2	2	2	2	0	0	2	2	2	2	1	2	2	2	2	2	2	0	0	2	2	2	2	0	2	0	2	2	0	0	2	0	2	2	2	2	2	2	2	0	2	2	2	2
CM007893.2_192883875_T_C		4	192883875								2	2	2	2	2	2	2	2	2	2	2	2	0	2	2	0	2	2	0	2	2	0	2	2	2	2	2	2	2	2	2	1	2	2	2	0	2	2	2	2	2	2	2	2	2	2	2	0	2	2	2	2
CM007893.2_192917752_A_C		4	192917752								2	2	2	2	2	2	2	0	2	2	2	2	2	2	2	2	2	2	2	2	2	0	2	2	0	2	2	2	2	2	2	2	2	2	2	0	0	2	0	2	2	2	2	2	2	2	2	0	0	1	2	2
CM007893.2_193466318_C_G		4	193466318								2	2	2	2	0	0	2	2	2	2	2	2	2	2	0	2	2	2	2	2	0	0	2	2	2	2	2	2	2	2	2	2	2	2	2	1	2	2	2	2	2	2	2	2	2	0	2	0	2	2	2	0
CM007893.2_195269597_C_T		4	195269597								2	2	2	0	0	0	0	0	2	0	2	2	0	2	0	2	2	2	2	0	0	0	2	2	0	0	0	2	2	2	0	0	0	2	2	2	0	2	0	2	2	2	0	0	2	0	2	0	2	2	0	0
CM007893.2_196957241_A_C		4	196957241								0	0	0	0	0	0	0	0	2	2	0	0	0	0	2	2	2	2	2	2	0	0	0	2	2	2	2	0	2	0	2	0	2	0	0	0	2	2	2	0	0	2	2	2	2	0	2	0	2	2	0	0
CM007893.2_197175206_C_A		4	197175206								0	0	0	0	0	0	0	0	0	0	1	0	2	0	2	0	0	0	0	2	0	0	0	0	2	2	2	0	0	0	0	2	0	0	0	0	0	0	0	0	0	0	0	0	0	0	0	0	0	0	0	0
CM007893.2_198131745_C_A		4	198131745								0	0	2	2	0	0	0	0	0	0	2	2	0	2	0	2	0	2	0	2	0	0	0	0	0	2	0	0	0	2	0	0	0	0	0	0	0	2	0	0	0	2	0	0	0	0	2	0	2	0	2	0
CM007893.2_198606312_T_C		4	198606312								0	2	0	2	0	2	2	2	2	0	0	0	2	0	1	2	2	2	2	2	0	2	0	2	0	2	2	0	0	2	2	2	2	0	0	0	2	2	0	0	2	1	0	0	2	0	2	0	2	0	0	0
CM007893.2_199000782_T_C		4	199000782								0	0	0	2	0	0	0	0	2	2	2	2	2	2	1	2	2	2	0	0	0	2	0	2	0	0	2	2	0	2	2	2	2	2	0	0	2	2	0	0	0	2	0	0	0	0	2	2	2	0	2	0
CM007893.2_199571295_A_G		4	199571295								0	0	2	0	2	0	2	2	2	0	2	2	0	2	2	0	0	0	0	0	2	2	0	0	0	0	0	2	0	0	2	1	2	2	0	0	0	0	0	0	0	2	0	0	0	0	2	2	0	2	0	2
CM007893.2_201122078_C_G		4	201122078								0	0	0	0	0	0	0	0	2	0	0	0	0	0	0	0	0	0	0	0	0	0	2	0	2	0	0	2	0	0	0	0	0	0	0	0	0	0	2	0	0	0	2	2	0	0	0	2	0	2	0	2
CM007893.2_201322386_T_C		4	201322386								0	0	0	0	0	0	0	0	0	0	0	0	0	0	2	2	2	0	0	2	0	0	0	0	2	0	0	0	0	0	0	0	2	0	0	2	0	0	0	0	0	2	0	0	0	0	2	0	0	0	0	0
CM007893.2_201534400_G_A		4	201534400								2	0	2	2	2	0	0	0	0	0	2	0	0	2	0	2	2	2	2	0	2	0	0	2	0	2	2	0	0	0	2	0	2	2	2	0	0	2	0	2	0	0	0	0	1	0	0	0	0	0	0	0
CM007893.2_202394740_A_G		4	202394740								0	0	2	0	2	2	2	2	0	2	2	2	0	2	2	0	0	0	0	2	2	0	2	0	0	2	2	2	0	0	0	2	2	2	0	0	2	0	0	2	0	0	0	0	0	2	1	2	0	0	0	2
CM007893.2_202394813_T_A		4	202394813								2	0	2	0	2	2	2	2	2	2	2	2	2	2	2	2	2	2	2	2	2	2	2	2	2	2	2	2	0	2	0	2	2	2	0	2	2	0	2	2	0	2	2	2	2	2	2	2	2	2	0	2
CM007893.2_202396599_C_T		4	202396599								1	2	2	0	2	0	2	2	2	2	2	2	0	2	0	0	0	0	0	0	2	2	0	0	0	0	0	0	0	0	2	2	0	2	0	2	0	0	2	2	2	0	2	2	0	2	2	1	0	2	0	2
CM007893.2_202427751_A_T		4	202427751								2	0	2	0	2	2	2	2	2	2	2	2	2	2	0	0	0	0	0	2	0	0	2	0	2	2	2	0	0	0	0	2	2	2	0	2	0	0	0	0	0	0	0	2	0	2	2	0	0	2	2	0
CM007893.2_202492495_A_G		4	202492495								0	0	0	0	2	0	2	0	0	0	0	0	0	0	2	0	0	0	0	0	0	0	2	0	0	2	1	2	0	0	0	2	0	0	0	0	0	0	2	0	0	0	0	0	0	0	0	1	0	0	0	0
CM007893.2_202622296_G_A		4	202622296								0	0	2	0	2	0	0	2	0	0	2	2	0	2	2	2	2	2	2	0	2	0	0	2	0	0	2	2	0	2	2	0	0	2	2	2	0	0	0	0	0	2	0	0	2	0	2	2	2	0	0	2
CM007893.2_202740777_G_A		4	202740777								0	2	0	0	2	0	0	2	0	0	1	2	2	0	0	2	2	2	2	0	2	0	0	2	0	2	0	0	0	0	2	2	2	2	2	0	2	0	0	2	0	0	0	0	2	0	2	0	0	0	2	0
CM007893.2_203308079_G_A		4	203308079								2	2	0	2	2	2	0	0	0	0	2	2	2	2	2	2	2	2	2	2	2	0	2	2	0	2	2	2	0	2	2	0	2	2	2	2	2	0	2	2	2	2	2	2	2	2	2	2	2	2	2	2
CM007893.2_203318997_A_G		4	203318997								2	0	0	0	2	0	2	2	2	2	0	0	0	0	2	2	0	2	2	0	2	2	0	0	2	0	0	2	2	0	0	2	0	0	0	2	0	0	2	0	0	0	2	2	0	0	2	2	0	2	2	0
CM007893.2_203338534_T_C		4	203338534								0	2	0	0	0	2	0	0	2	0	0	0	2	0	0	2	2	2	2	2	2	0	0	2	1	2	0	0	2	0	2	0	2	0	2	0	2	0	0	2	2	2	0	0	2	2	2	0	2	0	2	2
CM007893.2_203387431_A_T		4	203387431								0	2	0	0	0	2	0	0	2	0	0	0	2	0	2	2	2	0	0	2	0	2	2	2	0	2	2	2	2	0	2	0	2	0	2	0	2	0	2	2	2	2	2	2	2	2	0	2	2	2	0	2
CM007893.2_203477878_C_A		4	203477878								0	0	2	0	2	0	0	0	0	2	2	2	2	2	2	2	2	2	2	0	2	2	2	2	0	0	2	0	0	0	0	0	0	2	0	0	0	0	0	0	0	0	0	0	0	0	2	0	0	0	2	0
CM007893.2_203728372_A_T		4	203728372								2	0	0	0	0	0	2	2	0	2	2	2	2	2	2	2	2	2	0	2	2	2	0	2	2	1	0	0	0	2	0	0	0	2	2	0	2	0	2	0	0	2	2	2	0	0	2	0	2	0	0	2
CM007893.2_204084828_C_A		4	204084828								1	0	2	0	0	2	0	0	0	0	2	2	2	2	2	2	2	2	2	2	2	0	0	2	2	2	0	0	0	0	0	0	2	2	0	0	2	0	2	0	0	0	2	2	0	0	2	2	0	2	0	0
CM007893.2_204584854_G_A		4	204584854								0	2	2	0	0	0	2	2	2	0	2	2	0	2	0	2	2	2	2	0	2	0	0	2	0	0	0	0	2	2	2	0	0	2	0	0	0	0	0	2	2	2	0	0	2	0	2	2	2	0	2	0
CM007893.2_204633710_C_T		4	204633710								0	0	2	0	0	2	0	0	2	0	2	2	0	2	0	0	0	0	0	2	0	0	0	0	0	2	0	0	2	0	0	1	2	2	0	0	2	0	0	0	0	0	0	0	0	0	2	2	0	0	2	0
CM007893.2_204891406_A_T		4	204891406								0	0	0	0	0	0	0	0	2	0	0	0	0	0	0	2	0	2	0	0	0	0	0	0	0	0	0	0	2	0	0	0	0	0	0	0	0	0	2	0	0	0	1	0	0	0	0	0	0	0	0	0
CM007893.2_204891920_C_T		4	204891920								2	0	0	0	0	0	2	2	2	0	0	2	0	0	2	2	2	2	2	0	2	0	0	0	0	0	2	2	2	2	2	0	0	0	0	2	0	0	2	2	2	0	2	2	2	0	2	0	2	2	0	2
CM007893.2_204980601_G_A		4	204980601								0	2	2	0	0	0	0	0	2	0	2	2	0	2	0	0	0	0	0	0	0	2	0	0	2	0	0	0	2	0	0	0	0	2	2	0	0	0	0	0	2	0	0	0	0	1	2	2	0	0	2	0
CM007893.2_205379311_C_T		4	205379311								0	2	0	0	0	0	1	0	2	0	0	2	0	0	0	0	0	0	0	0	0	0	0	0	0	0	2	2	2	0	0	0	0	2	0	2	0	0	2	0	2	0	1	0	0	0	0	2	0	0	0	0
CM007893.2_205959702_C_T		4	205959702								0	0	2	0	0	0	0	0	0	0	2	0	0	2	2	0	0	0	0	0	2	2	0	0	2	0	2	2	0	0	0	0	0	2	2	2	0	0	2	0	0	0	2	2	0	0	2	2	0	2	2	0
CM007893.2_206246791_A_C		4	206246791								2	0	0	0	0	0	0	0	0	0	0	0	0	0	0	0	0	0	0	0	0	0	0	0	0	0	2	2	0	0	0	0	0	0	0	2	0	0	0	0	0	0	0	0	0	0	0	0	0	0	0	0
CM007893.2_206531808_A_C		4	206531808								0	0	0	0	2	2	2	2	2	0	0	2	2	0	2	2	2	2	2	2	2	2	0	2	2	2	0	0	2	0	0	0	2	0	2	0	2	0	2	2	0	2	2	2	2	0	2	0	2	2	2	0
CM007893.2_206875874_C_T		4	206875874								0	0	0	0	0	2	0	0	0	0	0	0	0	0	0	0	0	0	0	2	0	0	0	0	1	2	0	0	0	0	0	0	2	0	0	0	0	0	0	0	0	0	0	0	0	0	0	0	0	0	0	2
CM007893.2_207059074_C_T		4	207059074								0	0	2	0	2	0	0	0	2	2	1	2	0	0	1	0	0	2	0	0	2	0	0	2	0	0	0	0	2	0	2	2	0	0	0	2	0	0	2	2	0	0	0	0	2	0	0	0	0	2	0	0
CM007893.2_207991510_G_C		4	207991510								0	0	0	0	2	0	0	1	2	0	0	0	0	0	0	0	0	0	0	0	0	2	0	0	0	0	0	0	2	0	2	0	0	0	0	0	0	0	0	0	0	0	0	0	0	0	2	0	0	0	0	0
CM007893.2_208075178_G_A		4	208075178								0	2	2	0	2	2	0	0	2	2	0	2	2	0	1	0	0	0	0	2	2	2	0	0	2	0	2	1	2	0	2	2	2	0	2	2	2	0	0	0	2	2	0	0	0	2	2	2	0	0	2	0
CM007894.2_521674_A_T		5	521674								2	0	0	0	2	2	2	0	2	2	2	2	2	0	0	1	2	0	0	0	0	2	0	2	0	0	2	0	2	0	2	2	2	2	0	2	0	0	0	2	0	2	0	0	2	2	2	2	2	0	2	0
CM007894.2_601578_T_C		5	601578								2	2	2	2	2	2	2	2	2	2	2	2	2	0	2	1	0	2	2	2	2	2	2	0	0	2	0	0	2	2	0	2	2	2	2	2	2	0	2	2	2	2	2	2	2	2	2	2	2	2	2	0
CM007894.2_630948_G_C		5	630948								2	0	0	0	0	0	2	2	0	0	0	0	0	0	0	2	2	2	2	0	0	0	0	2	2	0	0	0	0	0	2	2	0	0	0	0	0	2	0	0	0	0	0	0	2	2	2	0	2	0	2	1
CM007894.2_1177121_T_C		5	1177121								0	0	2	0	2	2	2	2	2	2	2	2	2	2	0	2	2	2	2	0	0	2	0	2	2	2	2	2	0	0	2	0	2	2	0	2	0	2	0	0	0	0	0	0	2	2	2	0	2	0	2	2
CM007894.2_1177317_C_A		5	1177317								0	0	0	0	0	0	2	2	2	0	0	2	0	2	0	2	2	2	2	2	0	2	0	2	2	2	2	2	2	0	2	0	0	1	2	2	0	0	0	2	0	2	0	0	2	2	2	2	2	2	2	2
CM007894.2_1177726_A_G		5	1177726								2	0	0	0	0	0	2	0	0	0	0	0	0	0	2	2	2	2	0	0	2	0	2	0	0	0	2	0	2	0	0	2	0	0	0	0	0	0	1	2	0	0	0	2	2	2	2	2	0	2	2	0
CM007894.2_1226044_T_C		5	1226044								0	0	0	0	0	2	0	0	0	0	2	2	2	2	2	0	0	0	0	2	2	2	0	0	2	2	2	2	0	0	2	2	2	2	0	0	0	0	2	0	0	2	2	2	2	2	2	0	0	2	2	2
CM007894.2_1456817_G_C		5	1456817								2	0	2	0	0	0	0	0	2	0	2	2	2	0	0	0	0	0	0	2	2	2	2	0	0	2	2	0	2	0	0	0	2	2	0	0	2	0	0	0	0	2	2	2	2	2	2	2	0	2	2	2
CM007894.2_2553216_A_G		5	2553216								0	0	2	0	2	0	2	2	2	2	2	2	2	2	0	2	2	2	2	0	0	2	0	2	0	0	0	0	2	0	2	0	0	2	1	0	0	2	0	0	0	2	0	0	0	2	2	2	2	2	2	0
CM007894.2_2683207_C_A		5	2683207								0	0	0	2	0	0	2	2	0	0	0	0	0	2	2	2	2	2	2	0	2	0	0	0	0	0	0	0	1	2	0	0	0	0	0	0	0	0	0	0	0	2	2	0	0	2	2	2	2	2	0	0
CM007894.2_2683265_C_T		5	2683265								0	0	0	0	0	2	0	0	2	2	2	2	2	0	2	0	0	0	0	2	2	2	2	0	2	0	2	0	0	0	0	0	2	2	0	2	2	2	0	2	0	0	0	0	0	0	0	0	0	0	2	1
CM007894.2_2683366_A_G		5	2683366								0	0	0	2	0	2	2	0	2	2	2	2	2	2	2	2	1	2	0	2	2	2	2	2	2	0	2	0	0	2	2	0	2	2	0	0	2	2	0	2	0	2	2	0	0	2	2	2	2	2	2	0
CM007894.2_2816688_T_A		5	2816688								2	2	2	2	2	2	0	2	2	2	2	0	2	2	2	2	2	0	2	2	0	2	0	2	2	2	2	2	2	2	2	2	2	2	2	2	2	2	0	2	2	2	0	0	0	2	2	2	2	2	2	2
CM007894.2_2816824_A_G		5	2816824								2	0	2	0	0	2	0	2	2	2	0	2	0	2	0	2	2	2	2	2	0	2	0	2	0	2	2	2	2	0	2	2	2	0	0	2	2	2	0	0	0	0	0	0	0	0	2	0	2	0	0	2
CM007894.2_2875758_A_G		5	2875758								2	0	0	0	2	0	0	2	2	2	2	2	2	2	2	2	2	2	2	0	2	0	0	2	0	2	2	2	2	0	2	0	0	2	0	0	0	0	2	0	0	0	2	2	0	0	0	0	2	0	0	0
CM007894.2_3332741_A_G		5	3332741								0	0	0	0	2	2	2	2	2	2	2	2	0	2	0	2	2	2	2	2	0	0	0	0	0	0	2	0	2	0	2	2	2	2	0	0	2	2	0	0	0	0	2	0	0	2	2	2	2	0	0	2
CM007894.2_3582326_A_G		5	3582326								0	0	0	0	0	0	2	0	0	0	0	0	0	0	0	0	0	0	0	0	0	0	0	0	0	0	0	0	0	0	0	0	0	2	0	0	0	0	0	0	0	0	0	0	0	2	2	2	2	0	0	0
CM007894.2_3616783_C_T		5	3616783								2	0	0	0	0	0	0	0	2	2	0	0	0	0	0	0	0	0	0	0	0	2	0	0	0	0	0	0	2	0	2	0	0	0	0	2	0	0	0	0	0	0	0	0	0	0	0	0	0	0	0	0
CM007894.2_3813061_G_T		5	3813061								0	0	2	0	0	0	2	2	2	2	0	0	0	2	0	2	2	2	2	2	2	0	2	2	2	2	2	2	2	0	2	1	2	0	2	0	2	2	0	2	0	0	0	0	0	0	2	0	2	0	2	0
CM007894.2_3814532_T_C		5	3814532								0	0	0	0	0	2	0	0	0	0	0	0	0	0	0	0	0	0	0	0	0	2	0	0	2	0	0	0	0	0	0	2	0	0	2	2	0	0	0	2	0	0	0	0	0	0	0	0	0	0	0	0
CM007894.2_3815016_C_T		5	3815016								0	0	0	0	2	2	0	2	0	0	2	2	2	2	0	2	1	2	0	2	0	2	0	2	2	2	2	2	0	0	2	2	0	2	2	0	1	2	0	2	0	2	0	0	0	2	0	2	0	2	2	0
CM007894.2_3924275_C_T		5	3924275								2	0	0	0	2	0	2	0	0	0	0	0	2	2	2	0	0	2	0	2	2	2	2	0	2	2	2	0	2	2	2	2	2	2	2	2	0	2	2	2	2	2	2	2	2	2	2	2	2	2	2	2
CM007894.2_4353065_T_C		5	4353065								2	0	0	0	0	0	2	2	0	0	2	2	2	2	2	2	2	2	2	0	2	0	2	2	0	2	0	2	0	0	0	0	0	2	0	0	0	2	0	2	0	2	2	0	2	2	2	0	2	0	0	0
CM007894.2_4714043_C_T		5	4714043								2	2	2	2	2	0	0	0	2	0	2	2	2	0	2	0	0	0	0	2	0	2	0	0	2	0	2	0	2	2	2	2	1	2	2	0	2	0	0	0	2	2	0	0	2	2	0	0	0	0	0	2
CM007894.2_5915858_T_G		5	5915858								0	0	2	0	0	0	2	2	2	0	0	0	0	2	2	2	2	2	2	0	0	2	0	2	0	2	0	2	2	0	2	0	0	0	0	2	0	2	0	0	0	2	2	2	2	0	2	0	2	0	2	2
CM007894.2_5923518_G_A		5	5923518								0	0	2	2	2	0	2	0	2	0	0	0	0	2	0	2	2	2	0	2	0	0	0	0	2	2	0	0	0	2	2	0	2	0	0	0	0	2	0	0	1	0	0	0	0	0	2	0	2	0	0	0
CM007894.2_6185178_C_T		5	6185178								0	0	2	0	0	0	0	0	2	0	0	0	2	0	2	0	0	0	0	0	0	2	0	0	0	0	0	0	2	0	0	0	0	0	0	2	0	0	2	0	0	2	2	2	0	0	2	0	0	0	2	0
CM007894.2_6943911_C_T		5	6943911								2	2	0	2	2	0	2	2	0	0	2	2	0	2	2	2	2	0	2	2	0	2	0	2	2	2	2	2	2	2	2	2	2	2	0	2	2	2	2	0	2	2	2	2	2	2	2	0	2	0	2	0
CM007894.2_7389337_C_T		5	7389337								2	2	2	2	2	0	0	2	2	2	2	2	2	2	1	2	2	2	2	2	2	2	2	2	2	2	2	2	2	2	2	2	2	2	2	2	2	2	0	2	0	2	2	2	2	2	2	2	2	2	2	0
CM007894.2_7691438_A_T		5	7691438								0	2	2	2	2	2	0	0	2	0	2	0	0	0	0	0	0	0	0	2	2	2	2	0	2	0	2	0	2	2	0	2	2	2	0	0	0	0	0	0	2	2	0	0	0	2	2	0	0	2	2	2
CM007894.2_7714262_C_T		5	7714262								0	2	2	2	0	0	0	2	2	0	2	0	2	2	0	2	0	2	2	2	2	2	2	2	0	2	0	2	0	2	2	0	0	2	0	0	0	0	0	0	0	0	0	0	2	0	2	0	0	0	2	2
CM007894.2_7912238_C_T		5	7912238								2	0	2	0	0	0	0	0	2	0	0	2	0	0	2	0	0	0	0	2	0	0	0	0	0	0	2	0	2	0	0	2	2	0	2	2	0	0	0	2	0	2	0	0	0	0	2	0	0	0	2	0
CM007894.2_8099592_G_A		5	8099592								0	2	0	2	2	0	0	0	0	2	2	2	2	0	0	2	0	0	2	0	2	2	2	0	2	0	0	0	0	2	0	0	0	2	0	2	2	0	2	2	2	0	2	2	0	0	2	2	0	0	2	2
CM007894.2_8448992_T_C		5	8448992								0	0	2	0	0	0	2	2	2	0	0	2	2	2	2	2	0	2	0	0	0	0	2	2	0	0	0	0	2	0	2	2	2	0	0	1	0	2	1	2	0	0	2	2	2	2	2	0	2	2	0	2
CM007894.2_8461648_T_G		5	8461648								0	0	0	0	0	0	0	2	0	0	0	0	0	0	0	0	0	0	0	0	0	0	0	0	0	0	2	0	0	0	0	0	0	0	0	0	0	2	0	2	0	0	0	0	0	0	0	0	0	0	0	0
CM007894.2_8468451_T_C		5	8468451								0	0	2	0	0	0	0	0	2	0	2	0	0	0	0	0	0	0	0	0	0	1	0	0	0	0	0	0	2	0	0	0	0	0	0	0	0	0	0	2	0	0	0	0	0	0	0	0	0	0	0	0
CM007894.2_8531678_G_T		5	8531678								2	2	0	0	2	2	2	0	0	2	1	2	2	0	2	2	2	2	2	0	2	2	2	0	2	2	0	2	0	2	2	2	0	2	2	2	2	2	0	0	2	0	0	0	2	2	2	2	2	2	2	2
CM007894.2_12582151_A_G		5	12582151								2	2	2	2	2	2	2	0	2	2	2	2	2	2	2	2	2	2	2	0	2	2	0	0	0	0	2	0	2	2	2	2	2	2	2	0	0	2	0	2	2	0	2	0	0	2	2	2	0	2	2	2
CM007894.2_12870772_T_C		5	12870772								0	0	0	2	0	0	2	0	0	0	0	2	0	2	2	2	0	2	2	0	0	0	2	0	0	0	0	0	0	2	2	2	0	0	0	2	2	0	1	0	0	0	2	2	0	2	2	2	0	2	0	2
CM007894.2_13105887_G_C		5	13105887								0	0	2	2	0	0	0	0	0	1	0	0	0	0	0	0	0	0	0	0	0	0	0	0	0	0	0	0	0	2	0	2	0	0	0	0	2	0	0	0	0	0	0	0	0	2	0	2	0	2	0	0
CM007894.2_14192882_T_G		5	14192882								2	2	0	2	2	2	0	2	2	0	2	0	2	0	2	0	0	0	2	0	2	2	0	2	0	1	2	0	0	2	2	2	0	0	0	2	2	0	0	2	1	2	0	0	0	2	2	0	0	2	2	0
CM007894.2_15220935_C_T		5	15220935								0	0	2	0	0	0	2	0	0	0	2	0	2	2	2	2	0	2	0	2	0	2	2	0	0	1	2	2	2	2	2	1	2	2	0	0	0	2	0	0	0	2	0	0	2	2	2	2	2	0	0	2
CM007894.2_16586617_G_A		5	16586617								0	0	0	2	0	0	0	2	2	0	0	0	0	0	0	0	0	0	0	0	0	2	0	0	2	0	0	0	2	0	0	0	2	0	2	0	0	0	0	0	0	0	0	0	2	0	0	0	0	2	0	0
CM007894.2_21289174_T_C		5	21289174								2	2	2	0	2	2	0	0	2	2	2	2	2	2	2	2	0	0	0	0	2	0	2	2	0	1	0	0	2	2	2	0	2	2	0	2	0	0	2	2	2	2	0	2	2	0	2	0	2	0	2	0
CM007894.2_24977686_A_C		5	24977686								2	0	2	2	0	0	2	2	0	2	0	0	0	2	2	2	2	2	2	0	0	0	2	2	0	1	2	2	0	2	2	0	0	2	0	0	0	2	0	0	0	0	1	0	2	2	2	0	2	2	0	2
CM007894.2_25393445_T_C		5	25393445								0	2	0	2	2	2	2	2	2	2	2	2	2	2	2	2	1	2	0	2	2	2	0	2	0	0	2	2	0	0	2	2	2	2	0	2	2	2	2	2	2	2	2	2	2	0	2	2	2	2	2	2
CM007894.2_26922577_T_G		5	26922577								2	0	0	0	0	0	0	0	0	2	0	0	0	0	0	0	0	0	0	0	0	0	2	0	0	0	0	0	0	2	0	0	0	0	0	2	0	0	0	0	0	0	0	0	0	0	0	0	0	0	0	0
CM007894.2_30074330_A_T		5	30074330								0	0	0	0	0	0	0	0	0	0	2	0	2	0	0	0	0	0	0	0	2	2	0	0	2	0	0	0	0	2	0	0	0	0	2	2	0	0	0	0	0	0	0	0	0	0	0	2	0	0	0	0
CM007894.2_32786605_T_C		5	32786605								0	2	2	2	2	2	2	0	2	2	2	2	2	2	2	2	0	2	0	2	2	2	2	0	2	2	2	0	2	2	2	2	2	2	2	0	2	0	2	2	2	2	2	2	2	2	2	2	2	2	2	0
CM007894.2_34109815_C_T		5	34109815								2	0	2	2	0	0	0	2	0	2	2	2	2	2	2	2	2	0	2	0	2	2	2	2	2	0	2	0	2	0	2	0	0	2	2	0	0	0	0	0	0	0	0	2	0	0	2	2	0	0	0	2
CM007894.2_34109819_C_T		5	34109819								0	0	0	0	0	0	0	0	0	0	0	0	0	0	0	0	0	0	0	0	0	0	0	0	0	0	2	0	0	0	2	0	0	0	2	0	0	0	0	0	0	0	0	2	0	0	2	2	0	0	0	2
CM007894.2_34388573_A_G		5	34388573								2	0	0	2	0	0	0	2	0	2	2	2	2	0	2	2	0	0	2	0	0	0	2	2	0	2	0	2	2	0	0	0	0	2	0	2	0	2	0	0	0	0	0	0	0	0	2	2	2	2	0	0
CM007894.2_39211268_T_C		5	39211268								0	0	0	0	0	0	0	0	0	0	0	0	0	2	0	2	0	0	0	2	0	0	0	0	0	0	2	2	0	0	0	0	0	0	0	0	0	0	0	2	0	0	0	0	0	0	0	0	1	0	2	0
CM007894.2_40032540_T_C		5	40032540								0	0	0	2	0	0	2	0	0	0	0	1	0	2	2	0	0	0	0	0	0	2	0	0	2	2	2	2	2	2	2	0	0	2	2	2	0	2	0	0	0	0	2	2	2	2	1	2	2	2	0	2
CM007894.2_44419457_G_A		5	44419457								0	0	0	0	0	0	0	0	0	0	0	0	0	0	2	0	0	2	0	0	0	0	0	0	0	0	0	0	0	0	0	0	0	0	0	0	0	0	1	0	0	0	2	0	0	2	2	0	2	0	0	0
CM007894.2_46529764_T_A		5	46529764								0	0	2	0	0	0	2	2	0	0	0	0	0	2	2	2	2	2	2	0	0	2	0	2	2	2	2	2	2	0	2	0	0	2	2	2	0	2	2	0	0	0	0	2	2	0	2	0	2	0	0	0
CM007894.2_47634392_A_G		5	47634392								2	0	0	0	0	0	0	0	0	0	2	0	0	0	0	0	0	0	0	0	0	0	0	0	0	0	0	0	0	2	0	0	0	0	0	0	0	0	0	0	0	0	0	0	0	2	0	0	0	0	0	2
CM007894.2_48137811_A_G		5	48137811								0	0	0	0	0	0	2	2	0	0	0	0	0	0	2	0	2	2	0	0	0	0	0	0	0	2	0	0	0	0	0	0	0	2	0	2	0	0	0	2	0	0	0	0	2	0	2	0	2	0	0	0
CM007894.2_50944602_C_T		5	50944602								0	0	0	0	0	0	0	0	0	2	0	0	0	0	0	0	0	0	0	0	0	2	2	0	0	0	0	0	0	0	0	0	0	0	0	0	0	0	0	0	0	0	0	0	0	0	0	2	0	0	2	0
CM007894.2_55955262_G_A		5	55955262								2	2	2	2	2	0	2	1	2	2	2	2	2	2	2	2	0	2	2	2	2	2	2	0	0	2	2	0	2	2	2	0	2	2	2	2	2	2	2	2	2	2	0	2	0	2	2	2	2	2	0	2
CM007894.2_60371060_A_G		5	60371060								1	0	0	0	0	2	0	0	0	0	0	0	0	0	0	0	0	0	0	0	0	0	0	0	0	0	0	0	0	2	0	0	2	2	0	2	0	0	0	0	0	0	0	0	0	0	0	1	0	0	0	0
CM007894.2_77785705_G_A		5	77785705								0	0	0	2	0	0	0	0	0	0	0	0	0	0	0	0	2	0	0	0	0	0	0	0	0	0	0	2	0	0	0	0	0	0	0	0	0	0	0	0	0	0	0	0	0	2	0	0	0	0	0	0
CM007894.2_78343737_A_G		5	78343737								2	2	2	2	2	2	2	0	2	2	2	2	2	2	2	2	2	2	2	0	2	2	2	2	2	2	2	0	2	0	2	0	2	2	0	0	2	0	0	0	2	2	2	0	2	2	2	2	2	0	2	2
CM007894.2_78380783_A_T		5	78380783								0	0	0	2	0	0	0	0	0	0	0	0	0	0	2	0	0	0	0	0	0	2	0	0	0	2	2	0	0	2	2	0	2	0	0	0	0	0	2	1	0	0	0	2	0	2	0	0	0	2	0	0
CM007894.2_79072273_G_C		5	79072273								0	0	2	0	0	0	0	0	0	0	0	0	0	0	0	0	0	0	0	0	0	0	0	0	0	0	0	0	2	0	0	0	0	1	0	0	0	2	2	0	0	0	0	2	0	0	0	0	0	0	0	0
CM007894.2_89848534_T_G		5	89848534								0	0	2	2	0	0	0	2	0	2	2	0	0	2	2	2	0	0	0	0	0	0	0	0	2	2	2	2	0	2	0	0	0	2	2	2	0	2	0	0	0	0	0	0	0	2	2	0	0	0	0	0
CM007894.2_89848620_A_G		5	89848620								0	0	0	2	0	0	0	2	0	0	2	0	0	2	0	0	0	0	0	0	0	0	0	0	0	0	0	0	0	0	0	0	0	0	0	0	0	0	0	0	0	0	0	0	0	0	0	0	0	0	0	0
CM007894.2_92872078_G_T		5	92872078								2	2	0	2	2	2	2	0	2	2	2	2	2	2	2	2	2	2	2	2	2	2	2	0	2	2	2	2	2	2	2	2	2	2	2	0	2	1	2	2	2	0	2	2	2	2	2	2	0	2	2	2
CM007894.2_96187890_T_C		5	96187890								2	2	0	0	0	2	2	2	2	2	2	2	2	0	2	2	0	2	0	0	2	2	0	2	0	0	0	0	0	2	2	2	2	2	2	0	0	0	2	2	2	2	2	2	0	2	2	2	0	0	2	0
CM007894.2_97573519_A_G		5	97573519								0	2	0	2	2	2	2	0	2	2	2	2	2	2	2	2	0	2	0	2	2	1	2	0	0	2	2	0	2	2	2	2	2	2	2	0	0	2	2	2	2	2	2	2	0	2	2	2	2	0	2	2
CM007894.2_102031906_A_G		5	102031906								2	2	2	2	2	2	2	0	2	2	2	2	2	0	2	2	0	0	0	0	2	2	2	0	0	0	0	0	2	2	2	2	2	2	0	2	2	2	2	2	2	0	2	2	2	2	2	2	2	0	2	0
CM007894.2_103175653_G_A		5	103175653								0	0	0	0	0	0	2	2	0	0	0	0	2	2	2	2	2	2	2	0	0	2	0	2	2	2	2	2	0	0	2	0	0	0	1	0	0	0	2	0	2	0	0	2	2	0	2	0	2	1	0	2
CM007894.2_103236621_C_T		5	103236621								2	0	2	2	0	2	2	0	0	2	2	2	2	2	2	2	0	2	2	0	2	2	0	0	2	0	0	2	2	2	2	0	1	2	2	2	0	2	0	0	0	0	2	0	0	2	2	0	0	0	0	0
CM007894.2_105321771_T_A		5	105321771								0	0	0	0	0	0	0	0	0	0	0	0	0	0	2	0	0	0	2	0	0	2	0	0	0	2	2	2	0	0	0	0	2	0	0	0	0	2	0	0	0	2	1	0	0	2	2	0	2	2	2	0
CM007894.2_105321783_G_T		5	105321783								0	2	0	2	0	0	0	2	0	0	0	2	0	0	0	0	0	0	0	0	0	0	0	0	1	0	0	0	0	0	0	0	0	0	0	0	1	0	0	2	2	0	0	0	0	0	0	2	0	0	0	0
CM007894.2_105321844_T_C		5	105321844								2	2	0	2	2	0	2	2	0	0	0	2	2	0	2	0	0	0	2	0	2	2	0	0	2	2	2	2	2	2	0	2	2	2	2	2	2	2	2	2	2	2	2	2	2	2	2	2	2	2	2	0
CM007894.2_109587859_G_T		5	109587859								0	2	0	2	0	0	0	0	0	0	0	0	0	0	0	0	0	0	0	0	0	0	0	0	0	2	2	0	0	2	0	2	2	0	0	0	0	2	2	0	2	0	2	0	0	0	2	0	0	0	0	0
CM007894.2_119921633_T_G		5	119921633								2	0	2	0	0	0	2	0	0	2	0	0	2	2	2	2	2	2	2	0	0	2	2	2	2	0	2	2	2	0	0	0	0	2	2	0	0	2	0	0	0	0	2	0	0	2	2	1	2	2	0	1
CM007894.2_122324177_A_G		5	122324177								0	0	2	2	0	1	2	2	0	2	2	2	2	2	2	2	2	2	2	2	2	0	0	2	2	2	1	0	2	2	2	0	2	0	0	2	0	2	2	2	0	2	2	2	2	2	2	2	2	2	0	2
CM007894.2_123391565_C_T		5	123391565								2	2	2	2	2	2	2	2	2	2	2	0	0	2	2	2	2	2	2	0	2	2	0	2	2	2	2	2	2	2	0	2	0	2	2	2	0	2	0	2	2	2	2	0	0	2	2	2	2	2	2	0
CM007894.2_123645015_A_G		5	123645015								0	0	0	0	0	2	2	0	0	0	0	0	2	0	2	0	0	0	0	2	0	2	0	0	2	2	2	2	2	2	2	2	2	2	0	2	0	2	2	2	0	2	0	2	0	0	2	0	2	0	0	2
CM007894.2_126287353_T_C		5	126287353								2	2	2	2	2	0	2	0	2	2	2	2	2	2	2	0	0	2	0	2	2	2	2	2	0	2	2	2	2	2	2	2	2	2	0	0	2	2	2	2	2	2	2	2	0	2	2	2	2	2	2	2
CM007894.2_126291614_A_G		5	126291614								2	0	2	2	0	0	0	2	0	2	2	2	2	2	2	2	2	2	2	0	2	2	2	1	2	0	0	0	2	0	0	0	0	2	0	0	0	2	2	0	0	0	0	2	0	0	2	0	0	0	0	0
CM007894.2_126513882_T_G		5	126513882								2	0	0	2	0	2	2	0	0	0	2	2	0	2	2	2	2	2	2	0	2	0	2	2	0	0	2	2	0	0	0	2	0	0	2	2	0	0	2	0	0	0	0	2	0	0	2	0	2	0	0	2
CM007894.2_127422000_G_A		5	127422000								0	0	0	2	0	2	2	0	0	0	0	2	2	2	0	2	2	2	2	2	0	0	2	2	0	2	2	2	0	0	2	2	2	0	2	2	0	0	0	0	0	2	2	0	0	2	2	2	2	0	0	0
CM007894.2_134440778_A_T		5	134440778								0	0	2	2	0	2	2	0	0	2	2	2	0	2	0	2	0	2	0	2	2	2	0	2	0	2	0	2	2	0	2	2	2	0	2	0	0	0	0	0	0	2	0	0	0	0	2	2	2	0	0	0
CM007894.2_135276477_C_T		5	135276477								2	2	2	2	2	2	0	2	2	2	2	2	2	2	2	2	0	2	0	2	2	2	2	2	0	2	2	0	2	2	2	0	2	2	2	0	0	2	2	2	2	2	2	0	0	2	2	2	2	2	2	0
CM007894.2_136183892_T_C		5	136183892								2	2	2	1	2	2	2	0	2	2	2	0	2	2	2	2	0	2	0	0	2	2	2	0	0	2	1	0	2	2	2	2	2	2	2	0	2	0	2	2	2	2	2	2	2	2	2	2	2	2	2	2
CM007894.2_138594317_A_T		5	138594317								2	0	0	0	0	2	0	0	0	0	2	0	0	0	1	0	0	0	0	0	0	0	0	0	0	0	0	0	0	0	0	2	0	0	0	0	0	0	0	0	0	0	0	0	0	0	0	0	0	0	0	0
CM007894.2_142703894_A_G		5	142703894								2	0	0	0	0	0	2	0	0	2	2	2	0	2	2	2	2	2	0	0	2	2	2	2	2	0	2	2	0	2	2	0	0	0	2	0	0	0	0	0	0	0	2	0	0	2	2	2	2	0	0	0
CM007894.2_143311620_T_C		5	143311620								2	0	2	2	2	2	2	2	2	2	2	2	2	2	2	2	0	2	1	2	2	2	2	0	0	2	0	2	2	0	2	2	2	2	2	2	0	0	1	2	2	2	2	2	2	2	2	2	2	0	2	0
CM007894.2_149867991_G_A		5	149867991								0	0	0	0	0	0	0	2	0	0	0	2	0	0	0	0	0	0	0	0	0	0	0	0	0	0	2	0	0	0	0	0	0	0	0	2	2	0	0	0	0	0	1	0	2	0	0	0	2	0	0	2
CM007894.2_156937301_A_G		5	156937301								2	2	2	2	2	2	0	0	2	2	2	2	0	2	2	2	2	2	1	2	2	2	2	2	0	2	1	0	2	2	2	2	2	2	0	2	2	2	2	2	0	2	2	2	2	2	2	2	2	0	2	2
CM007894.2_159223303_A_G		5	159223303								0	0	0	0	0	0	0	2	0	2	0	2	0	2	2	2	2	2	2	2	2	2	2	2	2	2	2	0	0	2	2	0	2	0	0	2	2	0	0	0	0	2	2	0	2	2	2	2	0	0	0	0
CM007894.2_159537231_A_G		5	159537231								2	0	0	0	0	0	2	0	0	2	2	2	0	2	2	2	2	2	2	0	2	2	0	2	2	0	0	2	0	2	2	0	0	0	2	0	0	0	0	2	0	0	2	0	0	2	2	2	2	2	0	2
CM007894.2_160786171_A_G		5	160786171								2	2	0	2	2	2	0	0	2	2	2	2	2	2	2	0	0	0	0	2	0	2	2	0	0	2	2	0	2	0	2	2	2	2	2	2	0	0	2	2	2	2	2	2	2	2	2	2	2	0	2	0
CM007894.2_167037020_G_T		5	167037020								2	0	2	0	0	0	0	2	0	2	2	0	2	2	0	0	0	0	0	0	0	0	0	0	0	0	0	0	0	0	0	0	0	0	0	0	0	0	0	0	2	0	0	0	0	0	1	0	0	0	0	0
CM007894.2_167160261_A_T		5	167160261								2	2	2	0	2	0	2	0	2	2	2	2	0	2	2	2	0	2	2	0	0	2	2	0	0	0	0	0	2	0	2	0	0	2	2	0	0	2	0	2	2	0	2	0	2	2	2	2	0	0	0	2
CM007894.2_167277399_T_C		5	167277399								0	0	2	0	2	0	0	0	2	0	0	0	0	2	0	2	2	0	0	0	0	0	0	0	2	0	0	0	0	0	0	0	0	0	2	0	0	0	0	0	0	0	2	0	0	0	2	0	0	0	0	0
CM007894.2_167277424_C_G		5	167277424								2	2	2	0	2	0	0	2	2	2	2	2	0	2	0	2	2	2	2	0	0	0	2	2	2	0	0	2	2	0	0	0	0	2	2	0	0	2	0	0	2	0	0	0	2	0	2	0	2	0	0	0
CM007894.2_167966848_A_C		5	167966848								0	0	0	0	0	0	0	0	0	0	0	0	0	0	0	0	2	2	2	0	0	0	0	0	2	0	2	0	0	2	0	0	0	0	0	0	0	0	0	0	0	0	0	0	0	0	0	0	2	0	0	0
CM007894.2_168932750_A_T		5	168932750								2	2	0	0	2	0	0	0	2	2	2	1	0	0	2	2	0	0	2	0	2	2	2	2	0	0	2	0	0	2	2	0	0	0	2	0	0	0	0	2	2	0	2	0	0	2	2	2	2	2	0	0
CM007894.2_168932808_A_G		5	168932808								2	0	0	0	0	0	0	0	0	0	0	0	0	0	0	0	0	0	0	0	0	0	0	0	0	0	0	0	0	2	0	0	0	0	0	0	0	0	0	2	0	0	0	0	0	0	0	0	0	2	0	0
CM007894.2_169132545_A_G		5	169132545								0	2	2	2	2	0	2	0	2	2	2	0	0	0	2	0	0	0	0	2	2	2	0	0	0	2	0	0	2	1	2	2	2	2	0	2	0	2	0	2	2	2	2	2	2	2	2	2	0	0	2	0
CM007894.2_169503321_T_C		5	169503321								0	0	0	0	0	2	2	0	0	2	0	0	0	2	2	2	0	2	0	2	2	0	2	0	0	2	2	2	0	2	0	0	2	0	0	2	2	0	2	2	0	2	0	2	2	0	2	0	2	2	0	2
CM007894.2_169684006_C_T		5	169684006								2	0	2	2	0	2	2	0	0	0	2	0	2	0	0	0	0	0	0	2	0	2	1	0	2	0	2	2	2	0	2	0	0	2	2	0	0	2	0	2	0	1	2	0	0	2	2	2	2	0	0	0
CM007894.2_169907015_A_G		5	169907015								0	0	0	0	0	0	2	2	0	0	0	0	0	2	1	2	2	2	2	0	2	2	2	2	2	0	2	2	0	0	2	0	0	0	2	0	2	0	2	0	0	0	2	2	2	2	2	2	2	0	0	0
CM007894.2_170995078_G_A		5	170995078								2	0	0	0	0	0	0	0	0	0	2	0	0	0	0	0	0	0	0	0	0	0	2	0	0	0	0	0	2	0	0	0	0	2	0	0	0	2	1	2	0	0	0	2	0	0	0	0	0	0	0	0
CM007894.2_171056224_G_T		5	171056224								2	0	2	0	0	2	2	2	0	0	2	2	2	2	0	2	2	2	2	2	0	0	0	2	0	2	2	2	0	0	0	0	2	2	0	0	2	2	0	0	0	2	0	2	2	0	2	0	2	0	0	0
CM007894.2_171221612_G_A		5	171221612								0	0	0	0	0	0	0	0	0	2	0	2	0	0	0	0	0	0	0	0	0	0	2	0	0	0	0	2	0	0	0	0	0	0	2	0	0	0	0	2	0	0	0	0	0	0	0	0	0	0	0	0
CM007894.2_171623267_G_A		5	171623267								2	0	2	2	0	0	0	2	0	0	2	0	0	0	2	0	0	0	0	0	2	0	2	0	0	0	0	0	0	0	2	2	0	0	0	2	2	0	2	0	0	1	0	2	2	0	0	0	0	2	0	0
CM007894.2_172199104_G_T		5	172199104								2	0	2	0	0	2	0	2	0	2	2	2	2	0	0	0	0	0	0	2	2	0	2	0	0	2	2	0	2	0	2	1	2	2	0	0	2	2	2	0	0	0	0	2	2	0	0	2	0	0	0	0
CM007894.2_172352817_A_T		5	172352817								2	0	0	0	0	2	2	0	0	0	0	0	2	2	2	2	2	2	2	2	2	2	0	2	2	2	2	2	0	0	0	0	2	0	2	0	0	0	0	2	0	2	0	0	0	2	2	1	2	0	0	0
CM007894.2_172354503_A_T		5	172354503								2	0	2	0	0	0	2	0	0	2	2	2	0	2	2	2	2	2	2	0	2	2	0	2	2	0	0	2	0	0	0	0	0	0	0	0	0	0	2	0	0	2	0	2	0	2	2	2	2	0	0	2
CM007894.2_173010966_A_G		5	173010966								2	0	2	2	0	0	0	0	2	2	2	2	0	0	0	0	0	0	0	0	0	0	0	0	0	0	0	0	0	0	0	0	0	0	0	0	0	0	0	0	0	0	2	0	0	0	0	0	0	0	0	0
CM007894.2_173010994_A_G		5	173010994								2	0	2	2	1	2	0	0	2	2	2	2	2	2	2	2	0	2	2	2	0	0	0	2	0	2	2	0	0	0	0	0	2	0	0	0	1	0	2	2	0	0	2	2	0	0	0	2	2	0	0	0
CM007894.2_173054778_A_G		5	173054778								0	0	0	0	0	0	2	0	0	2	2	2	0	2	2	2	2	2	2	0	2	2	0	2	2	0	0	0	2	0	2	0	0	2	0	2	0	2	0	0	0	1	0	0	0	0	2	0	2	2	2	2
CM007894.2_173537706_A_T		5	173537706								0	0	0	0	0	0	2	2	0	0	0	0	0	2	0	0	2	2	0	0	0	0	2	2	0	0	0	2	0	2	0	0	0	0	0	0	2	0	0	0	0	0	0	0	2	0	0	0	2	0	0	0
CM007894.2_173858472_C_A		5	173858472								0	2	2	0	0	0	0	0	0	0	0	0	0	0	0	0	0	0	0	0	0	0	0	0	0	0	0	0	0	0	0	2	0	0	0	0	0	0	0	0	2	0	2	0	0	0	0	0	0	0	0	0
CM007894.2_174313678_T_C		5	174313678								0	0	2	2	0	0	2	2	2	2	0	0	0	2	2	2	0	2	2	0	2	2	0	0	0	0	0	2	0	2	0	0	0	0	0	2	2	0	0	0	2	0	0	0	2	2	2	2	2	0	2	0
CM007894.2_174960329_G_T		5	174960329								0	0	0	0	0	0	0	0	2	0	2	2	0	0	0	0	0	0	0	0	0	0	0	0	0	0	0	0	0	0	0	1	0	2	0	0	0	0	2	0	0	0	0	2	0	0	0	2	0	0	2	0
CM007894.2_175000644_A_G		5	175000644								0	0	0	0	0	0	2	0	0	0	0	0	0	0	0	2	0	0	2	0	0	0	0	0	0	0	0	2	0	0	0	0	0	2	0	0	0	0	0	0	0	0	0	0	2	0	0	0	2	0	0	0
CM007894.2_175745618_A_G		5	175745618								2	0	2	2	0	0	0	0	2	2	0	0	0	2	2	2	0	0	0	0	2	2	0	0	2	0	0	0	2	2	2	0	0	0	2	0	0	0	2	0	0	0	2	2	0	2	2	2	2	2	2	0
CM007894.2_176372388_C_T		5	176372388								0	0	2	2	0	2	0	0	2	2	2	2	0	2	2	0	0	0	0	2	2	2	0	0	2	2	2	2	0	2	0	2	2	0	2	2	0	2	0	0	0	0	0	0	0	2	2	0	0	2	2	2
CM007894.2_176912534_A_G		5	176912534								0	2	2	2	2	0	2	2	2	0	0	0	2	2	2	0	0	0	0	0	2	2	2	0	2	0	0	2	0	2	0	0	0	0	2	0	2	0	2	0	2	0	2	2	0	2	2	0	0	2	2	0
CM007894.2_177097796_C_G		5	177097796								0	0	0	0	0	0	2	0	0	0	0	0	0	0	2	0	0	0	0	0	0	0	0	0	0	0	0	0	0	0	2	1	0	0	0	0	0	0	0	0	0	0	0	0	0	0	0	2	0	0	1	0
CM007894.2_177097799_T_C		5	177097799								0	2	2	2	2	0	0	0	2	0	2	2	2	2	0	2	0	0	2	2	2	2	2	2	2	2	2	0	0	0	0	0	2	0	1	2	0	0	2	2	0	0	0	2	0	2	2	0	0	0	1	0
CM007894.2_177155186_T_C		5	177155186								0	2	0	0	2	0	0	0	0	0	2	2	2	2	2	2	2	2	2	2	2	2	2	2	0	2	2	2	0	0	0	0	2	0	0	0	0	2	0	2	0	0	2	2	2	2	2	0	2	2	2	0
CM007894.2_177372942_C_T		5	177372942								2	2	2	2	2	0	2	2	2	2	2	2	0	2	2	2	2	2	2	2	2	2	2	2	0	2	2	2	2	2	2	2	2	0	0	0	0	2	2	2	2	0	2	2	2	2	2	2	0	2	2	0
CM007894.2_177470182_C_A		5	177470182								0	0	2	2	2	2	0	0	2	0	2	2	2	0	2	2	2	2	2	0	2	2	0	2	0	0	2	0	0	2	0	1	0	2	2	2	0	2	2	2	2	2	0	2	2	0	2	0	2	2	2	2
CM007894.2_177480177_A_C		5	177480177								2	2	2	2	2	0	0	0	2	2	2	2	2	2	2	2	2	2	0	2	1	0	2	2	2	0	2	2	0	2	2	2	0	2	2	2	0	2	2	2	2	2	2	0	2	2	2	2	2	2	2	0
CM007894.2_177480377_A_G		5	177480377								2	2	2	2	2	0	2	2	2	2	2	2	2	2	2	2	2	2	2	2	2	2	2	2	2	2	2	2	0	0	2	2	2	2	0	2	2	2	0	2	1	2	2	0	2	2	2	2	2	0	2	2
CM007894.2_177480640_G_A		5	177480640								0	2	2	0	0	2	2	2	2	0	0	0	0	2	2	2	2	0	0	2	0	2	2	0	2	2	2	2	0	2	2	2	2	2	2	2	2	2	2	2	2	2	2	2	2	2	2	2	2	2	2	2
CM007894.2_177483211_T_A		5	177483211								0	2	0	0	0	0	0	0	2	0	2	2	0	0	2	2	0	0	0	2	0	0	2	0	2	0	2	0	0	0	2	0	0	2	0	2	0	0	0	2	2	0	0	2	0	0	1	0	2	0	2	0
CM007894.2_177504696_G_A		5	177504696								0	2	0	0	2	0	2	2	0	0	0	0	2	0	0	0	0	0	0	0	0	0	2	0	0	0	0	2	0	0	0	1	0	0	0	0	2	2	0	0	0	2	2	0	0	0	1	0	0	0	0	0
CM007894.2_177664854_G_A		5	177664854								0	2	2	2	2	0	2	0	2	2	2	2	2	2	2	2	0	0	0	0	2	2	2	2	2	2	0	0	0	0	2	2	2	2	2	0	0	2	0	2	2	2	1	2	0	2	2	2	2	0	2	2
CM007894.2_177703929_T_A		5	177703929								2	0	0	0	0	2	0	0	0	0	0	1	2	2	2	0	0	0	0	2	2	2	0	0	2	2	2	2	0	0	0	0	2	2	2	0	0	0	2	0	2	2	2	2	0	2	2	0	0	2	2	0
CM007895.2_234671_T_C		6	234671								2	2	2	2	2	2	2	2	2	2	2	2	2	2	2	2	0	2	0	0	2	2	2	0	0	1	2	2	2	2	2	0	2	2	2	0	2	0	2	2	2	2	2	2	0	2	2	2	2	2	2	2
CM007895.2_1125372_C_T		6	1125372								0	0	0	0	0	2	2	2	0	2	0	0	2	0	0	2	2	2	2	2	2	0	0	2	0	0	2	2	0	2	0	1	2	0	0	2	1	2	0	2	0	2	0	0	2	0	2	2	2	0	0	2
CM007895.2_2113859_A_G		6	2113859								0	0	0	0	0	0	0	0	1	0	0	0	0	0	0	0	0	0	0	0	0	0	0	0	0	0	0	0	0	0	0	0	1	0	0	0	0	0	0	0	2	0	0	0	0	0	2	0	0	0	2	0
CM007895.2_3032412_C_A		6	3032412								2	2	2	2	2	0	0	0	2	2	2	2	2	2	2	0	0	0	0	2	0	1	0	0	2	0	2	0	2	0	2	2	2	2	0	2	0	0	1	2	0	0	0	0	0	0	0	0	0	0	0	0
CM007895.2_3419586_C_T		6	3419586								0	0	0	0	1	0	0	0	0	0	0	0	0	0	0	0	0	0	0	1	2	2	0	0	0	0	0	0	2	0	0	0	0	0	2	2	2	0	0	0	0	0	2	2	0	0	2	0	0	0	2	0
CM007895.2_3426268_G_T		6	3426268								0	0	2	2	0	0	2	2	2	2	1	2	2	2	2	2	0	2	2	0	0	1	0	0	2	0	2	0	0	2	2	0	2	0	0	2	0	0	2	2	0	0	2	2	0	0	2	0	2	0	0	0
CM007895.2_3439103_G_A		6	3439103								0	2	0	2	0	0	0	0	0	2	0	0	0	0	2	0	0	0	0	0	2	2	0	0	0	0	2	0	0	0	2	0	0	0	0	2	0	0	1	0	0	0	2	2	0	0	2	0	2	0	0	0
CM007895.2_3713202_C_A		6	3713202								0	0	0	0	2	0	2	2	1	2	0	2	2	2	2	2	2	2	2	2	0	2	0	2	2	0	0	0	2	0	2	2	2	0	0	0	2	2	0	2	0	2	2	2	0	2	2	0	2	2	2	0
CM007895.2_3974995_A_G		6	3974995								0	2	2	2	2	2	2	0	2	2	2	2	2	2	2	2	2	2	2	2	2	2	2	0	2	0	0	0	2	2	2	0	2	2	0	2	0	0	0	0	2	2	2	2	2	2	2	2	1	0	2	2
CM007895.2_6528558_C_G		6	6528558								0	2	2	2	0	0	0	0	2	0	0	0	0	0	2	0	0	2	0	0	2	1	0	0	0	2	2	0	2	2	2	2	2	2	0	0	0	2	2	2	0	2	2	2	0	0	1	2	2	0	0	0
CM007895.2_6721534_T_C		6	6721534								2	2	2	2	0	0	0	0	2	0	0	2	2	2	2	2	0	2	0	0	2	0	0	2	0	0	0	0	0	0	2	0	0	0	0	0	2	0	0	0	0	0	0	0	0	0	0	0	0	0	0	0
CM007895.2_7151828_T_C		6	7151828								0	2	0	2	0	0	0	0	2	2	0	0	0	0	0	0	0	0	0	0	0	0	0	0	0	0	0	0	0	0	2	0	0	0	0	0	0	0	0	0	0	0	0	0	0	0	0	2	0	2	0	0
CM007895.2_7357313_A_G		6	7357313								0	0	2	0	0	0	0	0	0	2	2	2	2	2	2	2	2	2	2	0	0	0	0	0	0	2	2	2	0	0	0	2	2	2	0	0	2	2	2	0	0	2	2	2	2	2	2	2	0	0	0	0
CM007895.2_8227597_A_G		6	8227597								0	0	0	2	0	0	0	0	2	2	2	2	0	2	2	2	0	2	0	2	2	0	2	2	2	2	0	2	0	0	2	0	2	2	0	2	2	0	0	0	0	2	0	0	0	2	0	2	0	0	2	0
CM007895.2_8342800_G_A		6	8342800								2	0	0	2	0	2	0	0	2	0	2	2	2	2	2	2	2	2	2	2	2	0	0	2	0	0	2	2	2	2	0	2	2	0	0	0	2	0	2	0	0	0	0	0	2	2	0	2	0	0	0	0
CM007895.2_8360344_G_A		6	8360344								0	0	0	2	0	2	0	0	2	2	2	2	0	0	2	2	0	0	0	2	2	0	0	0	0	2	0	0	0	0	2	2	0	2	0	2	2	0	0	2	0	2	2	2	0	2	2	2	2	0	2	0
CM007895.2_8863678_A_G		6	8863678								2	0	0	0	0	0	0	0	0	2	2	2	0	2	2	2	2	2	2	0	0	0	0	2	2	2	2	2	2	0	0	0	0	2	0	2	0	0	2	0	0	0	2	2	2	0	2	0	2	0	0	2
CM007895.2_9097599_A_C		6	9097599								0	0	2	2	0	2	2	2	2	2	2	2	0	2	2	2	0	2	0	2	2	0	0	0	0	0	0	0	0	2	2	0	2	0	0	0	2	0	1	0	0	2	0	2	2	2	2	2	0	0	2	0
CM007895.2_9847036_C_T		6	9847036								0	0	0	0	0	2	0	0	0	2	2	2	0	2	2	0	2	2	0	2	2	2	0	0	0	0	0	2	0	2	2	0	2	2	0	0	0	0	0	2	0	2	2	2	2	2	2	0	2	0	2	0
CM007895.2_9885198_T_G		6	9885198								0	0	2	0	0	2	2	0	0	0	0	0	0	0	2	0	0	0	0	2	0	0	0	0	0	2	2	2	0	2	2	2	2	2	0	0	2	0	2	0	2	2	2	2	2	2	1	2	2	0	2	0
CM007895.2_10040290_A_C		6	10040290								2	0	2	2	0	0	2	2	2	2	2	2	0	2	0	0	0	0	2	0	2	0	2	2	0	0	0	2	0	2	2	0	0	2	0	2	0	0	0	0	2	0	2	0	2	2	2	2	2	0	2	0
CM007895.2_10263574_T_C		6	10263574								0	0	0	2	0	0	0	0	0	0	0	2	0	0	0	0	0	2	0	0	0	0	0	0	0	2	0	0	0	0	0	0	0	0	0	0	0	0	2	0	2	0	2	0	0	0	2	0	0	0	0	0
CM007895.2_10286095_G_T		6	10286095								0	0	0	0	0	0	0	0	0	0	0	2	2	0	2	2	2	2	2	2	2	2	0	0	2	0	0	2	0	0	2	0	0	2	0	0	2	2	2	2	0	2	2	2	0	0	2	0	2	2	2	0
CM007895.2_10295795_G_A		6	10295795								0	0	0	2	0	2	0	0	2	2	2	0	2	2	2	2	0	0	0	2	2	2	0	0	2	0	0	0	0	2	2	1	2	1	0	0	2	0	0	2	2	2	0	0	0	0	2	0	0	0	2	0
CM007895.2_10707111_C_T		6	10707111								0	0	1	1	0	2	0	0	2	0	0	2	2	0	2	2	2	2	0	0	2	0	0	0	2	2	2	2	0	0	2	2	2	0	0	0	2	0	2	0	0	0	2	2	2	2	2	2	2	0	2	0
CM007895.2_10710693_C_G		6	10710693								0	0	0	2	0	0	0	0	2	2	2	0	2	2	2	2	2	0	0	2	0	2	0	2	2	2	2	0	0	0	0	1	2	2	0	0	2	0	2	0	0	2	2	0	0	2	2	0	0	0	2	0
CM007895.2_12203169_C_T		6	12203169								2	0	2	2	0	0	0	0	2	0	0	2	0	0	2	2	2	2	2	0	2	2	0	2	2	0	0	2	2	0	2	0	0	0	0	2	0	0	2	2	0	0	2	2	2	2	2	0	2	0	0	0
CM007895.2_13826421_T_C		6	13826421								2	0	0	0	0	0	0	0	0	0	0	2	0	0	2	2	0	0	0	0	0	0	0	0	2	0	0	0	2	0	2	0	0	0	0	0	0	0	0	0	0	0	0	0	0	0	0	0	0	0	0	0
CM007895.2_15538487_G_A		6	15538487								0	1	2	2	0	2	2	2	2	0	2	2	0	0	2	2	2	2	2	2	0	2	2	2	2	2	2	2	0	2	2	2	2	0	2	2	2	2	0	0	2	2	0	0	2	2	2	2	2	2	2	0
CM007895.2_15784175_T_C		6	15784175								2	0	0	2	0	2	2	2	0	0	0	0	0	0	2	0	2	2	2	2	0	2	0	2	0	2	2	0	0	0	0	2	2	0	0	0	2	0	2	2	0	2	2	2	2	2	2	0	2	0	2	0
CM007895.2_16636688_A_G		6	16636688								2	2	0	0	2	2	0	0	2	2	2	2	0	2	2	2	2	2	0	2	0	2	2	0	2	2	2	0	2	2	2	2	2	2	2	0	2	2	2	2	2	2	2	2	2	2	2	2	2	2	2	0
CM007895.2_18024287_T_C		6	18024287								2	2	2	2	2	0	2	2	2	2	2	0	2	2	2	2	0	2	0	2	2	2	2	0	2	2	2	2	0	0	2	2	2	2	2	2	2	2	2	2	2	0	2	2	0	2	2	2	2	2	2	2
CM007895.2_19287177_A_G		6	19287177								2	2	0	2	2	2	2	2	2	2	2	2	0	2	2	2	2	2	2	2	2	2	0	2	2	0	2	2	2	0	0	1	2	2	2	2	2	2	2	0	0	2	2	1	0	2	2	2	2	2	2	0
CM007895.2_22953266_C_G		6	22953266								2	0	2	2	0	2	2	2	2	0	0	0	0	0	0	0	0	0	0	2	2	0	0	0	0	2	2	0	0	0	2	0	2	0	0	0	2	2	0	2	0	2	0	0	0	0	0	2	0	0	0	0
CM007895.2_25558351_T_C		6	25558351								0	0	0	2	0	0	0	0	0	0	0	0	0	0	0	0	0	0	0	1	0	0	0	0	0	0	0	0	0	0	0	2	2	0	0	2	0	0	0	0	0	2	2	0	0	0	0	0	0	0	0	0
CM007895.2_29336177_G_T		6	29336177								0	0	0	0	0	0	0	0	0	0	0	0	0	0	0	0	0	0	0	0	0	0	0	0	0	0	0	0	0	2	0	0	0	0	0	0	0	2	0	0	2	0	0	0	2	0	2	2	0	0	0	0
CM007895.2_31173566_T_C		6	31173566								0	2	2	2	2	2	0	0	0	2	2	0	2	2	2	2	0	2	0	0	0	2	0	0	0	2	0	0	2	0	2	2	2	2	2	0	0	0	0	0	2	2	2	0	2	2	2	0	2	0	2	0
CM007895.2_32540832_A_G		6	32540832								2	2	2	2	0	2	2	2	2	2	2	0	0	0	1	2	0	2	2	2	2	2	2	0	0	2	0	0	0	2	1	2	0	2	2	2	2	0	2	2	0	2	2	2	2	2	2	2	2	0	2	2
CM007895.2_32953777_A_G		6	32953777								0	0	0	0	0	0	2	0	1	0	0	0	0	2	0	0	0	0	0	0	0	0	0	0	0	2	0	2	2	0	0	0	0	0	0	0	0	0	0	0	0	0	2	0	0	2	0	0	0	0	0	0
CM007895.2_33302934_G_T		6	33302934								2	0	2	1	0	0	2	2	0	2	2	2	0	2	2	2	2	2	2	0	0	2	2	2	0	2	2	2	2	0	0	2	0	2	0	0	0	2	2	0	0	0	2	2	2	2	2	0	2	2	2	2
CM007895.2_33895542_T_C		6	33895542								2	2	2	2	2	0	2	2	2	2	2	2	0	0	2	2	2	2	2	0	2	2	2	2	0	2	2	0	2	0	2	2	0	2	0	2	0	2	2	2	2	0	2	2	2	2	2	2	0	2	2	2
CM007895.2_34374914_A_C		6	34374914								2	0	2	2	0	0	0	2	2	0	0	0	0	0	2	0	2	2	2	2	2	2	2	2	0	2	2	0	0	2	0	0	0	0	0	2	2	1	0	2	0	2	2	0	0	2	0	2	0	0	0	2
CM007895.2_34557409_T_C		6	34557409								0	0	2	2	0	0	2	1	2	0	0	2	0	2	2	0	0	2	0	0	2	2	2	2	0	0	0	2	0	2	2	2	0	0	0	1	0	0	2	0	0	0	2	2	0	2	2	2	2	0	2	0
CM007895.2_37718217_A_G		6	37718217								0	2	2	2	2	0	2	2	2	2	2	0	2	2	2	2	1	0	2	0	2	2	0	2	2	2	2	2	0	2	2	0	0	2	0	2	0	2	2	2	2	2	2	2	2	2	2	2	2	0	2	2
CM007895.2_37730967_G_C		6	37730967								0	0	0	0	0	0	0	0	0	0	0	0	0	0	2	0	0	0	0	0	2	0	0	0	0	0	0	0	0	0	0	0	0	0	0	2	0	0	0	2	0	0	0	0	0	2	2	2	0	0	2	0
CM007895.2_39119107_T_G		6	39119107								2	0	0	2	0	2	2	0	2	0	0	0	0	2	1	0	0	2	2	2	2	2	0	0	0	2	2	2	0	0	2	2	2	0	0	0	2	0	2	2	0	2	2	0	2	2	2	2	2	0	2	2
CM007895.2_40024989_A_G		6	40024989								2	0	0	2	0	2	2	1	2	0	0	0	0	2	0	0	0	2	2	1	2	2	2	2	0	2	0	2	0	0	2	0	0	0	0	0	0	0	2	0	0	0	0	2	0	0	0	0	0	0	0	0
CM007895.2_41247712_C_T		6	41247712								0	0	0	2	0	0	2	2	2	0	0	0	0	2	0	0	0	0	2	2	2	2	0	0	0	2	2	0	0	2	2	2	2	0	2	2	2	1	2	1	0	2	2	2	0	0	2	2	0	0	0	2
CM007895.2_42189393_T_C		6	42189393								0	0	2	2	2	2	0	0	2	2	2	0	0	2	0	2	2	2	2	2	2	2	0	0	0	2	1	0	0	2	2	2	2	2	2	2	2	0	2	2	2	2	2	2	0	2	2	2	2	0	2	0
CM007895.2_43226367_T_G		6	43226367								0	0	0	2	2	2	1	2	2	2	0	0	2	0	0	2	2	2	2	2	0	2	0	0	0	2	2	0	0	0	0	0	2	0	0	0	2	2	0	2	0	2	0	0	2	2	2	0	2	0	0	2
CM007895.2_43681233_T_C		6	43681233								2	2	0	2	2	2	1	2	2	2	2	2	2	2	2	2	2	2	2	2	2	2	0	0	0	2	0	0	0	2	2	2	2	2	0	2	0	0	2	0	2	2	2	2	0	2	2	0	2	2	2	2
CM007895.2_47479059_A_G		6	47479059								2	0	0	2	0	0	0	0	2	2	2	0	0	2	2	2	2	2	2	2	2	2	0	2	2	2	2	2	2	0	2	2	2	2	2	2	1	2	2	2	0	2	2	2	2	2	2	2	2	2	2	0
CM007895.2_48547764_T_G		6	48547764								2	2	2	2	2	2	2	0	2	2	2	2	2	0	2	2	0	2	2	0	2	2	2	0	0	0	0	0	2	2	2	2	0	2	2	1	2	0	0	2	2	2	0	2	0	0	2	2	2	2	2	2
CM007895.2_51197110_A_C		6	51197110								0	2	2	0	2	2	0	2	0	2	2	2	2	2	2	2	2	2	0	2	0	2	2	2	2	2	2	2	2	2	2	0	2	2	2	2	0	2	2	2	2	2	2	2	0	2	2	2	2	2	0	2
CM007895.2_51197826_C_T		6	51197826								0	2	0	0	0	2	0	0	0	0	2	0	0	0	2	2	0	0	2	2	0	0	0	0	2	2	2	2	2	2	2	0	2	2	2	2	0	2	2	2	2	2	2	2	0	2	2	2	2	1	0	0
CM007895.2_51212343_C_A		6	51212343								0	2	2	2	0	2	2	2	2	0	2	0	0	0	0	0	0	0	0	0	2	2	0	0	0	0	2	0	0	2	2	2	2	2	0	0	2	2	2	2	0	2	2	2	2	2	2	0	0	0	0	1
CM007895.2_51453575_G_C		6	51453575								2	0	2	0	0	2	0	0	0	0	0	2	0	0	2	2	0	0	0	2	2	0	0	0	2	2	2	0	2	2	0	0	2	2	2	0	2	2	0	2	0	2	0	0	0	2	2	2	0	2	2	0
CM007895.2_52150098_C_A		6	52150098								2	0	0	0	2	0	0	2	0	2	0	0	0	0	0	0	0	0	0	0	0	2	0	2	0	0	2	0	0	0	2	0	0	0	0	0	0	2	2	0	0	0	0	2	1	0	2	0	0	0	2	0
CM007895.2_53328969_C_G		6	53328969								0	0	0	2	0	0	0	0	0	0	2	2	0	2	2	0	0	0	0	0	0	0	0	0	0	0	0	0	2	0	0	2	0	0	0	0	0	0	0	0	0	0	2	0	0	0	0	0	0	2	0	0
CM007895.2_53822753_C_T		6	53822753								0	0	0	0	0	0	2	2	0	2	2	0	0	2	0	0	2	0	0	2	0	2	0	0	0	2	2	2	0	0	2	2	0	0	0	2	0	2	2	0	0	0	2	2	2	0	2	0	2	0	2	0
CM007895.2_53894706_C_A		6	53894706								0	0	0	2	0	2	2	2	2	0	0	0	0	0	0	0	2	2	2	2	0	0	0	2	2	2	2	2	0	0	0	0	2	0	0	2	2	2	0	0	0	2	0	0	2	0	2	0	2	0	2	0
CM007895.2_54039252_G_T		6	54039252								2	2	1	0	0	2	2	0	0	0	0	0	0	0	0	0	0	0	0	0	0	2	0	0	0	0	0	0	0	0	0	0	2	0	0	0	0	0	0	2	2	0	0	2	2	0	0	0	0	0	0	0
CM007895.2_62975613_A_G		6	62975613								2	2	0	0	2	2	0	0	0	0	0	0	2	0	1	2	2	2	2	2	2	0	2	0	2	2	2	0	0	2	0	2	2	0	1	0	2	2	0	0	0	2	0	0	0	2	2	0	2	0	2	2
CM007895.2_64278392_A_G		6	64278392								2	2	2	0	2	2	0	0	0	0	2	0	2	0	2	0	0	0	0	0	2	2	0	0	0	0	0	2	0	2	2	2	2	2	0	0	2	0	2	2	2	0	2	2	0	2	2	2	0	0	2	2
CM007895.2_64293480_G_A		6	64293480								0	0	2	0	0	0	0	0	0	0	0	2	0	2	0	0	0	0	0	0	1	0	0	2	0	0	0	0	0	0	0	2	0	0	0	0	0	0	0	0	0	0	0	0	0	0	0	0	0	0	0	0
CM007895.2_64415149_A_G		6	64415149								2	2	0	2	2	0	2	2	1	2	0	2	2	2	2	2	0	0	2	0	2	0	0	2	0	0	0	0	2	2	0	0	0	0	0	0	0	0	0	0	0	0	0	0	2	0	2	2	0	2	2	2
CM007895.2_64415238_C_T		6	64415238								2	0	0	2	0	0	2	2	1	2	0	0	0	2	0	2	2	2	2	0	2	0	0	2	0	0	0	0	0	0	0	0	0	0	2	0	2	0	0	0	0	0	0	0	2	0	2	0	2	0	0	0
CM007895.2_66925400_G_T		6	66925400								0	0	0	0	0	0	0	0	0	0	0	0	0	0	0	0	0	0	0	0	0	2	0	0	0	0	0	2	0	0	0	2	1	0	0	0	0	0	0	0	0	0	0	0	2	2	0	0	2	0	1	0
CM007895.2_68643898_T_C		6	68643898								0	0	0	0	0	0	0	0	0	0	0	0	0	0	0	0	2	2	2	0	2	0	2	0	0	0	0	0	0	0	0	0	0	0	0	0	0	0	0	2	0	0	0	0	0	2	2	0	0	0	0	0
CM007895.2_70647446_A_C		6	70647446								0	2	0	2	2	2	2	0	2	2	2	0	2	2	2	0	2	1	0	2	2	2	2	0	0	2	2	0	2	2	2	2	2	2	2	2	2	2	2	2	2	2	2	2	2	2	2	2	2	0	2	0
CM007895.2_71676100_T_C		6	71676100								2	2	0	2	2	2	2	1	2	2	2	2	2	2	2	2	2	2	2	2	2	2	2	2	0	2	2	2	0	2	2	0	2	2	2	2	2	2	0	2	0	2	2	2	2	2	2	2	2	2	2	2
CM007895.2_71723860_C_T		6	71723860								0	2	0	0	2	0	0	0	0	0	0	0	2	0	0	0	0	0	0	0	0	0	0	0	0	0	0	0	0	0	0	0	0	0	0	0	0	0	0	0	0	0	0	0	0	0	2	0	0	0	2	2
CM007895.2_75762144_T_C		6	75762144								2	2	2	2	2	2	0	0	2	0	0	2	2	0	2	0	0	0	0	2	0	0	0	0	0	2	2	0	2	2	0	2	2	0	0	2	2	2	0	0	0	2	0	0	0	0	2	2	0	2	2	2
CM007895.2_77323375_T_C		6	77323375								0	0	0	0	0	0	0	0	0	0	0	0	0	0	2	0	0	0	0	0	0	0	0	0	0	0	0	0	0	2	0	0	0	0	0	0	0	0	0	0	0	0	0	0	0	0	0	0	0	0	0	2
CM007895.2_77457596_A_G		6	77457596								2	2	2	2	2	0	2	2	2	1	2	0	2	2	2	2	0	2	1	2	2	2	2	0	0	2	2	0	2	2	2	2	2	2	2	0	0	2	2	0	2	2	2	2	0	2	2	2	0	2	2	2
CM007895.2_86905607_C_A		6	86905607								0	0	0	0	0	0	2	0	0	0	0	0	0	0	2	0	0	0	0	0	0	0	0	0	0	0	0	0	0	0	0	0	2	0	0	0	0	0	0	2	0	2	0	0	0	2	2	0	0	0	0	0
CM007895.2_89361753_T_A		6	89361753								2	2	2	2	0	2	0	2	2	2	2	2	2	2	2	2	2	2	2	0	2	2	0	2	2	0	2	0	2	2	2	2	2	2	2	2	0	2	0	2	0	2	2	2	2	2	2	2	0	2	2	0
CM007895.2_89406546_A_G		6	89406546								0	2	0	2	0	0	0	0	0	2	2	2	2	2	2	2	2	2	2	2	0	0	0	2	0	2	0	2	0	0	2	0	2	0	2	0	0	2	2	2	0	2	2	2	0	2	2	2	2	2	2	2
CM007895.2_91144509_T_C		6	91144509								0	0	0	2	0	0	0	0	0	2	0	0	2	0	0	0	0	0	0	0	0	0	0	0	0	2	2	2	0	0	0	0	0	0	0	0	0	0	0	0	0	0	0	0	0	0	0	0	0	0	1	2
CM007895.2_94958786_A_G		6	94958786								1	2	0	2	0	2	0	2	2	2	2	2	2	2	2	2	0	1	0	2	2	2	2	0	0	2	2	0	2	0	2	2	2	2	2	2	2	0	2	2	2	2	2	2	0	2	2	2	2	0	2	2
CM007895.2_97277924_G_T		6	97277924								0	0	0	0	0	0	0	2	0	0	1	2	2	2	0	2	2	2	2	0	0	0	2	0	0	0	0	0	0	0	0	0	0	0	0	0	0	0	0	0	0	0	0	0	0	0	0	0	0	0	0	0
CM007895.2_102245744_T_C		6	102245744								2	2	2	2	2	2	2	0	2	2	2	2	2	2	2	2	2	2	2	0	2	2	2	0	0	2	0	2	2	2	2	2	2	2	2	2	2	0	2	2	2	2	2	2	2	2	2	2	2	0	2	2
CM007895.2_104346069_G_A		6	104346069								2	2	2	2	2	2	2	0	2	2	2	0	2	2	2	2	0	2	2	2	0	2	0	0	0	2	1	2	0	2	2	2	1	2	0	0	0	0	2	0	2	2	2	2	2	0	2	0	2	2	0	2
CM007895.2_106803045_A_T		6	106803045								2	2	2	2	2	1	2	0	2	2	2	0	0	2	0	2	0	0	2	2	0	0	0	2	2	2	0	2	0	2	2	2	2	2	0	2	2	2	2	0	2	2	2	2	2	2	2	0	0	0	0	2
CM007895.2_108307611_A_G		6	108307611								2	2	2	2	2	2	2	0	2	2	2	2	2	0	2	2	0	0	0	2	2	2	1	0	0	2	2	0	0	2	0	2	2	2	2	0	2	2	0	2	2	2	2	0	0	2	2	2	2	0	2	2
CM007895.2_111996276_T_C		6	111996276								0	0	0	0	0	0	0	0	0	0	0	0	0	0	2	0	0	0	0	0	0	0	0	0	0	0	0	0	0	0	0	0	0	2	0	0	0	0	0	0	0	0	0	0	0	0	0	2	0	0	1	0
CM007895.2_112868693_T_C		6	112868693								2	0	0	2	2	2	2	2	2	0	2	2	2	0	2	2	2	2	2	2	2	2	2	2	2	0	2	0	2	0	0	2	2	2	0	2	1	2	0	2	0	2	0	0	0	0	2	2	2	0	2	0
CM007895.2_114082458_G_A		6	114082458								2	2	2	2	0	0	0	0	2	2	2	2	2	2	2	2	2	0	0	0	2	2	0	2	2	2	2	2	0	2	2	0	0	2	2	2	0	2	2	0	2	2	2	2	2	2	2	2	2	2	2	2
CM007895.2_114186826_T_C		6	114186826								2	0	2	2	2	2	2	2	2	0	2	1	2	0	2	0	0	2	2	2	2	2	2	0	0	0	0	0	2	2	2	2	2	2	2	2	1	0	0	2	2	0	2	2	0	2	2	2	2	0	2	2
CM007895.2_126388047_C_A		6	126388047								0	0	0	0	0	0	0	0	0	0	0	0	0	0	0	0	0	0	0	0	0	0	0	0	0	0	0	0	0	2	2	0	2	0	0	0	0	2	0	0	0	0	2	0	0	0	2	0	0	2	2	0
CM007895.2_127563483_C_T		6	127563483								0	0	0	1	0	0	0	2	2	0	2	0	2	0	0	0	2	2	0	0	0	0	2	2	0	0	0	0	2	0	0	0	0	0	0	1	0	0	2	0	0	0	2	0	0	0	2	0	0	0	2	0
CM007895.2_128004779_C_A		6	128004779								0	0	0	1	0	0	0	0	0	0	0	0	0	0	0	0	0	0	0	0	0	0	2	0	0	0	0	0	2	0	0	0	0	0	2	0	2	0	0	0	0	0	0	0	0	1	0	0	0	0	0	0
CM007895.2_130945612_T_C		6	130945612								2	2	2	0	2	2	2	2	0	2	2	2	2	2	2	0	0	2	2	0	2	2	2	0	0	2	2	2	2	2	2	2	2	2	2	2	0	2	2	2	2	0	2	2	0	2	2	2	0	0	2	0
CM007895.2_131657302_C_A		6	131657302								2	0	2	0	2	0	0	2	0	0	0	0	0	0	0	0	2	2	0	0	0	0	0	2	0	0	0	0	0	0	0	0	0	0	0	0	0	0	0	0	0	0	0	0	0	0	0	0	0	0	0	0
CM007895.2_134537205_G_C		6	134537205								2	0	2	2	2	2	2	2	2	2	0	2	0	2	2	2	2	2	2	2	0	2	0	0	2	2	0	2	0	0	0	2	2	0	2	0	2	0	0	2	2	2	2	0	2	2	2	2	0	2	2	2
CM007895.2_135048684_T_A		6	135048684								2	2	2	2	2	2	2	0	2	2	0	0	2	2	2	2	0	0	0	2	0	0	0	2	2	0	2	2	0	2	2	2	2	2	2	2	0	0	0	0	0	2	2	2	2	2	2	2	2	2	2	2
CM007895.2_137240291_T_A		6	137240291								2	2	2	2	2	2	2	2	2	2	2	2	0	2	2	2	2	2	2	0	0	2	0	2	0	2	2	2	0	1	0	2	0	2	2	2	0	0	2	2	2	2	2	2	2	2	2	2	2	0	2	2
CM007895.2_142230439_T_C		6	142230439								2	2	0	2	2	2	2	2	2	2	2	2	2	2	2	2	0	2	2	0	2	2	2	2	0	2	2	2	2	2	2	2	2	2	0	0	2	2	2	2	2	2	2	2	0	2	2	2	2	2	2	2
CM007895.2_144685524_C_G		6	144685524								0	2	0	2	0	2	2	2	0	0	0	0	0	0	0	0	0	0	0	2	0	2	0	0	0	2	0	0	0	2	0	2	2	2	0	2	2	2	0	2	2	2	0	0	0	0	2	2	2	2	2	2
CM007895.2_145333073_T_C		6	145333073								0	0	0	0	2	0	2	2	2	2	2	2	2	2	2	2	0	2	0	2	2	0	0	2	2	0	2	0	2	0	2	2	2	0	0	2	1	2	2	0	0	0	2	0	0	2	2	0	0	0	2	0
CM007895.2_145948650_A_G		6	145948650								0	2	2	0	2	0	2	2	0	2	2	2	0	2	2	2	0	2	0	0	2	2	0	0	0	0	0	0	0	0	2	1	0	2	0	0	0	0	2	0	0	0	2	2	0	2	2	2	0	0	2	2
CM007895.2_147274904_C_T		6	147274904								0	0	2	2	0	0	2	2	2	2	2	0	0	2	2	2	0	0	0	0	0	0	0	2	2	0	0	0	0	0	2	0	0	0	0	2	0	0	2	0	0	0	2	2	2	2	2	0	0	2	2	0
CM007896.2_12379_A_G		7	12379								2	0	0	0	0	2	2	2	0	2	0	2	2	2	0	2	2	2	2	2	0	2	1	2	0	2	2	2	0	0	2	0	0	1	2	2	0	2	2	0	0	2	2	2	2	2	2	2	2	0	0	0
CM007896.2_1951447_T_A		7	1951447								0	2	0	0	0	0	0	0	0	0	0	0	0	0	0	0	2	2	0	0	0	0	0	0	0	0	0	0	2	0	1	0	0	0	2	1	0	0	0	0	0	0	0	0	0	0	0	0	2	0	0	0
CM007896.2_1957939_G_C		7	1957939								0	0	2	0	2	2	2	2	2	0	2	0	0	0	2	2	0	0	1	2	2	0	0	2	0	0	0	0	2	2	2	1	2	2	0	0	2	2	2	2	0	2	2	2	0	2	2	0	0	2	0	2
CM007896.2_2641846_A_C		7	2641846								0	0	0	0	0	0	0	0	0	0	0	0	1	0	0	0	0	2	0	0	0	0	0	0	2	0	0	0	0	2	0	0	0	0	0	0	0	0	0	0	0	0	0	0	0	2	0	0	2	0	0	0
CM007896.2_2713005_T_G		7	2713005								2	2	0	2	2	2	2	0	2	0	2	2	2	2	2	2	1	0	1	2	2	2	2	0	0	0	0	0	0	2	2	2	2	2	0	2	2	0	2	2	2	0	2	2	2	0	2	2	0	2	0	2
CM007896.2_2713678_G_A		7	2713678								0	0	2	0	2	0	2	2	2	0	0	0	2	0	2	2	2	2	2	0	2	0	0	2	2	0	0	0	0	2	2	0	0	0	0	2	0	0	2	2	0	2	2	2	2	0	2	2	2	0	0	2
CM007896.2_2972991_T_G		7	2972991								2	2	2	2	0	0	2	2	2	2	2	2	2	2	0	2	2	0	0	0	0	2	2	2	2	2	2	2	0	2	2	2	2	0	0	2	0	2	2	0	0	2	0	2	2	0	2	0	2	2	0	2
CM007896.2_2973159_G_A		7	2973159								0	2	2	2	2	2	2	0	2	0	2	1	2	2	2	2	2	2	2	2	2	0	0	0	2	2	2	0	0	2	0	2	2	0	0	2	2	0	2	2	0	2	2	2	2	0	2	2	2	2	0	2
CM007896.2_4036849_A_T		7	4036849								2	0	0	0	2	2	0	0	2	0	0	0	0	0	0	0	0	0	0	0	2	0	0	0	2	0	0	0	2	2	0	1	0	0	0	2	0	0	0	2	0	0	0	0	0	0	0	2	0	0	0	0
CM007896.2_4060259_C_G		7	4060259								0	2	0	2	2	0	2	2	0	0	0	0	0	0	2	2	2	2	2	2	2	0	0	2	2	0	0	0	2	2	0	0	2	0	0	0	2	2	0	2	2	2	0	0	2	0	2	2	2	2	0	0
CM007896.2_8253633_T_C		7	8253633								2	2	2	2	2	2	2	2	2	2	2	2	2	2	2	1	0	2	1	2	2	2	2	0	0	2	2	0	2	2	2	2	2	2	2	2	2	0	2	2	2	2	2	2	2	2	2	2	2	0	2	2
CM007896.2_16328880_G_A		7	16328880								0	2	0	0	0	0	0	0	0	0	2	2	0	2	0	2	2	2	2	0	0	0	0	0	0	0	0	0	0	0	2	0	0	0	0	0	0	0	0	0	0	0	0	0	0	0	2	0	0	0	0	0
CM007896.2_16861500_T_A		7	16861500								0	2	2	2	0	2	0	2	2	2	2	2	0	0	2	2	0	0	2	2	2	2	0	2	2	2	2	2	2	2	2	0	2	2	0	2	0	2	2	1	2	0	2	2	0	2	2	0	2	2	2	2
CM007896.2_19613318_T_C		7	19613318								2	0	0	2	0	0	2	2	0	2	2	2	2	2	2	0	0	2	0	0	0	0	2	2	0	2	2	2	2	2	0	0	2	2	0	0	2	2	2	0	2	2	2	2	2	0	2	0	2	0	0	0
CM007896.2_51656447_G_T		7	51656447								0	2	2	2	2	2	2	2	2	2	2	0	2	2	2	2	2	2	2	2	2	2	2	2	0	0	2	2	2	1	2	2	0	2	0	2	2	1	0	2	0	0	2	2	0	2	2	2	2	0	2	0
CM007896.2_54805108_A_G		7	54805108								0	2	2	0	2	2	2	2	2	2	2	0	0	0	0	0	0	0	0	0	2	2	0	0	0	2	0	0	0	0	0	0	2	2	2	2	0	0	2	2	0	0	0	2	0	2	0	2	0	0	2	2
CM007896.2_55326176_T_G		7	55326176								0	0	0	0	0	0	0	0	0	0	0	0	0	0	0	0	0	0	0	0	0	0	0	0	0	0	0	0	0	2	0	0	0	0	0	0	2	0	2	0	2	0	0	0	0	0	0	0	0	0	0	0
CM007896.2_57656216_T_C		7	57656216								2	0	2	2	2	0	2	2	2	2	2	2	2	2	2	2	0	2	2	2	2	0	2	2	2	2	2	0	2	2	2	2	0	2	2	2	0	0	2	2	2	0	2	2	0	2	2	2	2	0	2	0
CM007896.2_88980203_T_C		7	88980203								2	0	0	0	0	0	2	0	0	0	0	0	0	0	2	0	0	0	0	2	0	0	0	0	0	2	2	2	2	0	2	1	2	2	2	0	0	0	1	0	0	2	0	2	2	0	0	2	2	0	2	2
CM007896.2_89870131_T_C		7	89870131								0	2	2	2	2	2	2	0	2	0	2	2	2	2	2	2	0	2	0	2	2	2	0	2	0	2	2	0	0	2	2	2	2	2	0	0	2	2	2	2	2	2	2	2	2	2	2	2	2	2	2	0
CM007896.2_89947374_T_C		7	89947374								0	2	2	2	2	0	0	0	2	0	2	2	2	2	2	2	0	2	0	0	2	2	0	0	0	2	2	0	0	0	2	2	2	2	0	0	0	2	0	2	2	0	2	0	0	2	2	2	0	2	0	2
CM007896.2_94481781_C_T		7	94481781								0	0	0	0	0	0	0	0	0	0	0	0	0	0	2	0	0	0	0	0	0	0	0	0	0	0	0	0	0	2	0	0	0	0	0	0	0	0	0	0	2	0	0	0	0	0	1	2	0	1	0	0
CM007896.2_94833441_G_A		7	94833441								2	0	0	2	0	0	2	2	0	2	0	2	2	2	2	2	2	2	2	2	2	0	0	0	0	0	0	2	0	0	0	0	0	2	0	0	0	0	2	0	0	1	0	2	0	0	2	0	0	1	0	2
CM007896.2_106721418_A_C		7	106721418								0	0	2	0	0	0	0	0	0	0	0	2	0	1	0	0	0	2	0	0	0	0	0	0	0	0	0	0	0	0	0	0	0	0	0	0	0	0	0	0	0	0	0	0	0	0	2	0	2	0	0	0
CM007896.2_112990393_C_T		7	112990393								0	0	2	0	0	0	0	0	0	0	0	0	0	0	0	0	0	0	0	0	0	2	2	0	0	0	0	0	0	0	0	0	0	2	0	0	0	0	0	0	0	0	0	0	0	0	0	0	0	0	0	0
CM007896.2_113600017_C_T		7	113600017								2	2	2	2	2	0	2	2	2	2	2	2	2	2	2	2	2	2	2	0	2	0	2	2	0	2	0	0	0	0	0	0	2	2	0	0	0	0	0	0	1	2	0	0	0	0	2	0	0	0	0	0
CM007896.2_114376657_A_G		7	114376657								2	2	2	2	0	0	2	0	2	2	2	2	0	2	2	2	0	2	0	2	2	0	0	0	0	2	2	2	0	2	0	0	0	2	2	0	2	2	0	0	0	2	0	0	2	0	2	0	0	0	0	0
CM007896.2_114804839_C_T		7	114804839								2	2	0	2	2	0	0	0	2	2	0	2	0	0	2	2	0	2	0	2	2	0	2	2	0	2	2	0	2	2	0	0	2	2	0	0	0	2	0	0	2	0	0	0	0	0	2	0	2	2	0	0
CM007896.2_120472355_A_C		7	120472355								0	2	0	2	2	2	2	2	0	0	1	0	2	2	2	2	2	2	2	0	2	0	0	2	0	0	0	0	2	0	0	1	0	2	2	2	0	0	0	0	0	2	2	0	2	2	2	0	2	2	2	0
CM007896.2_121443760_G_T		7	121443760								2	2	0	2	2	0	2	0	2	2	2	2	2	2	2	2	1	2	2	2	2	2	2	0	0	2	2	0	2	0	2	2	2	2	2	2	0	0	2	2	2	0	0	2	0	2	2	2	2	0	2	2
CM007896.2_122555330_G_A		7	122555330								0	2	2	2	2	0	0	2	0	0	2	2	2	2	2	2	2	2	2	2	0	0	2	2	0	2	0	0	2	2	0	0	2	0	0	0	2	2	0	0	2	2	0	0	0	0	2	2	2	2	0	2
CM007896.2_122943539_T_C		7	122943539								0	0	2	2	0	2	2	0	0	0	2	2	2	2	1	2	2	2	2	2	0	0	2	2	0	2	2	2	0	2	0	2	2	0	2	0	0	2	0	0	0	2	0	0	2	0	2	0	2	2	0	0
CM007896.2_123030353_T_C		7	123030353								0	0	0	0	0	0	2	2	0	0	0	0	0	0	0	0	0	0	0	0	0	0	0	0	0	0	0	0	2	0	0	0	2	2	0	0	0	0	0	0	0	0	0	0	0	0	0	0	0	0	0	0
CM007896.2_123737542_G_A		7	123737542								2	2	2	2	0	2	0	0	2	0	2	2	0	2	2	0	0	0	0	2	2	2	2	0	0	2	2	2	2	2	0	2	2	2	0	0	2	0	0	0	2	0	0	0	2	0	0	0	0	2	0	2
CM007896.2_123919411_C_T		7	123919411								0	0	0	2	0	0	0	0	2	0	0	0	0	0	0	0	0	0	0	2	0	0	0	0	0	0	0	0	0	2	0	0	2	0	0	0	0	0	0	0	0	0	0	0	0	0	0	0	0	2	0	0
CM007896.2_125458822_T_A		7	125458822								0	2	0	2	2	0	2	0	2	2	2	2	2	2	2	0	0	2	0	2	0	0	0	0	0	0	2	0	2	0	0	2	2	2	2	0	2	2	0	0	2	2	0	0	2	0	0	2	0	0	0	0
CM007896.2_128078622_T_G		7	128078622								0	2	0	2	2	0	0	0	0	0	2	2	2	2	2	0	0	0	0	2	0	0	2	0	0	2	2	2	0	2	0	0	2	2	0	2	2	2	2	0	2	0	2	2	0	0	2	0	0	2	2	2
CM007896.2_128188656_A_G		7	128188656								2	0	0	0	2	0	0	0	0	0	0	0	2	0	0	0	0	0	0	0	0	2	0	0	2	0	0	0	2	0	0	0	0	0	2	0	0	0	0	2	0	0	0	0	0	2	0	2	0	0	0	0
CM007896.2_129407710_A_G		7	129407710								0	0	0	0	0	0	0	0	0	2	0	0	0	0	2	0	0	0	0	0	2	0	0	0	0	0	0	0	0	0	0	2	0	0	2	0	0	0	0	0	0	0	0	0	0	0	0	2	0	0	0	0
CM007896.2_129665651_A_G		7	129665651								2	0	2	2	2	0	0	0	2	2	2	2	2	2	0	2	0	1	0	0	0	0	0	0	2	0	0	0	0	0	0	2	0	0	2	0	0	0	0	0	2	0	0	0	2	2	0	2	0	0	0	0
CM007896.2_129885537_A_T		7	129885537								0	2	2	2	2	2	2	2	2	2	2	2	2	2	2	2	2	2	2	2	2	2	2	2	2	2	2	2	0	2	0	0	2	2	0	2	2	2	0	2	0	2	1	0	2	0	2	2	2	2	2	2
CM007896.2_130299838_G_A		7	130299838								2	2	0	2	2	0	0	0	2	2	2	2	2	2	0	0	0	0	0	2	0	0	2	2	2	2	2	2	2	2	2	0	2	2	0	0	0	2	0	2	2	0	0	0	0	0	0	2	0	2	0	0
CM007896.2_130856469_G_A		7	130856469								2	2	2	2	0	2	2	2	2	2	2	2	2	2	2	2	2	2	2	2	2	2	2	2	0	0	2	2	2	2	2	2	2	2	2	2	0	2	0	2	2	2	2	2	2	2	2	2	2	2	2	2
CM007896.2_131504830_A_G		7	131504830								0	2	2	2	2	2	2	2	0	2	2	0	2	2	0	0	0	2	0	0	2	2	2	0	0	0	0	0	2	0	2	2	0	0	2	0	0	0	0	2	0	2	0	2	2	0	2	2	2	0	0	0
CM007896.2_131961463_C_T		7	131961463								0	0	2	2	0	0	2	0	2	2	2	2	0	2	2	2	2	2	0	2	2	0	0	0	0	2	0	0	0	2	2	0	2	2	2	2	2	0	2	0	2	2	2	0	0	2	2	2	2	2	2	2
CM007896.2_132527765_T_A		7	132527765								2	2	2	2	2	0	2	2	2	2	2	2	2	2	2	2	2	2	2	2	2	2	2	2	2	2	2	2	2	2	2	0	2	2	0	2	2	2	2	2	0	0	2	0	0	0	2	2	0	2	2	2
CM007896.2_132660727_T_C		7	132660727								2	0	0	2	2	0	0	0	2	2	0	2	2	2	2	0	0	0	0	2	2	0	0	0	0	2	0	0	0	2	0	2	2	2	2	2	2	2	0	0	2	0	2	0	0	2	2	2	0	2	2	2
CM007896.2_132661308_A_G		7	132661308								2	0	2	2	2	0	2	2	2	2	2	2	2	2	2	2	0	2	0	0	2	0	0	2	2	2	0	0	0	2	2	0	2	2	0	2	0	0	0	2	2	0	2	0	2	2	2	0	0	2	2	2
CM007896.2_133036743_T_G		7	133036743								0	0	0	0	2	0	2	0	0	0	2	0	2	0	2	2	0	2	0	2	0	0	0	2	2	0	0	0	2	0	0	2	2	0	2	2	2	2	0	2	0	2	2	2	2	2	2	2	2	0	2	0
CM007896.2_133036826_C_T		7	133036826								2	2	2	2	2	0	2	0	2	2	2	2	2	2	2	2	0	2	0	2	2	2	2	2	2	0	2	2	2	2	2	2	2	2	2	2	2	2	0	2	2	2	2	2	2	2	2	2	2	2	2	2
CM007896.2_133573718_A_T		7	133573718								2	2	2	2	2	0	0	0	2	2	0	0	2	2	0	0	0	0	0	0	0	0	2	0	0	0	2	2	2	2	2	0	0	2	0	2	0	0	2	0	0	0	2	2	0	2	2	0	0	0	2	0
CM007896.2_133604117_A_C		7	133604117								2	2	2	2	2	0	2	2	2	2	2	2	0	2	2	2	2	2	2	2	2	2	2	2	2	2	2	2	2	2	2	2	2	2	2	2	2	2	2	0	2	0	2	0	2	2	2	2	2	2	2	2
CM007896.2_133694575_G_A		7	133694575								2	2	2	2	2	2	2	0	2	2	2	0	2	2	2	0	0	0	0	0	2	2	2	0	0	2	0	2	2	0	2	1	2	0	2	2	0	0	2	2	2	2	2	2	2	2	2	2	2	2	2	2
CM007896.2_133880274_A_G		7	133880274								2	0	0	2	2	2	2	2	2	2	2	2	0	2	0	2	2	2	2	0	2	2	2	0	0	0	2	2	2	0	2	0	0	0	2	0	0	0	2	2	0	2	2	0	2	0	2	2	2	2	2	0
CM007896.2_134124050_T_C		7	134124050								0	0	2	0	0	2	0	0	0	0	0	0	0	0	2	0	0	0	0	2	0	2	0	0	0	2	2	2	0	2	2	2	2	2	0	2	2	2	0	2	0	2	0	0	2	2	2	2	2	2	2	0
CM007896.2_134170958_C_T		7	134170958								2	2	2	2	2	2	2	2	2	2	2	2	2	0	2	2	2	2	0	2	2	2	0	2	2	2	2	0	2	2	2	2	2	2	2	0	2	2	2	2	2	2	2	2	0	2	2	2	2	2	2	2
CM007896.2_134185316_T_A		7	134185316								2	0	0	2	2	2	2	0	2	2	2	2	2	2	2	2	0	2	0	0	2	2	2	0	0	2	2	0	0	2	2	2	2	2	0	2	2	0	0	2	2	2	2	2	2	2	2	2	2	2	2	2
CM007896.2_134185592_G_A		7	134185592								0	2	2	0	2	2	2	0	2	0	0	2	0	2	0	2	0	2	0	0	0	2	2	0	0	0	0	0	2	2	2	0	0	2	0	2	0	0	0	2	2	2	0	0	0	0	2	2	2	2	2	2
CM007896.2_134396556_C_T		7	134396556								0	2	2	2	0	2	2	0	2	2	2	2	0	2	0	2	0	2	0	2	2	2	2	0	0	2	0	0	0	2	2	2	2	2	0	0	0	2	0	2	0	2	0	2	2	2	2	2	2	0	2	0
CM007896.2_134752352_C_T		7	134752352								0	2	2	2	0	0	2	2	2	2	0	2	0	2	0	2	0	2	2	0	2	2	2	2	2	0	2	2	0	2	2	2	0	2	0	2	0	0	0	2	0	2	0	0	0	0	2	2	2	2	2	0
CM007896.2_134856808_A_G		7	134856808								0	2	2	2	0	2	0	0	2	2	2	0	0	2	0	0	0	0	0	0	2	2	2	0	0	0	2	2	0	2	2	2	0	2	2	2	0	0	2	0	2	0	2	2	0	0	2	2	0	2	2	0
CM007896.2_134878475_G_C		7	134878475								0	2	0	0	0	2	2	2	0	0	0	2	2	2	2	2	0	2	0	0	0	2	2	0	2	0	2	2	0	2	2	2	0	2	2	2	0	0	2	2	2	2	2	2	2	0	2	2	2	2	2	0
CM007896.2_135307917_T_G		7	135307917								0	2	0	0	0	2	2	0	0	0	0	2	0	0	2	2	0	0	0	0	0	0	0	0	0	0	2	0	0	2	0	0	0	0	2	2	0	0	0	2	0	2	2	0	2	2	0	2	0	0	0	0
CM007896.2_136114797_C_T		7	136114797								2	2	2	2	0	2	2	2	0	0	2	2	0	2	2	2	0	2	0	2	0	2	2	2	2	2	2	2	2	2	2	2	2	2	2	2	0	2	2	2	2	2	2	0	2	2	2	0	2	2	2	0
CM007896.2_136480798_C_T		7	136480798								0	0	1	2	2	0	2	2	0	2	2	2	2	2	2	2	2	2	2	0	2	0	2	2	2	0	0	0	2	0	0	2	0	0	0	2	0	0	0	2	2	0	2	0	0	0	2	0	2	2	2	0
CM007896.2_136513277_C_G		7	136513277								0	2	2	2	0	0	0	0	2	2	2	0	0	2	2	0	0	0	0	2	2	2	2	0	0	2	2	2	0	2	2	0	2	2	2	0	2	2	0	0	2	0	0	0	0	2	0	0	0	2	0	2
CM007896.2_138126200_G_A		7	138126200								0	0	2	2	0	1	2	2	2	2	2	2	2	2	2	2	0	0	0	2	0	0	0	0	0	2	2	2	2	2	2	0	2	2	0	2	0	2	0	0	2	0	2	0	0	2	0	0	0	0	0	2
CM007896.2_138150510_G_T		7	138150510								0	2	0	1	0	0	0	2	0	0	0	2	0	1	0	2	0	0	0	0	0	0	0	0	0	0	0	0	0	0	0	0	0	0	0	0	0	0	0	0	2	0	0	0	0	0	0	0	0	2	0	0
CM007896.2_139087503_T_C		7	139087503								0	0	0	0	2	0	2	2	2	0	0	0	2	0	2	0	0	0	0	0	0	0	0	0	0	0	0	0	2	0	0	0	0	0	0	0	0	0	2	0	0	0	2	2	0	0	0	2	0	0	0	0
CM007896.2_139811231_A_G		7	139811231								0	0	0	0	0	2	2	2	0	0	0	2	0	0	2	2	0	0	0	2	2	2	2	2	0	2	2	0	2	0	0	0	2	0	0	0	2	2	2	2	0	2	2	2	2	2	2	2	0	0	2	0
CM007896.2_140211433_T_C		7	140211433								2	2	0	0	2	0	0	0	0	2	0	2	2	2	0	2	0	0	0	0	0	0	0	2	0	0	0	0	0	2	0	0	2	1	0	0	0	0	0	0	0	0	0	0	0	0	0	0	0	0	0	0
CM007896.2_140211644_T_G		7	140211644								0	2	0	0	2	0	0	0	0	2	0	1	2	2	2	2	0	0	0	2	0	0	0	2	0	2	2	0	0	2	2	0	2	2	0	0	2	2	0	2	2	2	0	0	2	2	0	2	0	2	0	2
CM007896.2_140213547_C_T		7	140213547								0	0	0	0	0	0	0	0	0	0	0	0	0	0	0	0	0	0	0	0	0	0	0	0	0	2	0	0	0	2	0	0	2	0	0	0	0	0	0	0	0	0	0	0	2	2	0	0	0	0	0	0
CM007896.2_140581529_G_A		7	140581529								2	0	0	2	2	0	0	0	0	0	2	0	2	0	2	0	0	0	0	2	2	2	2	0	2	2	2	0	0	0	2	2	0	1	2	0	0	2	2	0	0	0	2	2	0	2	2	2	2	0	2	2
CM007896.2_141359023_T_G		7	141359023								2	0	2	2	0	0	0	2	2	0	1	0	0	0	2	0	0	0	0	2	2	0	0	0	0	0	2	0	0	0	2	0	0	0	0	0	0	0	2	0	0	0	2	2	0	0	0	0	0	0	0	0
CM007896.2_141558124_A_G		7	141558124								2	0	0	0	0	0	2	2	0	2	0	2	0	2	2	2	0	0	0	2	0	0	0	2	0	2	0	2	0	2	2	0	0	2	2	0	2	2	2	2	0	2	2	1	2	2	0	2	0	2	0	0
CM007896.2_142806751_A_C		7	142806751								2	0	0	2	0	0	2	0	2	0	2	0	0	0	2	0	2	2	2	2	0	2	2	0	0	0	0	0	2	0	2	2	2	0	0	2	2	0	2	0	2	0	2	2	0	0	2	2	2	0	2	0
CM007896.2_142955372_A_G		7	142955372								2	0	0	0	0	0	0	0	2	0	2	0	0	0	2	0	0	2	0	0	0	0	0	0	0	0	0	0	0	0	2	0	0	0	0	2	0	0	0	0	0	0	0	0	0	0	2	0	0	0	0	0
CM007896.2_143147224_A_T		7	143147224								0	2	2	0	0	0	2	0	2	2	0	2	0	2	0	2	0	0	0	2	2	0	1	2	2	2	2	0	2	0	0	0	2	2	0	2	2	2	2	2	0	0	2	2	2	2	0	0	0	2	0	0
CM007896.2_143472896_G_T		7	143472896								0	0	0	0	0	0	0	2	0	0	0	1	2	1	0	2	0	2	0	0	0	0	0	0	0	0	0	0	0	0	0	0	0	0	0	0	0	0	0	0	0	0	0	0	0	0	0	0	0	0	0	0
CM007896.2_143747909_G_T		7	143747909								2	0	2	2	2	0	0	0	0	2	0	2	2	2	2	2	0	2	0	0	2	2	2	2	0	0	0	0	2	0	2	2	0	2	0	0	0	0	0	0	2	2	0	0	2	0	2	2	0	0	2	2
CM007896.2_143779285_A_C		7	143779285								0	2	0	2	2	0	2	0	0	2	2	2	2	0	2	2	0	0	0	2	0	0	0	0	2	0	0	0	2	2	0	0	0	2	0	2	0	2	1	2	0	0	2	0	0	0	0	0	2	2	0	2
CM007896.2_143779637_T_A		7	143779637								2	0	0	2	2	0	2	0	2	2	0	2	2	1	2	2	0	2	0	2	0	2	2	2	2	0	0	0	2	2	0	2	0	2	0	2	0	2	1	2	2	0	2	0	0	2	2	2	0	0	2	2
CM007896.2_143783551_A_C		7	143783551								2	2	0	0	0	2	0	0	2	1	2	2	0	2	2	2	0	2	0	0	2	0	0	2	2	2	2	2	0	2	0	0	0	0	2	2	0	0	0	2	0	2	0	0	2	2	2	0	2	0	0	0
CM007896.2_144164756_A_C		7	144164756								0	0	2	0	0	0	0	0	2	2	0	0	0	2	2	2	2	2	0	0	0	0	2	2	0	2	2	0	0	2	0	2	0	2	0	2	0	0	0	2	2	2	0	0	2	2	2	2	2	2	2	2
CM007896.2_144204409_C_A		7	144204409								2	0	2	2	0	2	2	2	2	2	2	2	0	2	0	2	2	2	0	0	0	0	0	2	2	0	0	0	2	2	2	0	0	2	0	2	0	0	0	2	0	0	0	2	0	2	0	0	2	2	0	2
CM007896.2_144529659_A_T		7	144529659								0	0	2	0	2	0	0	0	2	0	2	0	0	0	0	0	0	0	0	0	0	0	0	0	0	0	0	0	0	0	0	0	0	0	0	0	0	0	0	0	0	0	0	2	0	0	0	0	0	0	0	0
CM007896.2_144781304_A_T		7	144781304								0	2	2	2	0	2	0	2	2	0	1	2	2	0	2	0	0	0	0	0	2	2	2	0	0	0	0	0	0	0	2	2	0	0	0	2	0	0	2	1	2	0	2	2	0	2	2	2	2	2	2	0
CM007896.2_144883449_A_G		7	144883449								0	0	0	2	2	0	0	0	2	0	1	2	0	2	0	0	0	2	0	0	0	0	0	1	0	0	0	2	0	0	0	0	0	0	0	0	0	0	0	0	0	2	2	2	0	0	0	0	0	0	0	0
CM007896.2_144885547_C_T		7	144885547								0	0	0	2	0	2	0	0	2	0	0	2	0	2	2	0	0	2	0	2	2	2	2	1	0	0	0	0	0	0	2	2	2	0	0	0	2	2	1	0	2	0	0	0	0	2	2	2	0	0	2	0
CM007896.2_145142011_G_C		7	145142011								0	2	2	2	2	0	2	0	2	0	2	2	2	0	2	0	2	0	2	2	2	0	0	0	0	0	0	0	2	2	2	0	2	0	0	2	2	0	0	2	0	0	2	2	0	2	2	0	2	2	0	0
CM007896.2_145216191_C_T		7	145216191								0	0	0	0	2	0	0	0	0	0	2	0	2	0	0	0	0	0	0	0	0	1	0	0	0	0	0	0	0	0	0	0	0	0	0	0	0	0	0	0	0	0	0	0	0	0	2	0	0	0	2	0
CM007896.2_145227347_G_A		7	145227347								2	2	0	2	0	2	2	2	0	0	0	2	0	2	2	0	0	2	0	0	2	0	0	2	0	2	2	2	2	0	2	0	0	0	2	0	0	2	2	0	0	2	2	2	2	2	0	0	0	0	0	0
CM007896.2_145283688_G_C		7	145283688								0	0	2	0	0	2	2	0	0	0	0	2	0	2	2	0	0	1	0	2	2	0	0	0	0	2	2	2	0	2	1	0	2	0	2	2	2	2	0	2	0	2	2	2	2	2	0	0	2	2	0	0
CM007896.2_145320179_A_C		7	145320179								0	0	0	2	0	2	2	0	0	2	0	0	0	0	2	2	0	0	0	2	2	0	0	0	2	0	0	0	0	2	0	0	2	2	0	2	2	0	2	2	0	0	2	2	0	2	1	0	2	2	0	2
CM007896.2_146534633_T_G		7	146534633								2	2	0	2	0	2	2	0	2	2	0	2	1	0	2	2	2	1	2	2	2	2	2	0	2	2	2	2	2	0	2	2	2	2	2	2	2	2	2	2	0	2	2	2	2	2	2	2	2	2	2	2
CM007896.2_146563961_T_C		7	146563961								2	2	2	2	2	0	2	2	2	2	2	2	2	0	2	2	0	0	0	0	2	0	2	0	0	0	0	0	2	2	2	2	0	2	0	2	2	0	2	2	0	2	2	2	0	0	2	0	0	0	2	2
CM007896.2_146584678_T_C		7	146584678								2	2	2	2	2	2	2	2	2	2	2	2	2	2	2	2	2	2	2	0	2	2	2	2	0	2	0	2	2	2	2	0	2	2	2	0	2	2	2	0	2	2	2	2	2	2	2	2	2	0	2	2
CM007896.2_146584723_T_C		7	146584723								0	2	0	2	0	0	0	0	2	2	1	2	0	0	2	0	1	0	2	0	2	2	2	0	0	0	0	0	2	2	2	0	2	2	0	0	2	0	0	0	2	2	0	0	0	2	2	2	2	0	2	2
CM007896.2_147444099_T_C		7	147444099								0	0	2	2	0	0	0	2	2	2	0	0	2	2	2	2	2	2	0	2	2	0	0	2	2	0	2	0	0	0	0	2	2	2	2	2	2	2	2	2	0	2	2	2	2	2	2	0	2	0	0	2
CM007896.2_147486674_G_T		7	147486674								0	0	0	0	0	0	0	2	0	0	2	2	2	0	0	0	2	0	2	0	0	0	0	0	0	0	0	0	2	0	0	0	0	0	0	0	0	0	0	0	0	0	0	0	2	0	2	0	0	0	0	0
CM007896.2_147510231_T_C		7	147510231								0	0	2	2	0	0	0	0	0	2	0	0	0	2	0	0	0	2	0	0	0	1	0	2	0	0	2	0	0	0	0	0	0	2	0	0	0	0	0	2	0	0	0	0	0	0	0	2	0	0	0	0
CM007896.2_147858584_T_C		7	147858584								0	2	0	2	0	0	2	2	2	2	2	2	2	2	2	0	0	2	2	0	2	2	2	2	0	2	2	2	0	2	2	0	0	2	2	2	0	2	2	2	2	2	2	2	2	0	2	2	0	2	2	0
CM007896.2_148109315_G_C		7	148109315								2	0	0	2	2	2	2	2	2	1	2	0	2	2	2	2	2	2	2	2	2	2	2	2	2	2	2	2	0	2	0	2	2	2	2	2	2	2	2	0	2	2	1	2	2	2	2	2	2	2	2	2
CM007896.2_148112354_T_C		7	148112354								0	0	0	0	0	0	2	2	2	0	0	0	0	2	2	0	0	2	0	2	2	2	0	2	0	2	2	2	0	0	0	2	2	0	2	2	2	2	2	0	0	0	2	2	0	2	2	2	0	2	2	0
CM007896.2_148137286_C_T		7	148137286								2	0	0	2	2	2	0	0	0	2	2	0	2	0	2	2	0	0	0	2	2	2	2	0	2	0	0	0	0	2	0	2	2	2	0	0	2	0	0	0	2	1	0	0	0	2	2	2	0	0	2	2
CM007896.2_148687295_A_G		7	148687295								0	0	0	0	0	0	0	0	0	0	0	0	0	0	1	0	0	0	0	2	0	0	0	0	0	0	0	0	0	0	2	2	2	0	0	2	2	0	0	0	0	0	0	0	0	2	0	0	0	0	0	0
CM007896.2_148700683_T_G		7	148700683								0	0	0	0	0	0	0	0	0	0	2	0	0	2	0	2	0	2	0	2	0	2	2	2	0	2	2	2	0	2	0	2	2	0	2	2	2	2	0	2	2	0	0	0	2	2	2	2	0	0	2	2
CM007896.2_148700872_A_G		7	148700872								2	0	0	2	2	0	2	2	0	2	0	0	2	2	1	0	0	0	0	2	0	0	0	0	2	2	2	2	0	0	2	2	2	2	2	2	2	2	0	2	0	0	0	0	2	2	0	0	0	0	0	0
CM007896.2_149140606_A_C		7	149140606								2	2	2	2	2	0	2	0	2	2	0	2	2	2	2	2	2	2	2	2	2	0	0	2	2	2	2	0	2	0	2	2	2	2	2	0	0	2	2	0	2	2	2	2	2	2	0	0	0	0	0	0
CM007896.2_149294421_T_C		7	149294421								0	2	0	2	0	2	2	2	2	2	0	2	2	2	2	2	2	2	2	2	2	0	0	2	0	2	2	2	2	0	2	2	2	2	0	2	2	2	2	2	0	0	2	2	2	2	2	0	2	2	0	2
CM007896.2_149389411_G_A		7	149389411								2	0	2	2	2	0	0	2	2	2	0	2	2	2	2	2	2	2	2	0	2	0	0	2	2	1	0	2	2	0	1	2	0	2	2	2	0	2	2	2	2	2	2	2	2	0	2	0	2	0	0	2
CM007896.2_149453126_A_G		7	149453126								0	2	0	2	0	2	2	2	2	2	2	2	0	2	2	2	2	0	2	2	2	2	2	0	0	2	2	2	2	2	2	2	2	2	2	2	0	0	0	2	2	2	2	2	2	2	2	2	2	2	2	2
CM007897.2_79407_C_G		8	79407								2	0	0	0	0	0	2	2	2	0	0	0	0	0	0	2	0	0	0	2	0	0	0	2	0	0	2	1	2	0	0	0	2	0	0	0	0	0	1	0	0	0	0	0	0	2	0	0	0	0	0	0
CM007897.2_82999_G_A		8	82999								2	0	0	0	0	2	2	2	0	0	0	0	0	0	0	2	0	0	0	2	0	0	0	2	0	2	2	2	2	0	2	2	2	0	2	2	2	2	2	0	0	2	2	2	2	2	0	2	0	0	0	2
CM007897.2_214739_T_C		8	214739								2	0	0	2	2	2	2	0	2	0	0	0	0	0	2	2	0	0	0	2	2	2	0	2	2	2	2	0	2	2	2	2	2	0	2	2	2	0	2	0	0	2	2	2	2	2	0	0	0	0	2	0
CM007897.2_214808_T_C		8	214808								2	2	0	0	2	2	2	0	2	0	0	0	0	0	0	1	2	0	2	2	0	0	0	2	0	2	0	0	2	0	2	2	2	0	2	2	2	0	2	2	2	2	2	2	2	0	2	0	2	0	0	0
CM007897.2_226178_A_C		8	226178								0	0	0	0	2	0	0	2	2	0	0	0	0	0	0	2	0	0	0	0	0	0	2	2	0	2	0	0	0	0	0	0	0	0	0	0	0	0	2	0	0	0	2	2	0	0	0	0	0	0	0	2
CM007897.2_782740_T_A		8	782740								0	2	0	2	2	2	0	0	0	0	0	0	2	0	2	0	2	2	2	0	2	2	0	0	2	0	0	0	2	2	0	1	0	0	2	2	0	0	2	2	2	0	2	2	2	0	2	2	2	2	2	0
CM007897.2_932466_G_A		8	932466								0	0	0	2	0	0	2	2	0	0	1	0	0	0	2	2	0	0	0	2	2	2	2	2	2	2	2	2	2	2	2	0	2	0	2	0	2	2	0	0	0	2	0	0	0	2	0	2	0	2	2	0
CM007897.2_954644_C_T		8	954644								0	0	0	2	2	2	0	0	2	0	0	0	0	0	2	0	0	0	0	0	2	2	0	0	2	0	0	0	0	2	2	2	0	0	2	2	0	0	2	0	0	0	2	2	2	1	2	0	0	2	2	2
CM007897.2_1236197_A_G		8	1236197								2	0	0	0	2	0	0	0	0	0	0	0	0	0	0	0	0	0	0	0	0	0	0	0	0	0	0	0	2	0	0	0	0	0	1	0	0	0	0	0	0	0	0	0	0	0	0	2	0	0	0	2
CM007897.2_1759272_A_G		8	1759272								0	0	0	0	0	0	0	0	0	0	0	2	0	2	0	0	0	0	0	0	0	0	2	0	0	0	0	0	0	0	0	2	0	0	2	0	0	0	0	0	0	0	0	0	2	0	0	0	0	0	0	0
CM007897.2_2428035_C_T		8	2428035								0	2	2	2	0	0	0	0	2	2	2	0	2	2	2	2	2	2	0	2	0	2	0	2	2	2	2	2	2	2	2	2	2	2	0	2	0	2	2	0	2	2	2	2	0	2	2	2	2	2	2	0
CM007897.2_2514879_A_G		8	2514879								0	2	0	0	0	0	2	2	2	0	0	0	2	0	2	2	2	2	2	2	0	0	0	2	0	2	2	2	0	0	0	2	2	0	0	2	0	2	0	0	2	2	0	0	0	0	2	2	2	0	2	0
CM007897.2_2537429_G_C		8	2537429								0	2	2	2	0	2	2	2	2	2	2	2	2	2	2	2	2	2	2	2	2	2	2	2	2	2	2	2	2	2	0	2	2	2	2	2	2	2	2	0	2	2	0	2	0	2	2	2	2	2	2	0
CM007897.2_4845956_T_A		8	4845956								0	2	0	2	0	2	2	2	2	1	0	2	2	2	2	2	2	2	0	2	0	2	0	2	0	0	2	0	0	2	2	2	2	1	0	2	0	0	2	2	0	2	2	2	2	0	2	2	2	2	2	2
CM007897.2_6114578_G_C		8	6114578								0	0	2	0	2	2	2	2	0	0	0	2	0	0	2	2	2	2	2	2	2	2	2	2	1	0	2	0	0	0	2	1	2	0	0	0	2	2	0	0	0	2	0	0	0	0	2	0	2	0	2	2
CM007897.2_7628646_C_A		8	7628646								0	2	2	0	2	2	0	0	2	2	2	2	2	0	0	2	0	0	0	0	2	2	2	0	2	0	0	0	2	2	2	2	0	2	0	2	0	0	0	0	2	0	0	0	2	0	2	0	0	2	2	2
CM007897.2_10009814_T_A		8	10009814								0	0	2	2	0	0	2	2	0	2	2	2	0	0	2	2	2	2	2	0	2	0	2	2	2	0	0	0	2	0	0	2	0	2	2	0	0	0	2	2	0	0	2	2	2	2	0	2	0	2	0	0
CM007897.2_10790154_G_C		8	10790154								0	2	2	2	0	0	0	2	0	2	2	2	2	2	0	2	0	2	2	2	2	2	2	2	2	0	2	0	2	2	2	0	2	0	2	2	0	2	0	2	2	0	2	2	0	2	2	2	0	2	2	0
CM007897.2_11637727_G_A		8	11637727								0	0	2	0	0	2	0	0	0	0	0	1	0	0	0	0	0	0	0	0	0	0	0	0	0	0	2	0	0	0	0	0	2	0	0	0	0	0	0	0	0	0	0	0	0	0	2	0	0	0	2	0
CM007897.2_14821231_T_C		8	14821231								2	2	0	0	2	0	0	0	2	0	1	2	2	0	0	0	0	0	2	2	2	1	2	0	2	0	0	0	2	2	0	0	2	0	0	2	0	0	2	2	2	0	2	2	0	0	0	2	0	0	2	0
CM007897.2_15877758_C_T		8	15877758								0	0	0	0	0	0	2	2	0	0	0	0	0	0	2	0	0	0	0	0	0	0	0	2	0	0	0	0	0	0	0	2	0	0	0	0	0	0	0	0	0	2	0	0	0	0	2	0	0	0	0	0
CM007897.2_16558719_A_G		8	16558719								2	2	0	0	2	2	2	0	2	0	0	0	2	0	2	2	2	0	0	2	2	1	2	0	2	0	2	0	0	0	2	2	2	2	2	0	0	2	0	0	2	1	2	2	2	0	2	2	2	0	2	0
CM007897.2_18358011_T_C		8	18358011								0	2	0	0	0	0	0	0	0	0	0	0	0	0	2	0	0	0	0	0	0	2	0	0	0	0	0	0	0	0	0	0	0	0	0	0	0	0	0	0	2	2	0	0	0	0	2	0	0	0	0	2
CM007897.2_18508003_G_A		8	18508003								0	0	2	0	0	2	0	0	0	2	2	2	0	0	0	2	2	1	0	2	2	2	2	0	1	0	2	0	0	0	2	2	2	2	0	0	2	2	0	2	0	2	0	0	0	0	2	2	2	2	2	2
CM007897.2_19932380_T_C		8	19932380								0	0	0	0	0	0	0	0	0	0	0	2	2	0	0	0	0	0	0	2	0	2	0	0	2	0	0	0	0	2	0	2	2	0	0	0	0	0	0	0	0	2	0	0	1	0	2	2	0	0	2	0
CM007897.2_20396500_A_G		8	20396500								0	2	2	2	0	0	2	0	0	2	2	1	0	0	2	2	2	2	2	0	2	2	0	2	0	0	2	0	2	0	2	0	2	2	2	2	0	2	0	0	2	0	0	0	0	2	2	0	2	0	2	0
CM007897.2_20610553_T_C		8	20610553								0	2	2	2	0	2	2	2	0	2	2	2	0	0	2	0	2	2	0	2	2	2	2	0	0	0	0	0	2	0	2	0	0	2	0	2	0	2	0	2	2	2	0	0	0	2	0	2	0	2	2	0
CM007897.2_21813549_T_G		8	21813549								2	2	2	2	0	2	2	2	0	2	2	2	0	2	2	2	2	2	2	0	2	2	0	2	2	2	2	2	0	0	2	1	0	1	2	2	0	2	2	2	2	2	2	2	2	2	2	2	2	2	2	2
CM007897.2_22103101_T_C		8	22103101								2	2	2	2	2	2	2	2	2	2	2	2	2	2	2	2	2	2	0	2	0	2	2	0	0	2	2	2	0	0	2	0	2	1	0	2	0	2	2	2	2	0	2	2	2	0	2	2	2	2	2	2
CM007897.2_22103774_G_T		8	22103774								2	0	2	2	0	0	2	0	0	2	2	2	0	2	2	2	2	2	2	0	0	0	2	0	0	2	0	2	0	2	0	0	0	2	0	2	0	0	2	2	2	0	2	2	2	0	0	0	0	0	0	2
CM007897.2_22133016_A_C		8	22133016								2	0	0	0	0	0	2	2	0	2	0	2	2	2	0	2	2	2	2	0	0	2	0	2	0	2	2	2	0	2	2	0	0	0	0	0	0	0	2	0	0	2	1	2	0	0	2	0	2	0	0	0
CM007897.2_22161444_T_C		8	22161444								2	2	0	2	2	0	0	0	2	0	0	0	2	0	2	0	0	0	0	2	2	2	0	0	0	0	2	0	0	0	2	1	2	2	0	2	2	2	2	2	2	2	2	2	0	0	2	2	2	2	2	0
CM007897.2_22638712_G_C		8	22638712								2	2	2	2	2	2	2	2	2	2	2	2	2	0	0	2	2	2	2	2	2	2	0	2	2	0	2	0	0	2	2	2	0	2	2	2	0	2	0	2	2	2	2	2	0	0	2	2	1	0	2	2
CM007897.2_22680796_A_C		8	22680796								0	0	0	2	0	0	2	0	0	0	0	2	0	0	0	0	2	2	0	2	2	0	0	0	0	0	2	0	0	0	0	0	2	2	2	0	0	2	0	2	0	0	2	2	0	0	2	2	1	2	2	0
CM007897.2_22743106_T_C		8	22743106								0	2	0	2	2	0	0	0	2	2	2	2	2	0	0	2	2	0	0	0	0	2	2	0	2	0	0	0	0	0	2	1	2	2	0	2	0	2	0	2	2	0	2	2	1	0	2	2	0	2	2	0
CM007897.2_23954514_C_T		8	23954514								2	0	2	0	0	0	2	0	0	0	2	0	0	2	0	2	2	0	2	2	0	0	2	0	2	2	2	0	0	2	0	2	2	2	2	2	0	0	0	0	2	0	0	2	0	0	2	2	2	0	2	2
CM007897.2_24586241_G_C		8	24586241								0	2	0	2	0	0	0	0	0	2	2	2	0	0	2	2	2	2	2	0	2	0	2	0	2	0	2	0	0	2	2	0	2	2	0	2	0	2	2	2	2	0	2	2	0	0	0	2	0	0	0	0
CM007897.2_25466984_G_T		8	25466984								2	2	2	2	2	0	2	2	2	2	2	2	2	0	2	2	2	2	2	2	2	2	2	2	2	0	0	0	0	2	0	2	0	2	0	0	0	0	0	0	2	0	0	2	2	0	2	2	2	0	2	0
CM007897.2_25802207_G_A		8	25802207								2	0	0	0	0	0	0	0	0	0	0	0	0	0	0	0	0	0	0	0	2	0	0	0	0	0	0	0	0	0	0	0	0	0	0	0	0	0	0	0	0	0	0	0	2	2	0	0	0	2	0	0
CM007897.2_25802245_C_A		8	25802245								2	0	0	0	0	2	0	0	0	2	2	2	0	2	2	2	0	2	0	0	2	0	0	0	0	1	0	0	2	0	0	0	0	1	0	2	0	0	2	2	0	0	0	0	2	2	2	2	0	2	0	0
CM007897.2_26417543_C_T		8	26417543								0	0	0	0	0	2	0	2	0	2	2	2	0	0	0	2	2	2	2	2	2	2	2	2	2	0	2	0	0	0	2	0	2	2	0	0	2	2	0	0	0	2	0	0	0	0	2	2	2	2	2	0
CM007897.2_26484198_A_G		8	26484198								2	2	0	2	2	2	2	2	2	2	2	2	2	2	2	2	0	2	0	2	2	2	0	2	2	1	2	0	2	2	2	2	2	2	2	2	0	0	2	2	2	2	2	2	2	2	2	2	2	0	2	2
CM007897.2_27023821_C_T		8	27023821								0	2	0	2	2	0	0	0	2	0	2	2	2	0	2	2	0	2	0	0	0	0	0	0	0	0	0	0	2	2	0	0	0	0	0	0	0	2	0	2	2	0	2	2	0	0	2	0	2	0	0	2
CM007897.2_30585367_C_T		8	30585367								0	0	0	0	0	2	0	0	0	0	0	0	0	0	0	0	0	0	0	0	0	0	0	0	0	0	0	0	0	0	0	0	0	0	0	0	2	0	0	0	0	0	0	0	0	0	2	2	2	2	2	0
CM007897.2_31127431_G_T		8	31127431								2	0	2	0	2	0	2	2	0	0	0	0	2	2	2	2	2	2	2	0	0	0	0	2	0	2	0	2	2	0	0	2	0	0	2	2	0	0	2	2	0	0	0	2	2	2	2	0	2	0	0	2
CM007897.2_31140484_A_G		8	31140484								0	0	0	0	0	2	2	2	2	2	2	2	2	2	0	0	0	0	0	0	2	2	2	0	0	2	0	0	0	0	2	2	2	2	2	0	2	0	0	2	0	2	0	0	2	2	2	2	2	0	2	0
CM007897.2_33778549_T_G		8	33778549								0	2	0	2	2	2	2	0	2	2	2	2	0	2	2	2	2	2	2	2	2	2	0	2	2	2	2	0	2	2	2	2	2	2	2	0	0	2	2	0	2	2	2	2	2	2	2	2	2	2	2	2
CM007897.2_34023361_A_G		8	34023361								0	2	0	2	0	2	2	2	2	2	2	2	2	2	2	0	2	2	0	2	2	2	2	2	2	2	2	2	2	2	2	2	2	2	2	2	2	2	2	0	2	2	2	2	2	2	2	2	2	0	2	2
CM007897.2_37917717_A_G		8	37917717								0	0	0	0	0	0	0	0	0	0	0	0	0	0	0	0	0	0	0	0	0	0	0	0	0	0	0	0	0	0	0	0	2	0	0	2	0	0	0	2	0	0	0	0	0	0	0	2	0	0	0	0
CM007897.2_41723022_A_C		8	41723022								2	2	2	2	2	2	2	2	2	2	2	2	2	2	2	2	2	2	2	2	2	2	2	2	2	2	2	0	0	2	2	2	2	2	0	2	0	2	0	2	0	2	2	2	0	2	2	2	0	2	2	2
CM007897.2_41723090_T_G		8	41723090								2	2	0	2	0	2	0	0	2	0	0	2	0	0	2	0	0	0	0	2	0	0	0	0	2	0	2	0	0	2	2	0	2	0	0	0	0	1	2	2	2	0	2	2	0	2	0	2	0	0	0	0
CM007897.2_43515115_T_A		8	43515115								2	0	2	0	2	0	0	0	2	2	2	2	1	0	2	0	0	0	0	2	2	2	2	0	2	0	2	0	2	0	2	0	2	2	0	0	2	2	2	2	0	0	2	0	0	0	2	0	0	2	2	1
CM007897.2_43516566_G_T		8	43516566								0	0	0	1	0	0	0	0	2	0	0	2	2	2	0	2	1	2	0	0	0	0	0	0	0	0	0	0	0	0	0	0	0	0	0	0	0	0	0	0	0	0	0	0	0	0	0	0	0	0	0	0
CM007897.2_45255376_T_C		8	45255376								0	0	0	0	0	2	0	0	0	0	0	0	0	0	0	0	0	0	0	1	0	0	0	0	0	0	0	0	0	2	1	0	0	0	0	0	0	0	0	2	2	0	0	0	0	0	0	0	0	0	0	0
CM007897.2_47377376_A_C		8	47377376								0	0	0	0	0	0	0	0	1	0	0	0	0	0	2	0	0	2	2	0	2	0	2	0	0	0	0	0	2	0	2	0	0	0	0	0	2	0	2	0	0	0	2	0	0	0	0	0	0	0	2	0
CM007897.2_47764037_C_T		8	47764037								0	0	0	0	0	0	0	0	2	0	0	0	0	0	0	0	0	0	0	0	0	0	2	0	2	0	0	0	2	0	0	2	0	0	0	0	2	2	0	2	0	2	2	0	0	0	0	0	0	0	2	2
CM007897.2_56920790_T_A		8	56920790								2	0	0	0	0	0	0	0	2	2	2	0	2	0	2	0	0	0	0	0	0	0	2	2	0	0	2	0	2	0	0	2	2	0	0	2	0	0	0	0	0	0	0	0	0	0	0	0	0	0	0	0
CM007897.2_57904297_A_G		8	57904297								2	0	0	0	2	0	2	2	2	2	2	2	2	2	2	2	0	0	0	2	2	0	2	0	0	0	0	0	2	0	0	0	2	2	2	2	2	0	0	2	0	2	0	0	0	0	2	0	2	2	0	0
CM007897.2_64650092_G_A		8	64650092								0	0	2	0	0	0	0	2	0	0	0	0	2	0	0	2	0	0	2	0	0	0	0	0	0	0	0	0	0	0	0	0	0	0	0	0	0	0	0	0	0	0	0	0	0	0	0	0	0	0	0	2
CM007897.2_66792042_A_G		8	66792042								2	0	2	0	0	0	0	0	2	2	2	2	0	2	2	0	0	0	0	0	2	2	2	0	0	2	0	2	2	0	2	2	0	2	2	2	0	0	0	0	0	0	2	0	2	0	2	0	0	0	0	1
CM007897.2_68830350_C_T		8	68830350								0	0	2	0	2	2	0	2	2	0	0	2	2	2	2	2	0	0	2	2	2	2	2	0	2	2	2	2	0	0	2	0	2	2	0	0	0	2	2	0	0	0	2	1	0	0	2	0	2	2	2	2
CM007897.2_70736735_C_T		8	70736735								0	0	0	0	0	0	2	2	2	0	2	2	0	0	2	2	2	2	2	0	2	2	2	2	2	0	0	0	2	0	2	2	0	2	2	2	0	0	0	0	0	0	0	0	2	0	2	0	2	2	2	0
CM007897.2_73208961_C_T		8	73208961								0	0	0	0	0	0	0	0	0	0	0	0	0	0	0	0	0	0	0	0	0	0	0	0	0	0	0	0	0	0	0	2	0	0	0	0	0	0	0	0	0	0	0	0	2	0	0	0	2	2	2	0
CM007897.2_73323122_C_T		8	73323122								0	0	2	0	0	2	0	0	2	0	2	2	0	0	2	0	0	0	0	2	2	2	2	0	2	0	2	0	0	0	2	2	2	2	0	0	2	2	0	2	0	2	0	0	2	0	2	0	0	2	2	0
CM007897.2_75920944_A_C		8	75920944								0	0	2	0	0	0	1	1	0	0	0	0	0	2	0	2	2	2	2	2	0	0	0	2	0	0	2	2	2	0	2	2	2	0	2	0	0	2	2	2	0	2	2	2	2	0	2	0	2	0	0	0
CM007897.2_76020000_G_A		8	76020000								0	0	0	0	0	0	0	0	0	0	0	0	0	0	0	0	0	0	0	0	0	0	0	0	0	0	0	0	0	0	0	0	0	0	0	2	2	0	2	2	0	0	0	0	0	0	0	0	0	0	0	0
CM007897.2_80737557_A_G		8	80737557								2	0	2	0	0	0	2	0	2	0	2	2	0	2	2	2	0	0	0	2	2	2	2	2	0	0	2	0	2	2	2	2	0	2	0	2	2	2	2	2	0	0	2	0	2	0	2	0	0	0	2	0
CM007897.2_81326430_T_C		8	81326430								0	0	2	2	0	2	2	0	2	0	2	2	0	2	2	2	2	2	2	2	0	2	0	0	2	2	2	2	2	2	2	2	2	2	2	2	2	0	2	2	0	2	2	2	2	0	2	0	2	2	2	2
CM007897.2_82808539_A_G		8	82808539								2	0	0	0	0	0	2	2	0	0	0	0	0	2	0	2	2	2	2	0	2	0	2	2	0	2	0	2	0	0	0	2	0	0	2	2	0	0	2	0	0	0	2	2	2	0	2	0	2	0	0	2
CM007897.2_84677067_A_G		8	84677067								0	0	0	2	2	0	0	0	2	0	2	2	2	2	0	0	0	0	0	0	0	0	0	0	2	0	0	0	0	0	0	0	0	1	2	0	0	0	0	0	0	0	0	0	0	0	0	0	0	0	0	0
CM007897.2_85894591_G_T		8	85894591								2	0	0	0	0	0	0	0	2	0	0	0	0	0	0	0	0	0	0	0	2	0	2	0	0	0	0	0	0	2	0	0	0	0	2	2	0	0	0	0	0	0	0	0	0	0	0	0	0	0	0	0
CM007897.2_90572251_T_C		8	90572251								1	0	0	2	2	0	2	0	2	0	2	2	2	0	2	0	0	2	0	0	2	2	2	0	0	2	0	2	0	0	0	2	0	2	2	2	0	0	2	0	0	0	0	2	2	0	2	0	2	2	2	0
CM007897.2_90581922_G_C		8	90581922								0	0	0	0	0	0	0	0	0	0	0	0	2	0	0	0	0	0	0	0	0	0	0	0	0	2	2	2	2	0	2	2	0	2	0	0	0	0	0	0	0	0	0	0	2	0	0	0	0	2	0	0
CM007897.2_93084177_G_A		8	93084177								0	2	0	2	2	2	0	2	2	2	2	2	2	2	2	2	2	2	2	0	2	2	0	2	1	2	2	2	0	2	2	0	2	2	2	2	0	1	0	2	2	0	0	0	0	2	2	2	2	2	2	2
CM007897.2_94686451_G_C		8	94686451								0	0	0	0	0	0	0	0	2	0	0	0	1	0	2	0	0	0	0	0	1	2	0	0	0	0	0	0	0	2	0	0	0	0	0	2	0	2	0	0	0	0	0	0	0	0	2	0	0	0	2	0
CM007897.2_100366702_A_G		8	100366702								0	2	0	0	0	2	2	0	0	0	0	0	0	0	2	0	0	0	0	2	0	2	0	0	2	2	2	2	2	0	2	0	2	2	2	2	2	2	2	2	2	0	2	2	0	2	2	2	2	2	2	2
CM007897.2_100776157_A_G		8	100776157								0	2	2	2	2	2	2	2	2	0	2	2	2	2	2	2	2	2	2	2	2	2	2	2	2	2	2	2	2	0	2	0	2	2	2	0	0	0	2	0	2	2	2	2	0	2	2	2	2	0	2	2
CM007897.2_101276386_A_G		8	101276386								2	2	2	2	2	0	2	2	2	1	2	2	2	2	2	2	2	0	2	2	2	2	2	2	2	2	2	2	2	0	2	0	2	2	0	2	0	2	2	2	2	2	0	0	0	2	2	0	0	2	2	0
CM007897.2_102709137_G_A		8	102709137								2	2	2	0	0	2	2	2	0	2	2	2	2	2	2	2	2	2	2	2	2	2	2	2	2	2	2	2	2	0	2	0	2	2	0	0	2	2	2	0	0	2	2	2	0	2	2	0	0	2	2	2
CM007897.2_102914849_T_A		8	102914849								0	0	0	0	0	0	0	0	2	0	0	0	0	0	0	0	0	0	0	0	0	0	0	0	0	0	0	0	0	0	0	0	0	0	0	0	0	0	0	0	0	0	0	0	0	0	0	0	0	0	2	0
CM007897.2_103900797_A_T		8	103900797								0	0	0	0	0	2	2	2	0	0	2	2	2	0	2	2	2	2	2	2	0	2	0	2	0	0	2	0	0	2	0	0	2	2	0	0	2	0	2	0	0	2	2	0	0	2	2	2	2	0	2	0
CM007897.2_107082379_G_A		8	107082379								0	0	0	0	0	0	0	0	0	0	0	0	0	0	0	0	0	0	0	0	2	0	2	0	0	0	0	0	2	0	0	0	0	0	0	0	2	0	0	0	0	0	0	0	0	0	0	0	2	2	0	0
CM007897.2_110396518_T_G		8	110396518								2	0	2	2	0	0	0	0	0	0	0	0	0	0	0	0	0	0	0	0	0	0	0	2	0	0	2	0	0	2	0	0	2	0	0	0	0	2	0	1	0	0	0	0	0	0	0	0	0	0	0	0
CM007897.2_117198940_T_G		8	117198940								0	0	2	0	0	2	0	0	0	0	0	0	0	0	1	0	0	0	0	0	0	0	0	0	0	0	0	0	0	2	0	2	2	0	0	0	0	0	0	0	2	0	0	0	0	2	0	0	0	2	0	0
CM007897.2_119692137_A_G		8	119692137								2	0	0	0	0	0	2	2	0	0	2	2	2	2	2	2	2	2	2	0	2	2	2	2	0	2	0	2	2	2	0	0	0	2	0	0	0	0	0	2	0	0	0	0	0	0	2	0	2	2	2	0
CM007897.2_124135439_A_C		8	124135439								2	0	0	2	2	2	2	0	2	2	2	2	2	2	2	2	2	2	0	2	2	2	0	0	2	2	0	0	0	0	0	0	1	2	0	0	0	0	2	2	1	2	2	2	2	2	2	2	2	0	2	0
CM007897.2_124647688_C_A		8	124647688								2	0	2	0	2	0	0	0	0	1	0	0	0	0	0	0	0	0	2	0	0	0	0	2	0	0	0	0	0	0	0	0	0	0	0	0	0	0	0	0	0	0	0	0	0	0	0	0	0	0	0	0
CM007897.2_132333790_T_G		8	132333790								0	0	0	0	0	0	0	0	0	0	0	0	0	0	0	0	0	0	0	0	0	0	2	0	0	0	1	0	0	0	0	2	0	0	2	0	0	0	0	0	0	0	0	0	2	0	0	0	0	0	0	0
CM007897.2_133413874_A_G		8	133413874								2	2	2	2	2	2	2	0	2	2	2	2	0	2	2	2	2	2	2	1	2	2	0	2	2	2	2	2	0	2	2	2	2	2	2	2	2	2	0	2	0	2	2	2	2	2	2	2	2	0	2	2
CM007897.2_136095101_C_T		8	136095101								2	2	0	2	1	0	2	0	2	0	2	0	0	2	2	2	2	2	2	2	0	2	0	2	0	2	2	2	0	2	2	0	2	0	0	1	0	0	0	2	2	2	2	2	0	2	2	2	2	0	2	2
CM007897.2_151765019_G_T		8	151765019								2	0	0	2	0	0	0	0	0	0	0	0	0	2	0	0	0	0	0	0	2	0	0	0	0	0	0	0	0	0	0	0	0	0	0	0	0	0	0	0	0	0	0	0	0	0	0	0	0	0	0	0
CM007897.2_154765048_A_G		8	154765048								2	2	0	2	2	2	2	2	2	2	2	2	2	2	2	2	2	2	2	2	2	2	2	0	0	2	2	0	2	2	2	2	2	2	2	2	2	2	2	2	2	2	2	2	2	2	2	2	2	0	2	2
CM007897.2_163464904_G_A		8	163464904								2	0	2	2	2	2	2	2	2	2	2	2	2	2	2	2	2	2	2	2	2	0	2	2	2	0	2	2	2	2	0	2	2	2	0	2	2	2	2	0	2	2	2	2	2	2	2	2	2	0	0	2
CM007897.2_163891020_A_G		8	163891020								0	2	2	2	2	2	0	0	2	2	2	2	2	2	2	0	0	0	0	2	0	2	0	0	0	2	2	2	0	0	2	2	2	2	2	2	2	0	2	2	2	0	2	2	2	2	2	2	2	0	2	2
CM007897.2_164801661_A_G		8	164801661								2	2	2	2	2	0	2	2	2	2	2	2	2	2	2	2	0	2	0	2	2	2	2	0	0	2	0	0	2	2	2	2	0	2	2	2	0	0	2	2	2	2	2	2	2	2	2	2	2	0	2	0
CM007897.2_166018955_C_A		8	166018955								0	0	2	0	0	0	0	0	2	2	0	0	0	2	0	0	0	0	0	0	0	0	0	0	0	2	0	2	0	0	0	0	0	0	2	0	0	0	0	0	0	0	0	0	0	0	0	0	0	0	0	0
CM007898.2_744590_T_A		9	744590								2	2	0	2	2	0	0	2	2	0	2	1	2	2	2	2	2	2	2	0	2	0	2	0	0	0	0	0	2	0	0	0	0	0	0	0	0	0	0	2	0	0	0	0	0	0	2	0	0	0	0	0
CM007898.2_744666_G_T		9	744666								0	2	0	0	0	0	2	0	0	0	0	0	0	0	2	0	0	0	0	2	0	0	0	0	0	0	0	0	2	2	2	0	2	2	2	2	2	2	2	2	2	2	2	2	0	1	2	0	2	2	2	0
CM007898.2_744727_C_T		9	744727								2	0	0	0	0	0	2	2	0	0	0	0	0	0	0	2	0	0	0	0	2	0	2	0	0	0	0	0	2	0	2	0	0	0	2	2	2	0	2	2	0	0	2	2	0	1	2	0	0	2	2	0
CM007898.2_744809_G_C		9	744809								2	2	2	2	2	0	0	2	2	2	2	2	2	2	2	2	2	2	2	2	2	0	2	2	0	0	0	0	0	2	0	0	2	2	0	0	0	2	0	0	2	2	0	0	0	0	0	0	2	0	0	0
CM007898.2_759776_T_A		9	759776								0	2	0	0	2	0	0	0	2	0	0	0	0	2	0	0	0	0	0	0	0	0	0	0	0	0	0	0	0	2	0	0	2	0	0	0	0	0	0	0	0	0	0	0	0	0	0	0	0	0	0	0
CM007898.2_2361732_T_C		9	2361732								0	0	0	0	0	0	1	2	0	0	0	0	0	0	2	0	0	0	0	0	0	0	0	0	0	0	0	0	2	0	0	0	0	0	0	2	0	0	0	0	0	1	0	0	0	2	0	0	0	0	2	0
CM007898.2_3061906_T_C		9	3061906								0	2	0	2	0	2	2	2	2	2	0	0	2	2	0	0	0	2	0	0	0	0	0	0	2	1	2	0	0	0	1	2	0	0	2	0	0	0	0	0	2	0	0	0	0	0	2	0	0	0	0	2
CM007898.2_3063900_A_C		9	3063900								0	2	0	0	2	0	2	2	2	0	2	2	0	2	0	0	2	2	2	2	0	0	0	2	0	2	2	2	0	2	2	0	2	2	2	0	2	2	0	0	1	1	0	0	2	0	2	0	2	0	0	0
CM007898.2_4317934_G_A		9	4317934								0	0	0	0	0	0	0	0	0	0	0	0	0	2	0	0	0	2	0	0	0	0	0	0	0	0	0	0	0	0	0	0	1	1	0	0	0	2	0	0	0	2	0	0	0	0	0	0	0	0	0	0
CM007898.2_4324327_G_A		9	4324327								2	0	0	2	0	0	0	0	0	2	0	0	0	0	0	0	0	0	0	0	2	0	0	0	2	0	0	0	0	1	0	0	0	0	0	0	0	0	0	0	0	0	0	0	0	0	0	0	0	0	0	0
CM007898.2_4421766_A_G		9	4421766								2	2	2	2	1	2	2	2	2	2	2	2	2	0	2	2	0	2	0	0	2	2	2	0	0	0	0	0	0	1	2	2	2	2	2	2	0	2	2	2	2	2	2	2	0	2	2	2	2	0	2	2
CM007898.2_4588571_G_C		9	4588571								0	2	2	2	2	0	2	2	2	0	2	2	2	0	2	2	0	2	0	2	0	2	2	2	0	0	0	0	2	0	2	1	2	2	0	0	0	0	2	0	2	2	2	2	0	0	2	2	2	0	0	2
CM007898.2_5087559_T_C		9	5087559								0	2	0	0	0	0	0	0	0	0	0	0	0	0	0	0	0	0	0	0	2	0	0	2	0	0	0	0	0	0	0	2	0	0	0	0	0	0	0	0	0	0	0	0	0	2	0	0	0	2	0	0
CM007898.2_5087580_A_C		9	5087580								0	0	0	0	0	0	2	0	0	0	0	0	2	2	0	0	0	2	0	0	0	0	0	0	0	2	2	0	0	0	2	0	2	2	0	2	0	0	0	0	0	2	0	0	0	0	2	0	0	0	2	0
CM007898.2_6062173_G_A		9	6062173								2	0	0	2	2	0	0	0	0	0	2	2	2	2	0	2	2	2	2	2	0	2	2	0	2	0	0	0	0	2	0	0	2	2	0	0	0	2	2	0	0	2	2	2	0	0	2	2	1	0	0	0
CM007898.2_6144585_A_G		9	6144585								0	0	2	0	0	0	0	0	0	0	0	1	2	0	2	0	0	0	0	2	2	2	0	2	0	2	2	2	2	0	2	0	0	0	0	0	0	2	2	2	0	2	2	2	2	0	0	2	0	0	0	0
CM007898.2_6657708_A_G		9	6657708								0	2	0	0	2	0	2	2	2	2	0	1	0	2	0	2	2	2	2	2	2	0	2	0	2	0	0	0	0	0	0	0	0	0	0	2	2	0	0	0	1	2	2	2	0	2	2	0	0	0	0	0
CM007898.2_6658911_A_T		9	6658911								0	0	0	2	2	0	2	0	2	2	2	2	2	2	0	2	2	2	2	2	2	2	2	0	2	0	0	0	0	0	0	2	2	2	2	0	0	0	0	0	2	0	2	0	0	1	2	0	2	2	2	0
CM007898.2_6858034_A_G		9	6858034								0	2	0	1	0	0	2	2	2	2	2	2	2	2	2	2	2	2	2	2	2	0	0	0	2	2	2	0	2	2	0	0	2	2	2	0	0	0	0	0	0	0	2	0	2	2	2	2	2	2	0	1
CM007898.2_6971229_T_C		9	6971229								0	0	0	0	0	0	0	0	2	0	2	2	0	2	0	0	0	2	0	2	2	2	0	2	0	0	2	2	0	0	0	0	2	2	0	0	0	0	2	2	0	2	2	1	0	1	0	0	0	2	0	0
CM007898.2_10049376_T_C		9	10049376								2	2	2	2	2	0	0	2	2	2	2	2	2	2	2	2	2	2	2	0	2	2	0	0	0	2	2	0	2	2	2	0	0	2	2	2	2	2	2	0	0	1	2	2	2	2	2	2	2	2	2	2
CM007898.2_12080217_A_G		9	12080217								0	2	0	2	0	0	0	0	2	0	0	0	2	2	0	2	0	2	2	0	0	0	0	0	0	0	0	0	0	0	0	2	0	0	0	0	0	0	0	0	0	0	0	0	2	2	2	1	0	0	0	0
CM007898.2_12080277_G_A		9	12080277								0	0	0	0	0	0	0	0	0	0	0	0	0	0	0	0	0	0	0	0	0	0	2	0	2	0	0	0	2	0	2	0	2	0	0	0	0	0	0	2	0	2	0	0	0	0	0	0	0	0	2	1
CM007898.2_12496752_G_C		9	12496752								2	2	0	2	2	0	2	2	2	2	2	2	0	2	2	2	2	2	2	2	2	2	2	2	2	2	2	2	2	2	2	2	2	0	0	2	0	0	2	0	0	0	2	2	2	2	2	2	0	0	0	0
CM007898.2_12735670_C_A		9	12735670								0	2	2	2	2	2	2	1	2	2	2	2	0	2	2	2	2	2	2	2	2	2	2	2	2	2	2	2	2	2	2	2	2	2	2	2	2	2	2	0	2	2	2	2	2	2	2	2	2	0	2	2
CM007898.2_13788704_C_T		9	13788704								0	2	0	0	2	0	0	0	2	0	2	2	0	2	1	2	2	2	2	2	2	2	2	2	2	2	2	2	2	0	2	2	2	2	2	2	0	0	2	0	0	2	2	2	2	2	2	2	0	2	2	2
CM007898.2_14398935_T_G		9	14398935								0	0	0	0	0	0	2	2	2	0	2	1	0	0	0	0	0	0	0	2	0	0	0	0	2	2	2	0	0	2	0	0	2	2	2	2	2	2	2	0	2	2	2	2	2	2	2	2	2	0	2	0
CM007898.2_14695129_C_T		9	14695129								0	2	0	0	2	2	0	1	2	2	2	0	0	2	0	2	2	2	2	0	0	2	2	2	0	2	2	2	2	2	0	0	0	2	0	0	2	0	2	2	2	2	2	2	0	2	2	0	0	2	2	2
CM007898.2_15556778_C_T		9	15556778								0	2	2	0	0	0	0	1	2	2	1	2	0	2	0	0	0	2	0	2	2	2	0	0	2	2	2	0	0	2	0	0	2	2	0	2	0	2	0	2	0	2	0	0	0	2	2	2	2	0	2	0
CM007898.2_16149253_T_G		9	16149253								0	0	0	2	0	0	0	0	0	0	0	0	0	0	0	0	0	0	0	0	0	0	0	0	0	0	0	0	0	0	0	0	0	0	0	0	0	0	0	0	0	0	0	0	2	0	0	0	0	2	0	0
CM007898.2_16152868_C_G		9	16152868								0	0	0	2	2	0	0	0	0	0	2	2	2	2	0	0	2	2	2	0	2	2	0	2	0	0	2	2	0	0	0	0	0	2	2	0	0	0	2	0	0	0	2	2	2	2	2	2	0	2	2	0
CM007898.2_18621741_A_T		9	18621741								0	2	2	0	2	0	2	0	2	2	0	0	0	2	2	0	2	2	2	0	2	2	0	2	0	0	2	2	0	0	0	0	0	2	0	0	2	2	0	0	2	0	0	0	2	2	2	2	2	2	2	0
CM007898.2_18623139_T_C		9	18623139								0	2	0	0	2	0	2	0	0	2	0	0	0	0	0	0	0	0	0	0	0	0	0	0	0	0	2	0	0	0	0	0	0	0	0	0	0	0	0	0	0	0	0	0	0	0	2	0	0	0	0	0
CM007898.2_18829355_A_G		9	18829355								2	2	0	0	0	0	2	0	0	0	0	0	0	0	2	0	0	0	0	0	0	2	0	0	0	0	2	2	0	0	0	2	0	2	2	0	2	2	2	2	2	0	2	2	2	2	2	2	2	2	2	0
CM007898.2_19800391_A_T		9	19800391								0	2	0	0	0	0	2	2	2	2	2	0	0	0	2	2	2	0	0	2	0	2	2	0	0	2	2	2	0	2	2	0	2	2	0	2	2	2	0	0	2	2	0	0	0	2	2	2	0	2	2	2
CM007898.2_20248994_C_A		9	20248994								0	2	2	0	2	0	2	2	2	2	2	2	0	2	2	2	0	2	2	2	2	2	2	2	2	2	2	2	0	2	2	0	2	0	0	2	0	2	0	0	2	0	0	0	2	0	2	2	2	0	2	0
CM007898.2_27082197_C_T		9	27082197								2	0	0	0	0	2	0	0	0	0	2	2	0	0	2	2	2	2	2	2	0	0	2	2	0	2	2	2	0	1	2	0	2	0	0	0	0	0	0	0	0	2	0	0	2	0	2	0	2	0	0	2
CM007898.2_27802564_G_A		9	27802564								2	0	0	2	0	0	2	2	0	0	1	0	2	0	0	2	0	0	0	0	0	0	0	0	0	2	0	0	0	2	0	0	0	0	0	0	0	0	0	0	0	0	0	0	0	0	0	0	0	0	0	0
CM007898.2_30503317_C_A		9	30503317								0	0	0	0	0	0	0	0	0	0	0	0	0	0	0	0	0	0	0	0	0	0	2	0	0	0	0	0	0	2	0	0	2	0	0	0	0	0	0	0	0	0	0	0	0	0	0	0	0	0	0	0
CM007898.2_34608397_A_C		9	34608397								0	0	0	0	2	0	2	2	0	0	2	2	0	2	2	0	2	2	0	0	2	2	0	2	2	2	2	2	2	0	2	0	0	0	2	0	2	0	0	0	0	0	0	0	2	1	2	2	2	0	2	0
CM007898.2_40806662_G_T		9	40806662								0	0	2	0	0	0	2	2	2	2	2	2	0	2	2	2	0	0	0	2	0	0	0	0	0	2	2	0	0	2	2	0	0	2	0	2	2	0	0	0	0	0	0	2	2	2	2	2	0	0	2	0
CM007898.2_48890737_G_T		9	48890737								0	2	0	0	0	2	2	2	0	0	0	0	0	0	0	0	2	2	2	0	0	0	0	0	0	0	0	0	2	0	0	0	2	0	2	0	2	0	0	2	2	0	0	0	0	0	0	2	2	0	0	2
CM007898.2_49423168_G_A		9	49423168								0	2	0	1	0	0	2	2	2	2	0	0	2	0	2	2	0	0	0	0	0	0	0	2	0	2	2	0	2	2	2	2	0	0	2	0	2	0	2	2	2	0	2	2	2	0	1	0	0	0	0	2
CM007898.2_53514091_C_G		9	53514091								0	0	0	0	0	0	0	0	0	0	0	0	0	0	0	0	0	0	2	2	0	0	0	0	0	0	0	0	0	0	0	0	0	2	0	2	0	0	0	0	0	2	0	0	0	0	0	2	0	0	2	2
CM007898.2_53721919_C_G		9	53721919								2	2	2	0	2	0	0	0	2	2	2	2	0	2	2	2	2	2	2	0	2	2	2	0	0	0	0	0	0	0	0	0	2	2	0	0	0	2	1	2	2	0	1	0	0	2	2	0	2	2	0	0
CM007898.2_54583914_C_T		9	54583914								0	0	0	0	0	0	0	0	0	0	0	0	0	0	0	0	0	0	0	0	0	0	0	0	0	0	0	0	0	2	0	0	2	2	0	0	0	0	0	2	0	0	0	2	0	2	2	0	0	0	0	0
CM007898.2_58988655_T_C		9	58988655								0	0	0	0	0	0	0	0	2	2	2	1	2	2	0	2	0	2	0	2	0	2	0	0	0	0	0	0	0	0	0	0	0	0	0	0	0	0	0	0	0	2	0	0	0	0	0	0	2	0	0	1
CM007898.2_59049387_G_T		9	59049387								2	2	2	2	2	0	2	2	2	2	0	0	2	2	2	2	2	0	2	0	2	2	2	2	2	2	2	2	2	2	2	2	2	2	0	2	2	2	0	2	2	2	0	0	0	0	2	0	2	2	2	0
CM007898.2_59103329_T_C		9	59103329								0	0	2	2	0	0	2	2	2	2	0	2	2	2	2	2	2	2	2	0	2	0	0	0	0	0	0	0	0	2	0	2	0	2	0	0	0	0	0	2	2	2	0	0	0	0	2	0	2	0	2	0
CM007898.2_60659374_G_A		9	60659374								0	0	0	2	0	0	0	0	0	0	0	0	0	0	0	0	0	0	0	0	0	0	0	0	0	0	0	0	0	0	0	0	0	2	0	0	2	0	0	0	0	0	0	0	0	0	0	0	0	0	0	0
CM007898.2_71447901_T_G		9	71447901								0	2	2	2	0	2	0	0	2	2	2	2	2	2	0	2	2	2	2	2	2	2	2	0	0	0	0	0	0	2	0	0	2	0	0	2	0	0	0	2	0	2	0	0	0	0	2	0	2	0	2	2
CM007898.2_73551832_G_A		9	73551832								0	0	0	0	0	0	0	2	2	2	0	0	0	0	2	0	0	2	0	0	2	2	2	0	2	0	0	0	0	0	2	2	0	2	0	2	2	0	2	0	0	0	2	2	0	0	2	0	2	0	0	2
CM007898.2_73749744_C_T		9	73749744								0	0	0	0	0	0	0	0	0	0	0	0	0	0	0	2	0	0	0	0	0	2	0	0	0	0	0	0	0	0	0	0	0	0	0	0	0	0	0	2	2	0	0	0	0	0	0	0	0	2	2	0
CM007898.2_74052947_C_G		9	74052947								0	2	0	2	0	0	0	0	0	0	2	0	2	2	2	0	0	0	0	0	0	0	2	0	0	0	0	0	0	2	2	2	0	0	0	0	2	0	0	0	0	0	0	0	0	0	0	0	0	0	0	0
CM007898.2_75464068_G_C		9	75464068								2	2	2	2	0	0	2	2	2	2	2	2	0	2	2	2	2	2	2	2	2	2	2	2	2	2	2	2	2	2	2	2	0	2	2	2	2	2	2	2	0	0	2	2	2	0	1	0	2	2	2	2
CM007898.2_76987699_A_G		9	76987699								0	2	2	0	0	0	2	2	0	0	0	0	0	0	0	2	0	0	0	2	0	0	0	0	0	0	0	0	0	2	0	2	2	2	0	2	2	0	0	2	2	2	0	0	0	0	0	0	2	2	2	2
CM007898.2_81012528_T_C		9	81012528								2	2	2	2	2	0	2	2	2	0	2	2	2	2	2	2	2	2	2	2	2	2	2	2	2	2	2	2	2	2	2	0	2	2	0	2	0	2	2	2	0	0	2	2	0	2	2	2	2	2	2	2
CM007898.2_81137171_A_G		9	81137171								2	0	2	2	2	0	0	0	2	2	2	2	2	2	2	2	2	2	2	0	2	2	0	2	2	2	2	0	2	2	2	2	2	2	2	2	2	2	2	2	2	2	2	2	2	2	2	2	0	2	2	0
CM007898.2_81722519_C_T		9	81722519								0	2	0	0	0	0	0	0	0	0	2	0	0	0	0	0	0	0	0	0	0	0	2	0	0	0	0	0	0	0	0	0	0	0	0	0	0	0	0	0	0	0	0	0	0	0	0	0	0	0	0	0
CM007898.2_83123883_G_T		9	83123883								0	0	2	2	2	0	0	0	2	2	0	2	2	0	0	0	0	0	0	2	2	0	0	0	0	0	0	0	0	0	0	0	0	0	2	2	0	0	0	0	0	0	0	0	0	0	0	0	0	0	0	0
CM007898.2_86944907_T_A		9	86944907								2	0	2	2	2	0	2	0	2	2	2	2	2	2	2	2	0	2	0	2	2	2	2	0	2	2	2	2	2	0	2	2	2	2	0	2	0	0	2	2	2	2	2	2	2	0	2	2	2	0	2	2
CM007898.2_87492888_T_C		9	87492888								2	2	2	2	0	0	0	0	0	2	2	2	0	2	2	2	2	2	0	2	2	2	2	2	2	0	0	2	0	2	0	0	2	0	0	0	2	2	0	2	0	0	0	0	2	0	0	0	0	2	2	0
CM007898.2_87660789_T_A		9	87660789								0	2	2	2	2	0	2	2	2	2	2	0	2	0	2	2	0	2	2	2	2	2	0	0	2	2	2	2	2	2	2	2	2	2	2	2	2	2	2	2	0	2	2	2	2	2	2	2	2	2	2	2
CM007898.2_89713362_G_C		9	89713362								0	0	0	2	2	1	2	2	2	2	2	2	2	2	0	2	2	2	2	2	2	2	0	2	2	2	2	2	2	2	2	0	2	2	0	2	2	2	2	2	0	2	2	2	2	0	0	2	0	1	2	0
CM007898.2_90512008_G_C		9	90512008								0	2	0	0	0	2	0	0	2	0	0	2	2	2	2	0	2	0	0	2	0	2	0	0	2	0	0	0	2	2	0	0	2	2	0	2	0	2	0	2	2	2	0	0	0	0	2	0	2	2	2	2
CM007898.2_91130986_G_A		9	91130986								0	2	0	2	0	0	0	0	0	2	0	0	0	0	0	0	0	0	0	0	0	0	0	0	0	0	0	0	0	0	0	2	0	0	0	0	0	0	0	0	0	0	2	0	0	0	0	2	0	0	0	2
CM007898.2_91657679_A_G		9	91657679								2	2	2	2	2	0	2	0	2	2	2	2	2	2	2	2	2	2	2	0	2	2	2	2	0	2	2	2	2	2	2	2	2	2	2	0	0	0	2	2	2	2	2	2	2	0	2	2	2	2	2	2
CM007898.2_91675669_C_T		9	91675669								2	2	2	2	2	0	1	2	0	2	2	2	0	2	2	2	2	2	0	0	2	2	2	2	0	1	2	2	2	0	2	2	2	0	0	0	0	2	2	2	2	2	2	0	2	0	2	2	0	2	2	0
CM007898.2_93234939_G_A		9	93234939								0	0	0	2	0	0	2	0	2	0	0	0	2	2	0	0	0	0	2	0	0	0	0	0	0	1	2	0	0	0	2	2	2	0	0	0	0	0	2	2	2	2	2	2	2	0	0	2	0	2	0	0
CM007898.2_94432420_C_G		9	94432420								2	2	2	2	2	2	2	2	0	0	2	2	0	2	2	0	2	2	2	2	2	2	0	2	2	2	2	2	2	2	2	2	2	2	2	2	2	2	2	2	2	2	2	2	2	0	2	2	2	2	2	2
CM007898.2_95554975_A_G		9	95554975								2	0	0	0	0	0	0	0	0	2	0	0	0	0	0	2	0	2	0	0	0	2	0	0	0	0	0	0	0	0	0	0	0	0	0	0	0	0	0	0	0	0	0	0	0	0	0	0	0	0	2	0
CM007898.2_96592956_G_T		9	96592956								2	2	2	2	2	2	0	2	0	2	2	2	0	2	2	2	2	0	2	2	2	2	2	0	0	2	2	2	0	2	2	2	2	2	0	1	2	2	0	2	2	2	2	2	0	0	2	2	2	2	2	0
CM007898.2_97106155_T_C		9	97106155								0	2	0	2	0	2	2	0	2	2	0	2	0	2	2	2	2	2	0	2	0	2	2	0	0	2	2	2	0	2	2	2	2	2	2	2	2	2	2	2	2	2	2	2	2	0	2	2	2	2	2	2
CM007898.2_99874877_T_A		9	99874877								2	2	0	2	2	0	0	0	2	0	2	2	2	2	2	0	0	2	0	2	2	2	2	0	0	2	2	2	2	2	2	0	2	2	0	2	2	0	0	0	2	0	0	2	0	2	2	2	2	2	2	1
CM007898.2_101486412_T_C		9	101486412								0	2	2	2	2	2	2	2	2	2	2	2	0	2	2	2	0	0	0	2	2	0	0	2	0	2	0	0	2	2	2	2	2	2	2	2	0	0	2	0	2	2	2	2	2	0	2	2	0	0	2	2
CM007898.2_105241316_T_C		9	105241316								2	2	0	2	0	0	0	0	2	2	2	2	0	2	2	2	0	0	0	0	0	0	0	2	0	2	2	2	0	2	2	0	0	2	0	2	0	0	2	2	2	0	2	2	2	2	0	2	0	0	0	2
CM007898.2_107658575_C_G		9	107658575								0	2	0	2	0	0	0	0	2	0	0	0	2	2	2	0	2	2	2	0	0	0	0	2	0	2	2	2	0	1	2	0	0	2	2	0	0	0	2	0	2	0	2	2	2	2	2	1	2	0	0	0
CM007898.2_108951994_A_T		9	108951994								2	2	2	2	2	0	0	0	2	2	2	2	2	2	2	2	2	2	2	2	2	1	2	2	0	2	2	0	0	2	2	0	1	2	0	2	0	2	2	2	2	0	2	2	0	2	2	2	2	0	2	0
CM007898.2_112730393_A_G		9	112730393								0	2	0	1	2	2	0	0	2	2	2	2	0	2	2	2	2	2	2	2	0	2	2	2	2	2	2	2	2	2	2	0	1	2	0	2	0	0	2	2	2	2	2	2	0	2	2	2	2	2	2	0
CM007898.2_113477523_G_A		9	113477523								0	0	2	0	0	0	0	0	0	0	0	0	0	0	2	0	2	2	2	0	2	2	0	2	2	2	2	2	2	0	2	0	0	0	2	0	0	0	2	2	0	2	2	2	2	2	2	2	2	2	2	0
CM007898.2_113934373_A_G		9	113934373								0	0	2	2	0	0	0	0	2	0	0	0	2	2	0	0	0	1	0	0	2	0	0	2	0	2	2	0	0	0	0	0	0	0	0	0	0	0	0	0	2	0	0	0	0	0	0	0	2	0	0	0
CM007898.2_116955867_A_G		9	116955867								2	0	2	2	2	2	2	2	2	2	2	2	2	2	2	2	2	2	2	2	2	2	2	2	2	2	2	0	2	0	0	0	1	0	0	2	0	2	0	0	0	0	0	0	0	2	0	0	1	2	0	2
CM007898.2_117508143_T_G		9	117508143								0	2	2	2	2	0	0	0	2	0	0	0	2	2	2	1	0	0	0	0	2	2	0	0	2	0	0	0	2	0	2	1	0	2	2	0	0	0	2	2	2	0	2	2	0	0	2	2	0	2	2	0
CM007898.2_120059788_T_C		9	120059788								0	0	0	2	0	0	0	0	0	1	1	0	0	0	0	0	0	0	0	2	0	0	0	0	0	0	0	0	0	0	0	0	2	0	0	2	0	0	0	0	0	0	0	0	0	0	0	0	0	0	0	0
CM007898.2_120059879_G_A		9	120059879								0	0	0	2	0	2	2	2	0	0	1	2	2	0	2	0	2	2	2	0	0	0	0	2	2	2	2	2	2	0	2	0	0	0	2	0	2	0	2	0	0	0	2	2	2	0	2	2	2	0	0	0
CM007898.2_120536267_T_C		9	120536267								2	2	2	0	2	2	2	2	2	0	0	0	0	2	2	0	0	0	0	0	2	2	0	0	0	2	2	0	0	1	2	0	0	2	2	0	0	0	0	2	2	0	2	2	0	0	2	0	2	0	2	0
CM007898.2_120721176_T_G		9	120721176								0	0	0	0	0	1	2	2	0	0	0	0	0	0	0	2	0	0	0	0	0	0	0	0	0	0	0	0	0	0	0	1	0	0	0	0	2	0	0	0	0	0	0	0	0	0	0	0	0	0	0	0
CM007898.2_122126672_T_C		9	122126672								2	2	2	0	2	0	2	2	2	2	0	0	0	2	0	2	2	2	2	0	0	0	0	2	1	2	2	2	2	0	2	0	0	0	0	0	2	0	2	0	2	0	2	2	0	0	2	0	0	0	1	0
CM007898.2_123696017_T_C		9	123696017								0	0	0	0	0	0	2	0	0	0	0	0	0	0	0	0	0	0	0	0	0	0	0	0	0	0	0	2	0	0	2	2	0	0	0	0	0	1	0	2	0	0	0	2	0	0	0	0	0	0	2	0
CM007898.2_123696287_A_T		9	123696287								0	0	2	0	2	0	2	2	0	2	0	0	0	2	0	0	2	2	2	0	2	2	0	2	0	2	2	0	0	0	2	2	0	2	0	0	2	2	2	2	0	0	2	0	0	0	2	2	2	2	2	0
CM007898.2_124153017_G_T		9	124153017								2	2	0	2	0	2	2	0	2	2	2	0	2	0	2	2	1	2	2	2	2	2	2	0	2	2	2	2	2	2	2	2	2	2	2	2	2	1	2	2	2	2	2	2	2	2	2	2	2	2	2	2
CM007898.2_124832159_T_C		9	124832159								0	2	2	0	0	0	0	0	2	0	0	0	0	2	2	0	2	2	2	2	0	0	2	2	0	2	2	2	0	0	2	1	2	2	0	0	0	2	2	0	2	2	1	2	2	0	2	2	2	0	0	0
CM007898.2_125589684_T_G		9	125589684								2	0	2	0	0	0	0	0	0	0	0	0	0	0	2	0	1	0	0	0	0	0	0	2	0	0	0	0	0	0	0	0	0	0	0	0	0	0	0	0	0	0	2	0	0	0	2	0	0	0	0	0
CM007898.2_127550252_G_A		9	127550252								0	0	0	0	0	0	0	0	0	0	0	0	0	2	0	0	0	0	0	0	0	0	0	0	0	0	0	0	0	0	0	2	0	2	0	0	0	2	0	0	0	0	2	0	0	0	0	0	0	0	0	0
CM007898.2_128312720_T_C		9	128312720								0	0	2	2	0	2	2	2	2	2	0	0	0	2	2	2	0	0	0	2	0	2	0	0	2	2	2	2	2	2	0	0	0	2	2	2	2	0	2	2	0	0	2	2	0	1	2	2	2	0	2	0
CM007898.2_130250612_G_T		9	130250612								0	0	2	0	2	2	2	2	0	2	0	0	0	0	2	2	0	2	2	0	2	2	0	2	0	2	2	2	0	0	2	2	0	0	2	2	2	0	0	2	0	0	0	0	2	0	2	0	1	0	2	2
CM007898.2_130313252_G_A		9	130313252								2	2	2	2	0	0	0	0	2	2	0	0	2	0	0	0	2	2	2	0	0	0	0	2	0	2	2	2	0	0	2	0	0	0	2	0	0	0	2	0	2	0	2	2	2	2	2	2	2	2	0	0
CM007898.2_130625727_A_T		9	130625727								0	0	2	2	2	0	0	2	0	0	0	0	2	0	2	0	0	0	0	0	2	1	0	2	0	0	0	0	0	0	2	0	0	0	0	2	0	0	2	2	2	0	2	1	0	0	2	0	0	0	2	2
CM007898.2_131198592_C_T		9	131198592								0	0	2	2	2	0	0	0	0	2	2	2	0	0	2	2	2	2	2	0	0	0	0	2	2	2	2	2	0	0	2	2	0	0	2	0	0	0	0	0	2	0	0	0	2	0	2	0	2	0	0	0
CM007898.2_131995200_A_G		9	131995200								0	0	0	2	0	0	0	0	1	0	0	0	0	2	0	2	0	0	2	2	0	0	0	0	2	0	0	0	2	2	0	2	1	0	0	0	0	2	0	0	0	0	0	0	0	0	0	2	0	0	0	0
CM007898.2_132413731_C_T		9	132413731								0	2	0	2	0	0	2	0	0	0	0	0	0	0	0	2	0	0	0	0	0	0	0	2	0	0	0	0	0	0	0	0	0	0	0	0	0	0	0	0	0	0	0	0	2	1	0	0	0	0	0	0
CM007898.2_132591767_T_C		9	132591767								2	2	0	0	2	0	2	0	2	2	2	2	2	0	2	2	0	2	0	0	0	2	2	0	0	2	2	0	2	1	2	1	2	2	2	2	0	0	2	2	2	2	2	2	2	2	0	2	0	0	2	0
CM007898.2_133964787_T_C		9	133964787								2	2	2	2	2	2	2	2	2	2	2	2	2	2	2	2	0	0	0	2	2	2	2	0	0	2	0	2	2	2	1	2	0	2	2	2	2	0	0	2	0	2	2	2	0	2	2	2	2	0	2	0
CM007898.2_135656040_A_G		9	135656040								0	2	2	2	2	0	2	2	2	2	2	2	0	0	2	2	0	0	0	0	2	2	0	0	2	0	0	0	2	1	2	2	2	0	0	0	0	2	2	2	2	2	2	2	0	2	1	2	0	0	2	0
CM007898.2_137164691_A_G		9	137164691								0	0	2	0	0	0	0	0	2	0	0	0	0	0	0	0	0	0	0	0	0	2	0	0	0	0	0	0	0	0	2	0	0	0	0	0	2	0	2	0	0	0	2	2	0	0	0	2	0	0	0	0
CM007898.2_137165958_C_A		9	137165958								0	2	2	0	0	0	2	2	2	0	0	0	0	0	2	2	0	0	0	2	0	2	2	0	0	0	0	0	0	0	2	2	2	0	2	2	2	2	2	0	2	2	2	2	0	2	2	2	0	2	2	2
CM007898.2_137370607_T_G		9	137370607								0	0	2	0	0	0	0	2	2	0	2	2	0	0	2	2	2	2	2	0	0	2	2	2	0	1	2	2	0	0	2	0	0	0	0	2	0	0	0	0	0	0	0	0	2	2	2	2	2	1	2	0
CM007898.2_138187680_G_T		9	138187680								0	0	0	2	0	0	0	0	0	0	0	0	0	0	0	0	0	0	0	0	0	0	0	0	0	0	2	0	0	0	0	2	2	0	0	0	0	0	0	0	0	0	0	0	0	0	2	0	0	0	2	0
CM007898.2_141891894_C_T		9	141891894								2	2	2	2	2	0	0	0	2	2	2	2	2	2	2	2	0	2	2	0	2	2	2	2	2	2	2	2	2	2	2	0	2	2	2	2	0	2	2	0	2	0	2	2	2	2	2	2	2	2	2	2
CM007898.2_143699192_A_T		9	143699192								2	2	2	2	2	2	0	2	2	2	2	2	2	2	2	2	2	2	2	0	2	2	0	2	2	2	2	2	2	0	0	2	0	2	2	2	0	0	2	0	2	2	2	2	2	2	2	2	2	2	2	2
CM007898.2_143834397_A_G		9	143834397								2	2	2	2	2	2	2	2	2	2	2	2	2	2	2	2	0	2	0	2	2	2	2	2	0	2	2	0	2	2	2	2	2	2	0	2	2	2	2	2	2	2	2	0	2	2	2	2	2	0	0	2
CM007898.2_144686379_T_A		9	144686379								0	2	0	2	0	0	2	0	2	0	0	0	2	2	0	2	2	2	2	0	0	2	0	0	0	0	0	0	0	0	0	2	0	0	2	0	0	0	0	0	0	0	0	0	0	0	2	0	2	0	2	0
CM007898.2_152996619_G_T		9	152996619								2	0	2	2	2	0	0	0	2	2	2	2	2	2	2	0	2	2	2	0	2	0	2	2	0	0	0	0	0	0	0	0	0	0	0	0	0	0	0	0	0	0	0	0	0	0	0	0	0	0	0	0
CM007898.2_153039647_C_A		9	153039647								0	0	0	0	0	0	0	0	0	0	0	0	0	0	0	0	0	0	0	0	0	0	0	0	0	2	0	0	2	0	0	0	0	0	0	0	0	0	0	0	0	0	0	0	0	2	0	0	0	0	0	0
CM007898.2_154859305_A_G		9	154859305								0	2	0	0	0	0	0	0	2	2	0	0	0	0	2	0	0	0	0	0	0	2	0	0	0	0	2	0	0	0	2	2	2	0	0	0	0	0	2	2	2	2	0	0	0	0	2	2	0	0	1	0
CM007898.2_155839603_A_G		9	155839603								0	2	2	0	0	0	2	0	2	1	0	0	0	0	0	0	0	0	0	0	0	0	0	0	0	0	2	0	0	0	0	0	2	2	0	1	0	0	2	0	2	0	0	2	2	0	0	0	0	0	0	0
CM007898.2_157834470_G_C		9	157834470								2	2	0	2	2	2	2	2	0	1	0	2	0	2	2	2	2	2	2	2	2	2	0	2	0	2	2	2	2	2	2	2	2	2	2	2	2	2	0	2	1	2	2	2	0	2	2	2	2	0	0	2
CM007898.2_158426102_A_G		9	158426102								2	2	2	0	2	2	2	0	2	0	2	2	2	2	2	1	0	0	0	2	0	2	2	0	0	0	0	0	0	2	2	2	2	2	2	2	0	0	2	2	2	2	2	2	2	2	2	2	2	0	2	0
CM007898.2_158959902_A_G		9	158959902								0	2	2	2	2	2	2	2	2	2	2	2	2	2	2	2	2	2	2	0	2	2	0	2	2	0	0	0	0	2	2	2	0	2	2	1	2	2	2	0	2	2	2	2	2	2	2	2	2	0	2	0
CM007898.2_159560682_C_A		9	159560682								0	0	0	0	0	0	0	0	0	0	0	0	0	0	2	0	0	0	0	0	0	0	0	0	0	0	0	0	0	2	0	0	0	0	2	0	0	2	0	0	0	2	2	0	0	0	0	0	0	0	0	0
CM007898.2_160525968_G_A		9	160525968								0	2	0	2	0	0	0	0	2	2	0	0	2	0	2	1	2	2	2	0	2	2	0	2	2	2	2	2	2	0	0	0	0	0	1	2	0	0	2	0	2	0	0	2	0	0	2	0	2	0	2	0
CM007898.2_162862399_T_C		9	162862399								0	0	0	2	2	0	0	0	2	2	0	0	0	0	0	0	0	0	0	0	2	2	0	0	0	0	0	0	2	0	2	2	2	2	2	0	2	2	2	2	2	2	2	0	0	2	2	2	2	0	2	2
CM007898.2_166352507_T_C		9	166352507								2	2	0	2	2	2	2	0	2	2	2	2	2	2	2	1	2	2	2	2	0	2	0	0	0	2	0	2	2	2	2	2	2	2	2	2	2	0	2	2	2	2	2	2	2	2	2	2	2	0	2	2
CM007898.2_167850258_G_A		9	167850258								2	2	2	2	2	0	2	2	2	2	2	2	2	2	2	2	0	2	0	1	2	2	2	2	2	0	0	2	2	2	0	0	0	2	2	2	2	1	0	0	2	0	2	2	2	2	2	2	2	2	2	2
CM007898.2_168944686_C_A		9	168944686								0	0	0	0	0	2	0	0	0	0	0	0	0	0	0	0	2	0	2	0	0	0	0	0	0	0	0	0	0	0	0	0	0	0	2	2	0	0	0	0	0	0	0	0	0	0	0	0	2	0	0	0
CM007898.2_168946071_C_T		9	168946071								0	2	0	2	2	2	2	2	2	2	0	0	2	0	2	2	0	2	0	0	0	2	0	2	0	0	0	0	0	0	0	2	0	0	2	2	0	0	2	0	2	2	0	2	2	0	2	0	2	0	2	0
CM007898.2_170351254_C_T		9	170351254								0	0	0	0	0	2	0	0	0	0	0	0	0	0	0	0	0	0	0	2	0	2	2	0	0	0	0	0	0	2	0	0	2	2	0	0	0	2	0	0	0	0	0	0	0	1	0	2	0	0	2	2
CM007898.2_170652378_T_C		9	170652378								2	2	0	2	0	0	0	0	2	2	2	2	2	0	2	1	2	2	2	0	0	0	0	2	0	0	0	0	0	2	0	2	0	0	0	0	0	0	2	1	2	2	0	0	0	2	2	2	0	2	2	2
CM007898.2_170848680_G_C		9	170848680								0	0	0	2	0	0	0	0	0	0	0	2	0	0	0	0	0	0	0	0	0	0	0	0	0	0	0	0	0	0	0	1	0	0	0	0	0	0	0	2	0	0	0	0	0	1	0	2	0	0	0	0
CM007898.2_171213298_T_A		9	171213298								0	0	0	0	0	0	0	0	0	0	0	2	0	0	0	0	2	2	0	0	0	0	0	0	0	0	0	0	0	0	0	0	0	0	2	0	0	0	0	0	0	2	0	2	0	1	0	2	0	0	0	0
CM007898.2_172893280_A_G		9	172893280								2	2	2	2	2	2	2	2	2	2	2	2	2	2	2	2	0	2	0	0	0	2	2	0	0	0	2	0	2	2	2	2	1	2	0	0	2	2	2	2	2	2	2	2	0	2	2	2	0	2	2	0
CM007898.2_173197740_C_G		9	173197740								0	0	2	0	2	0	0	2	0	0	0	0	0	0	0	1	1	0	0	0	0	0	0	2	0	0	0	0	0	0	0	0	0	0	0	0	0	0	0	0	0	0	0	0	0	0	0	0	0	0	0	0
CM007898.2_174032349_T_C		9	174032349								0	2	0	2	2	0	0	0	2	2	2	2	1	0	2	2	0	2	2	0	2	2	0	2	2	0	0	0	0	2	0	0	0	0	2	2	0	0	2	2	2	2	0	0	0	2	2	2	2	0	0	1
CM007898.2_174288088_G_C		9	174288088								0	0	2	2	0	0	0	0	0	0	2	2	2	0	0	1	0	0	0	0	2	2	0	0	2	2	2	2	2	2	2	2	0	0	2	0	0	0	0	0	0	0	0	0	0	1	0	0	0	0	0	0
CM007898.2_175050327_G_C		9	175050327								0	0	0	0	0	0	0	0	0	0	0	0	0	0	0	0	0	0	0	2	2	0	0	0	2	0	0	0	2	0	0	2	0	0	0	0	0	0	0	0	0	0	0	0	0	1	0	0	0	0	0	0
CM007898.2_175507166_G_A		9	175507166								2	2	0	0	0	0	0	0	0	0	0	0	0	0	0	0	0	0	0	0	0	0	0	0	0	0	1	2	0	0	0	2	0	0	0	0	0	0	0	0	0	0	0	0	0	0	2	0	0	0	0	0
CM007898.2_175507244_T_C		9	175507244								2	2	2	1	0	0	0	0	0	2	2	2	0	2	2	0	2	0	0	0	2	0	0	0	0	2	2	2	2	2	2	2	0	1	0	2	0	0	2	2	2	0	2	0	0	2	2	2	0	0	2	0
CM007898.2_175507521_A_C		9	175507521								0	0	0	0	0	0	0	0	0	0	2	0	0	2	0	0	0	0	0	0	0	0	0	0	0	0	0	0	0	0	0	0	0	1	0	0	0	0	0	2	0	0	2	0	0	2	0	2	0	0	1	0
CM007898.2_176109099_G_A		9	176109099								0	2	2	0	0	0	0	0	2	2	0	0	0	0	2	2	2	2	2	0	2	2	2	2	2	0	0	0	2	0	2	0	2	0	2	0	2	0	2	2	0	2	0	1	2	0	2	2	2	0	0	0
CM007898.2_176600611_C_A		9	176600611								0	2	0	0	2	2	2	2	0	2	0	0	0	0	2	2	2	2	2	2	2	2	0	0	2	0	0	0	2	0	2	0	2	0	0	0	0	2	2	0	2	2	0	0	2	0	2	0	2	0	0	0
CM007898.2_177200155_G_A		9	177200155								0	0	2	0	0	0	2	0	0	0	2	2	0	0	0	2	2	0	0	0	0	2	2	0	0	0	1	0	0	0	0	0	0	0	0	0	0	0	0	0	0	0	0	0	0	0	2	0	2	0	2	0
CM007898.2_177270479_C_G		9	177270479								0	0	0	0	0	0	0	0	0	0	0	2	0	0	0	0	2	0	2	2	0	0	0	0	0	0	0	0	0	0	2	0	2	0	0	0	0	0	0	0	0	0	0	0	0	0	2	0	0	0	0	0
CM007898.2_177270560_G_T		9	177270560								0	0	0	0	0	0	0	0	0	0	1	2	0	0	0	0	2	2	2	0	2	0	0	2	2	1	2	0	2	0	0	0	0	0	0	0	0	0	0	0	0	0	0	0	0	0	2	0	0	0	0	0
CM007898.2_178141342_C_T		9	178141342								2	0	2	2	2	0	2	2	2	0	2	2	2	0	2	1	0	0	0	2	2	2	2	0	2	0	0	0	0	2	2	0	2	0	2	0	0	0	0	2	0	0	0	2	0	2	0	1	0	0	0	2
CM007898.2_178553600_G_A		9	178553600								2	0	2	0	0	0	0	0	0	0	0	0	0	0	0	0	0	0	0	0	0	0	2	0	0	2	2	2	0	0	2	0	2	0	0	0	2	2	0	2	0	0	0	2	0	2	2	2	0	0	0	2
CM007898.2_178576395_C_T		9	178576395								2	0	0	0	2	2	2	2	0	0	2	2	0	0	0	2	2	0	2	2	2	2	2	0	2	0	0	0	0	2	2	0	2	0	2	2	2	2	0	0	0	2	2	0	0	0	0	0	0	0	0	1
CM007898.2_178778953_A_T		9	178778953								0	0	2	2	0	2	2	0	2	0	1	2	0	0	0	2	2	2	2	2	0	0	0	0	2	0	0	0	2	2	2	0	2	0	0	0	2	0	2	2	0	2	2	0	2	2	2	2	2	0	0	2
CM007898.2_178854286_A_G		9	178854286								2	0	2	2	2	0	0	2	2	0	2	2	2	0	0	2	2	2	2	0	0	0	2	2	2	0	0	0	2	2	2	0	2	0	0	0	0	2	0	2	0	0	0	2	0	2	2	2	2	0	0	0
CM007898.2_179414890_T_A		9	179414890								0	2	0	2	0	2	2	0	0	0	0	0	0	0	2	0	0	0	0	0	0	2	0	0	0	2	2	2	0	0	2	0	2	0	2	2	2	2	2	2	2	0	0	2	2	0	2	2	2	0	0	2
CM007898.2_179528484_G_A		9	179528484								0	2	0	2	2	0	2	2	2	0	0	0	2	0	0	2	2	2	0	0	2	2	0	2	2	0	0	0	0	0	0	0	0	0	2	2	0	0	0	2	2	0	0	2	2	2	2	2	2	0	0	1
CM007898.2_179918989_T_G		9	179918989								0	2	0	0	2	0	0	0	0	0	0	0	0	0	2	2	2	2	2	2	0	2	2	0	2	0	0	0	0	0	2	2	2	0	0	0	0	2	0	2	0	2	2	0	2	2	2	2	2	0	0	2
CM007898.2_179929986_G_A		9	179929986								2	2	2	2	2	0	0	0	2	0	2	2	2	0	2	2	2	2	2	0	0	2	0	0	0	2	2	2	2	2	2	2	2	0	0	2	0	2	2	2	0	2	2	2	0	2	2	2	0	0	0	2
CM007898.2_180364381_T_C		9	180364381								0	2	2	0	0	2	0	0	0	0	2	2	0	0	2	0	0	2	0	2	2	0	0	0	2	0	2	0	2	2	2	0	2	0	2	2	0	0	2	2	2	2	0	2	2	2	2	2	2	0	0	2
CM007898.2_180373332_A_T		9	180373332								2	1	0	2	0	0	0	0	0	0	0	0	0	0	2	0	0	2	0	2	0	0	0	2	2	2	2	2	2	0	2	0	0	0	2	2	2	2	0	0	0	2	2	0	0	2	1	2	2	0	0	2
CM007898.2_180373514_G_A		9	180373514								0	1	2	2	2	0	0	0	2	0	2	2	2	0	2	0	2	2	2	0	2	0	2	0	2	0	2	0	2	2	2	2	2	0	2	2	0	0	2	0	0	0	0	0	0	0	2	2	2	0	0	0
CM007898.2_180401993_C_G		9	180401993								2	0	2	2	0	0	0	0	2	0	0	0	2	0	0	0	0	0	2	2	0	0	2	2	0	2	0	0	0	0	0	2	0	0	0	0	0	0	0	0	0	2	2	0	0	2	0	0	0	0	0	0
CM007898.2_180531384_G_A		9	180531384								2	2	2	0	2	2	0	0	0	0	2	0	0	0	2	0	2	0	2	0	0	0	0	2	2	2	2	2	2	2	2	0	2	0	2	2	2	2	2	0	0	0	0	0	2	0	2	2	2	0	0	2
CM007898.2_180539578_G_A		9	180539578								0	0	2	0	0	0	0	0	0	0	2	1	0	0	0	0	0	0	0	0	0	0	0	0	0	2	0	0	0	0	2	0	2	0	0	0	0	0	0	2	2	0	2	0	0	0	0	0	0	0	0	0
CM007898.2_180618689_T_C		9	180618689								2	0	0	2	0	0	0	0	2	0	0	0	2	0	0	0	0	0	0	0	0	0	0	2	0	0	0	0	0	0	0	1	0	0	0	0	0	0	0	2	2	0	0	0	0	0	0	0	0	0	0	0
CM007898.2_180742942_A_T		9	180742942								2	0	0	0	2	0	0	0	0	0	0	0	0	0	2	2	2	2	2	0	0	0	0	2	0	0	0	0	0	0	0	0	0	0	0	0	0	0	0	0	0	0	0	0	0	0	0	0	0	0	0	0
CM007898.2_181162346_G_A		9	181162346								2	2	2	2	0	0	0	0	2	0	2	2	0	0	2	0	0	0	2	0	0	2	2	0	0	2	2	2	2	2	2	2	2	0	0	0	2	0	2	0	2	0	0	0	2	0	2	2	2	0	0	2
CM007898.2_181198294_T_C		9	181198294								2	2	2	2	2	0	0	0	2	0	2	2	0	0	2	2	2	2	2	0	0	2	2	2	2	2	2	2	2	0	2	0	2	0	0	2	0	2	0	0	2	0	0	0	0	0	0	2	2	0	0	0
CM007898.2_181380370_C_G		9	181380370								0	2	0	2	0	2	0	0	2	0	2	2	0	0	2	2	2	2	2	0	0	2	0	2	0	2	2	2	0	2	0	0	0	0	0	2	0	0	2	2	2	0	2	2	2	0	2	2	2	0	0	0
CM007898.2_182424021_G_T		9	182424021								2	2	2	2	2	2	0	0	2	0	2	2	2	0	0	2	0	0	0	2	0	2	0	0	0	0	0	0	2	2	2	2	2	0	0	0	2	2	0	0	2	2	2	2	0	2	0	0	0	0	0	2
CM007898.2_183425906_A_G		9	183425906								0	2	2	2	0	1	2	0	2	2	2	2	0	2	0	2	2	2	2	0	2	2	0	2	0	2	2	0	2	2	2	0	2	2	2	2	2	2	2	2	2	0	0	2	2	2	2	2	2	2	2	2
CM007898.2_183433702_C_G		9	183433702								0	0	0	0	0	0	2	0	0	0	0	0	0	0	0	0	0	0	0	0	0	2	0	0	0	2	0	0	0	0	2	0	0	0	0	0	0	0	0	0	0	0	0	0	2	0	0	0	0	0	0	0
CM007898.2_183577982_C_T		9	183577982								2	2	2	2	2	2	0	2	2	0	2	2	2	2	2	2	0	0	0	2	2	2	0	0	2	0	0	2	2	2	2	2	0	2	2	1	0	0	2	0	0	2	0	0	2	2	2	2	0	2	2	0
CM007898.2_184404126_C_T		9	184404126								0	2	0	2	2	2	2	2	2	0	0	0	2	0	2	0	0	0	0	2	2	2	2	0	0	0	0	0	0	2	0	2	0	0	0	2	2	0	0	2	2	2	2	0	2	2	2	0	0	0	2	0
CM007898.2_184453365_T_G		9	184453365								0	0	0	1	0	0	0	0	2	0	0	0	2	0	2	0	0	0	0	0	0	0	2	0	0	0	0	0	0	0	0	0	0	0	0	0	0	0	0	0	0	0	1	0	0	0	0	0	0	0	0	0
CM007898.2_185275693_C_A		9	185275693								0	2	2	2	2	2	2	0	2	2	2	2	2	2	2	2	2	2	2	2	2	2	2	2	2	2	2	2	2	2	2	0	2	2	0	0	2	2	2	2	2	2	2	0	2	2	2	2	2	2	2	0
CM007898.2_186091131_G_T		9	186091131								0	0	0	0	0	0	0	2	0	1	0	0	0	2	0	2	2	2	0	0	0	0	2	2	0	0	0	0	0	0	0	1	0	0	0	0	0	0	0	0	0	0	0	0	0	0	0	0	0	0	0	0
CM007898.2_186122829_G_T		9	186122829								0	0	2	2	2	0	0	0	2	2	0	0	0	0	2	0	2	2	0	0	2	0	2	2	0	0	0	0	0	0	0	1	0	0	0	0	0	0	0	0	0	0	0	0	0	0	0	0	0	0	0	0
CM007898.2_186690646_T_C		9	186690646								0	0	2	0	0	0	0	0	0	0	0	0	2	0	0	0	0	0	0	0	0	0	0	0	0	0	0	0	0	0	0	2	0	0	0	0	0	0	0	0	0	0	0	0	0	0	0	0	0	0	0	0
CM007898.2_187400816_G_A		9	187400816								0	0	0	0	0	0	0	0	0	0	0	0	0	0	2	0	0	0	0	2	0	0	0	0	0	0	0	0	2	0	0	0	0	0	0	0	0	0	2	2	0	2	2	0	0	0	0	0	0	0	0	0
CM007898.2_187732956_G_C		9	187732956								0	2	2	0	2	2	2	2	2	0	0	2	2	0	2	2	2	2	0	0	0	0	0	0	0	2	2	2	0	0	0	2	1	2	0	2	2	2	0	0	2	0	0	2	2	2	2	2	0	0	0	2
CM007898.2_188059223_T_C		9	188059223								0	0	2	2	0	1	2	0	2	2	2	2	2	2	2	2	0	2	2	2	0	2	2	0	0	0	0	0	2	2	2	2	2	0	2	2	2	0	2	2	2	2	2	2	2	2	2	2	2	2	2	0
CM007898.2_188448633_A_G		9	188448633								2	2	0	2	2	0	0	0	2	0	0	0	0	0	0	0	0	0	0	0	0	0	0	0	0	0	0	0	0	0	0	0	0	0	0	0	0	0	2	0	2	0	0	0	0	0	0	0	0	0	0	2
CM007898.2_188623181_T_A		9	188623181								0	2	0	0	0	0	0	0	0	0	0	0	0	0	0	0	0	0	0	0	0	0	0	0	2	0	2	0	0	2	0	0	0	0	0	0	0	0	0	0	0	0	0	2	0	2	2	0	2	2	2	0
CM007898.2_188702564_C_T		9	188702564								2	0	2	0	0	0	2	2	0	2	0	0	0	2	0	2	2	2	2	0	0	2	2	2	2	2	2	2	2	2	0	0	0	0	0	0	2	2	0	0	0	0	2	0	2	0	2	0	2	0	2	2
CM007898.2_188702878_C_A		9	188702878								0	0	0	2	2	0	0	0	2	0	0	0	0	0	2	0	0	0	0	0	2	0	0	0	0	0	0	0	0	0	1	0	0	0	0	0	0	0	0	0	2	0	0	0	0	2	0	2	0	0	0	0
CM007898.2_188707196_C_A		9	188707196								0	2	0	2	2	2	2	0	2	2	0	0	0	0	2	2	0	1	0	0	2	2	2	2	0	0	0	0	2	2	0	1	0	0	0	0	0	2	2	0	2	0	2	2	0	2	2	2	2	2	2	0
CM007898.2_189105321_A_G		9	189105321								0	2	0	2	2	0	2	0	2	2	0	0	0	0	2	2	0	2	2	2	2	0	0	0	2	2	0	2	2	2	2	0	0	0	2	0	0	2	2	2	2	2	2	2	2	2	2	2	2	2	2	2
CM007898.2_189185795_T_A		9	189185795								0	2	2	2	2	1	2	0	2	0	0	0	0	2	2	2	2	2	2	0	2	0	0	2	0	2	2	2	2	0	0	2	0	0	0	0	2	2	2	0	2	0	2	0	2	0	0	1	2	0	0	0
CM007898.2_189191233_C_T		9	189191233								0	2	0	0	0	0	0	0	0	0	0	0	0	0	2	0	0	0	2	2	2	2	0	0	0	2	2	2	0	2	2	0	2	0	2	0	2	2	0	0	0	2	2	2	0	2	2	2	2	0	2	0
CM007898.2_189296262_C_T		9	189296262								0	0	2	2	0	0	0	0	0	0	0	0	0	2	0	2	0	2	0	0	0	0	0	0	0	0	0	0	0	0	0	0	0	0	0	0	0	2	0	0	0	0	1	0	0	0	0	0	0	0	0	0
CM007898.2_189391474_C_T		9	189391474								2	0	0	2	0	0	2	2	2	2	0	0	2	2	2	2	0	2	0	2	2	2	2	2	0	0	1	0	2	2	2	2	2	0	0	0	0	0	0	2	0	2	2	0	2	2	2	1	0	0	2	2
CM007898.2_189429536_A_G		9	189429536								0	0	0	0	0	0	0	0	0	0	0	0	2	0	0	0	0	0	0	2	0	2	0	0	0	0	0	0	0	0	0	0	2	0	2	0	0	0	0	0	0	2	0	0	0	0	0	0	0	0	2	0
CM007898.2_189547401_T_C		9	189547401								2	2	0	2	2	2	2	2	2	0	2	2	2	2	2	2	0	2	2	0	2	2	2	0	0	2	2	0	2	0	2	1	2	2	0	2	2	2	2	2	2	0	2	2	2	2	2	2	2	2	2	2
CM007899.2_899131_C_G		10	899131								0	0	0	0	0	0	0	0	0	0	0	2	0	0	0	0	0	0	0	0	0	0	0	0	0	0	0	0	0	0	0	0	0	0	0	0	0	0	0	2	0	0	0	0	0	0	2	0	0	0	2	0
CM007899.2_1003272_T_A		10	1003272								0	2	2	0	2	0	2	2	0	0	0	0	2	0	2	2	2	2	2	0	0	0	0	2	0	0	0	2	0	1	2	0	0	2	0	2	0	0	2	0	0	2	2	2	2	0	2	2	2	2	2	0
CM007899.2_1492395_G_T		10	1492395								0	0	0	1	0	2	0	0	0	0	0	0	0	1	0	0	0	0	0	2	0	2	0	0	0	0	0	0	0	0	0	0	2	0	0	0	0	0	0	0	0	0	0	2	0	0	0	0	0	0	0	0
CM007899.2_4118996_C_T		10	4118996								2	0	2	0	2	0	2	2	0	0	0	2	2	0	2	2	2	2	2	0	0	0	2	2	0	0	0	2	2	0	0	2	0	2	0	2	0	0	2	0	0	0	2	0	0	0	2	0	2	2	0	2
CM007899.2_4154756_T_G		10	4154756								2	0	0	0	0	0	0	0	0	0	0	2	0	0	2	0	0	0	0	0	0	0	0	0	0	0	0	0	2	0	0	2	0	0	2	0	0	0	0	0	0	0	0	0	0	0	2	0	0	0	2	0
CM007899.2_7006689_T_G		10	7006689								2	0	2	2	0	1	0	2	2	2	0	2	2	2	2	2	0	2	0	0	0	2	2	0	0	0	0	0	2	2	2	2	1	0	2	2	2	2	0	2	0	0	0	2	0	2	2	2	0	0	0	0
CM007899.2_7526391_G_A		10	7526391								0	2	2	0	0	0	2	2	2	0	0	2	2	0	2	2	2	0	2	2	0	0	0	0	0	2	0	0	2	2	0	0	2	0	2	0	2	2	2	2	2	0	2	2	0	0	2	2	0	0	2	0
CM007899.2_7666766_T_C		10	7666766								2	0	2	2	2	0	0	2	2	0	0	2	2	0	2	2	2	0	2	0	2	0	2	2	0	0	0	0	2	2	2	0	2	0	0	0	2	2	0	0	0	0	0	0	0	2	2	2	0	0	2	0
CM007899.2_8057600_A_T		10	8057600								0	0	0	2	0	0	0	0	1	0	0	2	2	0	0	0	0	2	0	2	0	0	0	0	0	0	2	0	0	2	0	0	2	0	0	0	0	2	0	0	0	2	1	2	0	0	2	0	2	0	2	0
CM007899.2_8332240_T_A		10	8332240								0	2	0	0	0	2	2	2	2	0	0	2	0	0	2	0	2	2	2	2	2	0	2	0	0	2	2	2	0	0	0	2	0	0	2	0	0	0	2	2	0	2	0	0	0	0	2	2	2	0	0	0
CM007899.2_8919530_C_A		10	8919530								2	2	2	2	0	2	2	2	0	2	0	0	0	2	2	2	2	2	2	2	2	2	0	2	0	2	2	2	2	2	2	2	0	0	0	2	0	2	0	0	0	2	0	0	2	2	2	2	2	2	2	0
CM007899.2_9959415_A_T		10	9959415								0	2	0	2	0	0	0	2	2	2	2	2	2	2	2	2	0	2	0	2	2	0	2	2	0	2	2	0	2	2	2	2	2	2	2	0	2	2	0	0	2	0	2	2	2	2	2	2	2	2	2	2
CM007899.2_10058920_C_T		10	10058920								0	2	2	0	2	0	0	0	2	2	2	0	0	2	2	0	0	0	0	0	0	0	0	0	0	0	0	0	0	0	0	2	2	2	2	0	0	2	2	2	0	2	2	2	0	2	2	2	0	2	2	2
CM007899.2_10135295_G_A		10	10135295								0	2	2	2	0	0	2	0	2	2	0	2	0	2	2	0	2	2	2	0	2	0	0	2	2	0	0	2	2	2	2	2	2	2	2	0	2	2	0	0	0	2	2	0	0	0	2	2	2	2	2	0
CM007899.2_10195097_G_A		10	10195097								0	2	2	2	2	0	0	2	2	2	0	2	2	2	0	2	0	2	0	0	2	0	0	2	0	0	0	0	2	2	2	2	2	0	0	0	0	0	2	2	0	0	2	2	0	2	1	0	0	0	2	0
CM007899.2_12281464_T_A		10	12281464								0	2	2	2	2	0	2	2	2	2	2	2	2	2	2	2	2	2	2	0	2	2	2	2	2	2	2	0	2	2	2	2	2	2	2	2	2	2	2	2	2	2	2	2	2	2	2	2	2	2	2	0
CM007899.2_15598627_G_A		10	15598627								2	2	2	2	2	2	2	2	2	2	2	2	2	2	2	2	2	2	2	2	2	2	2	2	0	2	0	0	2	2	2	2	2	2	2	2	0	0	2	2	2	2	2	2	2	2	2	2	2	2	2	2
CM007899.2_15619454_C_T		10	15619454								2	0	0	2	0	0	2	0	0	0	0	0	0	2	0	2	0	0	0	0	0	0	0	0	0	2	0	0	0	2	2	2	0	0	0	0	0	0	0	0	0	0	0	0	0	2	0	0	0	0	2	0
CM007899.2_15630714_C_T		10	15630714								2	2	0	2	2	0	0	2	2	2	2	2	0	2	2	2	2	2	2	2	2	2	2	0	2	0	2	2	2	0	0	0	2	2	2	2	2	2	2	0	0	0	2	2	0	0	2	2	2	2	2	0
CM007899.2_15949022_G_A		10	15949022								2	2	2	0	0	0	2	0	2	2	2	2	2	2	2	0	2	2	2	2	2	2	2	2	2	2	2	2	2	2	2	2	2	2	0	0	2	2	2	2	2	2	2	2	2	2	2	2	2	2	0	2
CM007899.2_19099166_C_T		10	19099166								0	0	2	2	0	0	2	0	0	2	2	0	0	2	2	2	2	2	0	2	0	0	2	0	2	0	2	0	0	2	2	2	2	2	2	1	2	2	0	2	0	0	0	2	2	2	2	2	2	0	2	2
CM007899.2_19805143_T_G		10	19805143								2	0	2	2	2	2	0	2	2	2	2	0	2	2	2	2	2	2	0	2	2	0	2	0	0	0	0	0	0	2	2	0	0	2	0	0	2	1	0	0	0	0	0	0	2	0	2	2	2	0	0	2
CM007899.2_20837838_T_C		10	20837838								0	0	0	2	0	2	2	0	0	0	0	0	2	2	2	2	0	2	0	2	2	2	0	0	0	2	2	0	0	2	2	2	2	0	0	0	2	2	0	0	0	2	0	0	2	0	2	2	2	2	2	2
CM007899.2_21307363_T_A		10	21307363								0	0	0	0	0	0	2	0	0	2	2	0	0	0	0	0	0	0	0	0	0	0	0	0	0	0	0	0	0	2	0	0	0	0	0	0	0	0	0	0	0	0	0	0	0	0	0	0	0	0	2	0
CM007899.2_28821175_C_T		10	28821175								2	0	2	2	2	0	0	0	2	2	2	0	2	2	2	2	0	0	0	0	2	2	2	2	0	2	0	0	0	0	2	0	2	2	0	0	2	0	2	2	0	2	2	2	0	2	2	0	0	0	0	0
CM007899.2_29284329_T_C		10	29284329								0	0	2	2	2	0	2	0	2	0	2	0	2	2	0	0	0	0	0	2	0	2	2	2	0	0	0	2	0	0	2	2	2	0	0	0	2	2	0	2	0	2	2	2	0	2	2	0	2	2	0	0
CM007899.2_29306464_T_C		10	29306464								0	2	0	0	0	0	0	2	0	2	0	0	2	2	2	2	2	2	2	2	2	0	0	0	0	2	2	0	0	0	2	0	2	2	2	0	0	0	2	2	2	0	2	2	0	2	2	0	2	0	2	0
CM007899.2_30101296_A_G		10	30101296								0	0	2	2	2	0	2	2	2	2	2	0	0	0	2	0	0	0	2	2	0	2	0	0	0	0	2	2	0	2	2	0	2	2	0	2	2	2	0	2	0	2	0	0	0	0	0	2	2	2	2	0
CM007899.2_30147124_A_C		10	30147124								0	2	0	0	0	0	2	0	0	0	0	0	0	0	0	0	0	0	0	0	0	0	0	0	0	0	0	0	0	0	0	0	0	0	0	0	2	0	0	0	2	2	0	0	0	0	0	0	0	2	0	0
CM007899.2_30904825_A_G		10	30904825								0	0	0	0	0	0	2	0	0	2	0	0	0	0	0	0	2	0	0	0	0	2	0	0	0	2	2	0	0	0	0	2	0	1	0	0	0	0	0	0	0	0	1	2	0	0	0	0	0	0	0	0
CM007899.2_30989245_G_A		10	30989245								0	0	0	0	0	2	2	0	0	2	0	0	0	0	2	0	2	0	0	2	0	2	0	0	0	2	2	2	0	2	0	1	2	2	0	2	2	2	2	2	0	2	2	2	2	0	2	2	2	2	2	0
CM007899.2_31048723_C_A		10	31048723								2	0	0	2	0	0	2	0	2	2	2	0	2	2	2	2	0	2	2	2	2	0	0	2	0	2	2	0	0	2	0	0	2	0	0	0	0	0	2	2	0	2	2	0	0	0	2	0	2	2	2	0
CM007899.2_31249610_A_G		10	31249610								2	2	2	2	0	2	0	2	2	2	2	0	2	2	2	2	0	2	2	0	2	2	2	2	0	2	0	0	0	2	0	0	2	2	2	0	2	2	0	2	2	0	0	2	2	0	2	2	2	2	2	2
CM007899.2_31632019_T_C		10	31632019								0	0	2	2	2	0	0	2	2	2	2	0	2	2	2	2	2	2	2	0	2	0	2	2	0	0	2	2	0	2	0	0	2	2	0	0	0	0	0	2	0	0	0	2	2	0	2	0	0	0	2	0
CM007899.2_32816027_T_G		10	32816027								0	0	0	0	2	0	0	0	0	0	0	0	0	0	0	0	0	2	0	0	0	0	0	0	0	0	2	0	0	0	0	0	0	0	0	0	0	0	0	0	0	0	0	2	0	0	2	0	0	0	0	0
CM007899.2_33708119_T_C		10	33708119								0	0	0	2	0	0	0	0	0	0	0	0	0	0	2	2	0	0	0	0	0	0	2	0	0	0	2	0	0	2	0	0	2	2	0	0	0	0	0	0	0	0	0	0	0	0	0	0	0	0	2	0
CM007899.2_34984308_C_T		10	34984308								2	2	0	2	2	0	2	0	2	2	2	2	2	2	2	2	2	2	2	2	2	2	0	2	2	2	2	0	2	2	2	0	2	2	2	2	0	2	2	0	2	2	2	2	2	2	2	2	2	2	2	2
CM007899.2_37564852_A_G		10	37564852								0	0	0	2	2	0	2	2	2	0	0	0	2	0	2	2	2	2	2	0	0	0	0	2	2	2	2	2	0	2	0	1	2	0	0	2	0	1	2	0	0	0	2	2	2	0	2	0	2	2	0	0
CM007899.2_43538549_G_C		10	43538549								0	0	2	0	0	2	2	0	0	0	0	0	0	0	2	0	0	0	0	0	0	2	0	0	0	0	0	0	2	2	0	0	2	2	0	1	0	0	0	0	0	2	2	2	2	2	0	0	2	0	0	0
CM007899.2_43547133_A_G		10	43547133								0	0	2	2	2	2	1	2	2	2	0	0	0	2	0	2	2	2	0	0	0	1	0	0	0	0	0	0	2	2	0	0	2	0	0	2	0	2	0	2	0	2	0	0	2	2	2	0	2	0	2	0
CM007899.2_45397390_T_C		10	45397390								2	0	2	2	2	0	2	0	2	2	2	2	0	2	2	0	2	2	0	0	2	2	2	2	0	2	0	0	2	2	2	2	0	2	2	2	0	2	2	2	0	0	2	2	0	2	2	2	2	2	2	0
CM007899.2_53576318_A_G		10	53576318								0	2	2	2	0	0	0	0	0	0	0	0	0	0	2	0	0	0	0	2	0	2	0	0	2	2	0	0	0	0	0	0	2	2	2	2	0	0	0	2	0	2	0	0	0	2	0	2	2	0	2	2
CM007899.2_56274048_A_G		10	56274048								0	0	2	0	0	0	0	0	2	0	0	0	0	0	0	0	2	0	0	0	0	0	0	0	0	0	0	0	0	2	0	0	2	0	0	0	0	2	0	0	0	0	0	0	0	0	0	0	2	2	0	0
CM007899.2_65527514_A_G		10	65527514								0	0	0	0	0	0	2	0	0	0	0	0	2	0	0	0	0	0	0	0	0	0	0	0	0	0	0	2	0	0	0	0	2	0	0	0	0	0	2	0	0	0	0	0	0	0	2	0	0	2	0	0
CM007899.2_67198455_A_T		10	67198455								0	0	0	0	0	2	0	0	0	0	0	0	0	0	0	0	0	0	0	2	0	0	0	0	0	0	0	0	0	0	0	0	2	0	0	0	2	2	0	2	0	0	0	0	0	0	0	0	0	0	0	0
CM007899.2_68224235_T_A		10	68224235								0	0	2	0	0	0	0	2	0	0	0	0	0	0	0	0	0	2	0	0	0	0	0	0	0	0	0	0	0	0	0	0	0	0	0	2	0	0	0	0	0	2	0	0	0	0	0	0	2	0	0	0
CM007899.2_70392690_T_A		10	70392690								0	0	0	0	0	0	0	0	0	0	0	0	0	2	0	2	2	2	0	0	0	0	0	0	0	0	2	0	2	0	2	0	0	1	0	0	0	0	0	0	0	0	0	0	0	0	2	0	0	0	0	1
CM007899.2_75637228_T_A		10	75637228								0	0	0	0	0	0	0	0	0	0	0	0	0	0	0	0	2	2	2	0	0	0	0	0	0	0	0	0	0	0	0	0	0	0	0	0	0	0	0	0	0	0	0	0	0	0	2	0	2	0	0	1
CM007899.2_77616851_C_T		10	77616851								0	0	0	2	0	0	0	0	0	0	0	0	0	0	0	0	0	0	0	0	0	0	0	0	0	0	2	0	0	0	0	0	0	0	0	0	0	1	0	2	0	0	0	0	0	0	0	0	0	2	0	0
CM007899.2_83767243_G_T		10	83767243								0	0	0	0	0	0	0	0	0	0	0	0	0	0	0	0	0	0	0	0	0	0	0	0	0	0	0	2	0	0	2	0	0	0	0	0	0	0	0	0	0	0	0	2	2	0	0	0	0	0	0	0
CM007899.2_87020045_G_T		10	87020045								0	0	0	0	0	0	0	2	0	0	0	0	0	0	0	0	0	0	0	0	0	0	0	0	2	0	0	0	0	0	0	1	0	0	0	0	2	0	0	0	0	0	2	0	2	0	2	0	0	0	0	0
CM007899.2_90254629_A_G		10	90254629								2	0	0	0	0	0	0	0	0	0	0	0	0	0	0	0	0	0	0	0	0	2	2	0	2	0	0	0	0	0	0	0	0	0	2	0	0	0	0	0	0	0	0	0	0	0	0	0	0	0	0	0
CM007899.2_100341188_T_A		10	100341188								0	0	2	0	2	0	0	0	0	0	2	0	2	2	2	2	0	2	0	0	0	0	0	0	0	0	0	0	0	0	2	0	2	2	0	2	2	2	0	0	2	2	0	0	0	2	2	0	0	0	2	2
CM007899.2_100341458_A_G		10	100341458								0	0	0	2	0	0	0	0	2	2	0	2	0	0	0	0	2	0	2	0	1	0	0	0	2	0	0	0	0	0	0	0	0	0	0	0	0	0	0	0	0	0	0	0	0	0	0	0	0	0	0	0
CM007899.2_105790206_T_C		10	105790206								2	2	2	2	2	2	2	0	2	2	2	0	2	2	2	2	0	2	2	2	2	2	2	0	0	2	2	0	2	2	2	2	0	0	0	2	0	0	2	2	2	0	0	2	2	2	2	2	2	0	0	0
CM007899.2_106062636_T_C		10	106062636								0	0	0	0	0	0	0	0	2	0	0	0	0	0	0	0	0	2	0	0	0	0	0	0	0	0	0	0	0	2	0	0	2	0	0	0	0	0	2	0	0	0	2	0	2	0	0	0	0	0	0	0
CM007899.2_108262021_C_T		10	108262021								2	2	0	2	0	2	0	2	2	0	2	0	2	2	0	2	2	2	2	2	2	0	2	2	0	0	0	0	0	2	0	0	2	0	2	0	2	0	2	0	0	0	2	0	2	0	0	0	0	0	2	2
CM007899.2_108723897_T_G		10	108723897								2	2	2	2	2	2	2	2	2	2	2	2	2	2	2	2	0	2	2	2	2	2	0	2	0	0	2	0	2	2	2	1	2	2	2	2	2	0	2	2	2	2	2	2	2	2	2	2	2	0	0	2
CM007899.2_108945223_G_A		10	108945223								0	0	2	2	2	2	0	2	2	0	0	0	2	0	1	2	2	2	2	2	0	0	0	2	2	0	2	0	0	2	0	0	2	0	0	2	2	2	2	1	0	0	2	0	2	0	2	0	2	2	0	0
CM007899.2_110654780_G_A		10	110654780								0	0	2	2	0	0	2	2	2	2	0	2	2	2	2	2	2	2	2	2	2	0	0	2	2	2	0	2	2	0	2	0	2	2	2	0	0	2	0	2	0	2	2	0	0	2	2	2	2	2	2	2
CM007899.2_110707316_G_T		10	110707316								2	0	2	1	0	2	0	0	2	2	2	2	0	2	2	2	0	0	0	0	2	2	0	0	0	0	2	0	0	2	2	0	0	2	2	0	2	2	0	2	0	0	2	0	2	2	2	2	0	0	2	0
CM007899.2_110727270_A_G		10	110727270								2	0	2	0	2	0	0	2	2	0	2	0	2	2	2	2	0	0	0	2	0	2	0	0	2	0	2	2	2	2	2	0	2	0	0	2	0	2	2	2	0	2	2	2	0	2	2	0	0	2	2	2
CM007899.2_111198124_C_T		10	111198124								2	0	2	2	2	0	2	2	2	2	2	2	2	2	2	2	2	2	2	2	2	0	2	2	2	2	0	2	2	2	2	0	2	0	0	0	2	0	0	0	0	0	0	0	2	0	2	0	0	2	2	0
CM007899.2_111590723_A_C		10	111590723								0	0	2	2	0	0	2	0	2	0	0	0	0	0	2	0	0	0	0	0	0	0	2	0	0	2	2	0	2	0	0	0	2	0	0	0	0	0	0	0	0	2	0	0	0	0	0	0	0	2	2	0
CM007899.2_111689208_C_A		10	111689208								0	0	0	0	0	2	2	0	0	2	0	2	0	2	2	0	2	0	0	2	2	2	0	0	0	2	2	2	2	2	2	0	2	2	2	2	0	0	0	2	0	2	2	2	2	2	2	2	2	2	2	0
CM007899.2_111804741_A_C		10	111804741								0	0	0	0	0	0	0	0	0	0	0	0	0	0	0	2	0	0	0	0	0	2	0	0	0	0	0	0	0	0	0	0	2	0	0	0	2	0	0	0	0	0	0	0	0	0	0	0	0	0	0	0
CM007899.2_111988496_C_T		10	111988496								2	2	2	0	2	2	2	2	2	2	2	2	2	2	2	2	2	2	2	2	2	2	2	2	2	2	2	2	2	2	2	2	2	2	0	2	2	2	2	2	2	2	2	2	2	2	2	2	0	0	2	0
CM007899.2_114197470_G_A		10	114197470								0	2	0	2	0	0	0	2	2	2	0	2	2	2	2	2	2	2	0	0	2	2	2	2	0	0	0	0	2	0	2	2	0	2	2	0	0	0	0	0	0	2	0	0	0	2	0	2	0	0	2	2
CM007899.2_114398414_A_G		10	114398414								2	2	2	2	2	2	2	2	2	2	2	2	2	2	2	2	2	2	2	2	0	2	2	2	2	2	2	2	2	0	2	2	2	2	0	2	0	2	2	2	2	2	2	0	2	2	2	2	2	2	2	2
CM007899.2_115575927_G_A		10	115575927								0	0	2	2	0	0	0	0	0	0	0	0	0	0	0	0	0	2	0	0	0	2	0	0	0	0	0	0	0	0	0	0	0	0	0	0	2	0	0	0	0	0	0	0	0	0	0	0	0	0	0	0
CM007899.2_118211215_A_G		10	118211215								0	0	0	0	0	0	0	0	0	2	0	0	2	0	0	0	0	0	0	0	0	0	0	0	0	0	0	0	0	0	0	0	0	0	0	0	0	0	0	0	0	0	0	0	0	0	0	0	0	0	0	2
CM007899.2_118965971_T_A		10	118965971								1	2	0	0	2	0	2	0	0	0	0	0	0	0	0	2	0	0	0	0	0	0	0	0	0	0	0	0	0	0	2	0	0	0	1	0	0	0	2	0	2	0	2	0	2	0	0	0	0	2	2	0
CM007899.2_122384085_T_G		10	122384085								2	0	2	2	2	0	2	2	0	2	2	2	0	2	2	0	2	0	0	0	2	2	2	0	0	2	2	0	2	0	2	0	2	2	0	2	0	2	0	0	0	0	2	0	0	2	2	2	0	2	2	0
CM007899.2_125718306_G_T		10	125718306								0	2	2	2	0	0	2	2	2	0	0	0	2	0	2	2	0	2	0	2	0	0	0	0	0	2	2	0	0	2	0	2	2	0	0	2	2	0	2	2	2	0	2	2	2	0	2	0	2	0	0	2
CM007899.2_126575917_G_A		10	126575917								0	0	0	2	0	0	0	2	0	0	0	0	2	0	0	0	0	0	0	0	0	0	0	0	2	0	0	0	0	0	0	2	2	0	0	0	0	0	0	0	0	0	0	0	0	0	0	0	0	0	0	2
CM007899.2_128748415_G_A		10	128748415								0	0	2	0	0	0	0	0	0	0	0	0	2	0	0	0	0	0	0	2	0	0	0	0	0	0	2	0	0	1	0	0	0	0	0	0	2	0	0	2	0	0	0	0	0	0	0	0	0	0	0	0
CM007899.2_129301887_A_G		10	129301887								0	0	0	1	0	0	0	0	0	0	0	0	0	0	0	2	0	0	0	0	0	0	0	0	2	0	0	0	0	0	0	0	0	0	0	0	0	0	2	0	0	0	2	0	0	0	0	0	0	0	0	0
CM007899.2_138417563_A_T		10	138417563								0	0	2	2	2	2	2	2	2	0	0	0	0	0	0	2	2	2	2	2	0	0	0	2	0	2	2	2	0	2	0	2	2	0	0	0	2	2	0	2	0	0	2	2	2	0	2	0	0	2	0	0
CM007899.2_138695479_G_A		10	138695479								2	2	2	2	2	2	2	2	2	2	2	2	2	2	2	2	2	2	2	2	2	2	2	2	0	2	0	2	2	2	1	2	2	2	0	2	0	2	2	2	2	2	0	2	2	2	2	2	2	2	2	0
CM007899.2_138794243_T_C		10	138794243								2	2	2	2	2	0	2	2	2	2	2	2	2	2	2	2	2	2	0	2	2	2	2	2	0	2	2	2	2	2	2	2	2	2	2	2	0	2	2	2	2	0	2	0	2	2	2	0	2	2	2	0
CM007899.2_139011570_A_G		10	139011570								0	2	2	2	2	0	0	1	2	0	0	2	2	2	2	2	2	2	2	0	2	2	2	2	0	2	2	0	2	2	2	2	0	2	2	2	2	0	2	2	2	2	2	0	0	2	2	2	2	2	2	0
CM007899.2_139778364_T_A		10	139778364								2	0	0	1	2	0	2	0	0	2	0	2	2	2	2	0	0	0	0	0	2	2	0	0	0	0	2	0	0	2	0	2	2	2	2	2	2	0	1	0	0	2	2	2	2	2	2	2	2	0	0	0
CM007899.2_141508178_C_T		10	141508178								0	0	0	0	0	2	0	0	0	0	0	0	0	0	0	0	0	2	0	0	0	0	0	0	0	2	0	0	0	0	0	0	0	0	0	0	0	0	0	2	0	0	2	0	0	0	0	0	2	0	0	0
CM007899.2_143116879_G_C		10	143116879								2	2	2	2	2	0	0	2	0	2	2	2	2	2	2	2	2	2	0	0	2	2	2	2	0	0	0	0	2	0	2	0	0	2	0	0	0	0	0	0	0	2	0	0	0	2	2	2	0	0	2	0
CM007899.2_143284052_A_T		10	143284052								2	0	0	0	0	2	2	2	0	2	2	2	0	2	2	0	0	0	2	2	2	2	2	0	0	2	2	2	0	2	2	2	2	0	2	0	2	2	2	2	0	2	2	2	2	0	2	2	2	2	2	0
CM007899.2_144209009_C_T		10	144209009								0	2	2	2	2	2	2	2	2	2	0	2	2	2	2	2	2	2	0	2	2	2	0	2	2	2	0	2	2	2	2	2	2	2	2	0	2	0	2	2	2	2	2	2	2	2	2	2	2	2	2	2
CM007899.2_144513672_A_G		10	144513672								0	2	0	2	0	0	0	2	0	2	1	2	0	2	2	2	2	2	0	0	0	2	0	2	2	0	0	2	2	0	2	2	2	1	2	2	0	0	0	0	0	0	0	0	0	2	2	2	0	0	2	2
CM007899.2_144669674_C_T		10	144669674								2	2	2	2	2	0	2	2	2	2	1	2	2	2	2	2	2	2	2	0	0	2	2	2	2	2	2	2	2	0	2	2	0	2	2	0	2	2	2	0	2	0	2	2	2	2	2	2	2	0	2	2
CM007899.2_145438156_T_A		10	145438156								2	2	2	2	2	2	2	2	2	0	0	2	2	2	2	2	2	2	2	2	2	2	2	2	2	0	2	2	2	2	2	0	2	2	2	0	2	2	2	2	2	2	2	2	2	2	2	2	2	2	2	0
CM007899.2_145553951_C_T		10	145553951								0	0	2	2	0	0	0	2	0	2	2	0	0	0	0	0	2	0	2	0	0	0	0	2	2	0	0	0	0	0	0	1	0	0	0	0	0	0	0	0	2	0	0	0	2	0	0	0	0	0	0	2
CM007899.2_145597243_T_A		10	145597243								2	2	2	2	2	0	0	2	2	2	2	2	0	2	2	2	0	0	0	2	2	2	2	0	2	2	2	2	0	2	2	2	2	2	0	2	0	2	2	2	2	2	2	2	0	2	2	0	0	2	2	2
CM007899.2_149735623_G_A		10	149735623								0	0	0	2	0	0	0	0	2	0	0	0	0	0	0	2	0	2	0	0	0	0	0	0	0	0	0	0	0	0	0	0	0	0	0	2	2	0	0	0	0	0	0	0	0	0	0	0	0	0	0	0
CM007899.2_150494025_C_A		10	150494025								0	0	0	2	0	0	0	0	2	0	0	0	0	0	2	2	0	0	0	0	0	0	0	0	0	2	2	0	0	2	0	1	0	0	0	0	0	0	0	0	0	0	0	0	0	0	2	0	2	2	0	0
CM007899.2_150519815_G_A		10	150519815								0	0	0	0	0	0	0	0	0	0	0	0	0	0	0	0	0	0	0	0	0	0	0	0	0	0	0	0	0	2	0	0	0	0	0	0	2	0	0	2	0	0	0	0	0	0	2	2	0	2	0	0
CM007899.2_150604439_A_G		10	150604439								0	0	0	2	0	0	2	0	2	0	0	0	0	0	0	0	0	1	0	0	0	0	0	0	0	1	0	0	0	0	0	0	2	0	0	0	0	0	0	0	0	0	0	0	0	0	0	0	0	2	0	0
CM007899.2_157818903_C_T		10	157818903								0	2	0	2	2	0	0	0	2	0	0	0	0	0	0	0	0	0	0	0	2	2	0	0	2	0	0	1	0	0	0	0	0	0	0	0	0	0	0	0	2	0	0	0	0	2	0	2	0	2	0	0
CM007899.2_161281160_T_C		10	161281160								2	2	2	2	0	0	2	0	2	2	2	2	2	2	2	2	2	0	0	0	2	0	2	0	0	0	0	0	2	2	2	2	0	2	0	0	0	0	2	0	2	0	0	2	0	0	2	0	0	2	0	1
CM007899.2_161774558_G_A		10	161774558								0	2	2	2	2	0	2	0	2	2	2	2	2	2	2	2	2	2	2	2	2	2	2	2	0	2	2	2	2	2	2	2	2	2	2	2	2	2	2	2	2	2	2	2	2	2	2	0	2	2	2	2
CM007899.2_162598441_C_T		10	162598441								2	2	2	2	2	2	2	0	2	0	0	2	0	2	2	2	2	0	0	2	0	2	2	2	0	2	2	2	2	2	2	0	2	0	2	2	2	2	2	2	2	2	2	2	2	0	2	0	2	2	2	0
CM007899.2_162630084_C_T		10	162630084								0	0	0	0	0	0	0	0	0	0	0	0	0	2	0	0	0	0	0	0	0	0	0	0	0	0	0	0	0	0	0	0	0	0	0	0	0	0	0	0	0	0	2	0	0	0	0	0	0	0	2	0
CM007899.2_163505054_A_T		10	163505054								0	0	0	0	2	0	2	0	0	0	0	0	2	0	0	0	0	0	0	0	0	0	0	0	0	0	0	0	0	2	0	0	0	2	0	0	0	0	0	0	0	2	0	0	0	0	2	2	0	0	0	0
CM007899.2_164809595_G_C		10	164809595								2	1	2	2	0	0	0	0	0	2	2	2	2	2	2	2	0	2	0	0	2	2	0	2	0	0	2	0	2	2	2	0	0	0	0	2	0	0	0	0	1	2	2	2	0	2	0	0	0	0	0	0
CM007899.2_165202800_G_C		10	165202800								2	0	2	2	2	0	0	0	2	2	2	2	0	2	2	2	2	2	2	0	2	2	2	2	2	0	2	2	2	0	2	0	0	2	0	0	0	0	0	0	0	2	0	0	0	0	2	2	0	0	0	0
CM007899.2_165321025_G_A		10	165321025								2	2	0	2	2	2	2	0	1	0	1	2	2	2	2	2	2	2	0	2	2	2	2	0	0	2	2	0	2	2	2	2	2	2	2	2	2	2	2	2	2	2	2	2	2	2	2	2	2	0	2	2
CM007899.2_165321267_G_T		10	165321267								0	2	2	2	2	2	2	2	0	0	2	2	2	2	2	2	2	2	0	2	2	2	2	2	2	2	0	2	0	2	2	2	2	0	2	2	2	2	2	2	2	0	2	2	2	2	2	2	2	0	2	2
CM007899.2_165562347_G_T		10	165562347								0	0	0	0	0	0	0	0	0	0	0	0	0	0	0	0	0	0	0	0	0	0	0	0	0	2	0	0	0	2	0	0	0	0	0	0	0	2	2	0	0	0	2	0	0	0	2	0	0	0	0	0
CM007899.2_166291062_G_A		10	166291062								2	2	0	2	0	0	2	2	2	2	0	0	0	2	2	2	2	2	2	2	2	2	2	2	2	0	2	2	2	0	2	2	0	0	0	2	2	0	2	0	2	2	2	2	2	2	2	2	2	2	2	2
CM007899.2_166329769_T_C		10	166329769								0	0	0	0	0	0	2	0	0	0	0	0	0	0	2	0	0	0	0	0	0	2	0	0	0	2	0	2	0	2	2	0	0	2	0	0	0	0	0	0	0	0	0	0	0	2	0	0	0	2	2	0
CM007899.2_166901591_A_T		10	166901591								0	2	2	2	2	0	2	0	2	0	0	2	2	2	2	2	2	0	0	0	0	0	0	2	2	2	2	0	2	2	2	2	0	0	0	2	0	0	0	0	2	2	0	0	2	2	2	2	2	2	2	0
CM007899.2_166930465_T_C		10	166930465								1	2	2	2	2	2	2	0	1	2	2	2	0	0	2	0	0	2	2	0	2	2	2	0	0	2	0	0	2	2	2	2	2	2	0	2	0	2	2	2	2	2	2	2	0	2	2	2	0	2	0	2
CM007899.2_166931450_A_G		10	166931450								2	0	2	2	2	0	2	0	0	2	0	2	2	2	2	2	2	2	2	2	2	2	0	2	2	0	2	2	2	0	2	2	2	0	2	0	2	2	2	2	2	2	2	2	0	2	2	2	2	2	2	2
CM007899.2_166973920_G_A		10	166973920								0	2	2	2	2	0	0	2	2	2	0	2	0	2	2	2	0	2	2	0	0	0	0	2	2	2	2	0	2	2	0	0	0	2	2	2	0	0	0	0	0	0	0	0	2	0	2	0	0	0	2	0
CM007899.2_166975228_A_T		10	166975228								2	0	2	2	2	0	0	0	2	2	2	2	0	0	2	0	0	0	2	0	0	0	2	2	0	0	0	0	0	0	0	0	2	0	0	0	0	2	0	2	0	0	2	0	0	0	2	0	0	0	0	0
CM007899.2_166975719_A_C		10	166975719								0	2	0	0	2	0	0	0	0	0	2	0	0	0	0	0	0	0	0	0	0	0	0	0	0	0	0	0	0	0	0	0	0	0	0	2	0	0	0	0	0	2	0	0	2	0	0	0	0	0	0	0
CM007899.2_168551921_G_A		10	168551921								0	0	2	2	2	0	2	2	2	2	2	0	2	2	2	2	0	2	0	0	2	2	0	2	0	2	2	0	2	0	2	0	0	2	0	0	0	0	0	0	0	2	0	0	2	0	2	0	2	0	2	2
CM007899.2_168558930_G_A		10	168558930								0	2	2	0	0	0	2	0	0	0	0	2	0	0	2	0	0	0	0	0	0	2	0	0	0	2	2	2	2	2	2	0	0	2	2	2	0	0	0	0	2	2	0	0	2	0	2	2	2	2	2	2
CM007899.2_169206044_C_G		10	169206044								0	0	0	2	0	1	2	2	2	0	0	0	0	0	0	2	2	2	1	2	0	0	0	2	0	2	2	2	0	2	0	2	2	0	0	0	2	2	2	2	2	0	2	2	2	0	2	0	2	2	0	0
CM007899.2_169438572_T_C		10	169438572								0	0	2	0	0	0	0	0	2	0	2	0	2	2	2	1	0	0	0	2	2	0	0	0	0	0	2	2	2	2	2	0	2	2	2	0	2	2	2	2	0	2	0	1	2	0	2	2	2	2	0	0
CM007899.2_169641770_A_T		10	169641770								2	2	2	2	0	2	2	2	2	2	2	0	2	2	2	2	0	2	2	2	2	0	2	2	2	2	2	0	2	2	2	2	2	2	2	2	0	2	2	2	2	0	2	2	2	2	2	2	2	2	0	0
CM007899.2_172013168_A_G		10	172013168								2	0	0	2	2	0	0	2	2	0	0	2	0	0	2	2	2	2	2	2	0	2	0	2	0	0	2	0	0	2	2	2	0	0	2	0	0	0	0	2	0	0	2	0	0	2	2	0	2	2	2	0
CM007899.2_172264964_A_G		10	172264964								0	0	0	2	2	0	2	2	2	2	2	2	0	2	2	2	2	2	2	0	2	2	2	2	0	0	0	2	0	2	2	0	2	0	2	0	2	2	0	0	0	0	2	0	0	2	2	2	0	2	2	0
CM007899.2_172984479_T_A		10	172984479								0	0	0	2	0	2	2	2	2	2	2	0	0	2	2	0	0	2	0	2	0	2	0	0	0	0	2	0	0	2	2	2	2	2	0	2	0	2	0	2	0	2	0	0	2	0	2	0	0	2	2	0
CM007899.2_174505347_A_G		10	174505347								2	0	0	0	0	0	0	0	0	0	0	0	0	0	0	0	0	0	0	0	0	2	2	0	0	0	0	0	0	0	1	0	0	0	1	2	0	0	0	0	0	0	0	0	0	0	2	0	0	0	2	0
CM007899.2_174703042_G_C		10	174703042								2	2	0	0	0	2	2	2	0	2	2	2	0	2	2	1	2	2	2	2	0	0	0	2	0	0	0	0	0	0	0	2	2	2	0	0	2	2	0	2	2	0	0	0	2	0	2	0	2	2	0	0
CM007899.2_175019363_C_G		10	175019363								0	2	2	0	2	2	2	2	0	2	2	2	2	2	2	2	0	2	0	2	0	0	0	0	0	0	2	0	2	0	2	1	2	2	2	2	2	2	0	2	2	2	2	2	2	2	2	2	2	0	0	2
CM007899.2_175064829_A_C		10	175064829								0	2	2	0	2	0	2	2	0	2	0	2	2	2	2	2	2	2	2	0	0	2	0	2	0	0	2	0	0	0	0	0	2	2	0	0	0	0	0	2	0	0	2	0	0	2	2	2	0	2	2	0
CM007899.2_175095613_T_C		10	175095613								0	0	0	2	1	0	0	0	2	2	1	2	0	2	0	2	0	2	0	2	0	0	0	0	2	2	0	2	0	0	0	0	0	2	0	0	0	2	2	2	0	0	0	0	2	0	0	0	2	0	0	0
CM007899.2_176494067_C_T		10	176494067								0	0	0	2	0	0	0	0	0	0	0	0	0	0	0	0	0	0	0	0	0	0	0	0	0	0	0	0	0	2	0	1	0	2	0	0	0	0	0	0	0	0	0	0	0	0	0	0	0	0	0	0
CM007899.2_176865054_A_G		10	176865054								2	2	0	2	2	2	2	0	2	2	2	2	0	1	2	2	0	1	0	2	2	2	0	0	0	0	0	0	2	2	2	2	2	2	2	2	2	0	2	2	2	2	2	2	0	2	2	0	2	2	2	2
CM007899.2_176902506_T_C		10	176902506								0	2	0	0	0	0	0	0	0	0	0	0	0	0	2	0	0	0	0	0	0	0	0	0	0	0	0	0	0	0	0	0	0	0	0	0	0	0	0	0	0	0	0	0	0	0	0	0	0	0	0	0
CM007899.2_177307127_C_T		10	177307127								2	0	0	2	2	0	2	2	2	2	2	0	0	2	0	2	2	2	2	2	0	0	0	2	2	0	0	0	2	2	0	0	2	0	0	2	0	2	0	2	0	0	0	0	2	2	2	0	2	2	0	0
CM007899.2_177463998_A_G		10	177463998								2	0	0	0	2	0	2	2	0	2	0	0	0	2	2	2	2	2	2	0	2	0	0	0	0	2	0	0	2	0	0	2	2	2	0	0	0	2	1	2	0	0	2	0	0	0	2	0	2	0	2	2
CM007899.2_177805314_G_T		10	177805314								0	0	0	2	0	0	0	0	2	2	0	0	0	0	0	2	0	0	0	0	0	0	0	0	0	0	0	0	0	2	0	0	0	0	0	0	0	0	0	0	0	0	0	0	2	2	0	0	0	0	0	0
CM007899.2_177805467_A_G		10	177805467								2	0	2	2	2	0	2	2	2	2	2	2	2	2	2	2	2	2	2	2	2	2	2	2	2	2	2	2	2	2	0	0	0	2	2	0	0	2	2	2	0	2	2	2	2	2	2	2	2	0	2	0
CM007899.2_178551274_T_C		10	178551274								2	0	2	0	0	0	2	2	0	0	0	0	0	0	2	0	2	2	2	2	0	0	0	2	0	2	2	2	2	0	0	0	2	2	0	2	0	2	2	2	0	2	2	2	2	0	2	2	2	2	0	0
CM007899.2_178832526_C_T		10	178832526								0	0	0	0	0	0	2	0	0	2	2	2	2	2	2	2	0	2	0	2	0	0	2	0	2	0	2	0	2	0	2	0	1	2	0	2	0	0	2	2	0	2	2	2	2	0	2	2	0	2	0	2
CM007899.2_180015576_C_T		10	180015576								0	0	2	0	0	2	2	2	0	2	2	2	2	2	2	2	0	0	0	2	0	0	0	0	2	2	2	2	0	0	2	2	2	0	0	2	2	2	2	0	0	0	2	2	0	0	2	0	0	0	0	2
CM007899.2_180188909_A_G		10	180188909								2	2	2	2	2	2	2	2	2	0	0	0	0	0	2	0	0	0	0	2	2	2	2	0	0	0	0	0	0	2	2	2	2	0	0	0	2	2	0	2	2	0	0	0	0	2	2	0	0	2	2	2
CM007899.2_180349955_G_A		10	180349955								0	0	0	0	0	0	0	0	0	0	0	0	0	0	2	0	0	0	0	2	0	0	0	0	0	0	0	0	0	0	0	2	2	0	0	0	0	2	0	0	0	2	0	0	0	0	0	0	0	0	0	0
CM007899.2_180378545_G_T		10	180378545								0	0	0	0	0	0	0	0	0	0	0	0	0	0	2	0	0	0	0	0	0	0	0	0	0	0	0	0	2	0	0	0	0	0	0	0	0	0	0	0	0	2	0	0	0	0	0	0	0	0	0	0
CM007899.2_180425602_T_C		10	180425602								2	2	0	2	2	0	0	0	2	2	0	0	0	0	2	2	0	0	0	2	2	2	0	0	2	1	2	0	0	2	2	0	2	0	0	2	0	2	2	2	0	0	2	0	0	2	2	0	0	2	2	0
CM007899.2_181213017_T_C		10	181213017								0	0	0	0	0	0	0	0	0	0	2	0	0	2	0	0	2	2	2	0	0	0	0	2	0	0	0	0	0	0	0	0	0	2	0	0	0	0	0	0	0	0	0	0	2	2	2	2	2	0	0	0
CM007900.2_235730_T_G		11	235730								0	2	2	2	2	2	2	2	0	0	0	0	0	2	0	0	0	2	0	2	0	0	2	0	0	2	2	2	0	2	1	2	2	2	0	0	2	2	0	2	2	2	0	0	2	2	0	2	0	2	0	2
CM007900.2_237710_G_A		11	237710								0	0	0	0	0	0	0	0	2	0	0	0	2	2	2	2	2	2	2	0	2	0	0	2	0	0	0	0	0	2	2	2	0	2	0	0	2	2	2	0	2	0	2	2	0	2	2	0	2	2	0	2
CM007900.2_371157_T_C		11	371157								0	0	0	2	2	2	0	0	2	0	0	0	2	0	2	2	2	1	2	2	2	0	2	2	0	0	0	0	0	0	2	0	2	2	0	0	0	2	2	0	0	2	2	2	0	1	2	2	2	0	0	0
CM007900.2_465234_T_G		11	465234								0	2	0	0	0	0	0	0	0	0	0	0	0	2	0	0	0	0	0	0	0	0	0	0	0	0	0	0	0	2	0	0	0	0	0	0	0	0	0	0	2	0	0	0	0	1	0	1	0	2	0	2
CM007900.2_550663_T_C		11	550663								0	0	0	0	0	0	2	0	0	0	0	0	0	0	0	0	0	0	0	0	0	0	0	0	0	0	0	0	0	0	0	2	0	0	0	0	2	0	0	0	0	0	0	0	0	2	0	0	0	0	0	0
CM007900.2_1055453_A_G		11	1055453								2	0	0	0	0	0	0	0	2	0	0	0	0	2	0	0	0	0	0	0	0	0	0	0	2	0	0	0	2	2	0	0	0	0	0	0	0	0	0	0	0	0	0	0	0	0	0	0	0	2	0	2
CM007900.2_1322774_G_A		11	1322774								2	2	0	2	2	0	0	0	2	0	2	2	2	2	2	0	0	0	0	0	2	0	0	0	0	2	2	2	2	2	2	0	0	0	0	0	0	0	2	2	2	0	2	2	0	0	0	2	0	2	0	2
CM007900.2_1528421_A_G		11	1528421								0	0	0	0	2	0	0	0	0	0	0	0	2	2	2	0	0	0	0	0	2	2	0	0	0	2	2	0	2	2	2	0	0	0	0	0	0	0	0	0	0	0	0	2	0	0	2	0	0	0	2	2
CM007900.2_1774101_A_G		11	1774101								0	2	0	0	1	0	0	0	2	0	0	2	2	0	2	0	0	0	0	2	0	0	0	0	2	2	2	2	0	2	2	0	2	0	2	0	0	0	0	0	2	2	0	0	0	1	2	0	0	0	0	2
CM007900.2_2468096_G_T		11	2468096								2	0	0	2	0	0	0	0	0	0	2	0	0	0	2	0	0	0	0	0	1	0	0	2	0	0	0	0	0	0	0	0	0	0	0	0	0	0	0	0	0	0	0	0	0	0	0	0	0	0	0	0
CM007900.2_3449969_C_T		11	3449969								0	2	0	0	2	0	2	0	2	0	2	2	0	0	0	2	2	2	2	0	2	2	0	2	0	2	2	2	0	0	0	0	0	2	0	2	0	2	2	0	2	0	2	2	2	0	2	0	2	0	2	0
CM007900.2_3534634_C_A		11	3534634								0	0	2	0	0	0	0	2	0	2	2	2	0	2	0	2	0	1	0	0	0	0	0	0	2	0	0	0	0	0	2	0	0	0	2	0	0	0	0	0	0	0	0	0	0	0	0	0	0	0	0	2
CM007900.2_4585696_C_A		11	4585696								0	0	0	2	0	0	2	2	0	0	0	0	2	0	0	2	0	2	0	0	0	0	0	2	0	0	0	0	0	2	0	2	0	0	0	0	0	2	0	0	0	0	0	0	2	2	2	0	2	0	0	0
CM007900.2_4631375_C_T		11	4631375								2	0	0	0	0	2	0	0	0	0	2	2	0	2	2	0	0	0	0	2	0	2	0	0	2	2	2	2	2	2	2	0	2	2	2	2	0	1	0	0	0	2	0	0	0	0	0	0	2	2	0	2
CM007900.2_6790661_T_A		11	6790661								2	2	0	2	2	0	2	2	2	0	2	2	0	0	0	2	0	2	2	0	2	0	2	2	0	0	0	0	0	2	2	0	0	0	2	0	0	0	2	2	2	0	2	2	2	0	2	2	0	2	0	0
CM007900.2_8261452_C_T		11	8261452								0	0	0	0	0	0	0	0	0	0	0	0	0	0	0	0	0	2	0	0	0	0	2	2	0	0	0	0	0	0	0	0	0	0	2	0	0	0	0	0	0	0	0	0	0	1	0	0	0	0	0	0
CM007900.2_10368546_A_G		11	10368546								0	2	2	0	0	2	2	0	0	0	2	2	0	2	2	0	2	0	0	2	0	0	0	0	2	0	0	0	2	2	2	2	2	1	0	0	2	2	0	0	2	2	0	0	2	2	2	2	2	0	2	2
CM007900.2_10480871_G_T		11	10480871								2	0	0	2	2	0	2	2	2	0	2	0	0	0	0	0	2	0	0	0	2	0	2	0	0	0	0	0	0	2	0	0	0	0	0	0	0	0	0	0	0	2	0	0	0	0	0	0	2	0	0	0
CM007900.2_12185801_G_C		11	12185801								2	2	0	2	2	2	0	2	2	2	2	2	0	2	2	2	2	2	2	2	2	2	2	2	2	2	2	2	0	2	0	2	2	0	2	2	0	0	2	2	2	2	2	2	0	2	2	2	2	2	2	2
CM007900.2_12618444_T_C		11	12618444								2	0	0	0	2	0	2	2	0	0	0	0	0	0	0	2	2	2	2	0	0	2	2	2	0	2	2	2	2	0	2	2	0	2	0	2	2	0	0	0	0	2	0	0	2	2	2	2	2	0	0	2
CM007900.2_13790531_A_C		11	13790531								0	2	0	0	2	0	0	0	2	0	0	2	0	0	2	2	2	2	0	0	0	2	0	2	2	0	0	2	0	0	2	2	0	2	0	0	2	0	2	0	0	2	0	0	2	0	2	0	0	2	0	2
CM007900.2_13883671_T_G		11	13883671								0	2	0	2	0	0	2	0	2	0	0	0	0	0	1	2	0	2	2	0	0	2	0	2	2	2	2	0	2	0	0	2	0	0	2	2	2	0	2	0	2	2	2	0	0	2	2	0	2	2	0	2
CM007900.2_14508336_T_A		11	14508336								0	2	0	2	2	0	2	2	2	0	0	0	0	0	2	2	0	2	2	2	0	2	0	2	2	2	2	2	0	0	2	0	2	2	2	0	2	2	0	1	0	0	0	0	0	2	2	2	2	0	0	0
CM007900.2_15216045_C_A		11	15216045								0	2	2	1	2	2	0	0	2	2	2	0	2	2	2	2	2	2	2	0	2	2	2	2	2	2	2	2	2	2	2	0	0	2	0	2	0	2	0	0	0	2	2	0	2	2	2	0	2	0	2	0
CM007900.2_15431158_A_G		11	15431158								0	0	0	2	2	0	0	0	2	0	0	2	0	0	0	2	2	2	2	0	0	0	0	0	2	0	0	0	0	0	0	0	0	0	0	0	0	0	0	0	0	0	0	0	0	0	2	0	0	0	0	0
CM007900.2_19188828_G_T		11	19188828								0	2	0	2	2	2	2	2	2	0	0	0	0	0	0	2	2	2	2	0	0	0	0	2	0	0	0	0	0	0	2	2	0	2	2	0	2	0	2	0	2	0	2	2	2	2	2	0	2	2	0	0
CM007900.2_21378702_C_A		11	21378702								2	0	0	2	2	0	0	0	2	0	2	0	2	0	2	0	0	0	2	0	0	0	2	0	0	0	0	0	0	0	0	0	0	0	0	0	0	0	0	0	0	0	0	0	0	0	0	0	0	0	0	0
CM007900.2_23002381_C_G		11	23002381								0	0	0	0	0	0	2	2	0	0	0	0	0	0	0	2	2	2	2	2	0	2	0	0	2	2	2	2	2	2	2	0	2	2	0	2	0	2	0	2	0	2	0	0	2	0	2	2	0	0	0	2
CM007900.2_24466571_T_A		11	24466571								0	0	0	0	2	0	0	2	0	2	0	2	0	0	0	2	0	0	0	2	0	0	0	2	0	0	0	0	0	0	0	0	2	0	0	0	0	2	0	2	0	0	0	0	0	0	0	0	0	0	0	2
CM007900.2_24643309_C_T		11	24643309								2	2	0	2	2	0	0	2	2	1	0	0	0	0	0	2	0	0	0	0	0	2	0	2	0	2	0	0	0	2	2	2	0	1	0	0	2	0	0	0	0	0	2	0	2	2	2	2	0	0	0	2
CM007900.2_25962975_T_C		11	25962975								0	0	0	2	0	2	2	0	2	2	0	0	0	0	0	2	2	2	2	0	0	2	0	0	0	0	0	2	0	2	0	0	0	1	2	0	2	2	2	2	0	2	2	2	0	0	2	2	2	2	0	0
CM007900.2_26128395_C_A		11	26128395								0	2	0	2	0	0	2	2	2	0	0	0	0	0	0	0	2	2	2	2	0	0	0	2	2	0	0	0	0	2	2	2	2	1	2	0	0	0	0	2	2	2	0	2	2	0	2	1	2	0	0	2
CM007900.2_27242028_T_G		11	27242028								2	0	0	0	0	2	0	0	2	0	0	0	0	0	1	0	1	2	2	2	0	0	0	0	2	0	0	0	2	2	0	2	2	0	2	0	2	2	2	2	0	2	2	2	0	2	2	2	2	2	0	2
CM007900.2_30919976_C_A		11	30919976								2	0	0	0	2	0	2	2	0	2	0	2	0	0	0	1	2	2	0	0	0	0	0	0	2	0	0	0	2	0	0	0	0	0	0	0	0	1	0	0	0	0	2	0	0	2	0	2	0	0	0	2
CM007900.2_31028175_T_C		11	31028175								2	2	2	2	0	2	0	0	2	2	2	2	0	2	2	0	2	2	2	0	2	2	2	0	2	2	2	0	2	2	2	2	2	2	2	2	2	2	2	2	0	2	2	2	2	2	2	2	2	0	2	2
CM007900.2_31313240_T_C		11	31313240								2	0	0	0	2	0	2	2	0	2	0	2	0	0	0	2	0	0	0	0	0	2	0	2	0	2	2	2	0	2	2	0	0	2	2	2	0	0	2	0	0	0	2	2	2	0	2	2	0	2	0	2
CM007900.2_34540518_G_T		11	34540518								2	0	0	0	0	0	0	0	0	0	0	0	0	2	0	2	0	2	0	0	0	0	0	0	0	0	0	0	1	0	0	0	0	0	0	0	0	0	0	0	0	0	0	0	0	0	0	0	0	0	0	0
CM007900.2_35198960_T_C		11	35198960								2	2	2	2	2	2	2	2	2	2	2	2	2	0	2	0	0	0	0	2	2	2	2	0	0	2	2	0	2	2	2	2	0	2	2	0	2	0	2	2	1	2	2	2	2	2	2	2	2	0	2	2
CM007900.2_36096929_T_A		11	36096929								0	2	0	2	2	0	0	0	0	0	0	0	2	2	2	2	2	2	2	0	2	0	2	2	2	2	0	2	0	2	2	2	0	0	2	2	0	0	0	0	0	0	0	0	2	2	2	2	2	0	0	0
CM007900.2_38695731_C_A		11	38695731								2	2	0	2	1	2	2	2	2	2	0	0	0	0	2	2	0	0	0	2	0	2	0	2	0	2	2	2	0	2	0	0	2	0	0	2	0	2	0	2	2	0	0	0	2	1	2	2	0	0	0	2
CM007900.2_40377254_C_T		11	40377254								2	2	0	2	0	2	0	0	2	2	2	0	0	0	0	0	0	0	0	2	2	2	0	0	0	2	2	2	0	2	0	0	2	0	2	2	0	2	2	2	2	0	2	2	0	2	0	0	0	2	0	0
CM007900.2_40768070_T_C		11	40768070								2	0	0	0	2	0	0	0	0	2	0	0	2	0	2	0	2	2	2	0	2	2	0	0	0	2	2	2	0	2	2	0	0	2	2	2	0	0	2	0	0	0	2	2	0	0	2	0	2	2	0	0
CM007900.2_40834030_T_C		11	40834030								0	2	0	2	1	2	0	0	2	2	0	0	2	0	2	0	2	2	2	2	0	2	0	0	0	2	2	2	0	0	2	0	2	2	0	2	0	2	0	2	2	0	0	0	0	1	2	0	2	0	0	0
CM007900.2_43183421_G_A		11	43183421								0	0	0	0	2	0	0	0	0	0	0	0	0	0	0	0	0	2	0	0	0	0	0	0	0	0	0	0	0	0	2	0	2	1	0	0	0	0	0	0	0	0	0	0	0	0	1	0	0	0	0	0
CM007900.2_43460872_T_C		11	43460872								0	0	0	2	2	2	0	0	0	0	0	0	0	1	0	2	2	2	1	2	0	0	0	0	0	0	0	0	0	0	0	0	2	0	0	0	0	2	0	2	0	2	0	0	0	0	0	0	0	0	0	0
CM007900.2_45637401_A_G		11	45637401								0	0	2	2	0	1	2	0	2	2	2	2	0	2	2	2	2	2	0	2	0	2	0	1	2	2	2	0	0	0	2	0	2	2	0	0	0	2	0	2	2	2	0	0	2	2	2	2	2	0	2	2
CM007900.2_46139138_T_C		11	46139138								0	2	2	2	2	0	0	0	2	0	2	0	2	2	2	0	2	2	2	0	2	2	2	0	0	2	2	2	0	0	2	2	0	2	0	2	0	0	0	0	2	0	2	0	0	0	2	0	2	0	2	0
CM007900.2_46877706_A_G		11	46877706								0	0	2	2	2	0	2	0	2	2	2	2	2	2	2	2	2	0	0	0	2	2	2	2	0	2	2	0	0	2	2	0	0	2	2	0	0	0	2	0	2	0	2	2	2	2	2	2	2	2	2	2
CM007900.2_47500500_A_G		11	47500500								0	0	0	2	2	0	0	0	2	2	2	2	0	0	2	0	0	2	2	2	2	2	0	0	0	0	0	2	0	2	2	0	2	1	2	0	0	0	2	2	0	0	2	2	0	2	2	0	0	2	2	0
CM007900.2_48525282_T_A		11	48525282								2	0	2	2	0	0	2	2	2	2	2	2	0	2	2	0	2	2	2	2	2	2	2	2	2	0	0	2	0	2	2	2	2	2	0	2	2	1	0	2	0	2	2	2	2	2	2	2	2	2	2	0
CM007900.2_49540995_G_A		11	49540995								0	2	0	2	0	0	0	2	2	2	1	2	0	2	2	2	0	2	2	0	0	2	0	2	0	2	2	2	0	0	2	0	0	2	0	2	0	0	2	0	2	0	2	2	0	0	2	0	2	0	2	2
CM007900.2_50470387_C_T		11	50470387								0	2	2	2	2	2	0	0	2	2	2	2	0	2	2	0	0	0	0	2	0	2	2	0	0	2	2	2	0	2	2	0	2	2	0	0	0	2	0	2	2	0	0	0	0	1	2	0	0	0	2	0
CM007900.2_51210645_A_T		11	51210645								0	2	2	2	2	2	2	2	2	2	2	2	2	2	2	2	2	2	2	2	2	2	2	2	0	0	2	0	0	2	2	2	2	2	2	0	0	2	2	2	0	2	2	2	2	2	2	2	2	0	2	1
CM007900.2_53111982_A_C		11	53111982								0	0	0	0	0	0	0	0	0	0	0	0	0	0	0	0	0	0	0	2	0	0	0	0	0	0	2	0	0	2	2	0	2	0	0	2	0	2	0	0	0	0	0	0	0	0	2	0	2	0	2	2
CM007900.2_56679215_G_A		11	56679215								0	0	0	2	0	0	2	0	0	2	0	0	0	0	0	0	2	0	2	0	0	0	0	0	0	0	0	0	0	0	0	2	0	0	0	0	0	0	0	0	0	0	0	0	0	0	2	1	0	0	0	0
CM007900.2_56679275_G_A		11	56679275								2	0	0	0	0	0	0	0	1	2	0	0	0	0	0	0	2	0	0	0	0	0	0	0	2	0	0	0	0	0	0	0	0	0	0	0	0	0	0	0	0	0	0	0	0	0	0	0	0	0	0	0
CM007900.2_61527464_T_G		11	61527464								0	2	2	2	2	0	2	2	2	2	2	2	1	2	2	2	2	2	2	0	2	2	2	2	2	2	2	2	0	2	2	2	1	2	0	2	2	0	2	2	0	0	2	2	2	2	2	2	0	0	2	2
CM007900.2_64829086_A_G		11	64829086								0	2	0	0	0	0	2	0	0	0	0	0	0	0	0	0	0	0	0	0	0	2	1	0	0	0	2	0	2	0	2	2	0	0	0	0	0	0	0	2	2	2	2	2	0	0	2	2	0	0	0	0
CM007900.2_66899744_T_C		11	66899744								2	2	0	2	2	2	2	2	2	2	2	2	2	2	2	2	0	2	0	2	2	2	0	0	0	2	0	0	2	0	2	2	2	2	2	2	0	2	0	2	2	0	2	2	0	2	2	2	2	2	2	0
CM007900.2_67604018_A_T		11	67604018								0	2	2	2	2	0	2	2	0	2	2	2	2	2	2	2	2	2	2	2	2	2	2	2	1	2	0	0	0	2	2	2	2	2	2	2	2	2	2	1	2	0	2	2	2	2	2	2	2	2	2	2
CM007900.2_73583375_T_C		11	73583375								2	0	2	0	0	0	0	0	0	0	0	2	0	0	0	0	2	0	0	0	0	0	0	0	0	0	0	0	0	0	0	0	0	0	0	0	0	0	0	0	0	0	0	0	0	0	0	0	0	0	0	0
CM007900.2_74323061_T_G		11	74323061								2	0	0	0	0	2	2	2	2	0	2	2	0	2	2	2	2	2	2	2	2	2	2	2	2	2	2	2	2	2	2	0	2	0	2	0	0	2	0	2	0	2	2	0	0	2	2	2	2	2	0	0
CM007900.2_74324563_C_G		11	74324563								0	0	0	0	0	1	0	0	2	0	0	0	0	1	0	2	0	0	0	2	0	0	2	2	0	2	2	2	0	2	2	0	2	0	2	0	2	2	0	0	0	0	0	0	2	0	2	0	0	0	0	0
CM007900.2_74412306_G_T		11	74412306								2	1	0	2	2	2	2	0	2	2	2	2	2	2	2	2	2	2	2	2	2	2	2	0	2	2	2	2	2	2	2	2	2	2	2	2	2	2	2	2	2	2	2	2	2	2	2	1	2	2	2	2
CM007900.2_75325124_C_A		11	75325124								2	0	0	2	2	2	2	2	2	2	0	2	2	2	2	2	0	2	2	0	2	0	2	2	2	0	0	2	2	2	2	0	2	2	2	0	0	2	2	2	2	2	2	2	0	2	2	2	2	0	2	0
CM007900.2_84429730_A_G		11	84429730								2	0	0	0	2	2	0	0	0	0	0	0	2	0	2	0	2	2	2	2	0	0	0	0	0	0	0	0	0	0	2	0	2	0	0	0	0	2	2	2	1	0	2	2	0	2	2	0	2	0	0	0
CM007900.2_102178309_C_G		11	102178309								0	0	0	0	0	0	0	0	2	2	0	0	0	0	2	0	0	0	0	0	0	1	0	0	0	0	0	1	0	0	2	0	0	0	0	0	0	0	0	0	0	0	2	0	0	0	2	0	2	0	0	0
CM007900.2_103671625_A_G		11	103671625								2	2	0	2	2	0	2	0	2	2	0	2	0	0	2	0	0	0	2	2	2	2	2	0	0	2	0	2	2	0	0	2	2	2	0	2	2	2	2	2	2	0	0	0	2	2	2	2	0	2	0	2
CM007900.2_117512354_A_G		11	117512354								0	0	2	0	0	0	0	0	2	0	2	0	0	0	0	0	0	0	0	0	0	2	0	0	0	1	0	0	2	0	0	2	0	2	0	0	0	0	0	2	1	0	2	2	0	2	0	2	0	0	2	2
CM007900.2_119749471_A_G		11	119749471								0	0	0	2	0	0	0	2	0	0	0	0	0	2	0	0	2	0	0	0	0	0	0	2	2	0	0	0	0	2	0	0	0	2	0	0	0	0	0	2	0	0	0	0	0	0	0	2	0	0	0	0
CM007900.2_123930136_T_G		11	123930136								2	2	2	2	2	0	0	2	2	2	2	2	2	2	2	2	0	2	0	0	2	2	2	0	0	2	0	0	2	2	0	2	2	2	2	2	2	0	0	0	1	2	2	2	0	2	2	0	2	0	2	2
CM007900.2_140653460_T_A		11	140653460								0	2	0	2	0	2	2	2	2	0	0	0	0	0	2	2	2	2	2	2	2	0	0	2	0	0	0	0	0	2	2	2	1	0	2	0	0	1	0	2	2	2	0	0	2	0	2	2	2	0	0	0
CM007900.2_140756588_T_C		11	140756588								0	2	2	2	0	2	2	2	2	2	2	2	2	2	2	2	2	2	2	2	2	2	0	2	0	2	2	2	2	0	2	1	2	2	2	2	2	0	2	2	0	2	2	0	2	2	2	2	0	2	2	2
CM007900.2_142929852_G_A		11	142929852								2	2	2	2	2	2	0	2	2	2	2	2	2	2	2	2	2	2	0	2	2	0	2	2	0	0	0	0	0	0	2	0	2	2	0	0	0	2	0	2	1	0	2	0	0	0	2	2	0	0	0	2
CM007900.2_143963133_C_T		11	143963133								2	2	2	2	2	0	0	0	0	2	2	2	0	2	2	0	2	2	2	0	2	0	2	0	0	0	0	0	0	1	2	1	0	2	0	0	0	0	2	0	0	0	2	2	0	2	2	0	2	2	2	0
CM007900.2_145891957_T_C		11	145891957								2	2	2	2	2	0	2	2	2	2	2	2	2	2	2	1	0	2	0	0	2	0	0	0	0	0	0	0	0	2	2	0	0	2	2	0	0	0	0	0	1	0	2	2	2	0	2	0	0	0	2	0
CM007900.2_151481683_G_A		11	151481683								0	0	2	2	0	0	0	0	2	2	2	2	2	2	2	2	0	2	0	0	2	2	0	2	0	2	0	2	2	2	2	0	0	2	0	2	0	0	2	0	0	0	2	2	0	0	2	2	0	0	2	0
CM007900.2_151724700_C_A		11	151724700								0	2	2	2	2	0	0	0	2	2	2	2	2	2	2	2	2	2	2	0	0	0	2	2	0	0	0	0	0	2	0	0	0	2	0	0	0	0	0	0	1	2	0	0	2	1	2	2	2	2	2	0
CM007900.2_153802639_A_G		11	153802639								2	2	2	2	2	2	2	2	2	2	2	2	0	2	2	2	0	2	0	2	2	2	0	0	0	1	2	0	2	2	2	2	2	2	2	0	2	2	2	2	2	2	2	2	0	2	2	2	2	2	2	0
CM007900.2_156283169_C_A		11	156283169								0	0	0	0	0	0	0	0	2	2	1	1	0	0	0	0	0	0	0	0	0	0	0	0	0	0	0	0	0	0	0	0	0	2	0	0	0	0	0	0	0	0	0	0	0	2	0	0	0	0	0	0
CM007900.2_156398016_A_T		11	156398016								0	2	0	2	0	0	2	2	2	0	0	2	0	0	0	2	2	0	2	0	2	2	0	2	2	2	2	2	2	2	0	2	0	0	2	2	0	0	0	0	0	2	0	0	2	0	2	0	2	0	0	2
CM007900.2_162895340_T_C		11	162895340								0	0	0	0	2	0	2	2	2	2	0	0	0	0	0	2	2	2	2	0	0	2	0	2	2	0	0	0	2	2	2	2	0	0	0	2	2	0	2	0	0	2	2	2	2	0	2	2	2	2	0	0
CM007900.2_165844951_C_T		11	165844951								0	0	0	0	0	0	0	2	2	0	0	2	0	0	2	2	2	2	2	0	2	0	0	2	0	0	0	0	0	2	0	2	0	0	2	0	0	0	2	0	0	2	2	2	2	0	2	2	2	0	0	2
CM007900.2_166277868_C_A		11	166277868								2	2	0	2	0	0	0	0	0	0	2	0	0	2	0	0	0	0	0	0	0	0	0	0	0	2	2	0	0	0	0	0	0	0	0	0	0	0	0	0	1	0	0	0	0	0	0	0	0	0	0	0
CM007900.2_168762796_G_T		11	168762796								0	0	0	0	2	2	2	0	2	2	2	2	0	0	1	2	2	2	0	2	2	2	0	0	0	0	0	0	2	0	2	0	2	0	0	2	0	0	0	2	1	2	0	0	0	0	2	2	2	2	0	2
CM007900.2_169874442_G_A		11	169874442								2	0	0	0	2	0	0	0	0	0	0	0	2	0	0	0	0	0	0	0	2	0	0	0	0	0	2	2	0	0	0	2	0	0	0	0	0	0	0	0	0	0	0	0	0	0	0	0	0	0	0	0
CM007900.2_170813334_T_C		11	170813334								0	2	0	1	0	0	0	0	0	0	2	2	0	0	0	0	0	0	0	0	0	0	0	0	0	0	0	0	0	0	0	0	0	0	0	0	0	0	0	0	0	0	0	0	2	0	0	0	0	2	0	0
CM007900.2_170813787_T_C		11	170813787								0	2	0	2	0	0	0	0	2	2	2	2	0	0	2	2	0	2	0	0	2	2	0	0	2	1	2	0	2	2	0	2	0	0	0	2	0	0	2	0	0	2	2	2	2	0	2	0	2	2	0	0
CM007900.2_171559884_G_A		11	171559884								0	0	0	0	0	0	0	0	0	0	0	0	0	0	0	0	0	0	0	0	2	2	0	0	0	0	0	0	0	2	0	2	0	0	2	0	2	0	0	0	0	0	0	0	0	0	0	0	0	2	1	0
CM007900.2_172503197_C_T		11	172503197								0	2	0	1	2	2	0	0	2	2	0	0	2	0	2	2	2	2	2	0	2	2	0	2	0	0	0	0	0	2	0	0	1	0	0	0	0	2	2	0	2	0	2	2	0	0	2	2	0	2	0	0
CM007900.2_173429242_A_G		11	173429242								0	0	0	0	0	2	0	0	0	2	0	0	0	0	0	0	0	0	0	0	0	2	0	0	0	0	0	0	0	0	0	0	2	0	0	0	0	0	0	0	0	0	0	0	0	0	0	0	0	0	0	0
CM007900.2_173887974_C_T		11	173887974								0	0	0	0	0	0	0	0	0	2	0	0	0	0	0	0	0	0	0	0	0	0	0	0	1	0	0	0	2	0	0	0	0	0	2	0	0	0	0	0	0	0	0	0	0	0	0	1	0	0	0	0
CM007900.2_174274821_C_T		11	174274821								0	2	0	2	0	2	0	0	2	0	0	0	0	0	0	2	2	2	2	2	2	2	0	2	0	2	0	2	0	2	2	0	2	0	0	0	0	2	0	2	0	2	0	0	2	0	2	2	2	2	0	0
CM007900.2_174904731_A_T		11	174904731								2	0	2	2	0	0	0	0	2	2	0	0	0	0	0	2	0	2	0	0	2	0	0	0	1	2	2	2	2	0	0	0	0	0	2	0	0	0	0	0	2	0	0	0	0	0	0	0	0	0	0	0
CM007900.2_175474839_T_C		11	175474839								2	0	0	2	0	2	0	2	2	2	2	2	2	2	1	2	0	2	0	0	0	0	0	0	0	2	0	2	0	0	0	0	0	1	0	0	0	0	2	0	0	0	0	0	0	0	0	0	0	0	0	0
CM007900.2_175714361_T_C		11	175714361								2	2	0	2	0	0	2	2	2	2	2	2	2	2	2	2	2	2	2	2	0	2	2	2	2	2	2	2	2	2	2	2	2	0	0	0	2	2	2	2	2	2	2	2	2	2	2	2	2	2	2	2
CM007900.2_175721324_T_C		11	175721324								2	2	0	2	2	0	0	0	2	0	0	0	0	0	0	2	2	0	2	0	0	0	0	2	0	2	2	2	0	2	0	2	0	0	0	0	0	0	1	0	2	2	0	0	0	0	1	0	2	2	0	0
CM007900.2_176431561_G_C		11	176431561								0	0	0	0	0	0	0	0	0	0	0	0	0	0	0	0	0	0	0	0	2	2	0	0	2	0	0	0	0	0	0	2	0	0	0	0	0	0	0	0	2	0	0	0	0	0	0	0	0	0	0	0
CM007900.2_178705650_G_T		11	178705650								0	0	0	0	0	0	2	0	0	0	2	0	2	0	0	0	0	0	2	0	0	0	0	0	0	0	0	0	0	0	0	0	0	0	0	0	0	0	0	0	2	0	0	0	0	0	0	0	0	0	0	0
CM007900.2_179300573_G_A		11	179300573								2	2	0	2	0	2	2	2	0	2	0	0	0	2	0	2	2	2	2	2	0	2	0	2	0	2	2	0	0	2	0	2	2	2	0	0	2	0	0	1	0	0	0	0	2	0	2	2	2	2	0	0
CM007900.2_179400458_A_G		11	179400458								2	2	0	0	0	2	2	0	0	0	0	0	0	0	2	0	0	0	0	2	0	2	0	0	2	2	2	0	0	2	0	0	2	2	2	0	2	0	2	2	2	2	2	2	2	0	2	2	2	2	2	0
CM007900.2_179464601_A_G		11	179464601								0	0	0	0	0	0	0	0	0	0	2	2	0	0	2	0	0	0	0	2	2	0	2	0	0	2	2	0	0	0	0	0	2	0	2	0	0	0	2	2	2	2	2	2	0	0	0	0	0	0	0	0
CM007900.2_179563029_T_G		11	179563029								0	0	2	2	0	0	0	2	0	2	2	2	0	2	0	0	0	0	0	2	2	0	2	0	2	2	2	2	2	0	0	2	2	0	0	2	0	0	0	2	2	0	0	0	0	0	0	0	0	0	0	0
CM007900.2_179611018_C_T		11	179611018								0	0	2	0	2	0	0	0	0	0	2	2	0	0	0	0	0	0	0	0	0	0	0	0	0	0	0	0	2	0	0	2	0	0	0	2	0	0	0	0	0	0	0	0	0	0	0	0	0	0	0	0
CM007900.2_180234390_C_A		11	180234390								0	2	0	2	0	0	2	2	0	0	2	2	0	0	2	2	2	2	2	0	2	2	0	2	0	2	0	2	0	2	0	0	0	0	0	0	2	0	2	0	2	2	2	2	2	0	2	0	2	2	0	0
CM007900.2_180242640_C_T		11	180242640								2	0	0	0	0	0	0	2	2	2	0	0	0	2	2	0	0	0	0	0	0	0	0	0	2	0	0	0	0	1	0	0	0	2	0	2	0	0	2	0	0	2	0	0	0	0	2	2	0	2	2	0
CM007900.2_180242931_G_T		11	180242931								0	0	0	2	0	0	0	0	0	0	0	2	0	2	2	0	0	2	0	0	0	2	0	2	2	2	0	0	0	2	0	0	0	2	0	2	2	0	2	0	2	2	0	2	0	0	0	2	0	2	2	0
CM007900.2_180243122_T_C		11	180243122								0	2	0	2	0	0	0	0	2	2	2	2	0	1	0	2	2	2	2	0	2	0	0	2	2	0	0	0	0	2	0	0	0	2	0	2	0	0	0	0	0	0	0	0	2	0	2	2	2	2	2	0
CM007900.2_180429934_A_G		11	180429934								2	0	0	0	2	0	0	0	0	0	0	0	0	0	0	0	0	0	0	0	0	0	0	0	0	0	0	0	0	0	0	2	0	0	0	0	0	0	0	0	2	0	0	0	0	0	0	0	0	0	0	2
CM007900.2_181548097_T_C		11	181548097								0	0	0	0	0	0	0	0	0	0	0	0	0	0	2	0	0	0	0	0	2	0	0	0	0	0	0	0	0	0	0	0	0	2	0	0	0	0	0	0	0	0	0	0	0	0	2	0	0	0	2	0
CM007900.2_181945729_G_A		11	181945729								0	0	0	0	0	0	2	2	0	0	0	0	0	0	1	0	0	0	0	0	0	0	0	0	0	2	0	2	0	0	0	2	0	0	0	0	2	0	0	0	0	0	0	0	0	0	2	0	0	0	2	0
CM007900.2_182258344_A_G		11	182258344								0	0	0	0	0	0	2	2	0	0	0	0	0	0	2	0	0	0	0	0	2	0	0	0	2	0	0	0	0	0	0	0	0	0	0	0	2	0	0	0	0	0	0	0	0	0	0	2	0	0	0	0
CM007900.2_182259570_A_T		11	182259570								0	0	2	2	0	2	0	0	0	0	0	0	0	0	2	2	2	2	2	2	0	2	2	2	0	0	2	0	2	2	0	1	2	0	2	0	0	0	0	2	0	0	0	0	2	2	2	0	2	0	2	2
CM007900.2_182674828_G_C		11	182674828								2	0	2	2	0	0	0	0	0	0	0	0	0	1	2	2	2	2	2	0	2	2	0	2	0	0	0	0	2	2	0	0	0	2	2	0	0	0	2	0	0	2	2	2	2	2	2	0	2	2	2	2
CM007900.2_182674829_T_C		11	182674829								2	0	0	0	0	0	0	0	0	0	0	0	0	0	2	0	0	0	0	0	0	0	0	0	0	0	0	0	0	0	0	0	0	0	0	0	0	0	2	0	0	2	2	2	0	0	2	0	0	0	0	0
CM007900.2_182870298_A_G		11	182870298								0	0	0	0	0	0	2	2	0	0	0	0	0	0	2	0	2	0	0	0	2	0	0	0	0	0	0	0	0	0	0	2	2	0	2	0	2	0	0	1	0	0	2	0	2	0	2	0	0	0	0	0
CM007900.2_183141550_T_C		11	183141550								0	0	0	0	2	0	0	0	0	0	0	0	2	1	2	0	0	0	0	0	0	0	0	0	0	2	0	2	0	0	0	0	0	0	0	2	0	0	0	0	0	0	0	0	0	0	2	0	0	0	2	0
CM007900.2_183527839_A_C		11	183527839								0	2	0	2	2	0	0	0	0	0	0	2	2	2	2	2	0	2	2	2	0	2	0	2	0	0	2	0	0	2	0	2	2	1	0	0	0	0	0	2	0	2	0	0	0	0	2	0	2	2	0	0
CM007900.2_186554823_G_A		11	186554823								0	0	0	0	0	0	0	0	0	0	0	0	0	0	0	0	0	0	0	0	0	0	0	0	0	0	0	0	0	0	0	1	0	2	2	0	0	0	0	0	0	0	0	0	0	0	0	0	0	0	0	2
CM007900.2_188488999_C_T		11	188488999								0	0	2	0	0	2	2	2	2	2	2	2	0	0	2	0	0	0	0	2	0	2	0	0	0	0	2	0	2	0	0	0	2	2	0	0	2	2	2	2	0	2	2	2	0	0	2	1	0	2	2	2
CM007900.2_189249458_T_C		11	189249458								2	0	2	0	0	0	0	2	2	0	2	2	0	0	0	0	0	0	0	0	0	0	0	0	0	0	0	0	0	0	0	0	0	2	0	0	0	0	2	0	0	0	2	0	0	0	2	0	0	0	2	0
CM007900.2_189471804_A_G		11	189471804								2	0	2	2	0	2	2	2	2	0	2	2	0	0	0	2	2	2	2	0	0	0	0	2	0	0	2	0	2	2	0	0	0	2	2	0	0	2	2	0	0	0	2	2	2	0	2	0	2	0	0	2
CM007900.2_189552633_A_T		11	189552633								0	2	2	2	2	2	0	0	2	2	2	2	0	2	2	2	2	2	2	2	2	2	0	2	2	2	0	2	2	0	1	0	2	2	2	2	0	2	2	2	2	2	2	0	0	1	2	2	2	2	2	2
CM007900.2_189597531_A_C		11	189597531								0	0	0	0	0	0	0	0	0	0	0	0	0	2	0	0	0	0	0	2	2	0	2	0	0	0	0	0	0	0	0	0	0	0	0	0	0	0	0	0	0	0	0	0	0	0	0	0	0	2	0	0
CM007901.2_335043_G_C		12	335043								0	0	2	2	2	2	0	0	0	2	2	2	2	0	2	0	0	0	0	2	0	2	0	0	2	0	0	0	0	2	2	0	2	2	2	2	0	2	2	2	0	0	2	2	0	2	2	2	0	0	0	2
CM007901.2_632520_T_C		12	632520								0	0	2	2	1	2	0	0	0	0	0	0	0	0	2	2	2	2	2	2	1	2	0	2	0	0	0	0	0	2	0	0	2	0	2	0	0	2	0	2	0	2	0	0	0	2	2	2	2	2	0	2
CM007901.2_820480_C_T		12	820480								0	2	2	2	2	2	2	0	2	0	2	2	2	2	2	2	2	2	2	1	0	0	0	2	0	0	0	0	0	2	2	0	0	2	2	0	0	2	2	2	2	2	2	2	2	2	2	2	2	2	0	2
CM007901.2_873611_G_T		12	873611								2	2	0	2	0	2	2	0	2	0	0	0	0	2	2	2	2	2	2	2	2	2	1	2	2	2	2	2	2	2	2	2	2	2	2	2	2	2	2	0	2	0	2	2	2	2	2	2	0	0	2	0
CM007901.2_948288_G_A		12	948288								2	2	2	0	2	2	0	0	2	2	2	2	2	2	0	2	2	2	2	0	2	0	2	2	2	2	2	0	0	0	2	0	0	0	0	2	0	0	0	2	2	0	0	0	0	0	2	0	2	0	0	2
CM007901.2_1024722_G_C		12	1024722								0	0	2	2	2	0	0	2	0	2	2	2	2	2	2	0	0	0	0	2	0	2	2	0	2	2	2	2	0	2	2	2	2	2	0	0	2	0	0	0	0	0	0	0	2	2	0	0	0	0	0	2
CM007901.2_1025804_A_G		12	1025804								0	0	2	1	2	0	0	0	0	2	2	2	2	2	0	2	2	2	2	0	0	0	2	2	0	2	2	2	0	0	0	0	0	0	0	0	0	2	0	0	0	2	0	0	0	0	2	0	2	2	0	0
CM007901.2_1550909_A_G		12	1550909								0	2	0	0	0	0	0	0	2	0	0	0	2	0	2	0	0	0	0	0	0	0	0	0	0	0	0	0	0	0	0	0	0	0	0	0	0	0	2	2	2	0	2	2	0	0	0	2	0	0	0	0
CM007901.2_1584295_C_T		12	1584295								0	0	0	0	2	2	0	0	0	1	0	0	2	2	2	2	2	2	2	2	0	2	0	2	2	0	2	2	2	0	2	1	2	2	2	2	0	0	0	0	0	2	0	0	0	2	2	2	2	2	0	0
CM007901.2_1877550_T_C		12	1877550								2	2	0	0	2	2	0	0	2	2	0	2	2	2	2	0	0	0	0	2	0	1	2	0	0	2	0	2	0	0	2	2	2	2	2	2	0	0	0	0	2	0	2	0	0	2	0	2	0	0	0	2
CM007901.2_1894980_A_G		12	1894980								2	2	2	0	0	0	2	2	2	2	0	2	2	0	2	0	0	0	0	0	2	2	2	0	2	0	0	0	2	0	2	1	2	2	0	1	0	2	2	2	2	2	2	2	0	2	0	2	2	0	2	2
CM007901.2_1965596_C_T		12	1965596								2	0	2	0	0	0	0	0	0	2	2	0	0	0	0	0	0	0	0	0	0	0	0	0	0	0	0	0	0	0	2	2	0	0	0	0	2	0	0	2	0	0	2	0	2	0	0	2	0	0	0	0
CM007901.2_2375824_A_G		12	2375824								2	0	0	0	2	0	2	2	0	0	0	2	0	2	2	2	2	2	2	2	0	2	0	2	0	2	2	2	2	0	0	0	2	0	0	0	2	1	2	0	0	2	2	2	2	2	2	0	2	2	0	0
CM007901.2_2761142_C_T		12	2761142								0	0	0	2	0	0	0	0	0	0	0	0	0	0	0	0	0	0	0	0	0	0	0	0	0	0	0	0	0	2	2	2	0	0	0	0	0	0	0	0	0	0	0	0	0	0	0	2	0	0	0	0
CM007901.2_3392774_G_A		12	3392774								2	2	0	2	0	0	0	0	0	0	2	2	0	2	2	2	2	2	2	0	0	0	2	2	2	2	2	2	0	0	0	2	0	0	0	2	0	0	2	0	2	2	2	2	0	0	2	0	2	2	0	2
CM007901.2_4446725_C_T		12	4446725								2	0	0	2	0	0	2	2	0	0	0	0	0	2	2	2	0	2	0	0	2	2	0	0	1	2	2	2	2	2	2	0	0	0	2	2	2	0	2	2	0	2	2	2	0	2	2	2	2	0	0	0
CM007901.2_4700017_A_G		12	4700017								2	2	2	2	0	0	2	2	0	2	2	2	2	2	2	2	2	2	2	2	2	2	0	2	0	2	2	2	2	2	2	0	2	2	2	2	2	2	2	0	2	2	2	2	1	2	2	2	2	2	0	2
CM007901.2_4700101_T_C		12	4700101								2	0	2	0	0	0	2	2	0	2	0	0	2	2	2	0	0	0	0	2	2	2	0	0	0	2	2	2	2	2	2	0	2	2	2	2	2	2	0	0	0	0	0	0	1	2	2	2	0	0	0	2
CM007901.2_4700178_C_T		12	4700178								0	2	0	2	0	0	2	0	0	2	2	0	2	0	2	2	0	2	0	0	0	2	0	0	0	0	0	0	0	0	0	0	2	2	0	0	0	0	2	0	2	0	2	2	0	2	2	2	0	0	0	0
CM007901.2_5357955_T_C		12	5357955								0	2	0	2	0	0	0	0	0	2	0	0	0	2	2	2	0	2	0	0	0	0	0	0	0	0	2	2	2	0	2	0	0	2	2	2	0	2	2	2	2	2	2	2	0	2	2	2	2	2	0	0
CM007901.2_5707770_T_C		12	5707770								2	0	2	2	2	0	0	0	2	2	2	2	0	2	2	0	0	0	0	0	2	2	0	0	0	0	2	2	0	0	2	0	0	2	0	2	0	0	2	0	0	0	2	2	0	1	2	2	0	0	2	2
CM007901.2_6270210_C_A		12	6270210								2	0	0	0	2	0	0	0	2	0	0	0	0	2	2	2	2	2	2	0	2	2	0	2	0	0	2	2	2	0	0	0	0	0	2	2	0	2	0	2	0	2	0	0	0	2	2	0	2	2	2	2
CM007901.2_6316707_T_A		12	6316707								2	2	0	2	2	0	2	2	2	0	0	0	0	2	2	0	0	0	0	0	2	2	2	0	2	0	2	2	0	2	0	0	0	0	2	2	2	0	0	0	2	0	0	0	2	0	2	2	0	0	2	2
CM007901.2_6858023_A_G		12	6858023								2	2	2	2	2	0	2	2	2	2	2	2	2	0	2	2	0	2	2	0	2	0	0	0	0	0	0	0	0	2	0	2	0	2	0	0	0	0	0	0	2	0	2	2	2	0	2	0	2	0	2	2
CM007901.2_7159206_A_C		12	7159206								2	0	2	0	0	2	2	2	0	0	2	2	2	2	2	2	0	0	0	2	0	2	0	0	0	2	2	0	0	0	1	2	2	0	0	0	2	0	2	2	0	0	2	2	2	0	0	1	0	0	0	2
CM007901.2_8640688_A_G		12	8640688								0	0	2	0	2	0	0	0	2	2	0	0	0	0	2	2	2	2	2	0	2	2	2	2	2	0	0	0	2	0	1	0	0	2	0	0	0	2	2	0	0	2	2	2	0	1	2	0	2	2	2	0
CM007901.2_9517376_T_A		12	9517376								0	2	2	2	2	0	0	0	2	0	0	0	2	0	0	0	0	0	0	2	2	2	0	0	0	0	0	0	2	2	0	2	0	0	0	0	0	2	2	0	2	0	2	2	0	0	2	2	0	0	2	2
CM007901.2_10026042_G_T		12	10026042								0	2	0	2	2	2	2	0	2	0	0	0	2	2	0	1	0	0	0	2	0	0	0	0	2	2	2	2	2	2	2	2	2	0	0	0	0	2	0	2	2	0	0	0	2	0	2	2	0	0	2	2
CM007901.2_10671497_G_T		12	10671497								2	0	2	2	2	2	2	2	2	0	2	2	2	2	2	2	2	2	2	2	2	2	0	2	2	2	2	2	1	2	2	2	2	2	2	2	2	2	0	2	2	2	0	0	2	2	2	2	2	2	2	0
CM007901.2_10901414_G_T		12	10901414								0	0	0	0	0	0	0	0	0	0	0	0	0	0	0	2	0	0	0	0	0	0	0	0	0	0	0	0	0	0	0	0	0	2	0	0	0	2	0	0	0	0	0	0	0	0	0	0	0	1	0	0
CM007901.2_10924234_T_C		12	10924234								0	0	2	0	0	0	0	0	0	0	0	0	0	0	0	0	0	0	0	0	0	2	0	0	0	0	0	0	0	2	0	0	0	2	0	0	0	0	0	0	0	0	0	0	0	0	0	0	0	0	0	0
CM007901.2_10960911_G_C		12	10960911								2	2	2	2	2	0	1	2	2	2	2	2	2	2	2	2	2	2	2	2	2	2	2	2	2	2	2	2	2	2	1	2	2	2	0	2	0	2	2	0	0	0	2	0	0	0	2	2	0	2	2	0
CM007901.2_11134541_G_A		12	11134541								0	2	2	2	0	0	2	2	0	0	0	0	2	2	2	2	2	2	0	2	2	0	2	2	2	2	2	0	2	2	2	2	0	2	2	0	0	2	2	2	2	0	2	2	2	2	2	2	2	0	2	0
CM007901.2_11192252_T_C		12	11192252								0	2	2	2	2	0	2	2	2	2	0	0	0	2	2	0	0	0	0	0	2	0	0	0	0	0	0	0	2	2	2	0	2	2	0	2	0	0	2	2	0	0	2	2	0	0	2	2	0	0	2	0
CM007901.2_11209667_A_T		12	11209667								0	2	2	2	2	2	2	0	2	2	0	0	2	2	2	2	2	2	2	2	2	2	2	0	2	2	0	2	2	2	2	2	2	2	2	2	2	2	2	2	2	2	2	2	2	2	2	2	2	2	2	2
CM007901.2_11210464_C_G		12	11210464								2	2	2	2	2	2	2	2	2	2	0	0	2	2	2	2	2	2	2	0	2	2	2	2	2	2	2	2	2	0	2	2	2	2	2	2	0	2	2	2	2	2	2	2	2	2	2	2	2	2	2	0
CM007901.2_12119220_C_A		12	12119220								0	0	2	0	0	0	0	0	0	0	2	1	0	0	2	0	0	0	0	0	0	1	0	0	0	0	0	0	0	0	0	0	0	0	2	0	0	0	2	0	0	0	2	2	0	0	2	0	0	0	0	0
CM007901.2_12279305_G_C		12	12279305								0	0	0	2	2	0	0	2	2	2	2	0	2	2	2	2	2	2	2	2	2	0	2	2	2	2	2	2	2	2	0	0	2	2	0	2	2	0	0	2	0	2	0	2	2	2	2	2	2	2	2	0
CM007901.2_12491386_A_T		12	12491386								0	0	0	0	0	0	0	0	0	0	0	0	2	2	2	2	2	2	2	2	0	0	2	2	2	2	2	2	0	0	0	1	2	0	2	2	0	0	0	2	0	2	0	0	0	2	2	2	2	2	0	2
CM007901.2_12633438_C_G		12	12633438								0	0	0	0	0	0	0	0	0	0	0	0	0	0	0	0	0	0	0	0	0	0	0	0	0	2	2	0	0	0	0	0	2	0	0	0	0	2	0	0	0	0	0	0	0	2	0	0	0	0	0	0
CM007901.2_12684277_T_C		12	12684277								2	0	0	1	0	2	0	2	0	0	0	2	2	2	2	0	0	0	0	2	2	0	2	0	2	2	2	2	2	0	2	1	2	0	2	0	0	2	0	0	0	0	0	0	0	2	2	2	0	0	2	2
CM007901.2_12747741_C_T		12	12747741								0	1	2	0	0	2	0	0	0	0	0	0	2	0	2	0	2	2	2	2	0	2	2	2	2	2	0	0	0	2	0	2	2	2	2	0	0	0	2	0	0	2	2	2	0	0	2	0	2	2	0	0
CM007901.2_12780910_G_A		12	12780910								0	2	2	0	0	0	2	0	0	0	0	0	0	0	2	0	0	0	0	0	0	2	0	0	0	0	0	0	0	0	0	0	0	2	2	0	0	0	0	0	2	2	0	0	0	0	2	0	2	0	0	0
CM007901.2_14126405_A_G		12	14126405								2	2	0	0	2	2	2	0	2	2	2	0	2	2	2	2	0	1	0	0	0	0	0	0	0	2	2	0	2	2	2	2	2	2	0	2	2	0	0	2	2	2	2	2	0	0	2	2	2	0	2	2
CM007901.2_14301177_C_G		12	14301177								0	0	2	0	0	0	0	0	0	0	0	0	0	2	2	0	0	0	0	0	0	2	2	0	2	0	2	2	2	0	0	0	0	0	2	2	0	0	0	2	0	0	0	0	0	1	2	1	0	0	2	2
CM007901.2_14500347_C_A		12	14500347								0	2	0	0	0	0	0	0	2	0	0	0	0	0	2	0	0	0	0	0	0	0	0	0	0	2	2	0	2	2	0	0	0	0	2	0	0	2	2	0	0	0	2	0	0	0	2	0	0	0	2	2
CM007901.2_14526104_G_A		12	14526104								2	2	2	2	2	2	2	2	2	0	0	0	2	0	2	0	0	0	0	2	2	2	0	0	2	0	0	0	2	2	0	0	2	0	2	2	2	2	0	2	2	0	0	0	2	0	2	0	0	0	2	0
CM007901.2_15130674_A_G		12	15130674								2	2	2	2	2	2	2	2	2	2	2	2	2	2	2	2	0	2	0	2	2	2	2	2	0	2	2	0	2	2	2	0	2	2	2	2	2	2	2	2	2	2	2	2	2	1	2	0	2	2	2	2
CM007901.2_15328219_T_G		12	15328219								2	0	2	0	0	2	0	0	0	0	0	0	2	0	0	0	0	0	0	2	0	2	0	0	2	2	0	0	2	0	0	1	2	0	0	2	0	0	0	2	0	0	0	0	0	0	2	0	0	0	2	0
CM007901.2_16352154_C_A		12	16352154								0	0	0	0	0	0	0	0	0	0	0	0	2	0	0	0	0	0	0	0	0	0	0	0	0	0	0	0	0	2	0	0	2	0	0	0	0	0	0	0	0	0	2	0	0	0	0	0	2	0	0	0
CM007901.2_16373375_A_G		12	16373375								2	0	2	2	0	2	2	2	0	2	2	2	2	2	2	2	0	2	2	2	2	2	2	0	0	2	2	0	2	2	2	2	2	2	2	2	0	0	2	2	2	2	2	2	2	2	2	2	2	0	2	2
CM007901.2_17638745_A_G		12	17638745								2	2	2	2	2	2	2	2	2	2	2	2	2	0	0	2	2	2	0	1	2	2	2	2	0	2	0	2	2	2	2	0	2	2	0	2	2	0	0	2	2	2	2	2	2	2	2	2	2	2	2	0
CM007901.2_18116518_T_C		12	18116518								2	2	2	2	2	2	2	0	2	2	2	2	0	0	0	2	0	2	2	2	0	2	2	2	0	2	0	0	2	0	2	2	2	2	0	2	2	2	2	0	2	2	2	0	2	2	2	2	0	2	2	2
CM007901.2_23265718_A_G		12	23265718								0	0	0	0	0	0	0	0	0	0	0	0	0	0	0	0	0	0	0	0	0	2	0	0	0	0	0	0	0	0	2	2	0	0	0	0	0	2	0	0	0	2	0	0	0	0	0	0	2	0	0	0
CM007901.2_26805649_G_A		12	26805649								0	2	0	2	0	0	0	0	2	0	0	0	0	0	1	0	0	0	0	0	0	0	0	0	0	0	0	0	1	2	0	0	0	0	0	0	0	0	0	0	0	0	0	0	0	0	0	0	0	0	0	0
CM007901.2_27888201_T_C		12	27888201								0	0	0	2	0	0	2	0	2	0	0	0	0	0	2	2	0	2	0	0	2	1	0	0	0	2	2	0	0	2	2	0	0	2	0	2	0	0	2	0	0	2	1	2	0	0	0	0	0	0	0	0
CM007901.2_28069873_C_T		12	28069873								2	0	2	0	0	0	0	0	0	0	0	1	0	0	0	0	0	0	0	0	0	0	0	2	2	0	0	2	0	2	0	0	0	0	0	0	0	0	0	0	0	0	0	0	1	0	2	0	0	0	0	0
CM007901.2_28504594_T_C		12	28504594								2	0	2	2	0	0	0	0	2	0	0	0	0	2	2	2	0	0	2	0	0	0	0	2	2	0	0	0	0	0	0	0	0	0	0	0	0	0	2	0	0	0	2	0	0	0	2	0	2	2	0	0
CM007901.2_28614592_C_T		12	28614592								2	0	2	2	2	0	2	2	2	2	2	2	2	0	2	2	2	2	2	0	0	0	0	2	0	2	0	0	0	0	0	0	2	0	0	0	0	2	2	0	2	2	2	0	0	0	2	0	0	2	2	0
CM007901.2_28705334_C_G		12	28705334								0	2	0	2	0	0	2	0	2	2	2	0	2	2	2	0	0	2	0	2	0	0	0	0	0	0	2	2	0	2	2	0	2	0	0	0	0	2	2	0	2	2	0	0	0	0	2	0	2	0	2	0
CM007901.2_28851123_T_G		12	28851123								0	0	0	0	0	0	0	0	2	0	0	0	0	0	0	2	0	2	0	0	0	0	0	0	0	0	0	0	0	0	2	0	2	0	0	0	0	0	0	0	0	2	0	0	0	0	0	0	0	0	2	0
CM007901.2_31755920_T_C		12	31755920								0	0	0	2	2	2	0	2	2	2	2	2	2	0	2	2	2	2	0	0	2	0	2	0	0	2	0	0	2	2	2	0	0	2	0	2	0	1	2	2	2	0	2	2	0	0	2	2	2	2	2	2
CM007901.2_31846310_A_T		12	31846310								0	2	0	0	0	2	2	0	0	0	0	0	2	0	2	0	2	0	0	2	0	0	0	0	2	2	0	0	2	2	2	2	2	2	2	2	2	2	2	2	2	2	2	2	2	0	2	2	2	2	2	2
CM007901.2_34734832_G_T		12	34734832								2	2	0	2	0	0	0	0	0	0	0	0	2	2	0	2	2	2	2	0	0	0	0	0	0	0	2	2	2	2	2	1	0	2	0	2	0	2	2	2	2	2	2	2	0	0	2	0	2	0	2	2
CM007901.2_39598657_A_G		12	39598657								2	0	2	2	0	0	2	2	2	2	2	2	2	2	2	2	2	2	2	2	2	2	2	2	2	2	2	2	2	2	2	0	2	2	2	2	0	0	2	2	0	2	2	2	0	2	2	2	2	2	2	2
CM007901.2_40684104_T_C		12	40684104								2	2	2	2	2	0	2	2	2	2	2	0	2	0	2	1	0	2	0	2	2	2	2	0	2	2	0	0	2	2	2	2	0	2	2	2	2	2	2	2	2	2	2	2	2	2	2	0	2	2	2	0
CM007901.2_42215866_A_G		12	42215866								2	2	2	2	2	0	0	0	0	0	2	2	0	2	2	0	0	0	0	0	2	2	2	0	0	0	1	0	2	0	2	0	2	2	0	2	0	0	2	2	2	2	2	2	0	0	2	2	2	2	2	0
CM007901.2_52355887_T_C		12	52355887								0	0	2	2	0	0	0	0	2	0	0	0	0	0	0	0	0	0	0	0	0	0	0	0	0	0	0	0	0	2	0	0	0	2	0	0	0	0	0	0	2	0	0	2	0	0	2	0	0	0	0	0
CM007901.2_52684376_G_A		12	52684376								0	0	2	2	0	0	2	2	2	0	0	0	0	0	0	2	2	2	2	2	0	0	0	2	2	2	2	2	0	2	0	0	2	2	2	0	0	0	0	0	0	0	2	2	2	0	2	0	2	0	0	2
CM007901.2_53941900_G_A		12	53941900								2	0	0	0	0	0	2	2	0	0	0	0	0	0	2	2	2	2	2	0	0	2	2	2	2	0	0	0	2	0	0	2	0	0	0	2	2	0	2	0	0	2	2	2	2	0	2	0	2	2	0	2
CM007901.2_54372377_C_T		12	54372377								0	0	0	0	0	0	0	0	0	0	0	0	0	2	0	0	0	0	0	0	0	2	2	0	0	0	0	0	0	0	0	0	0	0	0	0	0	0	0	0	0	0	0	0	0	0	0	2	0	0	0	0
CM007901.2_54669375_A_G		12	54669375								2	2	0	2	2	0	2	2	0	0	2	2	0	0	2	2	0	2	2	0	2	2	0	0	2	0	2	2	2	2	2	2	0	2	2	2	2	0	0	2	2	2	0	0	2	0	2	2	2	2	2	0
CM007901.2_56281515_G_A		12	56281515								2	2	2	2	0	0	0	0	2	2	0	0	2	2	2	0	0	0	0	0	2	0	0	0	2	2	2	2	0	2	2	0	0	2	0	0	0	2	0	2	0	0	0	0	0	0	2	2	0	2	2	2
CM007901.2_56785305_T_C		12	56785305								2	2	2	2	2	2	2	2	2	2	2	2	2	2	2	2	2	2	2	2	2	2	2	2	2	2	2	2	2	2	0	2	2	2	0	2	0	2	0	0	2	2	2	2	2	2	2	2	0	2	2	0
CM007901.2_56906507_A_T		12	56906507								0	0	2	2	0	2	2	0	2	2	0	0	2	2	2	2	2	0	2	2	0	0	0	2	0	0	0	0	2	2	0	1	2	2	0	0	0	2	0	0	2	0	2	2	2	0	2	0	0	0	2	0
CM007901.2_57697709_G_T		12	57697709								0	0	0	0	2	0	0	0	0	0	2	2	0	2	2	2	0	2	0	0	0	0	0	0	0	0	0	0	0	0	0	0	0	0	0	0	0	0	0	0	0	0	0	0	0	0	0	0	0	0	0	0
CM007901.2_57918440_T_A		12	57918440								0	0	2	2	2	2	2	0	2	2	2	2	2	0	0	0	0	0	0	0	2	0	0	0	0	2	0	0	2	0	0	2	0	0	2	2	2	0	2	0	0	2	2	2	2	0	2	2	0	0	0	0
CM007901.2_58891308_G_C		12	58891308								0	2	2	2	2	2	0	2	2	2	2	2	2	2	2	2	2	2	0	2	2	2	0	2	0	0	2	2	0	2	2	0	2	2	2	0	0	0	0	0	0	0	0	0	0	0	2	2	2	0	0	2
CM007901.2_59941622_A_T		12	59941622								2	2	0	2	2	2	2	0	2	2	2	2	1	2	2	0	2	0	2	2	2	2	0	0	0	2	2	2	0	2	2	2	2	2	2	2	2	2	2	2	2	2	2	2	2	0	2	2	2	2	2	2
CM007901.2_61964095_A_T		12	61964095								0	0	2	0	0	0	2	0	0	0	0	2	0	0	0	0	2	2	2	0	2	2	0	0	0	2	2	2	0	0	0	2	0	2	0	2	0	0	0	2	0	2	0	0	2	0	2	2	2	2	0	2
CM007901.2_62144128_C_A		12	62144128								0	0	0	0	0	0	0	0	0	0	0	2	0	0	0	0	0	0	0	0	2	0	0	0	0	0	0	2	0	0	0	0	0	2	0	0	0	0	0	0	0	0	0	0	2	0	2	0	0	0	0	0
CM007901.2_68995852_T_C		12	68995852								2	2	2	2	0	2	0	0	2	2	2	0	0	1	2	0	0	0	0	2	2	2	0	2	0	2	0	1	2	2	2	2	0	2	2	2	2	0	2	2	2	2	2	2	2	2	0	2	2	0	2	2
CM007901.2_75123154_C_A		12	75123154								0	0	0	2	2	0	0	1	2	2	2	2	2	2	2	0	0	2	0	0	2	2	2	0	0	1	2	2	2	2	2	0	0	2	2	2	0	0	2	0	0	2	2	2	0	0	2	2	2	2	2	0
CM007901.2_75359670_C_G		12	75359670								0	2	0	2	2	0	0	0	2	2	2	0	2	2	2	0	0	0	0	0	0	0	2	0	2	0	0	0	2	2	0	0	0	2	2	2	0	2	0	0	2	2	0	0	0	0	2	0	0	2	2	0
CM007901.2_75910437_T_C		12	75910437								2	0	2	2	2	2	2	2	2	2	2	2	2	2	2	2	0	2	0	2	2	2	2	0	0	2	0	0	2	2	2	2	2	2	2	2	2	0	0	2	0	2	2	2	0	2	2	2	2	0	2	2
CM007901.2_79867924_T_C		12	79867924								2	0	1	2	0	0	0	0	2	2	2	2	2	2	0	0	2	0	2	0	0	0	2	2	0	0	0	0	0	2	0	0	0	2	0	0	0	2	0	0	0	0	0	0	0	0	2	0	0	0	2	0
CM007901.2_81824206_G_T		12	81824206								0	0	0	0	0	0	0	0	0	0	0	0	0	0	0	0	0	0	0	0	0	0	0	0	2	0	0	0	0	0	0	0	0	0	0	0	0	0	0	0	0	2	2	0	0	0	2	0	0	0	2	0
CM007901.2_82535310_T_G		12	82535310								0	0	2	0	0	0	0	0	2	0	0	0	0	0	0	0	2	2	0	0	0	0	0	0	2	0	0	0	0	0	0	0	0	0	0	0	0	0	0	0	0	0	0	0	0	0	0	0	0	0	0	0
CM007901.2_85147090_G_A		12	85147090								0	0	0	0	0	0	0	0	0	0	0	0	0	0	0	0	0	0	0	0	0	0	0	0	0	0	0	0	0	0	0	2	0	0	0	0	0	2	0	0	0	0	0	0	2	0	2	0	0	0	2	0
CM007901.2_89241962_G_A		12	89241962								0	2	2	2	2	2	0	2	2	2	2	2	2	2	2	2	2	2	2	2	2	2	2	2	2	2	2	2	2	2	2	0	2	2	2	2	0	2	2	0	2	2	2	2	0	2	2	2	2	2	2	0
CM007901.2_93371750_C_T		12	93371750								2	0	0	0	0	2	0	0	0	0	0	2	0	0	2	2	2	2	2	2	0	0	2	0	2	2	2	2	2	0	0	0	2	0	0	0	2	0	2	2	0	0	2	2	0	0	2	1	2	2	0	2
CM007901.2_95384101_T_C		12	95384101								2	2	2	2	2	0	2	2	2	2	2	2	2	2	2	2	1	2	2	0	2	2	2	0	0	2	2	0	2	0	2	2	2	2	2	2	2	1	0	2	2	0	2	2	0	2	2	2	0	2	2	2
CM007901.2_98681246_C_A		12	98681246								0	0	0	0	0	0	0	0	0	0	0	0	0	0	0	0	0	0	0	0	0	0	0	0	0	2	0	0	2	0	0	0	0	0	0	0	0	0	0	0	0	0	0	0	0	0	0	2	0	0	2	2
CM007901.2_106194764_A_C		12	106194764								0	2	0	0	0	0	2	2	2	2	2	0	0	0	2	0	0	0	0	0	0	2	0	0	0	0	0	0	0	0	0	2	0	2	0	1	2	0	2	0	0	0	0	2	0	0	0	2	0	0	0	0
CM007901.2_113065947_A_C		12	113065947								0	0	2	0	2	0	2	2	2	2	0	0	0	0	0	0	0	0	0	0	0	0	0	0	0	2	0	0	0	0	0	2	2	0	0	0	0	0	0	2	0	2	0	0	0	0	0	0	0	0	0	0
CM007901.2_118187381_T_C		12	118187381								1	2	0	2	2	2	0	0	2	2	2	2	2	2	2	2	2	2	1	2	2	2	2	0	0	2	2	0	2	2	2	2	2	2	2	2	0	0	2	2	2	2	2	2	2	2	2	2	2	0	2	2
CM007901.2_123352930_G_T		12	123352930								0	0	0	0	0	2	2	0	0	0	0	0	0	0	0	0	0	0	0	0	0	0	0	0	0	0	0	0	0	0	0	0	2	0	0	0	0	0	0	0	0	0	0	0	2	2	2	2	2	0	0	0
CM007901.2_128910485_C_T		12	128910485								2	0	0	2	2	0	0	0	2	2	2	2	0	2	2	2	2	2	2	0	2	2	2	2	2	0	2	2	0	2	2	0	0	0	2	2	2	0	0	2	0	2	2	0	0	2	2	2	2	0	2	2
CM007901.2_129923813_A_G		12	129923813								0	0	0	2	2	0	0	0	2	2	2	2	0	2	2	2	0	2	0	2	2	2	0	2	0	2	2	2	0	2	2	2	2	0	2	2	2	2	2	2	0	2	2	2	2	2	2	2	2	2	2	2
CM007901.2_130350017_G_A		12	130350017								0	0	2	1	0	2	0	0	0	2	0	0	2	0	0	2	0	0	0	0	0	0	0	0	0	0	0	0	2	0	0	0	0	2	0	0	0	0	0	0	0	0	0	0	0	2	1	0	0	0	0	0
CM007901.2_139146126_A_T		12	139146126								2	2	2	2	0	0	2	2	2	2	2	0	2	1	2	2	0	0	0	2	0	2	0	2	2	2	2	0	2	2	2	2	2	2	0	0	2	2	0	2	2	0	2	2	0	0	2	2	0	2	0	2
CM007901.2_141788001_T_C		12	141788001								0	2	2	2	0	2	2	2	2	2	2	2	2	2	2	2	0	2	0	2	2	2	0	2	0	2	2	2	2	0	2	0	2	2	2	0	0	0	2	0	2	2	2	2	0	2	2	2	2	2	2	2
CM007901.2_142911915_T_C		12	142911915								1	2	2	2	2	2	2	2	2	2	2	2	2	2	2	2	0	0	0	0	2	2	2	0	0	2	2	2	2	2	2	2	2	2	2	2	0	2	2	2	2	0	2	2	0	2	2	2	2	0	2	2
CM007901.2_144492220_T_C		12	144492220								1	0	2	2	2	2	0	1	2	2	2	2	2	0	2	2	0	0	0	2	2	2	2	0	0	0	0	2	0	0	2	2	0	2	2	2	2	2	2	0	2	2	2	2	0	2	2	2	0	2	2	2
CM007901.2_150826806_G_A		12	150826806								0	2	2	0	0	0	0	0	0	0	0	0	0	0	0	0	0	0	0	0	0	0	0	0	0	0	0	0	0	2	2	0	0	2	2	0	0	0	2	2	0	2	2	2	2	0	0	1	0	0	0	0
CM007901.2_155093877_G_A		12	155093877								2	0	0	0	0	0	0	0	2	0	0	2	0	0	1	0	0	0	0	0	0	2	2	0	2	2	2	2	0	0	0	2	0	0	0	0	0	0	2	0	0	2	2	2	0	0	0	0	0	0	0	0
CM007901.2_155114145_A_C		12	155114145								2	2	0	2	2	2	1	0	2	2	2	0	2	2	2	2	2	2	2	2	2	2	0	2	0	2	2	2	2	0	2	2	2	2	2	2	0	0	0	2	2	2	2	0	2	2	2	2	2	2	2	0
CM007901.2_156296311_G_A		12	156296311								2	0	0	0	0	0	0	0	2	0	0	2	0	0	0	0	0	0	0	2	0	0	0	2	0	0	0	0	0	0	0	0	2	0	0	0	2	0	0	0	0	2	0	0	0	0	1	0	0	2	0	0
CM007901.2_157642240_A_G		12	157642240								2	0	0	2	0	0	2	2	0	0	0	2	2	2	2	2	2	2	2	0	0	2	0	0	0	2	2	2	0	0	2	1	0	2	0	0	0	0	2	0	0	0	2	2	2	2	2	2	2	0	1	2
CM007901.2_157918140_A_G		12	157918140								2	2	2	2	2	0	2	2	2	2	2	2	2	2	2	2	2	2	2	2	2	0	0	2	2	2	2	2	2	2	0	1	2	2	0	2	2	0	2	0	2	2	2	2	2	2	2	0	2	2	2	2
CM007901.2_157918299_T_A		12	157918299								0	0	0	0	0	0	0	0	2	0	0	1	0	0	0	0	2	0	2	0	0	0	0	1	0	0	0	0	0	0	0	0	2	0	0	0	2	0	2	0	0	2	2	0	0	0	0	0	0	0	0	0
CM007901.2_158902028_C_T		12	158902028								0	2	0	2	2	0	0	0	0	2	2	2	2	2	2	2	0	2	2	0	0	0	0	0	2	0	0	0	0	2	2	0	0	2	0	2	0	0	2	2	2	0	2	2	0	0	2	0	2	2	2	0
CM007901.2_160649936_T_G		12	160649936								0	0	0	0	0	0	0	0	0	0	0	0	0	0	0	2	2	2	2	0	2	0	0	0	0	0	0	0	2	0	2	0	0	0	0	0	0	0	0	0	0	0	0	0	0	0	2	0	2	0	0	2
CM007901.2_161192763_C_A		12	161192763								2	0	0	2	0	0	0	0	0	0	2	0	0	0	2	0	0	0	0	0	0	0	0	0	0	0	0	0	0	0	0	0	0	0	0	0	0	0	0	0	0	0	0	0	0	0	0	0	0	0	0	0
CM007901.2_162873033_T_C		12	162873033								0	2	0	0	0	2	2	0	0	0	0	0	2	0	2	0	0	0	0	2	0	2	2	0	0	2	2	2	0	2	2	2	2	2	2	2	2	2	2	2	2	2	2	2	2	2	0	2	2	0	2	0
CM007902.2_578471_T_C		13	578471								0	0	2	0	0	0	2	2	0	0	0	2	2	2	0	2	2	2	2	0	0	0	0	2	0	2	2	2	2	0	0	0	0	2	0	2	0	0	2	0	0	0	2	2	2	2	2	0	2	0	0	0
CM007902.2_580948_A_C		13	580948								2	0	0	0	0	2	2	2	0	2	0	0	0	0	2	2	2	2	2	0	2	2	0	2	0	0	0	0	0	0	2	2	2	2	0	2	2	2	2	2	0	2	2	2	2	2	2	0	2	2	0	0
CM007902.2_963279_A_G		13	963279								0	2	0	0	2	2	2	2	0	0	2	2	0	1	2	0	0	0	0	2	2	0	2	0	0	0	0	0	2	0	2	2	2	0	0	0	0	2	0	0	2	2	0	0	0	2	2	2	0	2	2	0
CM007902.2_1263539_T_A		13	1263539								0	0	2	0	2	0	0	0	0	2	2	2	2	2	2	0	0	0	0	2	0	2	0	0	0	2	2	2	2	0	2	2	2	0	0	0	0	1	0	2	0	2	0	0	0	0	0	2	0	2	0	0
CM007902.2_1616439_G_A		13	1616439								0	2	0	0	0	0	0	0	0	0	0	0	0	0	0	0	0	0	0	0	0	0	2	0	0	0	0	0	0	0	0	0	0	0	0	0	0	0	0	0	2	0	0	0	0	0	2	0	0	0	2	0
CM007902.2_1701923_A_C		13	1701923								0	0	0	0	2	2	0	0	0	0	2	0	0	0	2	2	2	2	2	2	2	0	0	2	2	0	0	0	0	0	2	2	2	2	0	2	0	2	2	0	0	2	2	2	0	0	2	2	2	2	2	0
CM007902.2_2357180_G_T		13	2357180								0	0	2	0	2	0	2	0	0	0	2	0	1	0	2	0	0	0	0	0	0	0	0	0	0	2	2	0	0	0	0	2	2	0	0	0	2	0	2	0	0	2	1	0	0	0	0	0	0	0	2	0
CM007902.2_7520832_C_T		13	7520832								2	0	2	0	0	2	2	2	0	2	2	0	0	2	2	0	0	0	0	2	2	0	2	0	2	2	2	2	2	0	2	2	2	0	0	0	2	2	0	0	0	2	0	0	2	2	0	0	0	2	0	2
CM007902.2_8221302_G_T		13	8221302								0	2	2	0	0	2	2	2	0	0	2	2	0	2	2	2	0	2	1	2	1	2	2	2	0	2	2	2	2	2	2	2	2	2	0	0	2	2	0	2	2	2	2	2	2	2	2	0	0	2	2	0
CM007902.2_8288633_T_C		13	8288633								2	2	2	0	0	0	0	0	0	0	2	2	2	0	2	0	0	0	2	2	1	2	2	0	0	0	0	0	1	2	2	0	2	2	0	2	0	0	2	2	2	2	2	2	0	0	2	2	2	0	2	0
CM007902.2_12873365_C_T		13	12873365								2	0	0	0	0	0	0	0	0	2	2	2	0	2	2	2	0	2	0	2	2	0	2	0	2	0	2	0	2	0	2	2	2	2	0	0	0	0	2	0	0	0	2	2	2	2	2	2	2	2	0	0
CM007902.2_15845582_A_C		13	15845582								0	0	0	0	0	2	2	0	0	0	0	0	2	0	2	0	0	0	0	2	0	0	0	0	2	2	2	2	2	0	2	2	2	2	0	2	2	2	2	0	0	2	2	2	2	2	2	2	2	2	2	2
CM007902.2_16670005_A_G		13	16670005								2	2	2	0	0	0	0	2	0	2	2	0	2	2	2	2	2	0	2	2	0	2	2	2	2	2	2	0	2	2	2	2	2	2	0	0	2	2	2	2	0	2	2	2	2	0	2	0	0	2	2	2
CM007902.2_18366023_A_G		13	18366023								0	0	2	0	0	0	0	0	0	0	0	0	0	0	0	2	0	0	0	0	0	0	0	0	0	0	0	0	0	0	0	0	2	2	0	0	0	0	0	0	0	0	0	0	0	0	0	0	0	0	0	0
CM007902.2_19828662_T_C		13	19828662								0	0	0	0	0	0	0	0	0	0	0	0	0	0	0	0	0	0	0	0	0	0	0	0	0	2	0	0	0	0	0	0	2	0	0	2	0	0	0	0	0	2	0	0	2	2	0	0	0	0	0	0
CM007902.2_29483056_C_A		13	29483056								1	0	2	0	0	2	2	0	0	2	1	2	0	2	0	2	0	2	2	0	2	0	2	2	2	0	0	0	0	0	2	0	0	2	2	0	0	0	0	0	0	0	0	0	2	2	2	2	2	2	2	0
CM007902.2_29710546_A_G		13	29710546								2	2	2	0	0	0	2	0	0	0	0	0	2	0	0	2	2	0	2	2	0	0	0	0	0	2	2	2	2	0	2	0	2	2	0	2	0	0	0	0	2	2	0	0	2	2	2	2	2	2	2	0
CM007902.2_32587646_A_G		13	32587646								0	1	0	0	0	0	0	0	0	0	0	0	0	0	0	0	0	0	0	1	0	2	0	0	0	2	0	2	2	0	0	0	0	2	0	0	0	2	0	0	0	2	2	2	2	2	0	2	0	0	0	0
CM007902.2_32777123_G_A		13	32777123								2	0	2	0	0	0	2	2	0	2	2	2	2	2	0	2	2	2	2	2	2	0	2	2	2	0	2	0	2	2	0	0	2	0	2	2	2	0	2	2	0	2	0	2	2	2	2	0	2	2	2	0
CM007902.2_33656780_G_A		13	33656780								0	0	2	0	0	0	2	0	0	2	2	2	2	2	0	2	0	0	0	2	0	0	0	0	2	0	2	0	2	2	2	0	0	2	2	2	0	0	0	0	0	2	2	2	2	0	2	0	2	2	0	0
CM007902.2_34096354_T_A		13	34096354								0	0	0	0	0	0	0	0	0	2	0	0	0	0	0	0	0	0	0	0	0	0	0	0	0	0	0	0	2	2	2	0	0	0	0	0	0	0	0	0	0	2	0	0	2	0	0	0	0	0	0	0
CM007902.2_35005602_C_T		13	35005602								0	0	2	0	0	0	0	0	0	0	0	2	0	0	2	0	0	0	0	2	0	2	0	0	0	0	0	0	2	2	0	2	0	0	0	0	0	2	2	0	0	0	0	0	0	0	0	0	0	2	2	0
CM007902.2_35005961_G_T		13	35005961								0	0	0	0	0	0	0	0	0	0	0	0	0	0	0	0	0	0	0	2	2	2	0	0	0	0	0	0	2	2	0	0	0	0	0	0	0	1	0	2	0	0	0	0	2	0	2	0	1	0	0	0
CM007902.2_35215970_G_A		13	35215970								2	0	2	0	0	0	0	0	0	0	0	0	0	2	2	0	0	2	0	2	2	2	0	2	0	2	2	2	2	2	2	2	2	2	2	2	2	2	0	2	0	2	0	0	0	2	2	2	0	0	0	2
CM007902.2_37092239_G_A		13	37092239								2	0	0	0	0	0	2	0	0	2	2	2	0	2	2	0	0	2	0	0	0	0	2	0	2	0	0	0	0	0	0	2	2	0	0	0	0	2	0	2	0	0	2	0	2	0	0	0	0	2	2	0
CM007902.2_37685154_T_G		13	37685154								2	0	2	0	0	0	0	0	0	2	2	2	2	0	2	2	2	2	2	2	2	2	2	0	0	1	0	0	2	0	0	2	2	2	0	0	0	2	0	0	0	0	0	0	0	0	2	0	0	0	0	0
CM007902.2_37929658_C_T		13	37929658								0	0	2	0	0	0	0	0	0	0	0	0	0	0	0	0	0	0	0	2	0	0	0	0	0	0	0	0	2	2	0	0	2	0	2	0	2	0	0	0	0	2	0	2	0	0	2	2	2	0	2	0
CM007902.2_38241879_C_T		13	38241879								2	0	0	0	0	0	2	2	0	2	2	2	2	2	2	2	2	2	2	0	0	0	2	1	2	0	2	2	0	0	0	2	1	0	2	0	2	2	0	0	0	2	2	2	0	0	0	2	0	2	0	0
CM007902.2_39013850_C_T		13	39013850								0	0	0	0	0	0	2	0	0	0	0	0	2	2	0	2	0	0	0	0	2	0	0	0	0	0	0	0	0	0	0	0	0	2	0	0	0	2	0	2	0	0	0	2	0	0	2	0	0	2	0	0
CM007902.2_39468643_G_C		13	39468643								0	0	0	0	0	2	0	0	0	2	2	0	2	2	2	2	2	0	0	0	2	0	2	0	2	0	2	2	0	0	0	2	0	2	2	2	0	0	2	2	0	2	2	0	0	2	2	2	2	0	2	2
CM007902.2_40344426_G_A		13	40344426								0	2	2	0	0	2	2	0	0	0	2	2	2	0	2	2	0	2	0	0	0	2	0	0	0	0	0	0	2	2	2	2	0	2	2	0	0	0	0	2	0	0	2	2	0	2	2	2	0	0	2	2
CM007902.2_40616701_G_A		13	40616701								0	0	0	0	0	0	2	0	0	0	2	0	0	0	0	2	0	2	0	0	0	0	0	0	0	0	0	0	0	0	0	0	0	0	0	0	0	0	0	0	0	0	0	2	0	0	0	0	0	0	0	0
CM007902.2_40730483_A_T		13	40730483								0	0	0	0	0	0	2	0	0	2	0	2	2	0	2	0	0	0	0	0	0	2	2	0	0	2	2	2	2	2	0	2	2	2	2	2	0	0	2	2	0	0	2	2	0	2	2	2	2	2	2	2
CM007902.2_41574504_T_C		13	41574504								2	2	2	2	2	0	2	0	2	2	2	0	2	2	2	2	0	2	2	2	0	2	2	0	0	2	2	0	2	0	2	2	2	2	2	2	0	2	2	2	2	2	2	2	2	2	2	1	2	2	2	2
CM007902.2_46899145_T_C		13	46899145								2	2	2	0	0	2	2	2	0	2	2	2	0	2	2	2	2	2	2	0	2	2	2	2	2	2	2	0	2	2	2	2	2	2	0	2	0	2	2	2	2	0	2	0	0	2	2	2	2	2	0	2
CM007902.2_47239732_C_T		13	47239732								2	2	2	2	2	0	0	0	2	2	2	2	0	2	2	0	0	0	0	2	2	2	2	0	2	2	2	2	2	0	2	0	2	0	2	0	2	2	0	2	2	0	2	0	0	2	2	1	1	2	2	0
CM007902.2_50849120_A_G		13	50849120								2	2	0	2	0	2	0	2	2	2	2	0	0	0	2	0	0	0	0	0	0	2	2	2	0	2	2	0	2	0	0	2	2	2	0	2	2	0	2	2	2	0	2	2	0	0	2	2	2	2	2	2
CM007902.2_54532586_C_T		13	54532586								0	0	0	0	0	0	0	0	0	0	0	0	0	0	0	2	2	0	0	0	0	2	0	0	0	0	0	0	0	0	0	2	2	0	0	0	0	0	0	0	0	0	0	0	0	0	0	0	2	0	0	0
CM007902.2_57621908_T_C		13	57621908								0	0	0	0	0	0	0	2	2	0	1	0	0	0	0	0	0	0	0	0	2	0	0	0	0	0	0	0	0	0	0	0	0	0	0	0	0	0	0	0	0	0	0	0	0	0	0	0	0	0	0	0
CM007902.2_57622003_T_G		13	57622003								2	2	0	2	0	0	0	2	2	2	2	0	0	2	0	2	2	0	0	0	2	0	2	0	2	0	0	0	0	0	2	2	2	0	0	0	0	0	0	0	2	0	0	0	0	0	0	0	0	2	0	0
CM007902.2_57852202_T_C		13	57852202								2	2	2	2	2	0	0	2	2	2	2	0	2	2	2	0	0	2	0	0	2	2	0	2	2	2	2	0	0	2	2	2	2	2	2	2	0	2	2	2	0	2	2	2	1	2	2	2	2	2	2	0
CM007902.2_64174550_A_G		13	64174550								0	2	2	2	0	2	0	0	2	1	2	2	2	0	2	2	2	2	2	0	0	2	2	0	0	2	2	0	2	0	2	2	2	2	2	2	2	0	2	2	2	2	2	2	2	2	2	2	2	2	2	2
CM007902.2_65699231_T_C		13	65699231								2	0	2	0	0	0	0	2	0	2	0	0	0	2	0	0	0	0	0	2	2	2	0	2	0	0	2	2	0	0	0	0	0	2	2	2	0	0	0	0	0	2	0	2	0	0	2	0	0	0	0	0
CM007902.2_67591877_T_C		13	67591877								0	0	2	0	0	0	2	2	0	2	0	0	0	2	0	2	2	2	2	0	2	0	0	2	2	0	2	2	0	0	0	0	0	2	0	2	2	0	2	0	0	0	2	2	2	2	2	2	2	0	2	0
CM007902.2_67614492_A_G		13	67614492								0	2	0	0	0	2	0	0	2	2	2	2	0	2	2	2	2	2	2	2	2	2	0	0	2	2	0	2	2	2	2	0	2	2	2	2	0	0	2	2	2	2	1	2	0	0	2	0	2	2	0	0
CM007902.2_67646227_C_T		13	67646227								0	0	0	0	0	0	0	0	0	2	2	0	2	2	0	2	0	0	0	0	0	0	2	0	0	2	0	0	0	2	2	0	0	0	0	0	0	0	0	0	0	0	2	0	0	0	0	0	0	0	0	0
CM007902.2_68742040_G_T		13	68742040								0	0	0	0	0	0	0	2	0	0	0	2	2	2	0	2	0	2	2	0	2	0	2	0	0	0	0	0	0	0	0	2	0	0	0	0	0	0	2	0	0	0	0	0	0	0	0	0	0	0	0	0
CM007902.2_69165755_G_A		13	69165755								2	0	2	0	0	0	2	2	2	0	2	2	0	2	1	2	0	2	0	0	2	0	0	2	0	0	2	0	0	0	2	0	0	0	0	0	0	0	0	2	0	0	0	0	2	0	0	0	0	0	0	0
CM007902.2_69479325_C_T		13	69479325								0	0	0	0	0	0	0	0	0	0	0	0	0	0	0	2	0	0	0	0	0	0	0	0	2	0	0	0	2	0	0	0	0	0	2	2	0	0	0	2	0	0	0	0	0	0	0	0	0	0	0	0
CM007902.2_69557306_C_T		13	69557306								2	2	2	0	0	0	0	2	2	0	2	1	0	2	2	2	2	2	0	0	2	2	0	2	0	0	2	2	2	0	2	0	0	0	2	2	0	0	0	2	2	2	2	2	0	2	0	2	0	2	0	0
CM007902.2_69649286_T_C		13	69649286								2	2	2	2	2	2	0	0	2	2	2	1	2	0	2	0	2	2	2	2	2	2	0	2	0	2	2	2	2	2	2	2	2	2	2	2	0	2	2	2	2	2	2	2	0	0	2	2	2	2	2	2
CM007902.2_72660586_G_A		13	72660586								2	0	0	0	0	0	0	0	0	0	2	2	2	0	2	0	0	0	0	0	0	0	2	0	0	0	0	0	0	0	2	2	0	0	0	2	0	2	0	0	0	0	0	0	0	0	2	0	0	2	2	0
CM007902.2_73341600_T_A		13	73341600								0	2	2	0	0	0	0	0	2	0	0	0	0	0	0	0	0	0	0	0	0	0	0	0	0	0	0	0	0	0	0	0	0	0	0	2	0	0	0	0	2	0	0	0	0	2	0	0	0	0	0	0
CM007902.2_76264793_G_A		13	76264793								0	2	0	0	0	0	0	0	0	0	2	0	0	0	0	0	0	0	0	0	0	0	0	0	0	2	0	0	0	0	0	0	0	0	0	0	0	0	0	2	2	2	0	0	2	0	0	0	0	0	0	0
CM007902.2_76675063_T_C		13	76675063								2	2	2	0	0	0	2	0	0	2	2	2	2	0	2	0	0	0	0	2	0	0	2	0	0	2	2	0	0	0	2	2	2	2	0	0	2	2	0	2	2	2	0	0	2	2	2	2	0	0	2	0
CM007902.2_80118040_C_A		13	80118040								0	0	0	0	0	0	0	2	0	2	2	2	2	2	2	2	2	2	0	2	0	0	2	2	0	0	2	2	0	0	2	2	2	0	0	1	0	0	2	2	0	2	2	2	0	0	2	2	2	0	1	0
CM007902.2_81236143_A_G		13	81236143								2	2	2	2	2	2	2	2	2	2	2	2	2	0	2	2	0	1	0	2	0	2	2	2	0	2	0	0	2	2	2	2	2	2	0	0	2	2	2	2	2	2	2	2	2	2	2	2	2	2	2	2
CM007902.2_82922444_T_C		13	82922444								0	0	2	0	0	2	0	2	0	0	0	0	2	2	2	1	1	2	2	2	2	0	2	2	2	2	2	2	0	0	0	2	2	0	0	0	0	2	0	2	0	2	0	0	0	0	2	2	2	0	2	0
CM007902.2_84076745_A_G		13	84076745								2	0	2	2	2	2	2	0	2	2	2	2	2	2	2	1	0	2	0	2	0	2	2	2	0	2	2	0	2	2	2	2	2	0	2	2	2	2	2	0	0	2	2	2	2	2	2	2	2	2	2	2
CM007902.2_84454365_C_T		13	84454365								0	2	2	0	0	0	2	0	0	0	0	0	0	0	0	0	0	0	0	0	0	0	0	0	0	0	0	0	0	0	0	0	0	2	0	0	2	0	0	2	2	0	0	0	2	0	2	2	0	0	2	0
CM007902.2_86511032_T_G		13	86511032								2	2	2	2	0	0	2	2	2	2	2	0	2	2	2	2	2	2	2	2	2	2	2	2	0	2	2	2	0	2	2	0	2	2	0	2	0	0	2	0	2	2	2	2	2	2	2	0	2	2	2	2
CM007902.2_90146225_C_T		13	90146225								2	2	2	0	2	2	2	2	2	2	0	2	2	2	2	2	2	2	2	2	2	0	0	2	2	2	0	2	2	2	2	2	2	2	0	2	2	0	2	0	0	2	0	2	2	2	2	2	2	2	0	2
CM007902.2_90180286_C_A		13	90180286								2	0	0	2	0	0	0	0	0	0	2	0	0	0	2	0	0	0	0	0	0	0	0	2	0	0	0	0	0	0	0	0	0	0	0	0	0	0	0	0	0	0	0	0	0	0	0	0	0	0	0	0
CM007902.2_90953298_A_G		13	90953298								0	0	0	0	2	0	0	0	0	0	0	0	2	0	0	0	2	0	0	0	0	0	2	2	0	0	0	0	0	0	0	0	0	0	0	0	0	0	0	0	0	0	0	0	0	0	0	2	0	0	0	0
CM007902.2_91225880_A_T		13	91225880								2	2	2	2	2	2	2	2	0	2	2	2	2	0	2	2	2	2	2	2	2	0	2	2	2	2	2	0	0	2	2	2	2	2	0	2	2	2	2	0	2	2	2	2	2	2	2	0	2	2	0	2
CM007902.2_91263464_T_A		13	91263464								0	2	2	2	0	0	2	2	0	2	2	2	2	2	2	2	2	2	2	0	0	0	0	0	0	0	0	2	0	0	2	2	0	0	0	0	0	0	2	0	2	0	2	2	2	2	2	1	2	2	0	0
CM007902.2_91263680_C_A		13	91263680								0	2	0	0	0	0	2	0	0	0	0	0	0	2	0	0	0	0	0	0	0	0	0	0	0	0	0	0	0	0	2	2	0	0	0	0	0	0	0	0	2	0	0	2	0	0	0	0	2	2	0	0
CM007902.2_91385207_A_T		13	91385207								0	0	0	2	0	0	0	2	2	0	0	0	0	0	0	2	0	0	0	0	0	0	0	2	0	0	0	0	0	0	0	0	0	0	0	0	0	0	1	0	0	0	0	0	0	0	0	0	0	0	0	0
CM007902.2_92253012_A_T		13	92253012								0	0	0	0	0	0	0	0	0	0	0	0	0	0	0	0	0	0	0	2	0	0	2	0	0	2	2	0	0	0	0	0	2	0	0	0	0	0	0	0	0	0	0	0	0	0	0	0	0	0	0	0
CM007902.2_92828371_A_G		13	92828371								0	0	0	0	0	0	0	0	0	0	0	0	0	0	2	0	0	0	0	0	0	0	2	0	2	0	0	0	0	2	0	0	0	0	0	2	0	0	0	2	0	0	0	0	0	2	1	0	0	0	0	0
CM007902.2_93917104_A_G		13	93917104								2	2	2	0	2	0	0	2	2	2	0	2	2	2	0	2	2	2	2	0	2	0	2	2	2	0	0	0	2	2	2	0	0	2	0	0	0	0	2	0	0	0	1	2	2	0	0	0	1	0	0	0
CM007902.2_95175755_G_T		13	95175755								2	2	2	0	0	0	0	0	0	0	0	0	0	0	2	0	0	0	0	0	0	0	0	0	0	0	0	0	0	0	0	0	0	2	0	0	0	0	0	0	2	0	0	0	0	0	0	0	0	0	0	2
CM007902.2_95200303_A_G		13	95200303								2	2	2	2	2	0	2	0	2	2	1	2	2	2	2	2	0	2	2	0	2	2	2	0	0	2	0	0	2	2	2	0	2	2	2	2	0	0	0	2	2	2	2	2	2	2	2	2	2	2	2	2
CM007902.2_96523819_G_C		13	96523819								2	0	2	0	2	2	2	0	2	2	2	2	2	2	2	2	2	2	2	2	2	0	0	2	0	2	2	0	0	0	2	2	2	2	0	2	0	2	0	2	2	2	2	2	2	2	2	2	2	2	0	0
CM007902.2_97907322_C_T		13	97907322								0	0	0	0	0	0	0	0	1	2	2	0	0	0	0	1	0	0	0	0	0	0	0	0	0	0	0	0	0	0	2	2	0	0	0	0	0	0	0	0	0	0	2	0	2	0	2	0	0	2	0	0
CM007902.2_98914367_G_A		13	98914367								2	0	2	0	0	2	0	0	0	0	0	2	0	0	2	2	0	0	0	2	0	2	0	0	0	2	2	0	0	0	2	0	2	2	0	0	2	2	0	2	0	2	2	2	0	2	2	0	0	2	2	2
CM007902.2_99242798_T_G		13	99242798								0	0	2	0	0	0	0	0	0	0	0	2	0	0	0	2	0	0	0	0	0	0	0	0	0	0	2	0	0	2	2	0	2	0	2	0	0	0	0	0	0	0	2	2	0	0	0	0	0	2	0	0
CM007902.2_100655901_G_A		13	100655901								0	0	2	0	2	0	0	0	0	2	2	2	0	0	2	2	2	2	2	2	2	2	0	2	0	2	2	0	0	0	2	2	0	2	0	0	2	2	2	2	0	2	2	2	0	2	2	2	0	2	0	0
CM007902.2_102954804_T_A		13	102954804								0	0	0	0	2	0	2	2	2	2	2	2	0	0	2	2	2	2	2	0	2	0	2	2	2	0	0	0	0	2	2	0	0	0	0	2	0	0	2	0	0	0	2	2	2	0	2	2	2	2	0	0
CM007902.2_104837165_A_G		13	104837165								0	0	0	0	2	2	2	0	2	0	2	2	0	0	2	2	2	2	2	2	2	2	0	0	0	1	2	0	2	2	2	0	2	0	0	2	2	2	2	0	0	2	2	0	2	2	2	2	2	2	2	0
CM007902.2_104858911_G_C		13	104858911								0	0	0	0	0	0	2	0	0	0	0	0	0	0	0	0	0	0	0	0	0	0	0	0	0	0	0	0	0	0	0	0	0	0	0	0	0	0	2	0	0	0	0	2	0	0	0	0	0	0	0	0
CM007902.2_107975376_A_G		13	107975376								2	0	2	2	0	0	0	0	2	0	2	2	2	2	2	1	0	2	2	0	0	0	2	0	0	2	2	2	2	0	0	1	0	0	2	0	0	0	0	2	0	0	0	0	2	0	0	0	0	2	0	2
CM007902.2_109387405_T_A		13	109387405								2	0	2	2	0	0	0	2	2	2	2	2	2	2	2	2	0	2	0	1	2	2	2	0	0	2	0	2	2	2	2	2	2	2	2	2	2	2	0	2	0	0	2	2	0	2	2	2	0	0	2	2
CM007902.2_109827308_G_T		13	109827308								0	0	0	0	0	2	0	0	0	0	0	0	0	0	0	0	0	0	0	2	0	0	0	2	0	0	0	0	0	0	0	0	0	2	0	2	0	0	0	0	0	2	0	0	2	0	0	0	2	0	0	0
CM007902.2_112191187_A_C		13	112191187								2	2	0	2	0	0	0	0	0	0	0	0	0	2	0	0	0	0	0	2	0	0	0	0	0	0	0	0	0	1	0	2	2	0	2	0	0	0	2	0	2	0	0	0	0	0	0	0	2	0	0	2
CM007902.2_118344807_G_A		13	118344807								2	2	2	2	0	0	0	0	2	0	1	0	0	0	0	0	0	0	0	0	0	0	0	0	0	0	0	0	2	0	0	0	0	0	0	0	0	0	0	0	2	0	0	0	0	0	0	0	0	0	0	0
CM007902.2_118540101_G_A		13	118540101								0	0	2	2	2	2	0	0	2	2	2	2	2	2	2	2	2	2	2	2	2	2	0	2	2	2	2	2	2	2	2	1	2	2	2	2	2	2	2	0	0	2	2	2	2	2	2	2	2	2	2	2
CM007902.2_120349856_A_G		13	120349856								2	2	2	2	2	2	1	0	2	2	2	2	2	2	2	2	0	2	0	0	2	2	2	2	0	2	2	0	2	0	2	2	2	0	0	2	2	0	0	2	0	2	2	2	2	2	2	2	2	0	2	0
CM007902.2_125731592_T_C		13	125731592								0	2	0	2	2	2	2	2	2	2	2	2	2	2	2	2	0	2	0	2	2	2	0	2	2	2	0	2	0	0	2	2	0	2	2	2	2	2	2	2	2	2	2	2	2	2	2	2	2	2	2	2
CM007902.2_128656897_T_C		13	128656897								2	0	2	2	2	0	0	2	2	2	2	0	2	2	2	2	0	0	0	2	2	2	0	2	0	2	2	2	0	2	2	0	2	1	2	2	2	0	2	2	0	2	2	2	0	2	2	0	2	2	2	1
CM007902.2_130093704_A_G		13	130093704								2	2	2	2	2	2	2	2	2	2	2	2	2	2	2	2	2	2	2	2	2	2	2	2	2	2	2	2	0	2	2	2	2	2	0	2	2	2	2	2	0	2	2	2	0	2	2	2	2	2	2	2
CM007902.2_135822175_T_C		13	135822175								2	0	0	0	0	0	0	0	0	0	2	0	0	2	0	2	2	2	2	0	0	0	0	2	0	0	0	2	0	2	0	0	0	0	0	0	0	0	0	0	0	0	0	0	0	0	0	0	0	0	2	0
CM007902.2_136787673_T_C		13	136787673								0	0	0	1	0	0	0	0	0	0	0	0	0	0	2	1	0	0	0	0	0	0	0	0	0	0	2	0	0	0	0	0	0	2	0	0	0	0	0	0	0	0	0	0	0	0	0	0	0	2	0	0
CM007902.2_142877574_C_T		13	142877574								0	2	0	2	2	2	2	2	2	2	0	2	2	2	2	2	2	2	2	2	2	2	2	2	0	2	2	2	2	2	2	0	2	2	0	0	2	0	2	2	2	2	2	2	0	2	2	2	2	2	2	2
CM007902.2_151580593_C_T		13	151580593								0	2	0	2	2	0	0	0	2	2	2	2	2	0	2	2	2	2	2	2	2	0	2	2	2	1	2	0	0	2	2	2	2	2	2	2	2	2	2	2	0	0	0	1	2	2	2	2	2	0	2	0
CM007902.2_152093981_C_A		13	152093981								0	2	0	2	0	0	2	2	2	1	0	2	2	2	2	2	0	0	0	2	2	2	1	0	2	2	0	2	2	0	0	2	2	2	2	2	2	2	0	2	0	2	2	2	2	0	2	2	2	2	2	2
CM007902.2_152159555_C_A		13	152159555								0	2	2	2	0	2	2	2	2	2	2	2	2	2	2	2	2	0	2	2	2	2	1	0	2	2	2	2	2	2	2	2	2	2	2	2	2	2	0	2	2	2	0	2	2	2	2	2	2	0	2	2
CM007902.2_152444800_A_G		13	152444800								0	2	2	0	0	0	2	0	2	2	2	0	0	0	1	2	0	2	0	2	0	0	0	0	0	2	0	0	2	2	2	2	0	2	2	2	2	2	0	2	2	0	2	2	2	2	2	2	2	0	0	2
CM007902.2_152849635_C_T		13	152849635								2	2	2	2	2	2	2	2	2	2	2	2	2	2	2	2	2	2	0	2	2	0	2	2	2	2	2	2	0	2	0	2	2	1	2	2	0	2	2	2	2	2	2	2	2	2	2	2	2	2	0	2
CM007902.2_153335636_A_G		13	153335636								2	2	2	2	2	2	2	2	2	2	0	2	2	2	2	2	2	2	0	2	2	0	2	2	2	0	2	2	2	0	2	2	2	0	2	2	2	2	2	2	0	2	2	2	2	2	2	2	2	2	0	0
CM007902.2_154310127_C_G		13	154310127								2	2	0	2	2	2	0	2	2	2	2	2	2	2	2	2	2	2	0	2	2	2	2	2	0	2	0	2	0	2	2	2	0	2	0	0	0	0	0	2	2	0	2	2	2	2	2	0	0	0	2	2
CM007902.2_156338895_C_G		13	156338895								2	2	2	2	2	0	2	2	2	2	2	2	2	2	2	2	2	2	2	2	2	0	2	2	2	1	2	2	2	2	2	2	2	2	0	2	2	2	0	2	2	2	2	2	2	2	2	2	2	1	0	2
CM007902.2_156405205_T_C		13	156405205								0	2	0	0	0	0	2	0	0	0	0	0	0	0	2	0	0	0	2	2	0	0	0	0	2	2	2	2	2	2	0	0	2	2	2	2	0	2	0	2	2	0	2	2	0	2	2	2	2	2	0	2
CM007902.2_156633703_C_T		13	156633703								0	2	2	2	0	2	2	2	2	2	2	2	2	2	2	2	2	2	2	2	2	2	2	2	2	2	0	2	2	2	2	2	0	2	2	0	2	2	2	0	0	2	2	2	2	2	2	2	0	2	0	2
CM007902.2_156690779_T_G		13	156690779								2	2	2	2	2	2	2	0	2	2	2	2	2	2	2	2	2	2	0	2	2	0	2	2	0	2	0	0	2	2	2	0	0	2	2	2	2	2	2	2	2	0	2	2	2	2	2	0	2	2	2	0
CM007902.2_157231278_G_A		13	157231278								0	0	0	0	0	0	2	0	0	0	0	0	0	0	0	0	0	0	0	0	0	0	0	0	0	0	0	0	0	2	2	2	0	2	0	0	2	0	2	0	2	0	0	0	2	2	0	0	0	0	1	1
CM007902.2_157285378_G_C		13	157285378								0	2	0	2	2	2	2	2	2	2	0	0	0	2	1	0	0	0	2	2	0	2	0	2	2	2	2	0	0	2	2	2	2	2	0	2	0	2	2	2	2	1	2	2	0	2	2	0	0	2	2	2
CM007902.2_157382649_G_A		13	157382649								2	2	2	2	2	0	2	1	2	2	2	2	2	2	2	2	2	2	2	0	2	2	2	2	2	2	2	0	2	2	2	2	0	2	2	1	2	0	2	0	2	2	2	2	2	2	2	2	2	2	2	2
CM007902.2_157979027_A_G		13	157979027								2	2	2	2	2	0	0	0	2	2	2	2	2	2	2	2	0	2	0	2	0	2	2	2	2	2	2	0	2	2	2	0	2	2	0	0	0	0	2	0	0	0	2	2	2	0	2	2	2	2	2	0
CM007902.2_158408800_T_C		13	158408800								0	0	2	0	0	2	2	2	0	0	2	2	0	2	2	2	2	2	0	2	2	2	0	0	2	2	2	0	2	0	2	2	2	2	2	0	2	0	0	0	0	2	2	2	2	2	2	2	2	2	2	2
CM007902.2_159465194_G_A		13	159465194								2	2	0	2	2	0	2	0	2	2	2	2	2	2	2	2	2	2	0	2	2	2	2	2	2	2	2	2	2	2	2	0	2	2	2	2	0	2	0	2	2	2	2	2	2	2	2	2	2	2	2	2
CM007902.2_159646290_G_T		13	159646290								0	2	0	0	0	0	2	0	0	2	2	0	2	1	2	2	0	2	0	0	0	2	0	0	0	2	2	0	0	2	2	0	0	2	0	0	2	0	2	0	2	2	2	2	0	2	2	2	2	2	0	0
CM007902.2_160176192_T_C		13	160176192								0	2	2	2	2	0	2	0	2	2	2	2	2	0	2	2	0	2	0	2	0	2	0	2	2	0	0	2	0	0	0	2	2	2	0	0	0	0	2	0	1	0	2	2	2	2	2	2	2	0	0	2
CM007902.2_160242567_G_A		13	160242567								0	2	2	2	2	0	2	0	0	0	2	2	2	0	2	0	2	2	0	2	0	2	0	2	2	0	2	0	0	2	2	2	2	2	0	0	0	2	2	0	2	2	2	2	2	2	2	2	0	0	2	0
CM007902.2_160371779_T_C		13	160371779								0	2	2	2	2	0	0	2	2	0	2	2	2	1	2	2	0	2	2	0	0	2	0	0	2	2	2	2	0	2	2	0	0	2	0	0	2	2	0	0	0	2	2	0	2	2	2	2	2	0	2	0
CM007902.2_160834387_T_C		13	160834387								0	1	0	0	0	0	0	0	0	0	0	0	0	0	1	0	0	0	0	0	0	0	0	0	0	2	0	2	0	2	0	0	0	0	0	0	0	0	0	0	0	0	2	2	0	0	0	2	0	0	0	0
CM007902.2_160860323_A_G		13	160860323								2	2	2	2	2	0	2	2	2	2	2	2	2	2	2	2	2	2	2	2	0	0	0	2	2	2	0	0	0	2	2	0	2	0	0	0	2	0	2	0	2	0	2	2	0	0	1	0	0	2	2	2
CM007902.2_161094293_A_T		13	161094293								2	0	2	2	2	0	0	2	2	2	2	2	2	2	2	2	2	2	2	0	0	2	0	2	0	1	2	2	0	0	2	0	0	2	0	0	0	2	2	0	2	2	2	2	0	0	2	0	2	2	0	2
CM007902.2_161545027_T_C		13	161545027								2	0	2	2	2	2	2	2	2	2	2	0	2	2	2	2	2	2	2	2	2	0	2	2	0	0	2	2	0	0	2	2	2	2	0	0	1	2	2	2	0	2	2	2	2	2	2	2	2	2	2	2
CM007902.2_163595084_A_G		13	163595084								0	2	0	2	0	0	2	2	2	0	2	0	0	2	2	2	0	0	0	0	0	2	0	0	2	0	0	0	0	2	2	0	0	2	0	0	0	0	2	0	2	0	2	2	2	2	2	2	2	0	2	2
CM007902.2_164100344_A_G		13	164100344								2	0	0	2	2	2	2	2	2	2	2	2	0	2	2	2	0	2	0	2	2	2	2	0	0	2	2	0	2	2	2	2	2	2	2	2	2	2	2	2	2	2	2	2	2	2	2	2	0	2	2	2
CM007902.2_164308866_C_T		13	164308866								0	2	0	2	0	0	2	0	2	0	2	0	0	0	2	0	0	2	0	2	0	0	0	0	0	2	0	2	0	2	0	0	2	2	0	2	2	0	0	0	2	2	2	2	2	2	2	1	2	2	0	0
CM007902.2_164406498_G_A		13	164406498								2	2	2	0	2	2	2	2	2	2	0	2	2	2	2	2	0	0	2	2	2	2	2	2	0	2	2	2	2	2	2	0	2	2	0	2	2	2	2	0	2	2	2	0	2	2	2	2	2	2	2	2
CM007902.2_164481858_A_T		13	164481858								0	2	2	2	2	0	0	2	2	2	2	2	2	2	2	2	2	2	2	0	2	0	2	2	2	0	0	0	0	0	0	0	0	0	0	0	0	0	2	2	1	0	2	0	2	2	0	2	0	0	0	0
CM007902.2_164839507_A_G		13	164839507								2	2	0	2	2	2	0	0	2	2	2	2	2	2	2	2	0	2	0	2	2	0	2	0	2	2	2	0	2	2	2	0	2	0	0	0	2	2	2	0	2	2	0	0	0	0	0	1	0	0	0	2
CM007902.2_165319211_G_A		13	165319211								2	2	2	2	0	0	2	0	2	2	2	2	2	2	2	2	2	2	2	0	2	2	2	2	2	2	2	2	2	2	2	0	2	0	0	0	2	2	0	2	0	0	2	2	2	2	2	2	2	2	2	2
CM007902.2_165691619_T_C		13	165691619								0	2	0	0	0	0	2	0	1	2	0	2	0	2	2	2	0	0	0	2	0	2	0	0	2	0	2	2	0	2	0	0	2	2	0	2	0	2	0	0	0	2	0	2	2	2	2	2	0	2	2	2
CM007902.2_165812255_T_C		13	165812255								2	2	2	2	2	2	2	0	2	2	2	2	2	2	2	2	2	2	2	2	0	2	0	2	2	2	2	2	2	2	2	0	2	2	0	2	2	2	2	2	2	2	2	2	2	2	2	2	2	2	2	2
CM007902.2_167799918_C_T		13	167799918								2	0	2	2	2	0	0	0	1	2	2	2	0	2	2	2	0	0	0	2	2	2	2	0	2	0	0	0	0	2	0	0	0	2	0	2	0	0	2	2	0	1	2	2	0	2	0	2	0	2	2	0
CM007902.2_167872984_C_T		13	167872984								2	2	0	2	0	2	2	2	2	0	0	0	0	0	2	2	2	2	2	2	0	0	0	2	0	2	2	2	2	2	2	0	2	0	0	0	2	0	0	0	0	2	0	0	2	0	2	0	2	2	0	0
CM007902.2_168867073_C_G		13	168867073								2	2	2	2	2	0	2	2	2	2	2	2	0	2	2	2	2	2	2	0	2	2	0	2	0	0	2	2	2	2	2	0	0	2	0	2	2	0	2	0	0	2	2	2	2	2	2	2	2	2	2	0
CM007902.2_171049998_A_G		13	171049998								2	2	2	1	2	2	0	0	2	2	2	2	2	2	2	2	2	2	0	0	0	2	2	2	0	2	2	2	2	0	2	0	2	2	0	2	2	2	2	2	0	0	2	2	2	0	1	2	0	2	0	2
CM007902.2_171050341_A_G		13	171050341								2	2	0	0	0	0	2	0	0	0	0	0	0	1	0	2	2	0	0	0	0	0	2	1	0	0	0	0	0	0	2	0	0	0	0	0	0	0	0	0	0	0	0	0	2	2	2	0	0	0	0	0
CM007902.2_171739396_A_G		13	171739396								2	0	0	2	0	0	0	2	0	2	0	2	2	1	0	2	2	2	2	0	0	0	0	2	0	0	0	0	2	0	0	0	0	0	0	0	0	0	0	0	0	0	0	0	0	0	0	0	0	0	0	0
CM007902.2_171800521_T_C		13	171800521								0	0	2	0	2	2	2	2	2	2	2	2	0	0	0	0	0	0	0	2	0	0	0	0	0	2	2	0	2	0	0	0	2	0	2	0	0	2	0	0	0	2	0	0	2	2	2	0	2	2	2	2
CM007902.2_171803849_T_C		13	171803849								0	0	0	0	0	0	2	0	0	0	0	0	0	0	0	0	0	0	0	0	0	0	0	0	0	0	0	0	2	0	0	0	0	0	0	0	2	2	0	0	0	0	0	0	0	0	2	0	2	0	2	2
CM007902.2_172963067_G_A		13	172963067								0	0	0	0	0	0	0	0	0	0	0	0	0	0	0	0	0	0	0	0	2	0	0	0	0	0	2	0	0	0	0	0	2	0	0	0	0	0	0	0	0	0	0	0	0	2	0	0	0	0	0	0
CM007902.2_173221073_C_T		13	173221073								0	0	2	0	2	0	0	0	0	0	0	0	0	2	0	0	0	0	0	0	2	0	0	0	0	0	0	0	0	0	0	0	0	0	0	2	0	0	0	0	0	0	0	0	0	0	0	2	0	0	0	0
CM007903.2_7263919_C_A		14	7263919								0	0	0	0	0	0	0	0	0	0	0	1	0	0	0	0	0	0	0	0	0	0	0	0	2	0	0	0	0	0	0	0	0	0	0	0	0	0	2	0	0	0	0	2	0	0	0	0	0	2	2	0
CM007903.2_8502856_T_C		14	8502856								2	2	2	2	2	0	1	0	2	1	2	2	0	2	2	0	0	2	0	2	0	2	0	2	0	0	2	0	2	2	2	2	2	2	2	0	0	2	0	2	2	2	2	2	0	0	2	2	0	0	2	2
CM007903.2_8531762_C_T		14	8531762								2	0	0	0	0	0	2	0	2	0	2	2	1	2	2	2	0	0	0	2	0	2	0	0	0	2	2	2	2	0	2	1	2	0	0	0	0	0	2	0	0	2	2	2	0	0	2	2	2	2	2	2
CM007903.2_10813835_G_A		14	10813835								1	0	0	2	2	0	0	0	0	0	0	0	0	0	0	0	1	0	0	0	0	0	0	0	0	0	0	0	0	2	0	0	0	0	0	2	0	0	0	0	0	0	0	0	0	0	0	0	0	2	0	0
CM007903.2_11722800_A_G		14	11722800								2	1	0	2	2	0	0	0	2	0	2	2	0	0	2	0	1	0	0	0	0	0	0	0	0	0	2	0	0	2	0	0	0	0	2	2	0	0	0	2	2	2	2	2	0	0	2	0	0	0	0	0
CM007903.2_11938313_A_T		14	11938313								0	0	2	0	0	0	2	2	0	0	0	0	0	2	2	0	2	2	2	2	2	2	0	2	2	0	2	2	2	0	0	2	2	2	0	0	0	0	2	0	0	2	2	2	0	0	2	2	2	0	2	0
CM007903.2_12682235_G_A		14	12682235								2	0	2	2	2	0	1	1	2	0	2	2	2	0	2	2	2	2	2	0	2	0	2	2	2	2	2	2	2	2	2	0	0	2	0	0	0	0	2	2	0	2	2	2	2	2	2	2	0	0	0	2
CM007903.2_24554538_T_A		14	24554538								2	2	2	2	2	2	2	2	2	2	2	2	2	2	2	2	0	2	2	0	2	2	0	2	0	0	0	2	0	2	2	2	2	2	2	2	2	2	0	2	2	0	2	2	0	2	2	2	0	2	2	2
CM007903.2_25184598_G_A		14	25184598								2	0	0	2	2	0	2	2	2	2	2	2	2	2	2	2	0	2	0	2	2	1	0	2	2	0	0	0	0	2	0	0	2	0	0	0	0	0	0	0	2	0	2	2	2	2	2	2	0	0	2	0
CM007903.2_31815310_G_C		14	31815310								2	0	2	2	0	2	2	2	2	2	2	2	2	2	2	2	2	2	2	2	2	0	2	2	0	2	2	2	2	0	2	2	2	2	0	2	0	2	2	2	0	2	0	0	0	0	2	0	2	2	2	2
CM007903.2_42182304_G_T		14	42182304								0	2	0	2	2	0	2	0	2	0	0	0	0	0	0	0	0	0	0	2	0	0	0	0	0	0	0	0	2	0	0	2	0	0	0	0	0	0	2	0	2	0	0	2	0	0	0	0	2	2	0	2
CM007903.2_49054181_C_G		14	49054181								2	2	2	0	0	2	2	2	2	2	2	0	2	2	2	0	0	2	0	2	2	2	0	0	2	0	2	2	2	0	2	2	2	2	2	2	0	2	0	2	2	2	2	2	0	2	2	0	2	0	2	0
CM007903.2_50334675_G_A		14	50334675								2	0	0	2	0	0	2	0	0	0	2	0	0	0	0	0	0	0	0	2	2	0	0	2	2	0	2	0	0	0	0	0	0	0	0	0	0	0	0	0	0	0	0	0	0	0	0	0	2	0	0	0
CM007903.2_54761331_C_T		14	54761331								2	2	2	2	2	2	0	2	2	2	2	1	2	2	2	0	2	2	0	2	2	2	2	0	2	2	2	2	2	2	2	2	2	2	2	2	2	0	2	2	0	2	2	2	2	2	2	2	2	2	2	2
CM007903.2_59978460_C_A		14	59978460								0	2	0	0	0	0	0	0	0	0	0	0	0	0	0	0	0	0	0	0	0	0	0	0	0	0	0	2	0	0	2	2	0	0	0	0	0	2	0	0	2	0	0	0	0	0	0	0	0	0	0	0
CM007903.2_60929379_C_A		14	60929379								2	2	0	0	0	2	2	0	2	0	1	0	0	0	2	0	0	0	0	2	0	2	0	0	2	2	2	2	2	2	2	2	2	2	2	2	0	2	2	0	0	2	2	2	2	2	2	2	0	0	2	0
CM007903.2_67873811_G_C		14	67873811								0	2	2	2	2	2	1	2	2	2	2	2	2	2	2	2	2	2	2	0	2	2	2	2	0	2	2	2	2	2	2	0	0	2	2	2	0	2	2	0	0	2	2	2	2	2	2	2	0	2	2	2
CM007903.2_81228132_A_G		14	81228132								2	0	0	0	0	0	0	0	0	2	0	0	2	2	2	2	0	2	0	0	2	0	2	0	0	0	1	2	0	0	0	0	0	2	2	0	0	0	0	0	0	0	0	0	0	0	0	0	2	0	0	0
CM007903.2_94147253_C_G		14	94147253								2	0	2	2	2	1	0	0	2	2	2	2	2	2	2	2	2	0	0	2	2	2	2	2	0	2	2	2	2	2	2	0	1	2	0	2	0	0	2	0	0	2	2	0	2	2	2	2	2	2	2	0
CM007903.2_98062137_C_T		14	98062137								0	2	0	2	0	0	0	2	2	0	0	0	0	0	0	0	0	0	0	0	0	0	0	0	0	0	2	0	2	0	0	2	2	2	0	0	0	2	0	0	0	0	0	0	0	0	0	0	0	2	0	0
CM007903.2_99156139_A_G		14	99156139								2	2	0	2	2	0	2	2	2	2	2	2	0	2	0	2	2	2	2	0	0	2	0	2	0	2	0	0	0	0	2	2	2	0	0	0	0	2	0	2	2	0	0	0	2	0	2	0	0	2	0	2
CM007903.2_99185423_A_G		14	99185423								2	2	2	2	0	0	2	2	2	2	1	2	0	2	2	2	2	2	2	2	0	2	0	0	0	0	2	2	2	2	2	2	0	2	2	0	0	2	0	2	0	0	0	0	0	0	2	2	2	0	0	0
CM007903.2_100329983_G_A		14	100329983								0	2	2	2	2	0	2	0	2	2	0	0	2	2	2	2	0	2	2	0	0	2	0	0	0	2	2	0	0	0	0	2	2	0	2	0	2	0	2	2	2	2	2	2	2	0	2	2	2	0	0	2
CM007903.2_100694448_G_T		14	100694448								0	2	2	2	2	0	2	2	2	2	0	0	2	2	2	2	0	2	0	2	2	2	0	2	0	0	0	0	2	0	2	0	0	2	0	0	0	2	0	2	2	0	1	0	0	0	2	2	2	2	0	0
CM007903.2_100885897_G_T		14	100885897								0	2	0	2	0	0	0	0	0	0	0	0	0	2	0	0	2	0	2	0	0	0	0	0	0	2	2	0	0	0	0	2	2	0	2	0	0	0	2	0	0	0	0	2	2	0	0	0	2	0	0	0
CM007903.2_102729374_T_C		14	102729374								2	2	0	2	2	2	2	0	2	0	2	2	2	2	2	0	0	2	0	2	2	2	0	0	0	2	2	0	2	2	2	2	0	2	2	0	0	1	0	2	2	0	2	2	2	2	1	2	2	2	2	2
CM007903.2_106144530_C_T		14	106144530								2	0	0	2	2	0	0	2	2	0	2	2	2	2	2	0	2	2	2	2	0	2	0	2	0	0	2	1	0	2	2	2	2	2	0	2	2	2	2	2	0	2	2	2	0	0	1	0	2	2	0	0
CM007903.2_106145742_A_C		14	106145742								0	2	0	2	2	2	2	0	0	0	0	0	2	2	2	0	0	0	0	2	0	2	0	2	0	0	2	2	0	0	2	2	2	2	2	2	2	2	2	2	2	2	2	2	2	0	2	0	2	2	2	2
CM007903.2_106214573_T_C		14	106214573								0	0	0	2	2	0	0	2	0	0	0	0	2	2	0	0	2	0	0	2	0	1	0	2	0	0	0	0	0	0	0	0	0	0	0	0	0	0	2	0	0	0	0	0	0	0	0	0	0	2	0	0
CM007903.2_106229461_G_A		14	106229461								0	2	0	0	0	0	2	2	2	2	0	0	0	0	2	2	2	2	0	2	0	2	0	0	0	0	2	0	0	0	2	2	2	0	2	2	0	0	2	2	2	2	0	2	0	0	2	0	0	2	2	0
CM007903.2_106655343_C_T		14	106655343								0	0	0	2	0	2	0	2	2	2	0	0	1	2	2	2	0	2	2	2	0	2	0	0	0	0	0	2	0	0	2	0	0	2	2	0	0	0	2	2	2	2	2	1	2	0	2	0	2	2	2	2
CM007903.2_106853156_T_A		14	106853156								2	2	0	2	2	0	2	0	2	2	2	2	2	2	2	2	2	2	2	2	2	2	0	2	0	2	2	2	0	2	2	2	2	2	0	2	2	2	2	2	2	0	2	2	2	2	2	0	0	2	2	0
CM007903.2_109767287_A_C		14	109767287								2	2	2	2	2	2	0	2	2	2	2	2	2	2	2	2	0	2	2	2	2	2	2	0	0	0	0	0	2	0	2	0	2	2	0	0	2	0	2	0	0	0	2	2	2	0	2	2	2	2	2	0
CM007903.2_112034340_T_C		14	112034340								0	0	0	0	0	0	0	0	0	0	0	0	0	0	2	2	0	2	0	2	0	0	0	0	0	0	0	0	0	0	0	0	0	0	0	0	0	0	0	0	0	0	0	0	0	0	2	0	0	0	0	0
CM007903.2_115493859_C_T		14	115493859								0	2	0	0	0	2	2	2	2	0	2	2	0	0	2	2	2	2	2	2	1	2	0	2	0	2	1	2	0	0	2	2	2	2	2	2	2	2	2	0	0	2	2	2	0	2	2	2	2	0	0	0
CM007903.2_119992959_C_T		14	119992959								0	0	0	0	0	2	2	0	1	2	2	2	0	2	2	2	2	2	1	2	2	2	2	0	0	2	2	2	0	0	2	2	2	2	2	0	2	2	0	2	2	0	0	0	0	2	2	0	2	2	2	0
CM007903.2_120298537_C_T		14	120298537								2	0	2	0	0	0	2	2	0	0	0	2	0	2	2	2	0	2	2	0	2	0	0	2	0	1	2	2	2	0	0	0	0	0	0	0	2	0	2	0	0	2	2	2	2	0	2	2	2	0	0	0
CM007903.2_120301029_C_T		14	120301029								2	0	0	0	0	0	0	0	0	0	0	0	0	0	0	0	0	0	0	0	0	0	0	0	0	0	0	0	0	0	0	0	0	0	0	0	0	0	2	0	0	0	2	2	0	0	0	0	0	0	0	0
CM007903.2_120529024_T_C		14	120529024								0	0	2	0	0	0	2	2	0	0	2	0	0	2	2	2	2	2	2	2	2	0	0	2	2	2	2	2	2	2	0	0	2	0	0	0	0	0	0	0	0	2	0	0	2	2	2	2	2	0	0	2
CM007903.2_121787867_G_C		14	121787867								0	2	2	2	2	0	0	0	2	2	0	2	2	0	2	0	0	0	0	0	2	2	2	0	2	0	0	0	2	0	2	0	0	2	2	2	2	2	0	2	2	2	0	0	0	0	2	2	0	2	2	0
CM007903.2_121926120_T_C		14	121926120								0	2	2	2	2	0	0	2	2	2	2	2	2	2	2	2	2	2	2	0	2	2	2	2	2	0	0	1	2	2	2	0	0	0	0	0	2	0	0	0	0	2	0	0	0	2	2	2	0	0	2	0
CM007903.2_122065113_G_A		14	122065113								0	2	2	0	0	0	2	0	2	2	0	2	0	0	2	0	0	0	0	0	2	2	0	0	0	0	2	2	2	0	2	0	0	0	2	0	0	0	2	2	2	2	2	2	0	2	2	2	2	0	2	0
CM007903.2_124348210_T_C		14	124348210								0	2	0	2	0	0	2	2	0	2	2	2	0	2	2	2	2	2	0	0	2	2	0	2	0	0	0	2	1	0	1	0	0	2	0	0	0	2	0	2	0	2	0	2	2	0	2	0	0	0	2	0
CM007903.2_125650641_A_G		14	125650641								2	2	2	2	0	2	2	2	2	2	2	2	2	2	2	2	0	2	0	2	2	2	0	2	0	2	2	0	2	2	2	2	2	2	2	2	2	2	2	2	2	2	1	2	0	2	2	2	2	2	2	2
CM007903.2_125785678_A_T		14	125785678								2	0	0	0	0	2	0	0	0	0	0	2	0	0	2	0	0	0	0	2	2	0	0	0	2	0	0	0	2	0	0	2	2	0	0	0	2	0	0	0	0	2	0	0	0	0	0	2	0	0	0	0
CM007903.2_128072536_C_T		14	128072536								0	0	0	0	0	0	0	0	0	0	0	0	0	0	0	0	0	0	0	0	0	0	0	0	0	0	0	0	0	0	0	0	2	0	0	0	0	0	0	0	0	0	0	2	0	0	2	0	0	0	2	0
CM007903.2_128233142_A_G		14	128233142								2	2	2	2	2	2	2	0	2	2	2	0	2	2	1	2	0	2	0	2	2	2	2	2	0	0	0	0	2	2	2	2	2	2	2	2	0	0	0	0	2	2	2	2	0	2	2	2	1	0	2	0
CM007903.2_128316869_A_G		14	128316869								2	2	2	2	2	0	2	0	2	2	2	2	2	2	2	2	0	2	0	0	2	2	2	2	0	1	2	0	2	2	2	0	0	2	2	2	0	2	0	0	2	2	2	0	2	2	2	2	2	0	0	2
CM007903.2_129933141_T_C		14	129933141								2	0	2	0	0	2	2	2	0	0	0	0	0	2	2	2	0	2	2	0	0	2	0	2	0	0	0	0	0	0	2	2	2	2	0	2	2	0	2	2	0	0	2	2	0	2	2	0	2	0	2	2
CM007903.2_130850597_G_A		14	130850597								0	0	0	2	2	0	0	0	0	0	0	0	0	2	0	2	0	0	0	0	0	0	0	0	0	0	0	0	0	0	0	0	0	0	0	0	0	2	0	0	0	0	0	0	0	0	0	0	0	0	0	0
CM007903.2_130856844_A_G		14	130856844								0	2	0	2	2	2	2	2	2	0	2	2	2	2	2	2	2	2	2	2	2	0	2	0	0	0	0	0	0	2	2	2	2	2	0	0	2	2	2	2	2	2	2	2	2	2	2	2	2	0	0	0
CM007903.2_132641638_C_T		14	132641638								0	0	2	0	0	0	2	2	0	0	0	0	0	0	0	0	0	0	0	0	0	2	0	2	0	0	0	0	0	0	2	0	0	0	0	0	2	0	2	2	0	2	2	2	2	2	2	0	0	2	2	2
CM007903.2_137695864_G_T		14	137695864								2	0	0	0	0	0	2	2	0	0	0	2	0	2	2	2	2	2	2	0	0	0	0	2	0	2	2	2	2	0	0	0	0	2	0	0	0	0	0	0	0	0	0	0	0	0	2	2	2	0	0	0
CM007903.2_137855624_T_C		14	137855624								2	2	2	2	2	0	2	0	2	2	2	0	2	2	0	2	0	0	0	0	2	2	0	0	0	2	2	0	0	0	2	0	0	0	0	2	0	2	2	2	2	2	2	2	0	2	2	0	0	2	2	2
CM007903.2_137869474_G_C		14	137869474								2	0	2	2	2	2	2	2	2	2	2	2	2	2	2	2	2	2	2	2	2	2	0	2	2	0	0	0	2	0	2	2	2	2	0	2	0	2	1	2	1	2	2	2	2	2	2	2	2	2	2	0
CM007903.2_143707714_A_G		14	143707714								2	2	2	0	2	2	2	2	2	2	2	0	0	2	0	0	0	2	2	2	2	2	2	0	0	2	2	0	2	2	2	2	2	2	2	2	0	0	2	2	2	2	2	2	2	2	2	0	2	0	2	0
CM007903.2_143749461_C_T		14	143749461								0	0	2	2	2	2	0	2	2	2	2	2	2	2	2	2	0	0	0	0	2	0	0	2	2	2	0	1	0	2	0	2	2	2	0	2	2	2	0	0	0	0	0	0	0	2	2	2	0	2	0	0
CM007903.2_143933000_A_G		14	143933000								2	2	2	2	2	0	2	2	2	2	2	2	2	2	2	1	2	2	2	0	2	2	2	0	0	2	2	0	2	2	2	2	2	2	0	2	0	2	2	2	2	0	2	2	0	2	2	2	2	0	2	2
CM007903.2_144738679_C_T		14	144738679								0	0	0	0	0	2	0	0	0	0	0	2	2	0	2	0	0	0	0	2	0	0	0	0	2	0	0	0	0	0	2	2	2	0	0	0	0	0	2	2	0	0	2	0	0	0	0	2	0	2	0	0
CM007903.2_148795028_T_C		14	148795028								0	2	2	2	2	2	2	2	0	2	2	0	2	2	2	2	0	2	2	2	2	2	0	0	0	2	2	0	2	2	2	2	2	2	2	2	2	2	2	0	2	2	2	2	0	2	2	0	2	0	2	2
CM007903.2_150515601_T_C		14	150515601								2	2	2	2	2	2	2	2	2	2	2	0	2	2	2	2	0	2	0	2	2	2	2	0	2	2	2	2	2	0	2	1	2	2	2	2	0	0	2	2	2	2	2	2	0	0	2	2	2	2	0	0
CM007903.2_151811314_A_T		14	151811314								2	2	2	2	0	2	2	2	2	2	2	2	2	0	2	2	0	1	0	2	2	0	2	0	2	2	2	2	2	2	0	2	2	1	2	2	2	2	2	2	0	0	2	2	0	2	2	2	0	0	2	2
CM007903.2_154180760_T_C		14	154180760								2	0	2	0	0	2	0	0	2	0	0	2	2	2	2	0	0	0	0	2	0	2	2	0	0	2	2	2	2	0	2	2	2	0	0	2	0	0	0	2	0	0	0	0	0	2	1	2	0	2	2	2
CM007903.2_155342331_T_A		14	155342331								0	0	0	0	0	0	1	0	2	0	2	0	0	0	0	0	0	0	0	0	0	0	0	0	0	0	0	0	0	2	0	0	0	0	0	0	2	0	0	0	0	0	0	0	2	0	0	2	0	0	0	0
CM007903.2_157415931_A_G		14	157415931								0	0	0	0	0	2	0	0	2	0	2	2	0	0	2	2	0	2	0	2	0	2	0	2	2	0	0	0	2	2	2	2	2	2	0	2	0	0	0	0	0	2	2	2	0	2	2	2	2	0	2	0
CM007903.2_157453744_G_A		14	157453744								0	0	2	2	0	2	2	2	2	0	2	2	0	2	2	2	2	2	2	0	2	2	2	2	0	0	2	1	0	2	2	2	0	2	0	2	2	1	2	0	0	2	2	2	2	2	2	2	2	0	2	0
CM007903.2_162233608_C_T		14	162233608								0	0	0	0	0	0	0	0	0	0	2	0	0	2	0	0	0	0	0	0	2	0	0	0	0	0	0	0	0	0	0	0	0	2	0	0	0	0	0	0	0	0	0	0	0	0	0	0	0	0	0	0
CM007903.2_163377661_A_C		14	163377661								2	0	2	0	2	0	0	0	2	2	2	0	0	0	0	0	0	0	0	0	2	2	2	0	0	0	0	0	0	0	2	2	0	0	0	0	0	0	0	0	0	2	2	0	0	0	2	1	0	0	0	0
CM007903.2_164289145_G_A		14	164289145								2	0	0	0	0	2	2	2	2	0	0	0	2	0	2	2	2	2	2	2	0	0	0	2	2	0	0	0	0	0	2	0	2	0	2	0	0	2	2	2	0	2	2	2	0	0	2	0	2	2	0	2
CM007903.2_164709568_G_T		14	164709568								0	2	0	0	0	0	0	0	0	0	0	0	0	0	2	0	0	0	0	0	0	0	0	0	0	2	0	0	2	2	0	0	0	0	0	0	0	2	2	0	0	0	0	0	0	0	0	0	0	0	0	0
CM007903.2_164913016_T_C		14	164913016								0	2	0	2	2	2	2	0	2	2	2	0	0	0	2	0	0	0	0	0	2	2	2	0	0	2	2	2	2	2	2	2	2	2	2	2	0	0	0	2	2	2	2	2	0	2	2	2	2	0	0	2
CM007903.2_167036179_A_C		14	167036179								2	0	0	0	0	2	0	0	2	0	0	0	2	0	0	0	0	0	0	2	0	0	0	0	0	0	0	0	0	0	0	2	2	0	2	0	0	0	0	0	0	0	0	0	0	0	0	0	0	0	0	0
CM007903.2_167594694_T_C		14	167594694								2	0	0	2	0	0	2	2	2	0	2	2	0	0	2	2	0	0	0	0	0	2	0	2	0	2	2	2	0	2	2	0	1	0	0	2	0	2	2	0	0	2	2	2	2	0	2	2	0	0	0	0
CM007903.2_167659099_C_G		14	167659099								0	0	0	2	2	0	0	2	2	0	2	2	2	0	2	2	2	2	2	0	2	2	2	2	2	2	0	0	0	2	2	0	0	0	0	0	2	0	0	0	0	2	2	2	0	2	1	0	1	0	2	0
CM007903.2_167667453_A_G		14	167667453								0	0	2	0	2	0	0	0	2	0	2	2	2	0	0	0	2	2	2	2	2	2	2	0	2	0	2	2	2	2	0	2	2	2	2	0	0	0	0	0	0	0	0	0	0	2	2	0	2	0	2	2
CM007903.2_167726484_C_G		14	167726484								0	2	0	0	0	0	2	0	2	0	0	0	0	2	2	0	0	0	0	2	0	0	2	0	0	0	0	0	0	0	2	0	0	1	2	0	0	2	2	0	2	0	0	2	0	2	0	2	2	2	0	2
CM007903.2_168842562_C_T		14	168842562								0	0	0	0	0	2	2	2	2	0	0	0	2	0	0	2	0	0	0	2	2	2	2	2	2	2	2	2	2	0	0	0	2	0	2	0	2	2	0	2	0	0	0	0	2	0	2	0	0	2	2	0
CM007903.2_169697352_G_A		14	169697352								0	0	2	0	0	2	2	2	0	0	0	0	0	0	2	1	0	0	0	2	2	0	2	2	2	0	0	0	2	2	2	0	2	0	0	0	0	1	2	2	0	0	2	2	2	2	2	2	0	2	2	0
CM007903.2_169755420_G_C		14	169755420								0	0	0	0	2	0	0	0	2	0	0	0	2	0	0	0	2	2	2	0	0	0	0	0	0	0	0	0	0	0	0	2	0	0	2	0	0	0	0	0	0	0	0	0	0	0	0	2	0	0	0	0
CM007903.2_169765830_T_C		14	169765830								0	0	0	0	0	0	0	0	0	0	0	0	0	0	0	0	0	0	0	0	0	2	0	0	0	0	0	0	2	0	0	0	0	0	0	0	0	0	0	2	0	0	0	0	0	0	2	0	0	2	2	0
CM007903.2_169817766_T_C		14	169817766								2	0	0	0	2	0	2	2	2	0	0	0	2	0	2	2	2	2	2	2	2	0	2	2	2	2	0	0	0	2	2	2	2	0	0	0	0	2	2	0	0	0	2	2	2	0	0	0	0	0	2	0
CM007903.2_169818750_T_G		14	169818750								2	0	0	0	0	0	0	2	2	0	0	0	2	0	2	2	0	0	2	0	2	0	0	0	0	0	0	0	0	2	0	0	0	0	2	0	0	0	2	2	0	2	2	2	0	2	0	0	2	2	0	2
CM007903.2_170875291_C_G		14	170875291								0	0	0	0	0	0	2	0	0	0	0	1	0	0	0	0	0	0	0	0	0	0	0	0	0	0	0	0	0	0	0	0	0	0	2	0	0	0	0	0	0	2	2	0	0	0	0	0	2	0	0	0
CM007903.2_171306375_A_G		14	171306375								0	0	0	0	0	0	0	0	0	0	0	0	0	0	0	0	0	0	0	0	0	0	0	0	0	0	0	0	0	2	0	0	0	0	0	0	0	0	2	0	0	0	2	2	0	0	0	0	0	2	0	0
CM007903.2_171306390_T_G		14	171306390								0	0	0	0	0	0	0	0	2	0	0	0	2	0	0	0	2	2	0	2	2	0	0	0	0	2	2	0	1	2	2	0	2	0	2	2	0	0	2	2	0	2	2	2	0	2	0	2	2	2	0	2
CM007903.2_171311806_T_C		14	171311806								2	0	2	0	0	0	0	0	2	0	0	0	0	0	2	0	0	0	0	0	0	2	0	0	0	0	0	0	2	0	2	2	0	0	2	2	0	0	2	2	0	2	2	2	0	2	2	2	2	2	2	2
CM007903.2_171311904_T_G		14	171311904								2	2	2	2	0	2	0	0	2	2	2	2	2	0	2	0	2	2	0	0	2	2	0	0	0	2	2	0	2	0	2	0	2	2	2	2	0	0	0	2	2	2	0	0	0	0	2	2	2	0	2	0
CM007903.2_171686263_T_G		14	171686263								0	0	0	2	0	0	0	2	0	0	0	0	0	1	2	2	0	0	0	0	0	0	0	0	0	0	0	0	0	0	2	0	0	0	0	0	0	0	0	0	0	2	0	0	0	0	0	0	0	0	0	1
CM007903.2_171851358_A_G		14	171851358								2	0	0	2	0	2	2	2	2	0	0	0	0	0	2	0	2	2	0	0	0	2	2	0	2	0	2	0	2	0	2	2	2	0	0	0	2	0	0	2	0	2	2	2	0	2	0	2	2	2	0	2
CM007903.2_172099276_T_C		14	172099276								2	0	0	2	2	0	2	2	2	0	0	0	2	2	0	2	2	2	2	0	0	0	0	2	0	0	0	2	2	0	2	0	0	0	2	0	2	2	0	2	0	2	0	0	2	2	2	2	2	0	2	2
CM007903.2_172192982_C_G		14	172192982								0	0	0	0	0	0	0	0	0	0	0	0	0	0	0	0	0	0	0	0	0	0	0	0	0	0	0	0	0	0	0	2	0	0	0	0	0	0	0	0	0	2	0	0	0	2	0	0	2	0	0	0
CM007903.2_172450387_T_C		14	172450387								2	0	0	0	2	2	0	0	0	0	0	0	2	0	2	0	2	2	2	2	2	0	2	0	0	2	2	0	0	2	0	2	2	0	2	2	0	0	0	0	0	2	0	0	0	0	2	0	2	2	2	2
CM007903.2_172473609_T_C		14	172473609								2	2	0	2	2	2	2	2	0	0	0	0	2	1	2	2	0	0	0	2	2	0	2	2	0	2	2	2	0	0	0	2	2	0	2	2	0	2	0	2	2	0	0	0	2	0	0	0	0	0	0	0
CM007903.2_172621220_T_A		14	172621220								0	2	0	2	0	2	2	2	2	0	0	0	2	2	2	2	2	2	2	2	2	0	0	2	0	2	2	2	2	0	2	0	1	0	2	2	2	2	2	2	2	2	2	2	2	2	2	2	2	2	0	2
CM007903.2_172630548_A_G		14	172630548								2	2	2	2	2	2	2	0	2	2	2	2	2	1	2	0	0	0	0	2	2	2	2	0	0	2	0	0	2	2	2	2	2	2	2	2	0	2	2	2	2	2	2	2	2	2	2	2	2	0	2	0
CM007903.2_172909113_C_G		14	172909113								2	2	0	2	0	0	0	0	2	0	0	0	2	0	2	0	0	0	0	0	0	0	0	0	0	0	0	0	2	0	2	2	0	0	2	1	2	0	0	2	2	0	0	0	0	2	0	2	0	0	0	0
CM007903.2_172971428_T_A		14	172971428								0	2	0	2	2	0	0	0	0	0	0	0	0	0	2	0	0	0	0	0	0	0	0	0	0	0	0	0	0	0	0	2	0	0	0	2	0	0	0	0	2	0	0	0	0	0	0	0	0	0	0	0
CM007903.2_172975384_T_C		14	172975384								2	0	0	2	0	0	0	0	0	0	0	0	0	0	0	0	2	2	2	0	0	0	0	0	0	0	0	0	0	0	0	0	0	0	0	0	0	0	0	0	0	2	0	0	0	0	2	0	2	0	0	2
CM007903.2_172980714_G_A		14	172980714								0	2	0	2	0	0	1	2	0	0	0	0	2	1	2	2	0	2	2	0	0	0	0	2	0	0	0	2	0	0	0	2	0	0	2	2	0	2	0	2	2	2	0	0	2	0	2	0	2	2	0	2
CM007903.2_172981481_A_G		14	172981481								2	0	0	2	0	0	0	0	0	0	0	0	2	0	0	0	2	0	2	0	0	0	0	0	0	0	0	0	0	0	0	0	0	0	2	0	0	0	0	2	0	0	0	0	0	0	0	0	0	0	0	0
CM007904.2_141311_A_T		15	141311								2	0	0	0	0	2	2	2	0	2	1	0	0	0	2	2	2	2	2	0	0	0	0	2	2	2	2	0	0	0	2	0	0	0	2	0	2	0	0	0	0	2	1	0	2	2	2	0	2	0	2	2
CM007904.2_512793_C_A		15	512793								2	0	2	2	0	2	0	0	2	2	2	2	0	2	2	2	2	2	2	2	0	2	0	0	0	2	2	2	2	0	2	2	2	2	0	2	2	0	0	2	0	2	2	2	2	2	2	2	2	0	2	2
CM007904.2_524161_A_G		15	524161								2	2	2	2	0	2	2	0	2	2	1	0	2	0	2	2	2	2	2	0	0	2	0	0	0	2	0	0	2	0	2	2	2	2	2	2	0	0	2	2	2	0	2	0	0	2	2	2	0	0	2	2
CM007904.2_861520_G_A		15	861520								0	2	0	0	0	2	0	0	0	0	2	2	0	2	0	0	0	1	0	2	0	2	0	0	0	0	0	0	0	0	0	2	2	0	0	0	2	0	0	0	0	0	0	0	0	0	0	0	0	0	0	0
CM007904.2_1108189_T_A		15	1108189								0	0	0	0	0	0	0	0	0	0	2	0	0	0	2	2	0	0	0	0	0	0	0	0	0	2	0	0	0	0	0	0	0	2	0	0	0	0	0	0	0	2	0	0	0	0	0	0	1	0	2	0
CM007904.2_1108243_C_T		15	1108243								0	0	0	0	0	0	0	2	2	2	2	2	2	2	2	2	2	2	2	0	0	0	0	2	2	2	0	0	2	0	0	0	2	2	0	2	2	0	0	0	0	2	2	0	0	0	2	0	2	2	2	2
CM007904.2_1639903_T_C		15	1639903								0	0	0	0	0	0	0	0	0	0	2	2	0	2	0	0	0	0	0	2	0	0	0	0	0	0	2	2	0	0	2	0	0	0	0	0	0	0	0	0	0	0	2	0	0	0	0	0	0	0	0	0
CM007904.2_2023061_G_A		15	2023061								0	0	0	0	0	0	0	0	2	0	1	2	2	2	2	0	2	2	2	2	2	0	2	0	0	0	0	0	2	2	2	2	2	2	2	2	0	2	2	0	0	0	2	2	0	0	2	0	2	2	0	2
CM007904.2_2245097_C_A		15	2245097								2	0	2	2	0	2	2	0	2	2	0	0	0	0	2	2	0	0	0	0	0	2	0	2	0	0	2	2	2	2	2	2	0	0	0	2	0	2	0	0	1	2	2	0	2	2	2	2	2	2	2	0
CM007904.2_2547964_A_G		15	2547964								0	0	0	0	0	2	2	2	0	2	2	2	0	2	2	0	2	2	2	0	0	2	2	0	2	2	2	0	0	2	2	0	2	0	0	0	2	0	0	2	0	0	2	0	2	0	2	0	2	2	1	2
CM007904.2_2563028_T_C		15	2563028								0	2	0	2	0	2	0	1	2	2	2	2	2	2	2	2	0	2	2	0	2	2	2	2	2	2	2	0	2	2	2	2	2	2	2	2	0	2	0	2	0	2	2	0	0	0	2	0	0	2	1	2
CM007904.2_2571226_A_G		15	2571226								0	0	0	2	0	0	2	0	2	2	2	2	0	2	2	2	2	2	2	2	0	2	2	0	2	0	2	0	0	0	0	2	2	2	0	0	1	2	2	2	0	2	2	0	1	0	2	2	0	2	0	2
CM007904.2_2649273_C_T		15	2649273								2	2	0	2	2	0	0	0	2	2	2	2	2	2	0	2	0	0	0	0	2	2	0	2	2	2	2	0	2	2	2	0	2	2	2	2	0	2	0	2	2	2	2	2	0	1	0	2	0	2	0	0
CM007904.2_2994234_T_G		15	2994234								2	0	2	2	0	0	0	0	2	0	2	2	2	2	2	2	0	0	0	2	2	0	2	2	0	0	0	0	0	0	0	0	2	2	2	2	0	2	2	0	0	2	2	2	0	0	2	2	0	2	0	0
CM007904.2_3456537_T_C		15	3456537								2	0	2	2	2	2	2	2	2	2	2	0	2	2	0	2	0	0	0	0	0	0	2	2	2	2	0	0	0	0	0	0	0	2	0	0	2	2	2	0	0	0	2	0	2	0	0	2	0	2	2	0
CM007904.2_3999012_G_T		15	3999012								0	2	0	1	0	0	2	2	0	0	0	2	0	0	2	0	0	0	0	0	2	2	2	0	0	0	0	0	2	2	0	2	0	2	0	2	2	0	2	2	2	2	2	2	0	2	2	0	0	0	2	0
CM007904.2_4013157_C_A		15	4013157								0	2	2	1	0	0	2	2	0	0	0	2	0	2	2	2	2	2	2	0	2	2	2	2	2	2	0	2	2	2	2	2	0	2	2	2	0	2	2	0	2	0	2	2	2	2	2	2	2	0	2	2
CM007904.2_4541561_T_G		15	4541561								0	0	0	0	1	0	0	0	0	0	2	2	0	0	0	2	1	0	0	0	0	0	2	2	2	0	0	0	0	0	0	0	0	0	0	0	0	0	0	0	0	0	0	0	0	0	0	0	0	0	0	0
CM007904.2_5462869_G_C		15	5462869								0	0	0	0	0	0	0	0	0	0	0	0	0	0	2	0	0	0	0	0	0	0	0	0	0	0	0	0	0	0	0	0	0	0	0	0	2	0	0	0	0	0	0	2	0	2	0	0	0	0	0	0
CM007904.2_6177777_C_T		15	6177777								0	0	2	0	0	2	2	2	2	0	2	2	2	2	0	1	0	0	0	0	2	2	2	0	2	1	0	0	2	0	2	0	0	2	2	2	0	0	0	2	0	2	0	2	0	2	2	2	0	2	2	2
CM007904.2_6348703_A_G		15	6348703								0	0	2	2	0	2	2	2	0	2	2	2	2	2	2	2	2	2	0	2	2	2	2	2	0	1	2	0	2	2	2	0	2	2	2	1	0	0	0	2	0	0	0	2	2	2	2	2	2	0	0	2
CM007904.2_6976954_A_G		15	6976954								0	0	0	0	0	0	0	0	0	2	0	0	2	2	0	0	0	0	0	0	0	0	0	2	2	0	0	2	0	0	2	0	0	0	0	0	0	0	0	0	0	0	0	0	0	0	0	0	0	0	0	0
CM007904.2_6998525_G_A		15	6998525								0	0	2	0	0	2	2	2	0	2	0	2	2	2	0	2	0	0	0	0	2	2	2	2	0	0	1	2	2	0	2	2	0	2	0	2	2	0	2	0	0	2	2	2	2	2	2	2	0	2	2	0
CM007904.2_7876297_G_T		15	7876297								0	0	0	0	0	0	0	0	0	0	2	0	2	0	2	0	2	0	0	0	0	0	0	0	0	0	0	0	0	0	0	0	0	0	0	0	0	0	0	0	0	0	0	0	0	0	0	0	0	0	0	2
CM007904.2_8913138_T_C		15	8913138								0	2	2	0	2	0	2	0	2	2	2	2	0	0	2	0	0	0	0	0	2	0	0	0	0	2	2	0	2	2	2	2	0	0	0	0	0	2	0	2	2	0	0	0	0	2	2	2	1	2	0	2
CM007904.2_9132194_A_G		15	9132194								0	0	2	2	0	0	2	2	2	2	0	2	2	2	2	0	0	0	0	0	2	2	2	1	2	2	2	2	0	1	0	0	2	0	2	2	0	0	2	0	0	2	0	2	0	0	2	0	0	2	0	0
CM007904.2_9245756_G_A		15	9245756								0	0	2	2	0	2	0	0	2	2	0	2	2	1	0	0	0	0	0	0	2	2	0	0	0	0	0	0	0	0	2	2	0	0	0	0	2	0	0	2	0	0	0	0	2	2	2	2	0	0	0	0
CM007904.2_9824779_G_A		15	9824779								0	0	0	0	0	0	2	0	0	0	0	0	0	2	0	1	0	0	0	0	0	0	0	2	0	0	0	0	0	0	0	0	0	0	0	0	0	0	0	0	0	0	0	0	0	0	0	0	0	2	0	0
CM007904.2_11201894_C_A		15	11201894								0	0	0	0	0	0	0	0	0	0	0	0	0	0	0	0	0	0	0	0	0	0	0	0	0	0	0	0	0	2	0	0	2	0	0	0	0	0	1	0	0	2	2	0	0	0	0	0	0	0	0	0
CM007904.2_12249276_T_C		15	12249276								2	0	2	2	0	0	0	0	2	0	0	2	2	2	2	2	2	2	2	0	2	2	0	0	0	2	2	2	0	0	0	0	2	2	2	0	0	0	0	2	0	0	0	0	0	2	2	2	2	2	0	2
CM007904.2_12498595_A_G		15	12498595								0	0	0	0	0	0	0	0	0	0	0	2	0	0	2	0	0	0	0	0	0	0	0	0	0	0	0	0	0	0	0	0	0	0	0	0	0	0	0	0	0	0	0	0	0	2	0	2	0	2	0	0
CM007904.2_13499233_A_G		15	13499233								0	0	0	2	0	0	2	0	2	0	0	0	2	0	2	2	0	2	0	2	2	2	0	0	0	2	2	2	0	2	0	0	2	2	0	0	0	0	2	2	0	2	2	2	2	0	2	0	2	2	0	2
CM007904.2_13762724_C_T		15	13762724								2	0	2	0	0	2	0	0	0	0	2	0	2	2	0	0	0	0	0	0	2	2	0	0	0	2	2	0	2	0	2	2	0	2	2	2	2	0	2	2	0	0	2	2	0	0	0	0	0	0	0	2
CM007904.2_14061949_C_T		15	14061949								2	0	2	2	0	0	2	0	2	0	2	0	2	2	2	2	0	2	0	0	2	0	0	2	0	2	2	2	2	1	2	2	2	2	0	2	0	0	0	2	0	2	2	2	0	0	2	0	2	0	0	1
CM007904.2_14274879_T_C		15	14274879								0	0	0	0	0	0	2	0	0	0	0	0	0	0	0	0	0	0	0	2	0	0	0	0	0	2	2	0	2	2	0	2	0	2	0	0	0	0	0	2	0	2	0	0	0	0	2	0	0	2	0	0
CM007904.2_14275663_G_A		15	14275663								0	0	0	0	0	0	2	0	1	0	0	0	0	0	2	0	0	0	0	0	0	2	0	0	0	2	0	0	0	0	0	0	2	0	0	0	0	0	0	0	0	0	0	0	0	0	0	0	0	0	0	0
CM007904.2_14640296_T_C		15	14640296								2	0	2	2	0	0	0	2	2	0	2	0	2	2	2	2	2	2	2	0	2	2	2	2	0	2	2	0	0	0	0	0	0	2	0	0	0	0	2	2	0	0	2	2	0	0	0	0	0	0	0	0
CM007904.2_15582307_G_T		15	15582307								0	0	0	0	0	0	0	0	0	0	0	0	0	0	0	1	0	2	0	0	0	0	0	0	0	0	0	0	0	0	0	0	0	0	0	0	0	0	0	0	0	0	0	0	0	0	2	0	2	0	0	0
CM007904.2_15694509_G_A		15	15694509								0	0	2	2	0	0	2	2	2	2	0	0	2	2	2	2	2	1	2	2	0	0	0	2	0	2	2	2	0	2	2	0	2	2	2	0	0	0	0	0	0	2	2	2	0	0	0	0	0	0	0	2
CM007904.2_16708515_A_G		15	16708515								2	0	0	2	0	0	2	0	2	2	2	0	2	2	2	2	2	2	2	0	2	0	0	2	2	2	2	0	0	2	0	0	0	2	0	0	0	0	0	2	0	2	0	0	2	2	2	2	0	2	0	0
CM007904.2_16956781_G_T		15	16956781								2	2	0	2	2	2	2	0	2	2	2	0	2	2	2	2	2	2	2	2	2	2	0	0	2	2	2	2	2	2	2	2	2	1	2	2	2	2	2	2	2	2	2	2	2	2	2	2	2	2	2	2
CM007904.2_16963677_A_G		15	16963677								0	0	2	2	0	2	2	0	2	2	2	0	0	2	2	2	0	2	0	2	2	2	0	2	2	0	0	2	0	2	0	2	0	2	2	2	2	0	0	0	0	0	0	0	1	0	2	2	2	0	0	0
CM007904.2_17599260_C_T		15	17599260								2	0	0	0	0	0	0	0	0	0	0	0	0	0	0	0	0	0	0	0	0	0	0	0	0	0	0	0	0	0	0	0	0	0	2	0	0	0	0	2	0	2	0	0	2	0	0	0	0	0	0	0
CM007904.2_17633891_A_G		15	17633891								0	0	2	2	0	0	0	2	2	2	2	0	2	2	2	2	2	2	0	2	2	0	2	2	2	0	0	2	0	0	0	2	2	1	0	2	0	0	0	0	0	0	2	0	2	2	2	2	0	2	0	0
CM007904.2_21112800_C_A		15	21112800								2	1	0	2	2	2	0	0	2	2	2	0	2	0	2	2	0	0	0	0	2	2	2	0	2	0	0	0	0	2	2	2	0	0	2	2	0	0	2	0	0	2	2	2	0	2	2	2	0	2	2	2
CM007904.2_22743133_G_A		15	22743133								0	0	0	2	0	2	2	2	0	0	0	0	0	0	2	2	2	2	0	2	2	0	2	0	0	0	0	2	0	2	0	2	2	0	2	2	2	0	0	0	0	2	0	0	2	2	2	1	2	2	0	1
CM007904.2_22819901_T_C		15	22819901								0	0	0	0	0	0	0	0	0	0	0	0	2	0	2	2	2	2	0	0	0	0	0	0	0	0	0	0	0	0	0	0	0	0	0	0	0	0	0	0	0	2	0	0	0	2	0	2	0	0	0	1
CM007904.2_24607555_T_C		15	24607555								0	2	2	0	0	0	2	0	0	2	0	0	0	2	0	0	0	0	0	0	0	2	0	0	0	2	2	2	0	0	2	2	0	0	0	0	0	0	0	0	2	0	0	2	0	0	2	0	2	0	0	0
CM007904.2_25909649_T_C		15	25909649								2	2	2	2	2	2	2	2	2	2	2	2	2	2	2	2	0	2	2	2	2	2	2	0	0	2	2	0	2	2	2	2	2	2	0	2	2	2	2	2	2	0	2	2	0	2	2	2	2	0	2	0
CM007904.2_29900534_T_A		15	29900534								0	0	0	2	0	0	2	0	2	2	2	2	2	2	2	2	2	2	2	2	2	2	2	2	2	2	2	2	0	2	0	0	2	2	2	2	0	0	2	2	0	2	2	2	0	0	2	2	2	2	2	0
CM007904.2_30076079_T_A		15	30076079								2	2	2	2	2	0	2	0	0	0	2	0	2	2	2	0	0	2	0	0	2	2	0	0	0	2	2	0	0	0	1	0	0	2	0	0	0	0	2	2	2	0	2	2	0	2	2	2	0	0	2	0
CM007904.2_30568632_A_G		15	30568632								2	2	2	0	2	0	0	0	2	2	2	2	2	2	2	0	0	0	0	0	0	2	0	0	2	2	0	0	0	0	2	2	0	2	0	0	0	0	2	0	0	2	2	2	2	2	2	2	0	0	2	0
CM007904.2_31749108_G_A		15	31749108								0	2	0	2	0	0	2	2	0	2	2	2	2	2	2	2	2	2	0	2	2	2	0	2	2	2	2	0	0	2	2	2	2	2	2	0	2	0	2	1	2	2	2	0	2	2	2	0	2	2	2	0
CM007904.2_32021902_T_C		15	32021902								2	2	2	2	2	0	0	2	2	2	2	0	2	2	2	2	0	2	2	2	2	2	2	0	2	2	2	0	0	2	2	0	2	2	2	0	0	0	0	2	2	2	0	0	0	2	2	0	2	2	2	0
CM007904.2_32228964_A_G		15	32228964								0	2	2	2	0	2	2	2	2	2	2	2	2	2	2	2	2	2	2	0	2	2	0	2	2	2	2	2	2	2	2	0	0	2	2	2	2	0	2	2	0	2	2	2	2	2	2	2	2	2	2	1
CM007904.2_37243479_T_A		15	37243479								2	2	0	2	2	1	0	0	2	0	0	2	2	0	2	2	2	2	2	2	0	0	2	0	0	0	0	0	2	2	0	0	2	0	0	0	0	0	2	0	2	2	2	2	0	0	2	2	2	0	0	0
CM007904.2_41111904_T_C		15	41111904								0	0	2	2	0	2	2	2	2	2	2	0	0	2	2	2	0	2	0	0	2	2	2	0	0	2	2	0	2	2	2	2	1	2	2	2	2	2	2	2	0	2	2	2	0	2	2	2	0	2	2	2
CM007904.2_50272419_A_G		15	50272419								0	0	0	0	0	0	0	2	0	0	2	1	2	0	0	0	0	0	0	0	0	2	0	2	2	0	0	0	0	0	0	0	0	0	0	0	0	2	0	0	0	0	0	0	0	0	0	0	0	0	0	0
CM007904.2_50863025_G_A		15	50863025								0	0	2	0	2	1	2	2	0	0	2	2	0	0	2	2	2	2	2	2	2	0	0	2	0	0	2	0	0	0	2	2	2	0	0	0	2	2	0	0	0	2	0	0	0	0	2	0	2	0	2	2
CM007904.2_50863135_A_G		15	50863135								2	2	2	0	2	0	0	0	2	2	2	2	2	0	2	2	0	0	0	2	2	2	0	0	2	0	2	0	1	2	2	0	2	2	0	0	2	0	0	0	0	2	0	0	2	0	2	0	0	0	2	0
CM007904.2_54645440_C_T		15	54645440								2	2	0	2	2	0	0	0	2	0	1	2	0	2	2	2	2	2	2	2	2	0	0	0	2	2	2	0	2	2	2	2	2	0	2	2	0	2	2	2	2	2	2	0	2	0	2	0	2	0	2	0
CM007904.2_55343982_G_T		15	55343982								0	0	0	0	0	0	0	2	0	0	0	2	2	2	0	2	0	0	2	0	0	0	0	0	0	0	0	0	0	0	0	0	0	0	0	0	0	0	0	0	0	0	0	0	0	0	2	0	0	0	0	2
CM007904.2_56398694_A_G		15	56398694								2	0	0	0	0	2	0	0	0	0	0	1	0	0	2	0	0	0	0	0	0	0	0	0	0	0	0	0	0	0	0	2	0	0	0	0	2	0	0	0	0	0	0	2	0	2	0	2	0	2	0	0
CM007904.2_56629603_G_T		15	56629603								0	2	0	0	0	0	0	0	0	0	0	0	0	0	2	0	0	0	0	0	0	0	0	0	0	2	0	0	0	0	0	0	0	0	0	0	0	2	0	0	0	0	0	0	0	0	2	0	0	0	0	0
CM007904.2_69129243_T_C		15	69129243								0	0	2	2	2	0	2	2	2	2	2	2	0	2	2	2	2	2	2	2	2	2	2	2	2	0	0	1	2	2	2	2	0	2	2	2	2	2	2	2	1	2	0	0	2	2	2	2	2	2	2	0
CM007904.2_71011871_G_T		15	71011871								0	0	2	2	0	0	0	0	2	0	0	0	0	0	0	0	0	0	0	0	2	0	1	0	0	0	0	0	0	0	0	0	0	0	0	0	0	0	0	0	0	0	0	0	0	0	0	0	0	0	0	0
CM007904.2_82655673_C_G		15	82655673								0	0	2	2	0	2	2	2	2	2	2	2	0	2	2	2	2	2	2	0	2	2	2	2	1	0	2	2	0	2	2	2	0	2	0	2	2	2	2	2	2	2	2	2	2	2	2	2	2	0	2	2
CM007904.2_90629992_G_A		15	90629992								0	0	2	2	0	0	0	0	0	0	0	2	2	0	0	2	0	0	2	2	0	0	0	0	0	2	0	0	0	0	0	0	0	0	0	2	0	0	2	0	2	2	2	0	0	2	0	0	0	0	0	0
CM007904.2_98088486_C_A		15	98088486								0	2	0	0	0	0	0	0	2	0	0	0	0	2	0	0	2	2	2	0	0	0	0	0	0	0	0	2	0	1	0	0	0	0	0	0	0	0	0	0	0	0	0	0	0	0	2	0	2	0	0	0
CM007904.2_98631250_T_C		15	98631250								2	2	2	2	2	0	2	0	2	2	2	2	2	2	2	2	2	2	2	2	2	2	2	2	2	2	2	2	2	2	2	2	2	2	0	0	0	2	2	2	2	2	2	0	2	0	2	2	2	2	2	2
CM007904.2_98766540_G_T		15	98766540								0	0	0	2	0	0	0	2	0	0	0	2	2	2	0	2	2	2	2	0	0	0	0	0	0	0	0	0	0	0	0	2	0	0	2	0	0	0	0	2	0	0	0	0	0	2	0	2	0	0	2	0
CM007904.2_100003049_C_T		15	100003049								0	0	0	2	0	2	0	0	0	0	0	2	0	0	2	2	2	2	2	2	0	0	0	0	2	2	2	0	2	2	2	0	2	0	0	0	2	0	2	0	0	2	2	2	0	0	2	0	2	0	0	2
CM007904.2_100806636_T_A		15	100806636								2	0	0	0	0	0	0	0	0	2	2	2	2	0	0	0	0	0	2	2	2	2	0	0	0	2	0	0	0	0	2	0	2	2	0	0	0	0	0	2	0	0	0	0	0	0	0	2	0	0	0	0
CM007904.2_100840865_C_T		15	100840865								2	2	2	2	0	0	2	2	2	2	2	2	2	2	0	2	2	2	0	0	0	2	0	2	0	0	2	0	0	2	2	0	2	2	0	2	0	0	0	2	0	2	0	0	2	2	2	2	2	0	2	2
CM007904.2_102353012_T_C		15	102353012								2	2	0	2	2	2	2	0	0	2	2	2	2	2	2	2	0	2	0	2	2	2	1	0	0	2	2	0	2	2	2	2	2	2	2	2	0	0	0	2	2	2	2	2	2	2	2	2	2	2	2	0
CM007904.2_102353235_G_C		15	102353235								2	2	0	2	1	0	2	0	2	2	2	2	0	2	2	2	0	2	2	2	2	2	2	0	2	2	0	0	2	2	2	2	2	0	2	2	0	0	2	2	0	2	2	2	0	2	1	0	0	2	2	0
CM007904.2_102797888_C_A		15	102797888								2	0	2	0	0	0	0	2	0	0	0	0	0	0	0	0	0	0	0	0	0	0	2	2	0	0	0	0	0	0	0	0	0	0	0	0	0	0	0	0	0	0	0	1	0	0	0	0	0	0	0	0
CM007904.2_107173075_G_A		15	107173075								2	0	2	2	0	0	2	2	0	2	2	0	2	2	2	2	2	2	0	2	0	2	0	2	2	0	0	1	2	0	2	0	2	1	0	0	0	0	0	0	0	0	2	0	0	2	2	2	0	2	2	0
CM007904.2_107192579_A_G		15	107192579								0	0	2	0	0	0	2	2	0	2	0	0	0	2	2	2	2	2	2	0	2	2	2	2	0	0	0	0	0	0	0	0	0	2	0	0	0	2	2	2	0	0	2	2	0	2	2	2	2	2	2	0
CM007904.2_110395736_A_G		15	110395736								0	0	2	2	0	0	0	0	0	2	2	0	2	2	0	2	2	2	0	0	2	2	2	2	2	0	0	2	2	0	2	2	0	2	0	2	0	0	0	2	0	2	0	0	0	2	2	2	0	0	2	0
CM007904.2_110396242_T_C		15	110396242								0	0	0	2	0	2	2	0	0	1	1	0	0	2	0	0	0	0	0	2	2	2	2	0	2	0	2	0	0	2	2	2	2	2	0	2	0	0	0	2	0	2	0	0	0	2	2	2	2	2	2	0
CM007904.2_111088309_G_A		15	111088309								0	0	2	2	0	0	2	0	0	2	2	2	0	0	2	2	0	2	0	2	2	2	0	2	0	2	2	0	0	2	2	2	0	2	0	0	0	2	0	2	0	2	2	2	2	2	2	2	0	0	2	0
CM007904.2_111088498_C_T		15	111088498								0	0	0	2	0	2	2	2	0	1	2	2	0	2	2	2	0	2	2	2	0	0	0	2	2	2	0	0	0	2	2	2	2	2	2	2	0	2	0	2	0	2	2	2	2	2	2	2	2	2	2	2
CM007904.2_111099461_T_G		15	111099461								0	0	0	0	0	0	0	0	0	0	0	2	0	0	0	0	0	0	0	0	0	0	0	0	2	0	2	2	2	2	0	0	0	0	0	0	0	0	2	0	0	0	0	0	0	0	0	0	0	0	0	0
CM007904.2_112241652_C_A		15	112241652								0	0	0	0	0	0	1	0	0	0	0	0	2	0	2	0	0	0	0	0	2	0	0	0	0	0	0	0	0	0	0	0	0	0	0	0	0	0	0	2	0	0	0	0	0	2	2	0	0	0	2	0
CM007904.2_113671498_A_G		15	113671498								0	0	2	2	0	2	2	0	0	2	2	2	2	2	2	0	0	2	0	2	2	2	2	0	0	2	2	0	2	2	2	0	0	2	2	2	2	0	2	0	0	2	2	2	2	2	2	2	2	0	2	2
CM007904.2_115345355_T_C		15	115345355								2	0	0	0	0	0	0	0	0	0	0	2	0	0	2	0	0	0	0	0	0	0	0	0	2	0	0	0	2	0	0	0	0	0	2	0	0	2	0	0	0	0	2	2	0	0	0	0	0	0	0	0
CM007904.2_117225907_T_G		15	117225907								0	0	2	0	0	0	2	2	0	0	0	0	2	2	2	2	2	2	0	2	1	2	2	2	0	2	2	2	2	1	2	0	2	2	2	2	2	2	2	2	0	2	2	2	0	2	2	2	0	2	2	2
CM007904.2_117228624_C_T		15	117228624								2	0	0	0	0	2	2	2	0	2	2	0	2	2	2	0	0	2	0	2	0	0	0	0	0	0	0	0	0	0	2	0	0	2	0	2	0	0	2	2	0	0	2	2	0	1	2	2	0	0	2	2
CM007904.2_120910479_T_A		15	120910479								0	0	0	0	0	0	0	0	0	0	0	2	0	0	0	0	0	0	0	0	0	0	0	0	0	0	0	2	0	0	1	0	0	0	0	0	0	0	2	0	0	0	2	2	0	0	0	0	0	0	0	0
CM007904.2_122306517_G_T		15	122306517								0	0	0	0	0	0	0	0	0	0	0	0	0	0	0	0	0	0	0	2	0	0	0	0	0	0	0	0	0	0	0	0	0	2	0	0	0	0	1	0	0	0	2	1	0	0	2	2	0	0	0	0
CM007904.2_124894040_G_C		15	124894040								2	0	0	2	2	2	2	2	2	2	2	2	2	2	2	2	2	2	2	2	2	2	2	2	2	2	2	2	0	0	2	0	2	2	0	2	2	2	0	2	0	2	1	0	0	2	2	2	2	2	2	0
CM007904.2_126150119_C_A		15	126150119								0	0	0	0	0	0	0	0	0	0	0	0	0	0	0	2	0	2	0	0	0	2	0	0	0	0	0	0	0	0	2	0	0	2	0	0	0	2	0	0	0	1	0	0	0	2	2	0	2	0	2	0
CM007904.2_126297856_C_G		15	126297856								1	0	0	0	0	2	2	2	0	2	2	0	0	2	2	0	0	2	0	2	0	2	0	0	2	0	2	2	2	0	2	2	2	2	0	0	2	0	0	0	0	2	2	2	0	0	2	0	2	0	2	0
CM007904.2_126708631_G_A		15	126708631								0	0	2	0	0	2	2	0	0	2	1	0	0	2	0	0	0	0	0	2	0	2	0	0	2	0	2	2	1	2	2	2	2	0	2	0	2	0	0	0	0	2	0	0	2	2	0	0	0	2	0	0
CM007904.2_129578299_G_A		15	129578299								0	0	0	0	0	2	2	0	0	0	2	0	0	0	2	2	0	0	0	2	0	2	0	0	0	2	2	2	2	0	0	2	2	2	2	0	2	0	2	0	0	2	2	2	2	2	2	2	2	2	2	0
CM007904.2_130669687_C_A		15	130669687								2	0	2	0	0	0	0	2	0	0	2	2	0	0	0	0	0	0	0	0	0	0	0	0	0	0	0	0	0	0	2	0	0	0	0	0	0	0	0	2	0	0	0	0	0	0	0	0	0	0	0	0
CM007904.2_131513641_T_C		15	131513641								2	2	2	2	2	0	2	2	2	2	2	2	2	2	2	2	0	2	1	2	2	2	2	2	2	2	2	0	0	2	2	2	2	2	0	2	2	0	2	2	2	2	2	2	2	2	2	2	2	0	2	2
CM007904.2_133608667_C_G		15	133608667								2	0	0	2	0	0	0	0	0	0	0	0	0	2	0	0	0	2	2	0	0	0	0	0	0	0	0	0	0	1	0	0	0	0	0	0	0	0	0	0	0	0	0	0	0	0	0	0	0	0	0	0
CM007904.2_137385979_C_G		15	137385979								0	0	0	0	0	0	0	0	0	0	0	0	0	0	0	0	0	0	0	0	0	0	0	0	0	2	0	0	0	0	0	0	0	0	2	0	2	2	0	0	2	0	0	0	0	2	0	0	0	0	2	0
CM007904.2_138946334_G_A		15	138946334								0	0	0	0	0	0	0	0	0	0	0	0	0	0	0	0	0	0	0	0	0	0	0	0	0	2	2	1	0	0	0	0	0	0	0	0	0	0	0	0	0	0	0	0	0	0	0	0	0	0	0	0
CM007904.2_145580581_T_C		15	145580581								2	0	0	0	0	0	2	0	2	2	2	2	0	0	0	0	0	0	0	0	0	2	0	0	0	0	0	0	0	0	0	2	0	0	0	0	0	0	0	0	0	2	0	2	0	0	2	2	0	0	2	0
CM007904.2_147439316_C_T		15	147439316								0	0	2	0	0	2	0	0	2	2	2	2	0	2	2	2	0	2	2	2	2	2	2	0	0	2	2	0	2	0	2	1	2	2	0	0	2	2	0	0	0	2	2	0	0	2	2	2	2	0	2	2
CM007904.2_149431914_A_G		15	149431914								0	0	0	0	0	0	0	0	0	0	0	0	0	0	2	0	0	0	0	0	0	2	0	0	0	0	0	0	0	0	0	0	0	0	2	2	0	0	0	2	0	0	0	0	0	0	0	0	0	0	0	0
CM007904.2_149431934_G_A		15	149431934								0	0	0	2	0	0	0	0	2	2	2	2	0	0	2	0	0	0	0	0	0	2	0	0	0	0	0	0	0	0	2	0	0	0	0	2	0	0	0	0	0	0	0	0	0	0	0	0	0	0	0	0
CM007904.2_164897338_A_G		15	164897338								0	2	2	2	2	0	2	2	2	0	2	0	2	2	2	2	2	2	0	2	2	2	2	2	0	2	0	2	2	0	0	2	2	0	0	2	0	2	0	0	2	0	2	2	2	0	0	2	0	1	0	0
CM007904.2_164897480_A_G		15	164897480								0	0	0	0	0	0	0	0	0	0	0	2	0	0	0	0	0	0	0	0	0	0	0	0	0	0	2	0	0	2	2	0	2	0	2	0	0	2	0	0	0	0	0	0	0	0	2	0	0	2	0	0
CM007904.2_169584299_G_C		15	169584299								0	2	0	0	0	0	0	2	2	2	0	0	0	0	0	0	0	0	0	0	0	0	2	0	0	0	0	0	0	0	0	0	0	0	0	0	0	0	0	0	0	0	0	0	0	0	0	0	0	0	0	0
CM007904.2_171719597_G_A		15	171719597								0	0	2	2	2	2	0	2	2	2	2	2	2	0	2	2	2	2	2	2	2	2	0	0	2	2	0	2	0	2	0	0	2	2	0	2	0	2	0	0	2	0	0	2	0	2	2	2	2	2	0	2
CM007904.2_174053696_C_A		15	174053696								0	0	0	0	2	0	2	0	0	2	2	0	0	2	2	2	2	2	2	2	0	2	0	2	0	2	2	2	0	2	0	0	2	2	0	0	2	0	2	0	0	2	2	2	0	0	2	2	0	0	2	0
CM007904.2_174261608_G_A		15	174261608								0	2	2	2	0	2	2	2	2	2	0	0	2	2	2	2	2	2	2	2	2	0	2	2	0	2	2	0	2	2	2	0	2	2	0	2	0	0	0	0	2	2	0	2	2	2	2	2	2	2	2	0
CM007904.2_174852675_G_A		15	174852675								0	0	0	2	0	0	2	2	0	1	2	2	2	2	2	2	2	2	2	0	0	0	0	2	0	2	0	2	2	0	1	0	2	0	2	2	2	2	2	0	0	2	2	2	2	0	2	0	0	0	2	0
CM007904.2_174876817_T_C		15	174876817								0	0	0	2	0	0	0	0	0	0	0	0	2	0	0	0	0	2	0	0	0	0	0	2	2	0	0	0	0	0	2	0	0	0	2	0	2	0	2	0	0	0	0	2	0	0	0	2	0	0	0	0
CM007905.2_1516533_T_C		16	1516533								2	2	2	2	2	0	0	2	2	2	0	0	2	2	0	2	2	2	2	2	2	2	0	2	0	2	2	2	2	2	0	0	2	2	0	2	0	2	2	0	2	0	2	2	0	0	2	0	0	2	2	0
CM007905.2_1780185_T_C		16	1780185								0	2	0	2	2	2	2	0	0	0	2	2	2	1	2	2	0	0	2	2	2	2	2	0	2	2	2	2	2	2	0	2	2	2	2	2	0	2	2	2	2	2	2	2	2	2	2	2	2	2	2	2
CM007905.2_1780445_T_A		16	1780445								0	2	0	2	0	2	0	0	0	0	2	2	0	0	2	0	0	0	0	0	2	0	2	0	0	0	0	0	2	2	2	2	0	2	2	0	2	0	0	0	2	0	0	0	0	2	0	0	0	1	0	0
CM007905.2_2193656_A_G		16	2193656								2	0	0	0	0	0	2	0	2	2	0	0	1	2	2	2	0	2	2	0	2	2	2	0	2	2	2	2	2	1	0	2	2	2	0	2	0	2	2	0	0	2	2	2	2	0	2	2	2	2	2	0
CM007905.2_2678762_C_T		16	2678762								0	2	2	2	0	0	2	2	2	2	2	2	2	2	2	0	2	2	2	0	2	0	0	2	0	0	0	2	0	2	0	0	0	0	0	2	0	0	0	0	2	2	0	0	1	0	2	2	2	0	2	0
CM007905.2_2795796_T_C		16	2795796								2	0	0	0	2	2	2	0	2	2	2	2	0	2	2	2	0	2	0	2	2	2	2	0	2	2	2	0	0	0	2	2	2	0	0	2	2	2	0	0	0	2	0	0	2	2	2	2	2	0	2	0
CM007905.2_3628122_A_G		16	3628122								0	0	2	0	0	0	2	2	2	2	0	0	2	2	2	0	2	2	2	0	2	0	0	2	0	0	0	2	0	0	2	0	0	0	0	0	2	0	2	0	0	2	2	2	2	0	2	2	2	2	2	2
CM007905.2_3973706_A_G		16	3973706								2	0	0	0	0	0	2	0	0	2	0	0	2	2	2	0	2	2	2	0	0	0	0	2	0	2	2	2	2	0	2	0	2	2	2	0	2	2	2	2	0	0	2	0	0	0	2	2	0	2	2	2
CM007905.2_4074105_T_C		16	4074105								2	2	2	2	2	2	0	2	2	2	2	2	0	2	2	2	0	2	0	2	2	2	1	0	2	2	2	2	2	2	2	2	2	2	2	2	2	2	2	2	2	2	2	2	2	2	2	2	2	2	2	2
CM007905.2_4395490_C_T		16	4395490								0	2	0	2	0	0	2	0	1	0	0	0	0	0	0	0	0	0	0	2	0	0	2	0	0	2	2	0	0	0	0	0	2	0	0	0	2	2	0	0	2	0	0	0	0	0	0	0	0	0	0	0
CM007905.2_4972714_G_A		16	4972714								2	0	0	0	0	2	2	2	0	0	0	0	0	0	0	0	0	0	0	0	0	0	2	0	2	0	0	0	0	0	2	2	0	0	0	0	2	0	0	2	0	0	0	0	0	0	2	0	0	2	0	0
CM007905.2_4983113_T_A		16	4983113								0	2	2	2	2	0	0	0	0	0	2	2	0	2	2	2	0	2	2	0	2	2	2	0	0	0	0	2	2	0	0	0	0	0	2	2	2	0	0	0	2	0	2	2	0	2	2	0	2	0	2	0
CM007905.2_4983866_T_G		16	4983866								2	2	2	2	2	0	2	2	2	2	2	2	2	2	2	2	2	2	2	0	2	2	2	2	2	2	0	2	2	2	2	2	2	0	2	2	2	0	2	2	2	0	2	2	2	2	2	2	2	2	2	2
CM007905.2_6185502_G_A		16	6185502								0	0	2	0	2	0	0	2	0	2	0	0	0	0	0	2	0	0	0	0	0	2	2	0	0	0	0	0	0	0	2	0	0	0	0	0	0	0	0	0	0	0	0	0	0	0	0	0	0	0	0	0
CM007905.2_6186036_T_C		16	6186036								0	2	0	2	0	0	0	0	2	2	0	2	2	2	2	2	0	0	0	0	2	2	0	0	0	0	0	0	2	0	2	2	0	2	2	2	0	0	2	2	2	0	1	2	0	0	2	0	0	0	2	2
CM007905.2_7187544_C_T		16	7187544								0	0	2	2	0	0	0	0	2	0	2	2	0	2	2	0	2	2	0	0	0	0	0	2	0	2	2	2	2	2	2	2	2	2	2	2	0	2	0	0	2	2	0	0	2	2	2	0	2	0	0	0
CM007905.2_7188630_T_C		16	7188630								0	2	2	2	2	2	0	0	2	2	0	2	0	2	2	0	0	0	0	0	0	0	0	0	0	2	2	0	2	2	2	2	0	2	2	0	0	0	2	0	2	2	2	2	2	2	2	2	2	0	2	0
CM007905.2_7528956_C_T		16	7528956								0	2	2	2	2	0	0	0	0	2	0	0	0	2	2	0	2	0	2	0	2	2	0	0	0	2	2	2	2	2	2	0	0	2	2	0	0	2	0	2	2	0	0	0	2	2	2	2	2	2	2	2
CM007905.2_7528970_A_T		16	7528970								0	0	0	0	0	2	0	0	2	0	0	0	0	0	0	0	0	0	0	0	0	0	2	0	2	0	0	0	0	0	0	0	0	0	0	0	0	0	0	0	0	2	0	0	0	0	2	0	0	0	0	0
CM007905.2_7536888_T_A		16	7536888								0	0	2	2	2	0	0	0	0	2	0	2	2	2	2	2	2	2	2	0	2	0	0	2	0	0	2	0	0	2	2	0	0	2	0	0	0	0	0	0	2	0	0	0	2	0	2	2	2	2	0	0
CM007905.2_7750200_G_A		16	7750200								0	2	2	2	2	0	0	0	2	2	0	2	0	2	2	2	2	2	2	2	0	2	2	2	2	2	2	2	2	2	2	0	2	2	0	2	0	0	0	0	2	2	0	0	0	2	2	2	0	0	2	2
CM007905.2_7828389_A_G		16	7828389								0	0	2	2	2	0	2	2	2	0	0	2	2	2	2	2	2	2	2	0	2	2	2	0	2	0	2	0	2	2	2	2	0	2	0	0	2	2	0	2	2	2	0	2	2	2	2	2	2	2	2	0
CM007905.2_8089055_G_T		16	8089055								0	2	0	2	2	2	0	0	2	2	0	2	2	1	2	2	2	2	0	2	2	2	2	0	2	0	2	0	2	2	2	0	0	2	2	2	0	2	0	2	2	2	0	2	0	2	2	2	0	2	2	0
CM007905.2_8246475_C_T		16	8246475								0	0	0	2	2	0	0	0	2	0	0	2	0	0	2	0	0	2	0	0	2	2	0	2	2	0	2	0	0	2	2	0	2	0	0	2	0	2	2	0	0	2	2	0	2	0	2	0	2	2	2	0
CM007905.2_8536817_A_G		16	8536817								0	2	0	0	0	0	2	2	0	0	0	0	0	2	0	0	0	0	0	0	0	0	0	2	0	0	0	0	0	0	0	2	2	0	0	0	0	0	0	0	0	0	0	0	0	0	2	0	0	0	2	0
CM007905.2_8539636_G_T		16	8539636								0	0	2	2	2	2	0	0	2	0	0	2	2	2	2	0	0	2	2	0	2	2	2	2	0	2	2	2	2	2	2	0	2	2	2	2	0	0	0	0	0	2	0	0	2	2	2	2	2	2	2	2
CM007905.2_8539637_T_C		16	8539637								2	0	2	2	2	2	0	0	0	2	2	2	2	2	2	0	0	2	2	0	0	2	2	2	0	2	2	2	0	2	2	0	2	2	2	2	0	2	2	2	0	2	2	2	2	2	2	2	2	0	2	2
CM007905.2_8540077_T_A		16	8540077								0	0	0	2	2	2	2	2	0	0	0	1	2	2	2	0	0	2	2	2	0	2	2	2	2	0	2	0	2	2	2	2	2	0	2	0	0	0	0	0	0	2	0	0	0	0	2	0	0	0	0	0
CM007905.2_8556053_G_C		16	8556053								0	0	0	2	0	0	0	0	2	0	0	0	0	0	1	0	0	0	0	0	0	0	0	0	0	0	0	0	2	2	0	0	0	0	0	0	0	0	0	0	0	0	0	2	0	0	0	0	2	0	0	0
CM007905.2_8565450_A_T		16	8565450								0	0	0	0	0	0	0	0	0	0	0	2	2	2	0	2	2	0	0	0	0	0	0	0	0	0	0	0	0	0	0	0	0	0	0	0	0	0	0	0	0	0	0	0	0	0	0	0	0	0	0	0
CM007905.2_9069979_T_C		16	9069979								0	2	2	2	2	0	2	2	2	2	2	2	2	2	2	2	2	2	2	2	2	2	2	2	2	2	2	2	2	2	2	2	0	2	2	2	2	2	2	2	0	2	2	2	2	2	2	2	2	0	2	2
CM007905.2_9071534_T_C		16	9071534								2	2	0	2	0	2	0	0	2	0	2	2	1	2	0	2	1	0	0	2	2	0	2	0	2	0	0	0	0	0	0	0	2	2	0	0	0	0	2	0	2	2	2	2	0	2	0	2	0	2	0	2
CM007905.2_9567609_A_T		16	9567609								0	2	0	2	2	2	0	0	0	2	0	2	2	2	2	2	2	2	0	2	0	2	0	0	2	2	2	2	2	2	2	0	2	2	2	2	0	2	2	2	2	0	2	2	2	2	2	0	2	0	2	0
CM007905.2_9677433_T_C		16	9677433								2	0	2	2	2	2	0	0	2	2	2	2	2	2	2	2	0	2	2	0	2	2	2	2	2	0	0	0	0	0	2	0	2	2	0	2	0	0	0	0	0	1	0	0	0	2	2	0	0	0	2	0
CM007905.2_10006444_C_T		16	10006444								0	0	2	0	0	0	0	0	2	0	0	2	2	0	0	0	0	0	0	0	0	2	2	0	0	0	0	0	0	0	0	0	0	0	0	0	0	0	0	0	0	0	0	0	0	0	0	0	0	0	0	0
CM007905.2_10484112_A_G		16	10484112								2	2	0	0	0	0	2	0	2	2	2	0	0	2	2	0	1	2	0	0	2	2	0	0	0	0	2	1	0	2	2	2	0	0	0	2	0	2	0	0	2	2	0	0	2	0	2	2	2	2	2	2
CM007905.2_11358905_C_T		16	11358905								2	0	2	2	2	0	0	0	0	2	2	2	0	2	2	2	0	2	0	0	0	0	2	0	0	2	2	2	0	0	2	2	0	2	0	2	0	2	0	0	0	0	0	0	2	0	2	2	2	0	2	0
CM007905.2_11484576_G_T		16	11484576								0	2	0	0	0	2	2	0	2	0	2	0	2	0	0	2	0	0	0	2	2	2	2	0	0	2	2	2	2	0	2	2	2	2	2	2	2	2	0	0	2	2	2	2	0	2	2	2	2	2	2	2
CM007905.2_13183165_C_A		16	13183165								0	0	0	0	0	0	0	0	0	0	2	0	0	0	2	0	0	0	0	0	0	0	0	0	0	0	0	0	2	0	0	0	0	0	2	1	0	0	0	0	0	0	0	2	0	0	0	2	0	0	2	0
CM007905.2_13603674_G_A		16	13603674								0	0	2	0	0	0	2	0	0	0	0	0	0	0	2	0	0	0	0	0	0	0	0	0	0	0	0	0	0	0	0	2	0	1	0	0	2	0	0	0	0	0	0	0	2	0	2	0	2	0	0	0
CM007905.2_14381988_T_A		16	14381988								2	2	0	2	0	0	0	0	0	0	0	0	2	0	2	2	0	2	0	0	0	0	0	0	0	0	2	0	0	0	0	0	0	0	0	0	0	0	0	0	0	0	0	0	0	0	0	0	0	0	0	0
CM007905.2_15102493_T_G		16	15102493								2	2	0	0	2	0	0	0	2	0	0	0	0	0	2	2	2	2	2	0	2	0	0	2	2	2	2	2	0	0	0	0	0	2	2	0	0	2	0	0	2	2	0	0	2	2	2	2	2	2	0	2
CM007905.2_15616087_A_T		16	15616087								2	2	2	0	0	2	0	0	2	2	2	0	2	2	2	2	0	2	2	0	2	0	0	0	0	0	0	0	0	0	0	0	2	1	0	0	0	0	1	0	2	2	2	2	0	0	2	0	2	0	2	2
CM007905.2_15951273_C_T		16	15951273								2	0	0	0	0	0	2	2	2	2	2	0	2	2	2	2	2	2	2	1	2	0	0	2	0	0	0	1	0	0	2	2	2	2	0	0	2	0	0	0	0	2	0	0	2	2	2	2	0	0	0	2
CM007905.2_16350353_G_A		16	16350353								0	0	0	2	0	2	2	2	2	2	2	2	2	2	2	0	0	0	0	0	2	0	0	0	0	2	2	1	2	2	2	2	0	2	2	2	2	2	2	0	0	0	2	2	0	0	2	0	0	2	2	0
CM007905.2_17952134_G_A		16	17952134								0	0	2	2	0	0	0	0	2	2	0	2	2	2	2	0	0	0	2	0	1	2	0	0	2	0	0	2	0	2	2	0	0	0	0	2	0	1	2	0	0	0	2	2	0	0	0	2	2	2	0	0
CM007905.2_18498878_T_C		16	18498878								0	0	0	2	0	0	0	0	0	0	0	2	2	0	0	0	0	0	0	2	0	0	0	0	0	0	0	0	0	0	0	0	2	0	0	0	0	0	0	0	0	0	0	0	0	0	0	0	0	0	0	0
CM007905.2_18807782_T_A		16	18807782								0	0	0	2	0	0	0	0	2	0	0	0	2	0	0	0	0	0	0	0	0	2	0	0	0	0	0	0	0	0	0	0	0	0	0	0	0	2	0	0	0	0	0	0	0	2	2	2	0	0	2	0
CM007905.2_18960503_A_G		16	18960503								2	0	0	0	2	0	0	0	0	0	0	0	0	0	0	2	2	2	0	0	0	0	0	0	0	0	0	0	0	0	0	0	0	0	0	0	0	0	0	0	0	0	0	0	0	0	0	0	0	0	0	0
CM007905.2_20232755_C_A		16	20232755								0	2	0	2	0	0	2	0	0	0	2	0	0	0	2	0	0	0	0	0	0	1	0	0	0	2	2	0	1	0	0	0	0	0	0	0	0	0	0	0	0	0	0	0	0	0	2	0	0	0	2	0
CM007905.2_20242298_A_G		16	20242298								0	2	0	0	0	0	2	0	2	2	0	0	0	2	0	2	0	2	0	2	0	2	0	2	0	2	0	0	2	2	0	0	2	2	0	2	0	2	0	0	2	2	2	0	0	2	2	2	0	2	0	0
CM007905.2_20718568_G_A		16	20718568								0	0	2	2	0	0	2	2	2	2	2	0	2	0	2	2	2	2	2	2	2	2	0	2	0	2	2	2	2	2	2	0	2	2	2	2	1	2	2	2	0	2	2	2	2	2	2	2	2	2	2	2
CM007905.2_20748255_G_C		16	20748255								0	0	0	2	0	0	0	0	0	0	0	0	0	0	0	0	0	0	0	2	0	0	0	0	0	0	0	0	0	2	0	0	0	2	0	2	0	0	0	0	0	2	0	0	2	0	0	0	2	0	0	0
CM007905.2_21443768_T_C		16	21443768								0	2	2	2	0	0	0	0	2	0	0	0	2	2	2	0	0	0	2	2	2	2	0	2	0	0	2	0	2	2	2	0	2	2	2	2	0	0	0	0	2	2	0	0	2	0	2	0	2	2	0	0
CM007905.2_22797412_T_C		16	22797412								0	0	0	1	0	0	2	0	0	0	2	1	2	2	2	2	0	0	0	2	2	2	0	2	0	0	0	0	0	2	0	2	2	0	0	0	0	2	2	0	0	0	2	0	0	0	2	0	2	2	0	2
CM007905.2_22800954_T_C		16	22800954								0	0	0	2	0	0	2	0	2	0	2	0	0	0	0	2	0	0	0	0	0	0	0	2	0	0	0	0	0	0	0	2	0	0	2	0	0	0	0	0	0	0	0	0	0	0	0	2	0	0	0	0
CM007905.2_23072222_G_C		16	23072222								0	2	2	0	0	0	2	0	0	0	2	0	0	2	0	2	2	2	2	2	0	2	0	2	0	2	2	2	2	2	0	2	2	2	2	0	0	0	0	0	2	2	0	0	2	0	2	0	2	0	0	2
CM007905.2_23092115_C_T		16	23092115								0	2	0	2	0	2	0	0	2	0	0	0	2	0	2	0	2	0	0	2	0	2	0	0	0	2	2	2	2	2	0	0	2	2	2	0	0	0	2	0	2	2	2	2	2	0	2	0	2	0	0	2
CM007905.2_24943550_G_T		16	24943550								1	2	0	0	2	0	0	0	0	0	0	0	0	0	0	0	0	0	0	0	0	2	0	0	0	0	0	0	0	0	0	0	2	2	0	2	0	0	0	0	0	0	0	0	0	2	0	2	0	2	0	2
CM007905.2_27005370_T_C		16	27005370								0	0	0	0	0	0	0	0	0	0	0	0	2	0	0	0	0	0	0	0	0	0	0	0	2	0	0	0	0	0	0	0	0	2	0	0	0	0	0	0	1	0	0	0	0	0	0	0	0	0	0	0
CM007905.2_27450121_T_G		16	27450121								2	0	0	2	2	0	0	2	2	0	0	0	0	2	0	2	2	0	0	0	2	0	2	0	0	0	0	0	0	0	0	0	0	0	0	2	0	0	0	0	2	0	0	0	2	1	0	2	0	0	0	0
CM007905.2_27943007_T_A		16	27943007								0	0	2	2	2	2	2	2	2	2	2	2	2	2	2	2	2	0	2	2	2	2	2	2	0	2	2	0	2	2	2	2	2	2	0	0	2	2	2	2	0	2	2	2	0	2	2	2	2	2	2	0
CM007905.2_32406459_G_A		16	32406459								2	0	2	2	2	2	0	0	0	2	2	2	2	2	2	2	0	2	0	2	2	2	2	2	2	2	2	2	2	2	2	2	2	2	0	2	2	2	2	2	2	2	2	2	0	2	2	2	0	2	2	2
CM007905.2_33374463_G_T		16	33374463								0	0	0	0	2	0	0	2	2	0	0	2	0	2	2	0	2	2	2	0	2	2	0	0	0	0	2	0	0	2	2	0	0	2	0	2	0	0	0	0	0	0	2	2	2	2	2	2	2	2	0	0
CM007905.2_36365800_T_G		16	36365800								0	2	0	2	0	0	0	0	2	0	0	0	0	1	0	2	2	2	0	2	2	0	2	0	0	2	2	2	0	0	2	0	2	2	2	2	0	0	0	0	2	2	0	0	2	2	2	2	2	2	0	0
CM007905.2_36682193_T_C		16	36682193								1	2	2	2	2	0	0	0	2	0	2	2	0	2	2	2	0	2	0	0	2	2	2	2	2	0	0	0	1	0	2	0	0	0	0	2	0	2	0	2	2	2	0	0	0	0	2	2	2	2	0	0
CM007905.2_37468269_T_C		16	37468269								0	0	2	2	2	0	0	0	2	0	0	2	2	2	2	2	2	2	2	0	0	2	0	2	0	2	2	2	2	2	0	0	0	2	2	0	0	0	2	0	0	0	2	2	2	0	2	0	2	0	0	0
CM007905.2_37523662_C_T		16	37523662								0	0	0	1	2	0	0	0	2	0	0	2	0	1	2	2	0	0	2	0	0	2	0	0	0	0	0	0	0	0	0	2	0	0	0	0	0	0	0	0	0	0	0	0	0	0	0	0	0	0	0	0
CM007905.2_40537924_C_T		16	40537924								0	0	2	0	2	0	0	0	0	2	0	0	2	2	2	0	0	0	0	0	0	0	1	0	2	0	0	0	0	0	0	0	0	0	0	0	0	0	0	0	0	0	0	0	0	0	0	0	0	0	0	0
CM007905.2_40537953_C_G		16	40537953								1	2	2	2	2	2	2	2	2	2	2	2	2	2	2	2	2	2	2	2	2	2	2	2	2	2	2	2	2	2	2	2	2	2	2	0	2	2	0	0	0	2	1	0	2	0	2	2	2	2	2	0
CM007905.2_40583168_T_C		16	40583168								0	2	2	2	2	2	0	0	2	0	0	2	2	1	2	0	0	0	0	2	2	2	2	0	0	0	0	0	2	2	2	0	2	0	0	2	0	0	2	0	2	2	1	2	0	2	2	2	0	2	0	0
CM007905.2_42312000_T_C		16	42312000								0	2	0	0	0	0	0	0	2	0	0	0	0	0	0	0	0	0	0	0	0	2	0	0	0	0	0	0	0	0	0	0	0	0	0	0	0	0	0	0	2	0	0	0	0	0	0	2	0	1	0	0
CM007905.2_45971994_A_G		16	45971994								2	0	2	2	2	2	0	0	2	2	2	1	2	1	0	0	0	0	0	0	2	2	2	0	0	0	0	0	2	2	2	2	2	0	0	2	2	0	0	2	2	2	0	0	0	2	0	2	0	0	2	2
CM007905.2_46402261_A_G		16	46402261								0	0	2	2	2	2	2	2	2	0	0	0	2	2	2	2	2	2	2	0	2	0	2	2	0	0	0	2	2	2	2	2	2	0	0	0	0	0	0	0	0	0	1	2	2	0	0	0	0	0	0	0
CM007905.2_46817468_A_G		16	46817468								0	0	0	0	0	0	2	2	0	0	0	0	0	0	0	0	0	0	0	2	0	0	0	0	0	0	0	0	0	2	2	0	2	0	0	0	0	0	0	0	0	2	0	0	0	0	0	0	0	2	0	0
CM007905.2_46989466_C_T		16	46989466								0	0	0	1	0	0	0	0	0	0	0	0	0	2	0	0	0	0	0	0	2	2	0	0	0	0	0	0	0	1	0	0	0	0	0	0	0	0	0	0	2	0	0	0	0	2	0	2	0	0	0	0
CM007905.2_51452856_C_T		16	51452856								0	0	0	0	0	0	0	0	0	0	0	0	0	0	0	0	0	0	0	2	0	0	0	0	0	0	2	0	2	2	0	0	0	2	0	2	0	0	0	0	0	0	0	2	0	2	0	0	0	0	0	0
CM007905.2_52252170_A_T		16	52252170								0	2	0	2	2	0	0	0	0	0	0	0	2	2	0	2	2	0	0	0	0	2	2	2	0	0	0	2	2	2	0	2	2	0	0	0	0	0	0	0	0	0	0	0	0	0	0	0	0	2	0	0
CM007905.2_53305049_T_G		16	53305049								2	2	2	2	2	0	2	2	2	2	2	2	2	1	2	2	0	2	0	2	2	2	0	2	2	2	0	0	2	2	2	0	2	2	2	2	2	0	2	2	2	2	2	2	2	2	2	2	2	2	2	0
CM007905.2_55436549_T_A		16	55436549								0	0	2	0	0	2	2	2	0	0	0	0	0	2	2	2	2	1	2	0	2	2	0	2	0	1	2	2	0	2	0	2	0	2	2	2	2	0	0	0	0	0	0	0	2	0	2	0	2	2	0	0
CM007905.2_57704505_A_G		16	57704505								0	2	0	0	0	0	0	0	0	0	0	0	0	0	0	0	0	0	0	0	0	0	0	0	0	0	0	0	0	0	2	0	0	2	0	0	0	0	0	0	2	0	0	0	0	0	0	0	1	0	0	0
CM007905.2_57705080_C_T		16	57705080								0	0	2	0	0	0	2	0	0	0	0	0	0	0	2	2	2	2	2	0	2	0	0	0	0	0	0	0	2	2	2	2	0	2	0	0	0	0	0	2	0	2	0	0	0	2	2	0	1	0	0	0
CM007905.2_57705229_G_T		16	57705229								0	0	2	0	0	0	0	0	0	0	0	0	0	2	0	0	2	0	2	0	0	2	0	0	0	0	0	0	2	2	0	0	2	0	2	0	0	0	0	2	0	0	0	0	0	0	0	0	1	0	0	0
CM007905.2_61363594_T_C		16	61363594								2	2	2	2	2	0	2	2	2	2	2	2	2	2	2	2	2	0	2	0	2	2	2	2	2	2	2	0	2	2	2	2	0	2	0	2	2	2	2	2	2	2	2	2	0	2	2	2	0	2	2	0
CM007905.2_61403082_C_T		16	61403082								0	2	0	2	2	0	0	0	0	0	0	0	2	2	2	0	2	2	0	2	2	2	0	0	0	2	0	0	2	2	2	0	0	0	0	0	0	0	2	2	2	0	2	0	0	2	1	0	0	2	0	0
CM007905.2_61914665_G_A		16	61914665								0	0	0	2	0	0	0	0	0	0	0	0	0	0	0	0	0	2	0	2	0	0	2	0	0	0	0	2	0	0	0	0	0	0	0	0	0	0	2	0	2	0	0	0	0	0	1	0	0	2	0	0
CM007905.2_62505521_C_T		16	62505521								2	2	2	2	2	0	2	0	2	2	2	0	2	2	2	2	2	0	0	0	0	2	0	2	2	2	2	2	2	2	0	2	2	0	0	2	0	2	2	2	2	0	2	2	0	2	2	2	0	2	2	2
CM007905.2_64052551_T_C		16	64052551								0	0	0	0	0	0	0	0	0	0	0	0	0	0	0	0	0	0	0	0	0	0	0	0	0	0	2	0	0	2	0	0	0	0	2	0	0	0	0	0	0	0	0	0	0	0	2	0	2	2	0	0
CM007905.2_64053003_T_A		16	64053003								0	2	2	2	2	0	0	0	2	0	0	0	2	2	0	2	2	0	0	0	1	2	0	2	0	2	2	0	2	2	2	0	0	0	2	2	0	0	0	0	0	0	0	2	0	0	2	2	2	2	0	0
CM007905.2_65857968_A_G		16	65857968								2	2	2	2	2	0	2	2	2	2	2	2	0	2	2	2	2	2	0	2	2	2	2	0	2	2	2	2	2	0	2	2	0	2	0	2	2	2	0	2	2	2	0	0	2	2	2	2	2	2	2	2
CM007905.2_69022665_A_G		16	69022665								0	0	2	2	0	2	2	0	0	0	0	0	0	0	2	0	2	0	0	0	0	2	0	2	0	2	0	2	2	0	0	2	0	0	0	0	2	0	2	2	0	0	2	1	2	0	0	0	0	0	0	0
CM007905.2_69468175_C_G		16	69468175								0	2	0	2	2	2	2	0	2	0	0	0	2	2	2	2	0	2	2	2	2	0	2	0	0	0	0	2	2	0	0	2	2	2	2	2	0	0	2	2	0	2	0	0	2	2	2	2	0	0	0	0
CM007905.2_72535188_T_C		16	72535188								0	2	0	2	2	0	0	0	2	0	0	0	2	2	2	2	0	2	0	0	2	0	2	2	0	0	2	0	0	2	2	0	0	2	2	0	2	0	0	2	0	2	2	2	2	2	2	2	2	0	0	0
CM007905.2_73811216_C_T		16	73811216								0	2	0	0	0	0	0	0	0	0	2	2	0	0	0	0	0	0	0	2	1	0	2	0	0	2	2	0	2	0	0	0	2	0	0	0	2	0	2	0	0	2	2	2	2	2	0	1	0	0	0	2
CM007905.2_73829702_A_G		16	73829702								0	2	2	2	2	0	0	0	2	0	0	0	2	2	2	2	0	0	2	0	0	2	2	2	0	0	0	2	2	0	0	0	2	2	0	0	0	0	0	2	0	0	2	2	0	2	1	2	2	0	0	0
CM007905.2_98430272_T_C		16	98430272								2	0	2	2	0	2	0	0	0	2	2	2	2	2	2	2	2	2	2	2	2	2	2	2	2	2	2	2	2	2	2	0	0	2	0	2	0	2	2	2	2	2	2	0	0	2	2	2	2	2	2	2
CM007905.2_100477840_G_T		16	100477840								0	0	0	0	0	0	0	0	0	0	0	0	0	0	0	0	0	0	0	0	0	0	2	0	0	0	0	2	0	2	0	0	0	0	2	2	0	0	2	0	2	2	0	0	0	0	0	0	0	0	0	0
CM007905.2_105636448_T_A		16	105636448								0	2	0	0	0	2	2	0	0	0	0	0	0	0	2	0	0	0	0	2	0	2	0	0	0	2	2	2	2	2	2	2	2	2	2	2	2	0	0	2	2	2	2	2	2	2	2	2	2	2	0	0
CM007905.2_107537816_G_T		16	107537816								0	2	0	2	0	0	2	2	0	0	0	0	2	0	2	2	0	2	0	0	0	0	0	0	0	0	0	0	2	0	0	2	0	0	0	0	2	0	0	2	0	0	0	0	0	2	0	2	0	0	0	0
CM007905.2_109766912_G_T		16	109766912								0	0	2	2	0	0	0	0	2	2	2	0	1	0	2	0	0	2	0	0	0	0	0	0	0	0	0	0	0	0	0	0	0	0	0	0	0	0	0	0	0	0	0	0	0	0	0	0	0	0	0	0
CM007905.2_110342286_T_G		16	110342286								0	2	2	0	2	0	0	0	2	0	0	0	1	0	2	0	0	0	0	2	0	2	0	0	0	2	0	2	0	2	2	0	2	2	2	0	0	0	2	0	2	2	2	2	0	2	2	2	2	2	0	2
CM007905.2_110705879_A_G		16	110705879								0	0	2	2	2	0	2	2	0	0	0	0	2	2	2	2	2	2	2	0	2	2	0	2	0	0	0	2	0	0	0	2	2	0	0	0	2	0	1	0	2	1	2	2	2	0	0	0	0	0	0	0
CM007905.2_112800801_G_A		16	112800801								0	0	0	2	0	0	0	0	2	0	0	0	0	0	0	0	0	0	0	0	0	0	0	0	0	0	0	0	0	0	0	0	0	0	0	0	0	0	0	0	0	0	0	0	0	0	0	0	0	0	0	0
CM007905.2_114986240_G_A		16	114986240								0	0	0	0	2	2	0	0	0	0	0	0	0	0	2	0	0	0	0	0	0	0	0	0	0	0	0	0	0	0	0	0	0	0	2	0	0	0	0	0	0	0	0	0	0	0	2	0	0	0	0	2
CM007905.2_115527010_T_A		16	115527010								0	2	0	0	0	0	0	0	0	0	0	0	0	0	0	0	0	0	0	0	0	0	0	0	0	0	0	2	0	0	0	0	0	0	0	0	0	0	2	0	2	0	2	0	0	0	0	0	0	1	0	0
CM007905.2_115903254_T_C		16	115903254								0	2	0	0	0	0	0	0	0	0	0	0	0	0	0	0	0	0	0	0	0	2	0	2	0	0	0	0	0	0	2	0	0	0	0	0	0	0	0	0	0	0	0	0	0	0	0	0	0	0	0	0
CM007905.2_117235753_G_A		16	117235753								2	2	0	1	2	2	0	2	2	2	2	0	2	2	2	2	2	2	0	2	2	0	0	2	2	0	2	0	0	0	0	2	0	2	2	0	0	0	0	2	0	2	2	0	0	0	2	2	0	0	0	2
CM007905.2_118398630_A_G		16	118398630								2	2	2	0	2	0	2	2	2	0	0	0	2	2	2	2	2	2	0	0	0	2	2	2	0	0	2	2	2	2	2	2	2	2	2	2	2	0	0	0	2	2	2	0	2	2	2	2	0	2	2	2
CM007905.2_119149300_G_A		16	119149300								2	0	2	2	2	0	0	0	2	0	0	0	2	2	2	2	2	2	2	2	2	0	2	2	0	0	0	2	2	2	0	0	2	0	2	0	0	0	0	0	2	2	0	0	0	2	1	2	0	0	0	0
CM007905.2_120062394_T_C		16	120062394								0	0	2	1	0	0	0	0	2	0	0	0	2	1	2	2	2	2	2	0	2	2	2	2	0	2	2	0	2	0	0	0	0	0	2	2	0	0	2	0	2	2	2	2	0	0	2	0	2	2	2	0
CM007905.2_122421906_A_T		16	122421906								0	0	0	0	0	0	0	0	0	0	0	0	1	0	0	0	0	0	0	0	0	0	2	0	0	2	0	0	2	0	0	0	0	0	0	0	0	0	2	0	0	0	2	2	0	0	0	0	2	0	0	0
CM007905.2_123070607_T_C		16	123070607								2	0	2	1	0	0	0	0	2	0	0	2	2	2	2	2	2	2	0	2	2	2	2	2	2	0	2	0	2	2	1	0	0	0	0	2	0	0	0	0	0	0	0	0	0	2	2	2	0	2	2	2
CM007905.2_123155983_T_C		16	123155983								2	2	2	2	0	0	0	0	2	0	2	2	2	2	2	2	0	2	2	0	2	2	2	0	0	2	2	0	2	2	2	2	0	2	0	2	0	0	2	2	2	2	2	2	2	2	2	2	2	2	2	2
CM007905.2_123180309_A_T		16	123180309								0	2	0	2	0	0	2	2	2	0	0	0	0	2	0	2	2	2	2	0	0	0	0	2	0	2	2	2	0	0	2	2	0	2	2	0	0	0	2	0	2	2	2	2	2	0	2	0	2	0	0	0
CM007905.2_124385990_T_G		16	124385990								0	0	0	2	0	0	0	0	0	0	0	0	0	2	0	0	0	0	0	0	0	0	0	0	2	0	0	0	2	2	0	2	0	0	0	0	0	0	0	0	0	0	0	0	2	2	0	0	0	2	2	0
CM007905.2_127396972_C_A		16	127396972								2	2	0	2	0	1	1	0	2	0	0	0	0	2	0	2	0	2	2	2	0	2	0	2	0	2	2	0	2	2	2	2	2	2	2	0	0	0	2	0	2	0	2	0	0	2	2	2	0	0	2	0
CM007905.2_133354776_G_C		16	133354776								2	2	2	0	2	0	0	0	2	2	2	2	2	2	1	2	0	0	0	2	2	2	2	0	2	1	2	0	0	0	0	0	2	2	0	2	0	2	0	0	2	2	2	0	0	0	2	0	0	2	0	0
CM007905.2_133717950_C_G		16	133717950								0	0	0	0	0	0	0	0	0	0	0	0	0	0	1	2	0	0	0	0	0	2	0	0	0	0	0	0	0	0	0	0	0	0	0	2	0	0	0	0	0	0	0	2	0	0	2	0	0	0	0	0
CM007905.2_135089354_G_T		16	135089354								0	2	0	0	0	0	2	0	0	0	0	0	0	2	2	0	0	1	0	0	0	0	0	0	0	2	2	0	0	2	0	0	0	0	0	0	0	0	0	0	0	0	0	0	0	0	2	0	0	0	0	0
CM007905.2_135315286_C_G		16	135315286								0	2	0	2	0	2	0	0	2	2	2	0	0	0	0	2	2	0	2	2	2	2	0	2	2	0	0	0	2	0	0	0	2	0	0	2	0	2	2	2	2	2	2	2	0	0	2	0	0	2	2	2
CM007905.2_135536929_C_T		16	135536929								2	2	2	2	2	2	0	0	2	2	2	2	2	2	1	2	2	2	2	2	2	2	2	2	1	2	2	2	2	0	0	0	2	2	2	2	0	2	0	2	0	2	2	2	0	0	2	0	2	2	2	0
CM007905.2_136841408_T_C		16	136841408								2	2	2	2	0	2	2	2	2	2	2	2	2	2	2	2	2	2	2	0	2	2	2	2	2	2	2	2	2	2	2	2	0	2	0	0	2	2	2	2	2	2	2	2	0	2	2	2	0	2	2	2
CM007905.2_137840407_G_C		16	137840407								2	2	0	2	0	2	2	0	2	2	2	2	2	0	2	2	0	0	0	0	0	2	0	0	0	0	0	0	2	2	0	2	0	0	0	0	2	1	2	2	2	2	0	0	2	2	0	2	0	0	2	0
CM007905.2_139141716_A_G		16	139141716								0	0	2	2	0	0	0	0	2	2	2	0	2	2	0	2	2	2	2	0	0	2	2	2	0	2	2	2	0	2	2	0	0	2	2	0	0	2	0	0	0	2	0	0	0	2	2	2	2	0	2	0
CM007905.2_139354361_G_A		16	139354361								0	0	0	0	0	0	0	0	0	0	0	0	0	0	0	0	0	0	0	0	0	2	0	0	0	0	0	0	0	2	0	0	0	0	0	0	0	0	0	0	0	0	0	0	0	0	1	2	0	0	2	0
CM007905.2_139803042_A_C		16	139803042								2	2	2	0	0	0	0	0	0	0	2	2	2	2	1	0	2	2	2	2	0	2	2	2	0	2	2	2	0	0	2	0	2	2	2	0	2	0	0	0	2	2	2	0	0	0	2	0	2	0	0	0
CM007905.2_139803072_G_T		16	139803072								2	2	2	2	0	2	2	2	2	2	2	2	2	2	2	2	2	2	2	0	2	0	2	2	2	2	2	2	2	2	2	0	0	2	2	2	2	2	0	0	2	2	2	2	2	2	2	2	2	2	2	2
CM007905.2_140770065_A_T		16	140770065								2	2	0	2	0	0	0	2	2	2	2	2	2	0	2	2	0	0	0	2	2	2	0	0	0	0	0	0	2	0	2	0	0	0	0	2	2	0	2	0	2	2	2	2	0	2	2	0	0	2	2	0
CM007905.2_142183236_C_A		16	142183236								0	0	2	2	0	0	0	0	0	0	0	0	2	0	0	0	0	0	0	0	0	0	0	0	0	0	0	0	2	2	0	0	0	0	0	0	0	0	0	0	0	0	2	2	0	0	1	0	0	0	0	0
CM007905.2_142694517_A_G		16	142694517								2	2	0	2	2	2	1	2	2	2	2	2	0	2	2	2	2	2	2	0	2	2	2	0	0	0	2	0	2	0	2	1	2	2	0	0	0	0	2	2	2	2	2	2	0	2	2	2	0	2	0	2
CM007905.2_143050716_A_G		16	143050716								2	0	2	2	2	2	2	2	2	2	2	2	2	0	2	2	0	2	0	2	2	1	2	0	0	0	2	0	2	2	2	2	2	2	0	2	2	0	2	2	0	2	0	2	2	2	2	2	2	0	2	0
CM007905.2_143896530_G_A		16	143896530								0	0	0	2	0	0	0	0	2	0	2	0	2	0	0	2	0	0	0	0	0	0	2	0	2	0	0	0	0	0	0	0	0	0	0	0	0	2	0	0	0	0	0	0	0	0	0	0	0	0	0	0
CM007905.2_144083771_C_T		16	144083771								0	0	0	2	0	0	0	0	0	0	0	0	2	2	0	0	2	2	0	0	0	2	0	0	0	0	0	0	2	0	0	0	2	0	0	0	0	0	0	0	0	0	0	0	0	0	0	0	0	0	0	0
CM007905.2_144102104_A_T		16	144102104								0	2	0	2	0	0	2	0	2	0	2	0	2	2	2	2	2	2	0	2	0	2	0	2	2	0	2	0	2	0	0	0	2	2	0	2	2	0	0	0	2	2	0	0	2	0	2	0	2	0	2	2
CM007905.2_147636837_A_C		16	147636837								2	2	0	2	0	2	2	2	2	2	2	0	0	0	2	2	0	0	0	2	0	0	0	0	2	0	2	0	2	2	2	2	2	0	0	2	2	2	0	0	2	2	1	0	2	2	2	2	0	2	2	2
CM007905.2_148143352_A_T		16	148143352								0	2	2	2	2	0	2	2	2	0	2	0	2	0	2	2	0	0	0	2	0	0	0	0	0	0	2	0	0	0	2	0	2	0	0	0	0	2	0	2	2	2	2	2	2	2	1	2	0	2	0	2
CM007905.2_148770291_C_T		16	148770291								0	0	0	0	0	0	2	0	2	1	0	0	0	0	0	2	0	0	0	0	0	0	0	2	0	0	0	0	0	0	0	0	0	0	0	0	0	0	0	0	0	0	0	0	0	0	0	0	0	1	0	0
CM007905.2_150323226_C_A		16	150323226								0	2	0	2	2	0	2	0	2	0	2	2	0	0	2	2	0	0	0	2	2	0	2	0	2	0	2	0	0	0	2	2	2	0	0	2	2	2	2	0	0	2	2	2	2	2	0	2	0	2	0	2
CM007905.2_152329220_C_T		16	152329220								0	0	2	2	0	0	0	0	0	0	0	0	0	0	0	0	0	2	2	2	0	0	0	2	0	0	0	0	0	2	0	0	2	0	0	0	0	0	0	0	0	2	0	2	0	0	0	0	0	0	0	0
CM007905.2_153774980_G_A		16	153774980								2	0	2	0	0	0	2	2	0	0	0	2	0	2	0	0	2	2	2	0	2	0	0	2	0	0	0	2	0	0	2	2	0	2	2	0	2	0	2	0	0	2	2	2	2	0	2	0	2	0	0	0
CM007905.2_154329201_C_T		16	154329201								0	0	0	0	0	0	2	2	2	0	2	2	0	0	0	0	0	0	0	0	0	0	0	0	0	0	2	0	0	0	0	0	0	0	0	0	0	2	0	0	0	0	0	0	0	2	0	0	0	2	0	0
CM007905.2_154895655_G_T		16	154895655								0	0	0	0	0	0	0	0	2	0	2	0	0	0	0	0	0	2	0	0	1	0	0	0	0	0	0	0	0	0	0	0	0	0	0	0	0	0	0	0	0	0	0	0	0	0	0	0	0	0	0	0
CM007905.2_159506708_G_T		16	159506708								0	0	0	2	2	0	0	0	2	2	2	0	0	0	2	0	0	0	0	0	2	0	2	0	0	0	0	0	0	0	0	0	0	0	0	0	0	0	0	0	0	0	0	0	0	0	0	0	0	0	0	0
CM007905.2_162173387_A_G		16	162173387								0	2	0	2	2	2	0	0	2	0	2	0	2	2	2	2	0	0	0	2	2	0	0	0	0	2	2	2	0	2	0	0	2	2	2	2	0	2	0	0	2	2	0	0	0	0	2	2	2	2	0	2
CM007905.2_162178451_G_T		16	162178451								0	2	2	2	0	0	0	0	0	0	2	0	0	2	0	2	0	0	0	0	0	0	0	0	0	2	2	0	0	2	2	0	0	0	0	0	0	2	2	0	0	0	2	2	0	0	0	0	0	2	0	0
CM007905.2_162349777_T_C		16	162349777								0	2	0	2	0	0	0	0	2	0	2	2	0	2	2	2	2	2	2	2	2	0	0	2	2	0	0	2	0	2	2	0	0	2	0	0	0	0	0	0	2	0	0	0	0	2	2	2	2	0	0	1
CM007905.2_162569141_A_T		16	162569141								0	0	2	2	2	0	0	0	2	0	2	2	2	2	2	2	2	2	2	2	2	0	0	2	2	0	0	0	0	0	2	0	0	0	2	0	0	0	2	2	2	2	2	2	0	0	2	0	2	0	0	2
CM007905.2_164198439_A_G		16	164198439								0	0	2	2	2	2	2	2	0	0	1	0	2	2	2	2	2	2	0	2	0	0	0	2	2	2	2	0	0	1	0	2	2	0	0	0	2	2	0	2	2	2	0	0	0	2	2	0	0	0	0	0
CM007905.2_166007011_T_C		16	166007011								0	2	0	2	0	2	0	0	2	0	2	0	0	2	2	2	2	2	0	2	2	0	0	2	0	2	2	0	0	0	0	2	2	2	0	2	2	0	0	0	0	0	0	0	2	2	2	2	0	2	0	0
CM007905.2_166370487_C_T		16	166370487								0	0	0	2	2	0	0	2	2	0	2	0	0	2	2	2	2	2	2	2	2	0	0	0	2	0	0	0	0	2	0	2	0	2	2	2	2	2	0	0	2	0	0	0	2	2	2	2	2	0	0	0
CM007905.2_167314476_T_C		16	167314476								2	2	2	2	2	2	2	0	2	2	2	0	2	2	2	0	0	0	2	2	0	2	2	0	0	2	2	0	2	2	2	2	2	0	0	0	2	2	2	2	2	2	2	2	2	2	2	2	0	2	2	2
CM007905.2_167828395_T_C		16	167828395								2	2	2	2	0	2	2	2	2	2	2	2	2	2	2	2	0	2	2	0	2	0	2	0	0	2	0	0	2	0	2	2	0	2	2	2	2	0	2	2	2	2	2	2	2	2	2	2	0	0	2	2
CM007905.2_168463487_A_G		16	168463487								2	2	2	2	2	2	2	2	2	2	2	0	0	2	2	2	2	2	2	2	0	2	2	2	2	2	2	2	2	2	0	2	2	2	2	2	2	2	0	0	2	0	0	0	2	2	2	2	2	2	2	2
CM007905.2_171052576_C_T		16	171052576								0	0	0	0	0	2	2	0	2	0	0	0	0	0	2	2	0	0	0	0	2	0	0	0	2	0	0	2	0	2	2	2	0	2	2	0	2	2	2	2	0	0	2	2	2	2	2	2	2	2	0	0
CM007905.2_171459862_T_C		16	171459862								0	0	0	0	0	0	0	0	0	0	0	0	2	2	2	2	0	0	0	0	0	0	0	0	2	0	0	0	0	2	0	2	0	0	0	0	0	2	0	0	0	0	0	2	0	0	0	0	0	2	0	2
CM007905.2_172197623_C_A		16	172197623								0	0	0	0	0	2	0	0	0	0	0	2	0	0	0	0	0	0	0	0	0	0	0	0	0	2	2	0	2	0	2	2	0	0	0	0	0	0	0	2	2	2	0	2	0	0	0	0	0	2	0	0
CM007905.2_172254551_G_A		16	172254551								0	2	0	0	0	0	2	0	0	0	0	0	0	0	0	0	0	0	2	2	0	0	2	0	2	2	2	2	2	2	2	0	2	2	2	0	2	2	2	0	0	0	2	2	2	2	2	2	2	0	0	1
CM007905.2_172510435_C_T		16	172510435								0	0	2	2	1	2	2	2	2	2	2	2	2	2	2	2	2	2	2	0	0	0	2	2	0	2	2	0	2	0	2	0	0	0	0	0	0	2	0	1	2	0	0	2	0	0	0	0	0	2	0	0
CM007905.2_172513450_T_C		16	172513450								0	2	0	0	2	2	2	0	0	2	0	2	2	2	2	2	0	0	0	2	0	0	0	0	0	0	2	0	0	1	2	2	2	2	2	0	0	0	2	2	2	0	2	2	2	2	2	2	2	2	0	1
CM007905.2_174087839_C_A		16	174087839								0	2	0	1	1	0	2	0	2	2	2	2	2	2	2	2	0	2	0	2	2	2	2	0	0	2	2	0	2	2	0	2	2	0	2	2	0	2	2	2	2	2	2	0	0	2	2	0	0	2	0	2
CM007905.2_176545448_G_A		16	176545448								2	2	2	2	2	2	2	2	2	0	2	2	2	2	2	2	2	2	2	2	2	2	2	2	2	0	2	2	0	0	2	2	0	2	2	2	2	2	2	2	2	0	2	2	0	2	2	2	0	0	2	2
CM007905.2_178645125_A_G		16	178645125								2	2	0	2	0	0	2	0	2	0	2	2	2	2	2	1	0	2	0	2	2	2	2	0	0	2	2	0	2	2	2	2	2	2	0	2	2	0	2	2	2	0	2	2	2	2	2	2	2	0	2	0
CM007905.2_178875374_A_G		16	178875374								2	2	2	2	1	0	2	0	0	2	2	0	2	0	2	2	2	0	2	0	0	0	2	2	2	2	2	2	2	2	2	2	2	0	2	0	2	2	2	0	2	0	2	2	0	2	2	2	2	2	2	2
CM007905.2_179730506_T_C		16	179730506								1	0	2	2	2	0	2	2	2	2	2	2	2	2	2	2	0	2	2	0	2	2	2	2	0	0	2	0	2	2	2	2	0	0	0	0	2	2	2	2	2	2	2	2	2	2	2	2	2	0	2	2
CM007905.2_181034654_A_T		16	181034654								2	0	2	0	0	2	2	2	0	0	0	0	0	2	2	2	0	2	2	0	2	0	2	0	0	0	0	0	0	2	2	0	0	0	2	2	0	2	2	2	0	0	2	0	0	2	2	2	2	0	2	2
CM007905.2_181548745_T_A		16	181548745								0	2	0	0	0	0	2	0	0	0	2	0	0	0	2	2	0	0	1	2	0	2	2	2	2	2	0	2	2	2	0	2	2	2	0	0	2	0	0	2	0	2	0	0	0	2	2	2	0	0	2	0
CM007905.2_181670441_G_A		16	181670441								0	2	0	2	0	0	0	0	2	0	2	0	0	0	0	2	0	0	0	2	0	2	2	2	1	2	2	0	0	0	2	1	2	2	0	0	2	2	0	0	0	0	2	2	0	0	0	0	0	0	2	0
CM007905.2_182748900_T_C		16	182748900								0	0	0	0	0	0	0	0	2	0	0	0	2	0	1	0	0	0	0	0	0	0	0	0	0	0	0	0	0	2	2	2	0	0	2	0	0	2	0	0	0	1	0	0	0	0	2	2	2	0	0	0
CM007905.2_183296346_A_G		16	183296346								2	0	2	2	2	2	0	2	2	0	2	2	2	2	2	2	0	2	0	0	2	2	2	2	0	0	0	0	0	2	2	2	0	0	2	0	2	0	0	2	0	2	0	0	2	1	2	2	2	0	2	0
CM007905.2_183640540_T_C		16	183640540								2	2	0	0	0	2	0	0	0	2	0	2	0	0	1	0	0	0	0	2	2	2	0	0	0	2	2	0	2	0	2	0	2	2	0	2	0	0	2	0	2	0	2	2	0	0	2	0	0	0	2	2
CM007905.2_185359413_A_C		16	185359413								0	2	2	2	0	0	0	0	2	0	2	0	0	2	0	2	2	2	2	2	0	0	0	2	0	2	2	0	0	0	2	2	2	2	0	2	0	0	2	0	2	0	2	2	0	2	2	0	0	0	0	2
CM007905.2_185710626_G_T		16	185710626								0	2	2	2	0	0	2	2	2	2	2	0	2	0	0	0	0	0	0	2	0	2	2	0	0	2	2	0	0	0	0	2	2	2	0	2	2	2	0	2	2	0	0	0	2	0	2	0	0	0	2	0
CM007905.2_185715792_A_G		16	185715792								0	2	0	0	0	0	0	0	0	2	0	0	2	2	0	2	2	2	2	2	0	2	0	2	0	2	2	2	0	0	0	0	2	0	2	2	0	0	2	0	2	0	2	2	0	0	2	0	2	0	2	2
CM007905.2_185826830_A_G		16	185826830								2	2	2	2	0	2	2	2	2	2	0	2	2	2	2	2	2	2	0	2	2	2	2	2	0	2	2	2	2	2	2	2	2	2	2	2	2	2	2	2	2	2	2	2	0	2	2	1	2	2	2	2
CM007905.2_185826908_T_C		16	185826908								0	2	0	2	0	0	0	2	2	2	2	2	2	2	0	2	2	2	2	0	0	2	2	2	0	0	2	2	0	0	0	0	2	0	0	0	2	0	2	0	0	0	2	2	2	0	2	0	0	0	2	0
CM007905.2_186220488_T_C		16	186220488								2	2	2	0	0	0	0	0	0	0	0	0	2	0	0	0	0	0	0	0	0	0	0	0	0	0	0	0	0	0	2	0	0	0	2	2	0	0	0	0	0	0	0	0	0	0	0	0	0	0	0	0
CM007905.2_186276836_C_A		16	186276836								0	0	0	2	0	0	2	0	2	0	2	0	0	0	0	0	0	0	0	0	0	0	0	0	0	2	0	0	0	0	0	0	0	0	0	0	0	0	0	0	0	0	0	0	0	0	2	0	0	0	0	0
CM007905.2_188387751_G_C		16	188387751								0	0	0	0	0	0	0	0	0	0	0	2	0	0	0	2	0	0	0	0	0	0	2	0	0	0	0	0	0	0	0	2	0	0	0	0	0	0	0	0	0	0	0	0	0	0	0	0	0	0	0	0
CM007905.2_188768273_C_T		16	188768273								0	0	0	0	0	0	0	0	0	0	0	0	0	0	0	0	0	0	0	0	0	0	0	0	0	0	0	0	0	0	0	0	0	0	0	0	0	2	0	0	0	0	2	2	0	0	2	0	0	0	0	0
CM007905.2_189094360_A_G		16	189094360								2	0	0	0	0	2	2	2	2	0	2	0	0	2	0	2	2	2	2	0	0	0	2	2	2	0	0	2	2	0	0	2	0	0	0	0	2	2	0	2	0	0	2	2	2	0	2	0	2	0	0	0
CM007905.2_191531675_G_A		16	191531675								0	2	0	0	0	0	0	0	0	1	0	2	0	2	0	2	0	0	0	0	0	0	0	0	0	0	0	0	0	0	0	0	2	2	0	2	0	0	0	0	2	2	0	2	2	0	0	0	2	0	0	0
CM007905.2_193471685_G_C		16	193471685								2	2	2	2	2	0	2	2	2	2	0	2	2	2	2	2	0	0	0	2	2	2	2	2	2	2	2	0	2	0	2	2	2	2	0	0	2	2	2	2	2	2	2	2	2	2	2	2	0	2	2	2
CM007905.2_193563668_C_T		16	193563668								0	0	2	2	0	0	2	0	2	2	0	0	1	0	2	0	0	0	0	2	0	2	0	0	2	2	2	0	2	2	2	0	2	2	0	0	2	2	1	0	0	0	0	0	2	2	2	2	0	0	2	2
CM007905.2_194075751_T_A		16	194075751								0	0	0	0	2	2	2	2	2	2	0	0	0	0	2	0	2	2	2	0	0	2	2	0	2	0	0	0	0	2	2	2	0	0	2	0	2	0	0	2	0	2	0	0	2	2	2	2	2	2	2	2
CM007905.2_194504221_G_A		16	194504221								2	2	2	2	2	0	2	2	2	2	0	0	2	0	2	0	0	2	2	2	0	2	2	0	2	2	0	0	0	0	2	0	0	2	2	2	2	0	0	2	2	2	0	0	2	2	2	2	2	2	2	2
CM007905.2_194738158_T_C		16	194738158								2	0	2	2	2	0	2	2	2	2	2	2	2	0	2	2	2	2	2	0	0	2	0	0	0	0	1	0	0	2	2	2	0	2	0	0	0	0	0	1	2	0	0	0	0	2	2	2	0	0	2	0
CM007905.2_194871165_A_T		16	194871165								0	0	0	0	2	0	0	2	2	0	0	2	0	2	0	2	2	2	0	0	2	0	2	2	0	0	0	0	0	0	0	0	0	0	0	0	0	0	0	0	0	0	0	0	0	0	0	0	0	0	0	0
CM007905.2_195055590_C_A		16	195055590								2	0	0	0	0	0	0	0	0	0	2	0	0	0	2	0	0	0	0	0	0	2	0	0	0	0	0	0	2	0	0	0	0	2	0	0	0	0	0	2	0	2	0	0	0	0	2	2	0	2	2	2
CM007905.2_196388592_G_A		16	196388592								0	0	0	0	2	0	1	2	2	2	0	0	0	2	0	2	0	0	0	0	2	0	2	2	2	0	0	2	2	2	0	2	0	2	2	0	2	2	0	2	0	2	0	0	2	2	1	2	0	2	0	2
CM007905.2_197533919_T_C		16	197533919								2	2	0	2	0	2	2	2	2	2	2	2	2	2	2	2	2	2	2	2	0	2	2	2	0	2	0	2	2	1	2	2	2	2	2	2	2	0	2	2	2	2	2	2	0	0	2	2	2	0	2	2
CM007905.2_198359227_T_C		16	198359227								0	0	0	0	0	0	0	2	2	2	2	0	2	2	0	2	0	0	0	0	0	2	2	2	0	0	2	2	0	2	0	2	0	0	2	0	0	2	0	0	0	2	0	0	0	2	2	0	0	0	2	2
CM007905.2_198359246_C_T		16	198359246								0	0	0	0	0	0	0	2	0	2	0	0	0	0	0	0	0	0	0	0	0	2	0	0	0	0	0	0	0	0	0	0	0	0	0	0	0	0	1	2	2	0	0	0	0	0	2	0	0	0	2	0
CM007905.2_198705718_A_C		16	198705718								0	2	2	2	2	2	2	2	0	0	0	2	0	2	2	2	0	0	0	2	0	0	0	2	0	2	2	2	0	0	2	0	2	0	2	2	2	0	2	0	2	2	2	2	2	0	0	2	0	2	0	0
CM007905.2_199426373_T_C		16	199426373								0	0	2	2	2	2	0	2	0	2	2	0	2	2	2	2	2	2	0	0	0	2	0	2	0	2	2	0	2	0	0	0	0	0	0	0	2	0	2	0	0	0	2	2	2	0	2	2	2	2	2	0
CM007905.2_199512922_T_G		16	199512922								0	2	2	2	0	0	0	0	0	0	2	0	0	2	2	2	2	0	0	0	2	2	0	2	2	2	2	0	0	0	2	0	0	0	0	0	0	0	0	0	0	0	2	0	2	0	0	0	0	2	2	0
CM007905.2_199695547_A_G		16	199695547								0	2	0	0	0	0	0	0	0	0	0	0	0	0	0	0	0	0	0	0	0	2	0	0	0	2	0	0	0	0	0	0	0	0	0	0	0	0	0	0	0	2	2	0	2	0	0	0	0	2	2	0
CM007905.2_200049682_C_T		16	200049682								0	2	2	2	2	2	0	2	2	2	2	2	2	2	2	2	2	2	0	0	2	0	0	2	2	2	2	2	2	2	2	2	2	2	0	2	2	2	2	0	2	2	1	2	2	2	2	2	2	2	0	2
CM007905.2_200417032_T_C		16	200417032								0	0	0	2	0	2	0	0	0	2	0	0	0	0	0	0	2	2	2	0	2	2	0	0	2	2	0	0	2	0	2	0	0	0	0	0	1	0	1	0	0	2	2	2	2	0	2	2	2	0	0	0
CM007905.2_201088063_T_C		16	201088063								2	0	0	0	0	0	0	2	0	0	2	2	0	2	0	2	2	2	2	0	2	2	0	2	2	0	0	2	2	0	2	0	0	0	2	0	0	0	0	0	0	0	0	0	0	0	2	0	2	0	2	0
CM007905.2_201133872_T_A		16	201133872								0	2	0	2	2	0	0	0	0	0	2	0	2	0	2	0	2	2	2	2	0	0	2	0	0	2	2	0	0	0	0	0	2	0	2	2	2	0	2	2	2	2	2	2	0	0	2	2	2	2	0	0
CM007905.2_201137739_T_G		16	201137739								2	2	0	2	2	2	2	0	2	2	2	0	2	0	2	0	2	2	2	2	2	2	2	0	2	2	2	2	2	2	2	2	2	2	2	2	2	2	0	2	2	2	2	0	2	0	2	2	2	2	2	0
CM007905.2_201286676_T_C		16	201286676								0	2	2	0	2	2	2	0	2	2	0	2	2	0	2	0	0	2	0	2	0	2	2	0	0	2	0	0	2	2	2	2	2	2	2	2	0	2	2	2	2	0	0	2	2	2	2	0	2	0	2	0
CM007905.2_201287203_C_A		16	201287203								2	0	2	0	2	0	0	2	0	0	0	0	0	1	0	0	0	0	0	0	0	0	0	2	0	0	0	0	0	0	0	0	0	0	0	0	0	0	0	0	0	0	0	0	0	0	0	0	0	0	0	0
CM007905.2_201301048_C_A		16	201301048								0	0	2	0	0	0	0	0	1	0	0	2	0	0	0	0	0	0	0	0	0	2	0	0	0	0	0	0	0	0	2	2	0	2	0	0	0	2	0	0	0	0	0	0	0	0	2	0	0	0	2	0
CM007905.2_201425562_A_C		16	201425562								2	0	2	2	0	0	0	0	2	2	2	2	0	1	0	2	2	2	2	0	2	2	0	0	2	0	0	2	2	0	0	2	0	2	2	0	0	2	0	0	0	0	2	0	0	0	2	2	2	0	2	2
CM007905.2_201540667_T_A		16	201540667								0	0	0	2	0	0	0	0	2	2	2	2	0	0	0	0	2	2	0	2	2	0	0	0	2	0	0	2	2	0	0	0	2	2	2	2	0	2	0	2	0	2	2	2	0	0	0	0	2	2	2	0
CM007905.2_202224693_A_C		16	202224693								0	0	0	0	2	0	0	0	0	0	2	0	0	0	0	0	0	2	0	2	0	0	2	0	0	0	0	0	0	0	0	0	2	0	0	2	0	0	0	0	0	2	2	2	0	0	0	0	0	0	0	0
CM007905.2_202767994_C_T		16	202767994								0	2	0	2	0	0	2	0	0	2	0	2	0	2	2	2	0	2	0	2	0	0	0	0	2	2	0	0	2	2	0	2	0	0	2	2	0	0	0	2	0	2	2	2	0	0	2	0	2	0	0	0
CM007905.2_203134566_C_A		16	203134566								2	2	0	2	2	2	0	2	0	0	2	2	2	2	2	2	0	0	0	2	2	2	2	2	2	2	2	0	0	0	0	2	0	0	0	2	0	0	0	0	2	2	0	0	0	0	0	0	0	2	0	0
CM007905.2_203173635_A_T		16	203173635								0	2	0	0	0	0	0	0	0	0	0	0	0	0	2	2	0	0	0	2	0	0	0	1	0	2	0	2	2	0	2	0	2	0	2	2	0	0	0	0	2	2	0	0	0	0	0	1	0	0	0	2
CM007905.2_203321181_T_C		16	203321181								0	0	0	0	0	0	0	0	0	0	0	0	0	0	0	0	2	2	2	0	0	0	0	0	1	0	0	0	0	0	0	0	0	0	0	0	0	0	0	0	0	0	0	0	0	0	2	0	2	2	0	0
CM007905.2_203463188_A_T		16	203463188								2	0	0	2	2	0	0	0	0	0	2	0	2	0	2	0	2	0	2	0	0	0	2	0	0	0	0	0	0	0	0	0	0	0	0	0	0	0	0	0	0	0	0	0	0	0	0	0	0	0	0	0
CM007905.2_205853955_G_C		16	205853955								0	0	0	0	0	0	0	0	0	0	0	0	0	0	0	0	0	0	0	0	2	0	0	0	2	0	0	0	0	0	2	0	0	0	0	0	0	0	0	0	0	0	0	0	0	0	0	2	0	2	0	2
CM007905.2_206027066_T_C		16	206027066								0	0	2	2	2	0	0	2	2	2	0	0	2	2	2	2	2	2	2	2	0	0	2	2	0	2	2	2	0	0	0	0	2	2	0	2	0	2	2	0	0	0	2	2	0	0	2	0	2	0	0	0
CM007906.2_507465_G_C		17	507465								0	0	0	0	0	2	2	2	0	0	0	2	2	0	2	2	0	0	0	2	2	2	2	0	2	2	2	0	2	2	0	2	2	0	2	2	2	0	2	0	0	0	2	2	0	0	1	2	0	2	0	0
CM007906.2_564636_C_G		17	564636								0	2	0	2	2	2	2	0	0	2	0	0	0	2	2	0	0	0	0	2	2	2	0	2	0	2	2	2	2	0	2	0	2	2	0	2	2	0	2	0	0	0	2	0	2	0	2	2	0	2	0	0
CM007906.2_1267465_G_A		17	1267465								0	0	0	0	0	2	2	0	0	0	0	0	0	2	0	2	0	0	0	0	0	0	2	2	0	0	0	0	1	0	0	2	0	2	0	0	0	0	0	0	0	0	0	0	2	0	0	0	1	0	0	0
CM007906.2_1458708_T_G		17	1458708								0	2	0	2	2	1	2	2	0	2	2	2	2	2	0	2	0	0	0	0	0	0	2	2	2	0	0	2	0	2	1	2	0	2	2	2	0	0	0	2	2	0	0	0	2	0	0	0	0	2	0	0
CM007906.2_1540621_T_C		17	1540621								0	0	2	0	0	2	2	2	2	0	0	2	0	0	2	2	2	2	2	2	2	2	0	0	2	2	2	0	0	0	1	0	2	0	2	2	2	0	0	0	2	2	0	0	0	0	2	2	2	2	0	2
CM007906.2_1690046_T_G		17	1690046								0	2	0	0	0	0	0	0	0	0	2	0	0	0	0	0	0	0	0	0	0	0	0	0	0	0	0	0	0	2	0	2	0	2	0	2	0	0	0	0	0	0	0	0	0	0	0	0	0	0	0	0
CM007906.2_1690131_A_T		17	1690131								0	2	0	2	0	0	0	0	0	0	2	2	2	2	2	2	0	0	0	2	0	2	0	2	2	2	2	2	0	2	1	2	2	2	0	2	2	0	0	0	0	0	0	0	2	0	0	2	0	2	0	0
CM007906.2_1723397_C_T		17	1723397								0	0	2	0	0	0	0	0	0	0	0	0	0	0	0	0	2	2	2	0	2	0	2	0	0	0	0	0	0	0	0	0	0	0	0	0	0	0	0	0	2	0	0	0	0	0	1	0	0	0	0	0
CM007906.2_1723437_A_T		17	1723437								0	0	2	2	2	0	0	0	2	0	0	2	2	2	2	2	2	2	2	2	2	0	2	2	2	2	0	2	0	0	0	0	2	0	0	0	2	0	0	0	2	0	0	0	2	0	1	2	0	2	0	0
CM007906.2_1775287_G_A		17	1775287								2	0	2	0	0	0	0	0	0	0	0	0	0	2	2	0	2	2	2	2	2	2	2	2	0	2	2	2	0	0	2	0	2	0	2	0	2	0	0	0	1	2	0	0	2	0	2	2	2	2	0	2
CM007906.2_2227739_C_G		17	2227739								0	0	0	0	0	0	0	0	0	0	0	0	0	0	0	0	0	0	0	1	0	0	0	0	0	2	2	0	0	2	2	1	2	2	0	0	0	2	0	0	2	2	0	0	0	2	2	0	0	0	0	0
CM007906.2_2669841_G_A		17	2669841								2	2	2	2	2	0	0	0	2	0	2	2	2	2	2	2	0	2	2	2	0	2	2	2	2	0	0	0	0	0	0	0	0	0	0	2	2	0	2	0	1	0	0	2	0	2	2	0	1	0	0	0
CM007906.2_3027842_C_T		17	3027842								0	0	2	0	0	0	2	1	2	2	2	2	2	2	2	2	2	2	2	2	2	2	2	2	2	0	0	0	0	0	0	0	2	0	0	0	0	0	1	0	0	2	2	0	0	0	2	2	0	2	2	0
CM007906.2_3202205_A_G		17	3202205								0	0	2	0	0	0	0	0	2	2	2	2	2	2	2	0	2	2	0	0	2	0	0	2	2	0	0	0	2	0	1	2	2	0	2	2	0	0	0	2	0	2	0	0	0	0	0	0	0	0	2	0
CM007906.2_3203904_A_C		17	3203904								2	2	0	0	0	2	0	0	0	2	2	2	2	2	0	2	0	0	2	2	2	2	2	0	0	0	0	0	0	0	2	0	0	0	0	0	0	0	2	2	0	2	2	1	0	0	2	2	2	2	2	0
CM007906.2_4238801_A_G		17	4238801								0	2	2	0	0	2	2	0	2	2	0	0	2	0	2	2	2	2	0	2	2	2	0	0	2	2	2	2	2	2	0	2	2	2	2	0	2	0	2	2	0	2	2	2	2	2	2	2	2	0	2	2
CM007906.2_4480516_T_C		17	4480516								0	2	2	2	0	0	0	0	2	2	0	0	0	2	0	0	0	0	0	0	2	2	0	0	0	0	0	0	2	2	2	1	0	2	2	2	0	0	2	2	2	2	2	2	0	2	2	2	0	2	2	2
CM007906.2_4558753_T_C		17	4558753								2	1	2	2	2	2	2	2	2	2	2	2	2	2	2	2	2	2	2	2	2	2	2	2	2	1	0	0	2	2	0	2	2	2	2	0	2	2	2	0	2	2	2	0	2	2	2	2	2	0	2	2
CM007906.2_5479986_T_C		17	5479986								2	0	2	2	2	0	0	2	2	2	2	2	2	2	2	2	2	2	2	1	2	2	2	2	2	2	2	2	2	0	2	0	2	2	0	2	0	0	0	2	2	2	2	2	0	0	2	2	2	2	2	0
CM007906.2_7424937_T_C		17	7424937								2	2	0	2	2	2	2	0	2	2	2	2	2	2	2	2	0	2	2	2	2	2	2	0	0	2	2	0	2	2	0	2	2	2	2	2	2	2	0	2	2	2	2	2	0	2	2	0	2	0	2	0
CM007906.2_8460517_T_C		17	8460517								2	2	2	2	0	0	2	2	2	2	2	2	0	2	2	2	0	2	2	2	2	2	2	2	2	0	2	0	2	2	2	2	2	2	0	0	2	2	2	2	2	0	2	2	2	2	2	2	2	2	2	0
CM007906.2_9061535_C_T		17	9061535								0	0	0	2	0	0	0	0	0	2	0	0	2	2	2	2	0	2	2	0	2	0	2	0	0	2	2	2	0	2	2	0	2	2	0	0	0	0	0	0	2	2	2	2	2	2	2	0	2	0	2	2
CM007906.2_9097364_T_C		17	9097364								0	0	0	0	0	0	2	0	0	0	0	0	2	0	2	0	0	0	0	0	0	0	0	0	0	0	0	0	0	0	2	0	0	2	2	0	0	0	0	0	0	0	2	2	0	0	2	0	0	0	2	0
CM007906.2_10740141_C_T		17	10740141								2	0	2	0	2	2	2	0	0	2	0	0	0	2	2	2	2	2	2	2	0	0	2	2	0	1	2	2	2	2	0	2	1	2	2	2	0	2	2	0	2	0	2	2	2	2	2	2	0	0	0	0
CM007906.2_10812806_G_T		17	10812806								0	0	0	0	0	0	2	0	0	0	1	0	0	0	2	0	0	2	0	2	0	2	0	0	0	2	2	2	0	0	0	2	2	2	2	2	2	2	2	0	2	2	2	0	0	0	2	2	2	0	2	2
CM007906.2_10881014_G_T		17	10881014								0	2	0	0	0	0	0	0	0	0	1	0	0	0	2	0	0	0	0	0	0	0	0	0	0	0	2	0	0	0	0	0	0	2	0	0	2	2	2	0	0	0	0	0	0	0	2	2	0	0	0	0
CM007906.2_11001751_C_T		17	11001751								0	2	2	2	2	0	2	2	2	2	2	2	2	2	2	0	0	0	0	0	0	2	2	0	2	0	0	0	2	0	2	2	0	2	2	0	0	0	0	0	2	2	0	0	2	0	2	2	0	0	2	0
CM007906.2_11462307_G_T		17	11462307								0	0	2	0	2	2	0	0	0	2	2	2	0	2	0	2	0	2	2	0	0	2	2	2	0	0	0	0	0	2	2	0	0	2	0	0	0	0	0	0	2	0	2	2	0	2	2	2	2	0	2	0
CM007906.2_12470414_T_G		17	12470414								2	2	0	2	0	0	2	2	2	0	0	0	2	0	2	0	0	0	0	0	2	0	0	0	2	2	2	2	2	2	2	2	2	0	2	0	0	0	2	2	2	0	2	2	2	2	2	0	0	0	2	2
CM007906.2_12480084_G_T		17	12480084								0	0	0	0	0	2	2	0	0	0	0	0	2	0	0	2	2	0	0	2	0	2	0	2	0	2	2	2	0	2	1	2	2	0	2	0	0	2	2	2	2	2	2	2	2	0	2	0	0	0	2	2
CM007906.2_13068668_T_C		17	13068668								0	2	0	2	0	0	0	0	2	0	0	0	0	0	2	0	0	0	0	0	0	0	0	0	2	0	0	0	0	0	0	0	0	0	0	2	0	0	0	0	0	0	0	0	0	0	0	0	0	0	0	0
CM007906.2_14234204_A_G		17	14234204								2	0	0	0	2	2	0	0	2	2	2	2	0	2	2	2	0	0	0	0	2	0	1	2	0	2	0	2	0	2	2	0	2	0	0	0	2	2	2	0	0	0	2	2	0	2	2	2	2	0	0	0
CM007906.2_14601450_G_A		17	14601450								2	2	0	2	0	2	2	2	2	2	2	2	2	2	1	2	2	2	2	0	2	2	0	2	0	2	2	2	0	0	2	0	0	2	2	0	2	0	2	2	0	2	2	2	2	0	2	2	2	0	2	0
CM007906.2_14836898_G_A		17	14836898								0	2	0	2	0	2	2	2	0	0	0	0	0	0	0	2	2	2	2	0	0	0	0	2	0	0	2	0	0	2	2	2	2	0	0	2	0	2	0	0	0	2	2	0	2	0	2	0	2	0	0	0
CM007906.2_14836964_C_A		17	14836964								0	0	0	2	0	0	2	2	0	0	0	0	0	0	0	0	0	0	0	0	0	0	0	2	0	0	0	0	0	0	0	2	0	0	0	2	0	0	0	0	0	0	0	0	2	0	0	0	0	2	0	0
CM007906.2_16530918_G_A		17	16530918								0	2	0	0	0	2	0	0	0	0	0	0	0	0	0	0	0	0	0	0	0	0	0	0	0	0	0	0	0	0	0	0	0	0	0	0	0	0	0	0	0	0	2	2	0	2	0	0	0	0	0	0
CM007906.2_17774759_A_C		17	17774759								0	2	2	2	2	2	2	2	2	2	2	2	0	2	2	2	2	2	2	2	0	0	2	2	2	2	2	2	2	2	2	2	2	1	2	2	2	2	2	2	2	2	2	2	2	2	2	2	0	2	0	0
CM007906.2_17789394_C_T		17	17789394								0	2	2	2	2	2	2	2	2	0	2	2	2	2	2	2	2	2	2	2	0	0	2	2	2	0	0	0	2	2	2	0	0	2	2	2	0	2	2	2	0	2	2	2	2	2	2	2	2	2	0	0
CM007906.2_17986501_C_T		17	17986501								2	2	2	2	0	0	0	0	2	0	0	0	0	0	2	0	0	0	0	2	2	2	0	0	0	2	0	0	2	2	2	2	0	0	0	0	0	2	2	0	2	2	2	2	0	2	2	0	2	2	2	0
CM007906.2_18002679_A_G		17	18002679								2	0	2	0	0	0	0	0	0	0	0	0	0	0	0	0	0	0	0	0	0	2	2	0	0	0	0	0	2	0	2	0	0	0	0	0	0	0	0	0	2	0	0	0	0	0	2	0	0	0	2	0
CM007906.2_18118131_A_G		17	18118131								2	2	2	0	2	2	2	0	0	2	2	2	0	2	2	2	0	0	0	0	0	2	0	2	0	2	2	0	2	2	2	2	2	2	0	2	2	2	2	2	0	2	2	2	0	2	2	2	2	0	2	0
CM007906.2_18571051_G_A		17	18571051								2	2	0	2	2	0	0	0	2	0	2	0	0	2	2	2	2	2	2	0	0	2	0	2	2	2	0	0	0	0	2	0	2	2	0	0	2	0	0	0	0	0	0	0	0	2	0	2	0	2	0	2
CM007906.2_18875538_A_T		17	18875538								2	0	2	0	2	0	0	0	0	2	2	2	0	2	2	2	2	2	2	0	2	0	2	2	2	0	0	2	2	0	0	0	0	2	0	0	0	0	0	0	2	2	0	0	0	0	2	2	2	0	0	2
CM007906.2_19694278_G_A		17	19694278								0	0	0	0	0	0	0	2	0	0	0	0	0	2	0	2	0	0	0	0	0	0	0	0	2	0	0	0	2	0	0	0	0	0	0	2	0	0	0	0	0	0	0	0	2	0	2	2	0	2	0	0
CM007906.2_20065023_C_T		17	20065023								0	0	0	0	2	0	2	2	0	2	2	2	2	2	2	0	0	0	0	0	2	0	0	0	2	0	0	0	0	0	0	2	0	2	2	0	0	0	0	0	2	0	0	0	2	0	1	2	0	0	0	2
CM007906.2_20844369_C_G		17	20844369								2	2	2	2	2	0	2	2	2	2	2	2	0	2	2	0	2	2	2	2	2	0	2	2	2	2	2	0	0	2	2	2	2	2	2	0	2	2	2	0	2	2	2	2	2	2	2	0	2	2	2	2
CM007906.2_20848567_A_G		17	20848567								2	2	0	2	0	0	0	0	2	0	0	0	0	0	0	0	0	0	0	0	0	0	0	0	0	0	0	0	2	2	0	0	0	0	0	2	0	0	0	0	0	0	2	2	2	0	0	0	0	0	1	0
CM007906.2_22526904_A_G		17	22526904								2	0	2	2	0	2	2	0	2	0	0	0	2	0	2	2	0	0	2	2	2	0	2	2	0	2	2	0	2	2	2	2	0	0	0	0	2	0	0	0	0	0	2	2	0	2	2	0	0	0	0	0
CM007906.2_23928367_G_T		17	23928367								0	0	0	0	0	0	0	0	0	0	0	0	0	0	2	0	0	0	0	2	0	0	0	0	0	0	0	0	0	0	0	0	0	0	2	0	2	0	2	0	0	0	1	0	2	1	0	0	0	0	0	0
CM007906.2_25067296_A_T		17	25067296								2	0	0	2	2	0	2	2	2	2	2	2	0	2	2	0	0	0	0	2	2	2	2	0	2	1	2	2	0	0	0	2	2	2	2	2	2	0	2	0	0	2	2	0	0	2	2	2	0	2	2	0
CM007906.2_25310199_G_A		17	25310199								0	0	0	0	0	0	2	1	0	0	0	0	0	0	2	0	0	0	0	0	2	2	0	0	0	0	0	0	0	2	2	2	0	0	0	0	0	0	0	0	0	0	0	0	2	0	2	0	0	0	2	0
CM007906.2_25559097_A_G		17	25559097								1	2	0	2	2	0	2	0	2	2	2	2	2	2	2	0	0	0	0	2	2	2	2	0	2	2	2	2	2	2	2	0	2	2	0	0	2	2	2	2	2	2	2	0	2	2	2	2	2	2	2	2
CM007906.2_25559595_C_T		17	25559595								2	0	0	2	0	0	0	0	2	2	2	2	0	2	0	2	2	2	2	2	0	2	0	2	2	0	0	2	0	0	0	0	2	2	2	2	0	2	0	0	0	0	2	2	0	2	2	0	0	0	2	0
CM007906.2_28699789_A_G		17	28699789								2	0	0	2	0	0	2	2	2	0	0	2	0	2	1	0	0	0	0	0	2	2	0	0	0	2	2	2	2	2	2	2	2	2	0	2	0	2	2	2	2	2	0	2	2	2	2	0	2	0	2	0
CM007906.2_28890933_T_C		17	28890933								2	2	0	2	2	0	0	0	2	2	2	2	0	2	2	2	2	2	2	2	2	0	2	0	2	2	2	0	0	2	0	0	0	2	0	0	0	0	2	2	0	0	0	2	0	2	2	2	0	0	0	0
CM007906.2_29783433_A_G		17	29783433								2	2	2	2	0	2	2	2	2	2	2	2	2	2	2	2	0	0	0	2	2	2	2	2	2	2	2	2	2	2	2	2	2	2	2	2	2	2	2	2	2	2	2	2	2	2	2	2	2	2	2	2
CM007906.2_31628284_C_A		17	31628284								0	0	2	2	0	0	2	2	2	2	0	2	2	2	2	2	2	2	2	0	2	2	0	2	0	2	2	2	2	0	1	2	0	2	0	0	2	0	2	2	0	0	0	0	2	0	2	0	2	0	2	0
CM007906.2_31651404_T_G		17	31651404								0	0	0	2	0	0	0	0	0	0	2	0	2	0	0	0	0	0	0	0	0	0	0	0	0	0	0	0	0	0	0	0	0	0	0	0	0	0	0	0	0	0	0	0	0	0	0	0	0	0	0	0
CM007906.2_33222969_A_T		17	33222969								0	0	2	2	0	0	2	2	2	2	2	2	2	0	0	2	2	2	2	2	0	0	0	2	0	0	2	2	2	2	0	0	2	0	0	2	2	2	2	2	0	0	2	2	0	0	2	0	2	2	0	0
CM007906.2_33282272_C_T		17	33282272								0	2	0	2	2	2	2	0	2	2	2	2	2	2	2	2	0	0	0	0	2	0	2	0	0	2	2	0	0	1	2	2	0	2	2	0	0	0	2	0	2	2	0	2	2	2	2	2	0	0	0	0
CM007906.2_34209713_A_G		17	34209713								0	2	0	2	2	2	0	0	2	2	2	2	0	2	0	0	0	0	0	2	0	0	0	0	0	2	2	2	0	2	2	0	2	2	0	0	0	2	2	2	2	2	2	2	0	2	0	2	0	2	0	0
CM007906.2_34289717_C_T		17	34289717								0	0	2	2	2	0	0	2	2	2	0	0	2	2	2	2	2	2	2	2	2	0	0	2	0	0	0	0	0	2	0	2	0	2	2	2	0	0	0	0	0	0	0	0	0	0	2	0	2	0	0	0
CM007906.2_34299754_C_A		17	34299754								0	0	0	2	0	0	0	0	2	2	0	0	0	0	2	0	0	0	0	2	2	0	0	0	2	0	0	0	0	2	0	0	0	2	0	0	0	0	0	0	0	0	0	0	2	0	0	0	0	0	0	0
CM007906.2_37557188_A_T		17	37557188								0	0	0	0	0	0	0	0	2	2	2	0	2	0	0	0	0	0	0	0	0	0	0	0	0	0	0	0	0	0	0	0	0	0	0	0	2	0	0	0	0	0	0	0	0	0	0	0	0	0	0	0
CM007906.2_38132699_T_C		17	38132699								0	0	0	2	0	0	0	0	0	0	2	0	0	2	0	0	2	2	0	0	0	0	0	0	0	0	0	0	2	0	0	0	0	0	0	0	0	0	0	0	0	2	0	0	0	0	0	2	0	0	0	0
CM007906.2_38673740_T_G		17	38673740								2	2	2	2	2	2	2	0	2	2	2	2	2	2	2	2	2	2	0	2	2	2	2	2	2	0	0	2	2	2	2	2	2	2	2	2	0	2	0	2	2	2	2	2	2	2	2	2	2	2	2	0
CM007906.2_38988181_A_T		17	38988181								0	0	0	0	0	2	0	0	0	0	0	0	0	0	0	0	0	0	0	2	0	0	0	0	0	0	0	0	0	0	0	0	2	0	0	0	0	0	0	0	2	0	0	0	0	0	0	0	0	0	0	0
CM007906.2_40214084_A_T		17	40214084								0	2	2	2	0	2	2	0	2	0	0	0	0	2	0	2	0	2	2	2	0	0	0	0	0	2	2	0	0	2	2	0	2	1	0	0	2	0	2	0	2	2	2	2	2	2	2	2	2	0	0	0
CM007906.2_40222243_T_G		17	40222243								0	0	0	2	0	0	0	2	2	0	0	2	1	2	0	2	0	0	2	0	0	0	0	2	2	0	0	2	2	0	0	2	0	0	0	0	0	2	0	0	0	0	0	0	0	0	0	0	0	2	0	0
CM007906.2_42046023_T_C		17	42046023								2	0	0	2	2	2	2	2	2	2	2	2	2	2	2	2	2	2	2	2	2	2	2	0	0	2	2	0	2	2	2	2	2	2	2	2	0	0	0	2	2	2	2	2	0	2	2	2	2	0	2	2
CM007906.2_44508228_A_C		17	44508228								0	2	0	2	2	0	2	0	2	2	2	2	0	2	2	2	0	2	0	2	0	0	0	0	2	0	2	2	2	0	0	2	0	0	0	0	0	0	0	0	0	2	0	0	2	0	2	2	2	0	0	0
CM007906.2_45391480_G_A		17	45391480								0	0	0	0	0	0	0	0	0	1	0	0	0	0	0	2	0	0	0	0	0	0	0	0	0	0	0	0	0	0	0	0	0	0	0	0	1	0	0	0	0	0	0	0	0	2	0	0	0	0	0	2
CM007906.2_47713628_T_C		17	47713628								2	0	0	2	0	0	0	2	2	2	2	2	2	2	2	2	2	2	2	0	2	0	2	2	2	2	0	0	2	0	2	2	2	2	0	0	2	0	2	0	0	0	2	2	2	2	2	2	1	0	0	0
CM007906.2_48592307_C_T		17	48592307								0	2	2	2	0	0	2	0	2	0	0	0	2	0	2	2	2	2	0	2	2	0	2	2	0	2	2	0	0	1	1	2	2	0	0	0	0	2	2	0	2	0	2	0	0	2	2	2	2	2	0	0
CM007906.2_49592738_C_T		17	49592738								0	2	0	2	0	0	0	0	0	2	2	2	2	2	2	2	2	2	2	2	0	0	0	2	0	2	2	0	2	2	2	0	2	0	0	0	0	0	0	0	0	2	2	2	0	2	2	2	2	0	0	0
CM007906.2_50319924_C_A		17	50319924								0	2	0	0	2	0	0	0	0	2	2	2	1	2	2	1	0	0	0	0	0	0	0	0	0	2	2	0	0	2	0	2	0	0	0	0	2	2	2	0	2	0	0	0	0	0	0	0	0	0	0	0
CM007906.2_54634803_G_A		17	54634803								0	0	0	2	0	2	2	2	2	0	2	0	0	0	2	0	0	0	0	0	0	0	0	0	0	0	0	2	2	2	0	1	0	0	2	0	2	0	0	0	0	0	0	0	2	2	0	0	0	2	0	0
CM007906.2_54634929_C_G		17	54634929								0	0	2	2	0	2	2	0	2	2	2	2	0	0	2	2	2	2	2	0	2	2	2	2	0	0	0	2	2	2	2	1	0	2	2	2	2	2	2	2	0	0	2	2	2	2	2	2	0	2	1	2
CM007906.2_54640739_A_T		17	54640739								0	0	2	2	0	2	0	2	2	0	2	0	0	2	2	2	2	2	2	0	0	0	2	2	0	0	0	2	2	0	0	0	0	2	0	0	1	0	0	0	0	0	0	0	2	0	2	0	0	2	0	0
CM007906.2_56045243_T_C		17	56045243								0	2	0	0	0	0	2	0	2	0	0	0	0	0	2	0	0	0	0	2	0	2	0	0	0	0	0	0	0	0	2	2	2	0	0	0	2	0	2	0	0	2	1	0	0	0	2	2	0	0	0	0
CM007906.2_58904828_A_T		17	58904828								0	0	0	0	0	0	0	0	0	0	0	0	0	0	1	0	0	0	0	0	0	0	0	0	0	0	0	2	2	0	0	0	2	0	0	0	0	0	0	2	0	0	2	0	2	0	0	2	0	2	0	0
CM007906.2_59151545_C_T		17	59151545								2	2	2	0	0	2	2	0	2	0	0	0	0	0	2	0	0	0	2	0	0	0	0	0	0	0	0	0	0	0	2	2	0	0	0	0	0	0	0	0	0	0	2	0	2	0	0	2	0	0	0	0
CM007906.2_59882966_A_G		17	59882966								0	2	0	2	2	2	0	2	2	2	2	0	2	2	2	2	2	0	2	2	2	2	2	2	2	2	2	0	2	2	2	2	2	2	0	2	0	2	2	2	2	2	2	2	0	2	2	2	2	2	2	0
CM007906.2_60067982_C_T		17	60067982								2	2	2	2	2	0	0	2	2	2	2	2	2	0	2	2	2	2	2	0	2	2	2	2	2	0	0	0	0	0	0	0	0	2	2	2	2	0	2	2	2	2	2	2	0	2	0	0	1	2	2	2
CM007906.2_60539755_T_C		17	60539755								2	0	2	2	2	0	2	2	0	2	0	2	0	2	2	2	2	2	2	0	0	0	2	2	0	2	2	0	0	2	2	2	2	0	0	0	2	2	0	2	0	2	0	2	0	0	2	0	0	2	0	0
CM007906.2_60541546_A_G		17	60541546								0	0	0	0	0	2	0	2	2	2	2	0	0	0	2	2	2	1	2	2	0	2	0	2	0	2	2	2	0	2	1	0	2	0	0	0	2	2	0	2	0	2	0	0	0	2	2	2	2	0	2	0
CM007906.2_64847073_T_A		17	64847073								0	0	2	2	2	0	0	0	0	0	0	0	0	2	0	2	2	2	0	0	0	0	0	2	0	0	0	0	2	2	0	0	0	0	0	0	0	0	0	0	1	0	2	0	0	0	2	0	0	0	0	0
CM007906.2_65201557_G_A		17	65201557								2	2	2	2	2	0	0	0	2	2	2	2	2	2	2	2	2	2	0	0	0	0	0	0	0	0	1	0	0	2	2	0	2	2	0	2	0	2	0	0	0	0	0	2	0	2	2	2	2	0	0	0
CM007906.2_65400546_G_A		17	65400546								0	0	0	2	0	0	0	0	0	0	0	0	0	0	0	0	0	0	0	0	0	0	0	2	0	0	0	0	0	0	0	0	2	0	0	2	0	2	0	0	0	0	2	0	0	0	0	0	0	0	0	0
CM007906.2_67570361_C_T		17	67570361								2	0	2	2	0	0	0	0	0	0	0	2	0	0	0	0	0	0	0	0	0	0	0	2	0	0	0	0	0	0	0	0	2	0	0	0	0	0	0	0	2	0	0	0	0	0	0	0	0	0	0	0
CM007906.2_67574843_T_A		17	67574843								0	2	0	0	0	0	0	0	1	0	2	0	0	0	2	0	0	0	0	2	0	0	0	0	0	0	0	0	0	2	0	0	1	0	0	0	0	2	0	0	0	0	2	0	0	0	0	0	0	0	0	0
CM007906.2_70028200_C_T		17	70028200								2	0	2	2	2	2	2	2	2	2	2	2	2	2	2	2	2	2	2	0	2	2	2	2	2	2	2	2	2	2	2	2	2	2	0	2	2	2	0	2	0	2	2	0	2	2	2	2	2	2	2	2
CM007906.2_70664370_C_T		17	70664370								0	0	0	0	0	0	0	0	2	0	0	0	0	0	0	2	0	0	0	0	0	0	0	0	0	0	0	0	0	0	0	0	2	0	0	0	0	0	0	0	0	0	0	0	0	0	0	2	0	0	0	0
CM007906.2_70664392_T_C		17	70664392								1	0	2	2	0	0	0	0	0	2	0	0	0	0	0	0	2	0	0	0	0	0	0	0	0	0	0	0	0	0	0	0	0	0	0	0	0	0	0	0	0	0	0	0	0	0	0	0	0	0	0	0
CM007906.2_77645734_G_A		17	77645734								0	0	0	0	0	0	0	0	0	0	0	0	0	0	1	0	0	2	0	0	0	0	0	0	0	0	0	0	0	2	0	0	2	2	0	0	0	0	2	0	0	2	0	0	0	0	0	2	0	0	0	0
CM007906.2_78072594_C_G		17	78072594								0	0	0	0	0	0	0	0	0	2	2	2	0	2	2	0	0	0	0	0	2	0	2	0	0	0	0	2	2	0	0	0	0	2	0	2	0	0	0	2	0	2	0	0	0	0	0	0	0	2	0	0
CM007906.2_79027046_T_A		17	79027046								0	0	0	0	0	0	0	0	0	0	0	0	0	0	0	2	0	0	0	0	0	0	0	0	0	0	2	0	2	0	0	0	0	0	0	0	0	0	0	0	0	0	0	0	0	0	0	0	0	2	0	0
CM007906.2_79636234_G_A		17	79636234								0	2	2	2	2	0	0	0	0	0	0	2	2	2	2	2	2	2	2	2	2	0	2	2	0	2	0	0	2	2	0	0	2	2	0	2	0	0	2	0	0	0	0	2	0	0	2	2	0	2	0	0
CM007906.2_83680308_C_A		17	83680308								0	2	0	0	0	2	2	0	0	0	0	0	0	0	1	2	0	0	0	2	0	2	0	0	0	0	2	2	0	0	2	2	2	2	2	2	2	2	2	2	2	0	2	2	2	0	2	2	2	0	2	2
CM007906.2_85122941_C_G		17	85122941								0	0	0	0	0	0	0	0	0	0	0	2	0	0	0	0	0	0	0	2	0	0	0	0	0	2	0	2	0	2	2	0	0	0	0	1	0	2	0	2	0	0	0	0	2	0	0	0	0	0	0	0
CM007906.2_94933676_A_G		17	94933676								2	2	2	2	2	2	0	0	2	2	2	2	0	2	2	2	0	2	0	0	2	2	0	0	0	2	0	2	0	0	2	2	2	2	2	2	2	2	2	2	0	2	2	2	2	2	2	2	2	0	2	0
CM007906.2_95220250_T_C		17	95220250								2	2	0	2	2	2	0	2	2	2	2	2	0	2	2	2	0	2	0	2	2	2	2	0	0	2	2	0	0	2	2	2	2	0	2	0	0	2	2	2	2	0	2	2	0	2	2	2	2	0	2	0
CM007906.2_95423696_G_T		17	95423696								0	0	0	0	0	0	2	0	0	0	0	0	0	0	2	0	0	0	0	0	0	0	0	0	0	2	0	0	0	0	0	2	2	0	0	0	0	0	2	2	0	0	0	0	0	0	1	0	0	0	0	2
CM007906.2_96822396_G_T		17	96822396								0	0	0	0	0	0	0	0	0	0	0	0	0	0	0	0	0	0	0	0	0	0	0	0	0	0	0	2	0	0	2	0	0	0	0	0	0	0	0	0	0	2	0	2	0	0	0	0	0	0	2	0
CM007906.2_98207362_C_A		17	98207362								0	2	0	2	0	2	0	0	2	2	2	2	0	2	2	0	0	0	0	2	0	0	0	0	0	2	2	2	0	2	2	0	2	2	0	2	0	2	2	0	2	2	2	2	0	2	0	2	0	0	0	0
CM007906.2_106721601_G_T		17	106721601								2	0	0	0	2	0	0	0	2	0	2	0	2	2	0	0	0	0	0	0	0	0	0	0	0	0	0	0	0	0	0	0	0	0	0	0	0	0	0	0	0	0	0	0	0	0	0	0	0	0	0	0
CM007906.2_112622139_T_C		17	112622139								0	0	2	2	0	2	0	0	2	2	2	2	2	2	2	2	0	0	2	0	2	0	0	0	2	2	2	0	0	0	0	0	2	2	0	0	0	2	2	0	0	2	2	2	0	2	2	2	2	0	0	0
CM007906.2_115141430_T_A		17	115141430								0	0	0	2	0	0	0	0	2	2	2	2	2	2	1	2	1	0	2	2	2	0	0	2	2	2	0	0	0	2	2	0	0	2	0	0	0	0	2	2	2	2	0	0	0	2	2	2	2	0	0	0
CM007906.2_117574600_G_T		17	117574600								0	0	2	0	2	0	0	2	1	2	1	0	0	0	0	0	0	0	0	0	0	0	0	0	0	0	0	0	0	0	0	0	0	0	0	0	0	0	0	0	0	0	0	0	0	0	0	0	0	0	0	0
CM007906.2_125526866_G_T		17	125526866								0	2	0	1	2	0	2	0	2	2	2	0	0	0	2	0	0	0	0	2	2	0	0	0	2	2	2	0	2	2	2	0	0	2	0	0	0	2	2	0	0	0	0	0	0	2	2	2	0	2	2	1
CM007906.2_125527011_C_A		17	125527011								0	0	0	0	0	0	0	0	0	0	0	0	0	0	2	0	0	0	0	0	0	2	0	0	0	0	0	0	0	0	2	0	0	0	0	2	0	2	2	0	2	0	0	0	0	0	2	0	0	0	0	0
CM007906.2_126145460_C_T		17	126145460								0	2	0	0	0	0	0	0	0	0	0	0	0	0	0	0	0	0	0	0	0	0	0	0	0	0	0	2	0	0	0	0	0	0	0	0	0	0	0	0	2	2	0	0	0	0	0	0	0	0	0	0
CM007906.2_131315616_G_A		17	131315616								0	0	2	2	0	0	2	0	2	0	0	0	0	0	2	0	0	0	0	2	2	0	0	0	2	0	0	0	2	2	0	0	2	2	0	0	0	2	0	2	2	2	2	2	2	2	2	0	2	0	0	0
CM007906.2_131758761_G_A		17	131758761								0	0	0	0	0	0	0	0	0	0	0	0	0	0	0	0	0	0	0	1	0	0	0	0	0	0	2	0	0	0	0	2	0	0	0	0	0	0	0	0	0	0	0	2	2	2	0	0	1	0	0	0
CM007906.2_134338545_A_G		17	134338545								2	0	2	2	0	0	2	2	2	2	2	2	2	2	0	2	2	2	2	0	2	0	0	2	2	0	0	0	0	0	2	2	0	0	0	0	2	0	0	2	0	0	0	0	2	2	2	0	2	0	0	0
CM007906.2_140427677_T_A		17	140427677								0	0	0	2	0	0	0	0	0	0	0	0	0	0	0	0	0	0	0	2	0	0	0	0	2	0	0	2	2	1	0	0	0	0	0	2	0	0	0	0	0	0	0	2	2	0	0	2	0	0	0	0
CM007906.2_142388882_A_G		17	142388882								0	0	2	0	0	0	0	0	0	2	2	2	2	2	2	2	2	2	2	2	0	0	0	2	0	0	0	0	0	2	0	2	0	2	0	0	2	2	2	0	0	0	2	0	2	2	2	2	2	0	0	0
CM007906.2_143935831_A_G		17	143935831								2	0	0	0	0	0	0	2	0	0	0	0	0	0	2	0	0	0	0	0	0	0	0	0	2	0	0	0	2	0	2	2	0	0	0	0	0	0	2	0	0	0	0	0	0	2	0	2	0	0	0	0
CM007906.2_143940612_A_G		17	143940612								0	0	0	0	0	0	2	2	0	0	2	2	0	2	2	0	0	0	0	0	1	0	0	0	0	0	0	0	0	0	0	2	0	1	0	0	2	0	2	0	0	0	0	0	0	2	0	2	0	0	0	0
CM007906.2_145515393_T_C		17	145515393								2	2	0	2	0	0	0	0	2	0	0	0	0	2	0	0	0	0	0	2	0	0	0	0	2	2	0	0	2	0	2	0	2	0	0	0	0	0	0	2	0	2	0	0	0	0	0	0	2	0	0	0
CM007906.2_147355232_G_A		17	147355232								0	2	0	0	0	0	0	0	0	0	0	2	0	0	0	0	0	0	0	0	0	0	0	0	0	0	0	0	0	0	0	2	2	2	0	0	0	0	2	2	2	2	2	0	0	2	0	2	0	0	0	0
CM007906.2_150735443_C_T		17	150735443								2	2	2	2	0	0	0	0	2	0	0	0	2	0	2	2	2	2	2	2	0	0	0	2	2	0	2	0	0	2	2	0	2	0	0	0	0	2	2	0	2	0	2	2	0	2	2	2	2	0	0	0
CM007906.2_152095297_T_C		17	152095297								2	2	0	2	0	2	2	2	2	0	0	0	0	0	2	0	0	0	0	2	0	0	0	0	2	0	2	0	0	2	2	2	1	0	0	0	2	2	2	0	2	0	2	2	2	2	0	2	0	0	0	0
CM007906.2_153466442_G_T		17	153466442								2	2	2	2	0	0	0	0	2	2	2	2	0	2	2	2	0	2	0	0	0	0	0	0	2	2	0	2	0	2	2	0	2	2	0	0	0	2	2	0	2	2	2	2	0	2	0	2	0	0	0	0
CM007906.2_160763705_A_G		17	160763705								2	2	2	2	2	2	2	2	2	2	2	2	2	2	2	0	0	1	2	2	2	2	2	0	0	2	0	0	2	2	2	2	2	2	2	2	2	2	0	2	2	2	1	2	2	2	2	2	2	2	2	0
CM007906.2_162038591_G_A		17	162038591								2	2	0	2	0	2	0	0	0	2	2	2	0	2	2	0	0	0	0	1	2	2	0	0	2	0	2	2	0	2	2	0	2	0	2	0	0	2	2	2	1	0	2	2	0	2	2	2	0	2	2	0
CM007906.2_162316010_C_T		17	162316010								2	2	0	2	0	0	0	0	2	2	2	2	0	2	2	0	0	0	0	0	2	2	2	0	0	2	0	0	0	2	2	0	2	2	2	2	0	0	0	0	2	0	2	0	0	2	0	2	0	2	0	0
CM007906.2_170712328_A_G		17	170712328								0	0	0	2	0	0	0	0	0	0	0	0	0	0	0	2	2	2	2	0	0	0	0	0	2	0	0	0	0	0	0	0	0	0	0	0	0	0	0	0	0	0	0	0	0	0	0	0	0	0	0	0
CM007906.2_171504621_A_T		17	171504621								2	0	2	2	2	0	0	0	0	0	0	0	2	0	2	0	0	0	2	0	2	0	2	2	0	0	0	0	0	0	0	0	0	0	0	0	0	0	0	0	0	0	0	2	0	0	2	0	0	0	0	0
CM007906.2_172098674_A_G		17	172098674								2	0	2	2	0	2	2	2	2	2	2	2	2	2	2	2	2	2	2	2	2	2	0	2	2	2	0	0	2	2	2	2	2	2	2	2	0	2	2	2	0	2	0	0	0	2	2	2	2	2	2	0
CM007906.2_176480970_G_C		17	176480970								2	2	0	2	0	0	0	0	0	0	0	0	2	0	2	2	0	0	0	0	2	2	2	0	2	0	0	0	0	0	0	0	0	0	2	2	0	0	2	0	2	0	0	2	0	0	2	2	0	0	2	0
CM007906.2_178749958_C_T		17	178749958								0	0	0	2	0	2	0	0	2	2	2	2	0	2	0	0	0	2	0	0	0	2	2	0	2	2	0	2	0	2	2	0	0	2	2	0	0	2	0	0	0	0	2	2	0	2	2	2	2	0	0	0
CM007906.2_178912240_C_A		17	178912240								0	2	2	2	2	2	0	0	2	2	2	2	2	2	2	2	2	2	2	2	2	2	2	2	2	2	2	2	0	2	2	0	2	2	2	2	0	2	2	0	2	0	2	2	0	2	2	2	2	2	2	0
CM007906.2_178944271_T_C		17	178944271								2	0	2	2	2	0	2	2	0	0	0	0	0	0	2	0	0	0	0	0	2	2	2	0	2	0	0	0	2	0	2	2	0	0	0	2	2	0	2	2	0	2	2	2	2	2	2	2	0	2	0	0
CM007906.2_179149730_A_G		17	179149730								0	2	0	2	1	2	2	2	0	0	0	0	2	0	2	2	2	2	0	2	2	0	2	2	0	0	2	0	0	2	0	2	2	0	2	0	2	2	0	0	2	0	0	0	2	1	2	0	2	2	0	0
CM007906.2_181277376_C_T		17	181277376								2	0	2	2	0	0	0	0	2	2	2	2	2	2	0	2	0	2	0	2	0	2	0	2	2	2	2	0	0	0	2	0	0	2	0	0	0	0	0	0	0	0	2	0	0	2	2	0	0	0	0	0
CM007906.2_183255912_G_T		17	183255912								0	2	0	2	2	2	0	2	2	0	0	0	2	0	2	2	2	2	2	2	0	0	2	2	0	0	2	0	0	0	2	0	2	0	0	0	0	0	2	0	2	0	2	2	0	1	2	2	2	2	0	0
CM007906.2_183499664_A_G		17	183499664								2	0	2	2	2	0	0	0	2	0	0	0	0	0	2	2	2	2	0	0	2	1	2	2	0	0	0	0	2	2	2	0	2	0	0	0	0	0	2	2	0	0	2	2	0	0	2	2	2	2	2	2
CM007906.2_183707168_G_C		17	183707168								2	2	0	2	2	0	0	2	2	2	2	0	2	0	0	2	2	2	0	0	0	0	2	2	0	0	0	0	0	0	2	0	0	0	0	2	0	0	2	0	0	0	2	2	0	0	0	2	0	0	0	2
CM007906.2_183707766_T_C		17	183707766								0	2	0	0	0	0	0	0	0	0	0	0	0	0	2	0	0	0	0	2	0	0	0	0	0	0	0	0	2	2	0	0	2	2	2	2	0	0	0	2	0	2	0	2	0	0	2	2	2	2	2	0
CM007906.2_186020093_C_G		17	186020093								2	0	2	0	2	0	0	0	0	0	0	0	0	0	2	0	0	0	0	0	2	2	2	0	0	2	2	2	2	0	2	0	0	0	2	0	0	2	2	2	0	0	2	2	0	0	2	0	0	0	2	2
CM007906.2_186492594_T_A		17	186492594								0	2	2	0	0	0	2	0	0	2	2	2	0	2	2	0	0	0	0	0	2	1	2	0	0	0	0	2	0	0	2	2	0	2	0	0	2	2	2	2	2	0	2	2	0	0	2	0	0	0	2	2
CM007906.2_188576780_C_A		17	188576780								2	2	0	1	2	0	2	0	0	2	2	2	0	2	1	0	0	0	0	0	2	0	2	0	2	0	0	2	2	0	2	2	0	2	2	2	2	2	0	0	2	0	2	2	0	2	0	2	0	0	0	0
CM007906.2_188644288_G_T		17	188644288								0	2	0	2	0	0	2	2	2	0	0	0	0	2	2	2	0	0	2	2	0	2	0	0	2	2	2	0	0	2	0	2	2	2	2	0	2	2	0	0	2	2	0	0	2	2	2	2	2	2	2	2
CM007906.2_190005447_C_A		17	190005447								0	2	0	2	0	0	2	2	2	2	2	2	0	2	2	2	0	1	0	0	2	2	0	0	0	0	2	0	0	0	2	0	2	2	0	2	0	0	2	0	2	0	2	2	0	1	2	0	2	2	2	0
CM007906.2_190561063_C_T		17	190561063								2	0	2	0	2	0	2	0	0	1	2	1	0	0	2	2	0	0	0	2	0	2	0	0	0	2	0	2	2	2	2	0	2	0	2	2	0	0	0	0	2	0	2	0	0	2	2	0	0	2	2	0
CM007906.2_191114002_A_T		17	191114002								2	2	0	2	0	0	0	0	2	2	2	2	0	2	2	2	0	0	0	0	0	2	2	0	2	0	0	2	2	2	2	0	0	2	0	2	0	2	0	2	2	2	2	0	0	2	2	2	0	0	2	2
CM007906.2_191378908_T_G		17	191378908								2	2	0	2	0	0	2	2	0	2	0	0	2	2	2	0	0	0	0	2	0	0	2	2	0	2	2	0	2	2	2	0	2	2	0	2	0	2	2	2	0	2	2	2	2	2	0	2	2	2	0	0
CM007906.2_191455293_T_C		17	191455293								0	0	0	0	0	0	0	0	0	0	0	0	0	0	2	0	0	0	0	0	0	0	0	0	0	0	0	0	2	2	0	0	0	0	2	0	0	0	0	0	0	0	0	0	0	2	0	0	0	0	0	0
CM007906.2_191457416_G_C		17	191457416								0	2	0	0	0	2	2	0	0	2	2	0	0	0	0	0	2	0	1	2	0	0	2	0	2	2	2	2	0	0	2	0	2	2	2	2	0	2	2	2	1	2	2	2	2	0	2	2	2	2	0	0
CM007906.2_191457608_A_T		17	191457608								2	2	2	2	2	2	2	0	2	0	2	2	2	2	2	0	2	2	2	2	2	0	0	2	2	2	2	2	2	2	2	0	2	2	2	2	0	2	2	2	2	2	2	2	2	2	2	2	2	2	0	2
CM007906.2_191855735_C_G		17	191855735								0	0	2	0	0	0	2	2	0	0	0	0	0	0	0	2	0	0	0	0	0	2	0	0	2	0	0	0	0	0	2	0	2	0	0	0	0	0	2	0	0	0	2	2	0	0	0	1	2	0	2	0
CM007906.2_193107965_A_G		17	193107965								0	0	0	0	0	0	0	0	0	0	0	0	0	0	0	0	0	0	2	0	0	0	0	0	0	0	0	0	2	0	2	0	2	2	2	0	0	0	0	0	0	0	0	0	0	0	0	0	2	0	0	0
CM007906.2_193137625_T_C		17	193137625								0	0	2	0	0	0	2	2	0	0	0	0	2	0	2	2	2	2	2	2	0	2	0	2	0	2	2	2	2	0	2	0	2	0	2	2	0	1	0	2	0	0	0	0	2	0	2	0	2	2	0	0
CM007906.2_193263156_A_C		17	193263156								2	2	2	2	2	2	2	2	2	2	2	2	2	2	2	2	2	2	0	2	2	2	0	2	0	2	2	2	2	2	2	0	2	2	0	2	2	2	2	2	2	2	2	2	2	2	2	2	2	2	2	2
CM007906.2_193705538_C_T		17	193705538								0	2	2	2	0	0	2	2	2	2	2	2	2	2	2	2	2	2	2	0	2	0	2	2	2	0	0	2	2	0	2	0	0	2	0	2	0	0	2	0	2	0	2	2	2	2	2	2	2	2	2	2
CM007906.2_194423517_C_T		17	194423517								0	1	2	2	2	2	2	0	2	2	2	2	0	2	2	0	0	0	0	2	0	0	0	0	0	2	2	0	2	2	0	0	2	0	2	0	2	2	0	0	0	2	2	0	0	2	2	2	0	0	2	2
